SAGAS-DATA	1
script	begin	end	id	group	joint	damage	size	x	y	z	angle	growth	weight	base	element	ground_air	shield_damage	sound_kind	sound_level	scaled
5	22	27	0	0	21	6	250	0	0	-49	361	100	90	0	0	3	1	1	1	0
5	22	27	1	0	20	6	180	0	0	0	361	100	90	0	0	3	1	1	1	0
5	22	27	2	0	30	6	250	0	50	0	361	100	90	0	0	3	1	1	1	0
5	22	27	3	0	28	6	220	0	0	0	361	100	90	0	0	3	1	1	1	0
6	17	21	0	0	36	6	180	0	0	0	361	100	90	0	0	3	1	1	2	0
6	17	21	1	0	36	6	180	0	0	-175	361	100	90	0	0	3	1	1	2	0
6	17	21	2	0	36	6	180	0	0	-350	361	100	90	0	0	3	1	1	2	0
8	4	9	0	0	28	6	270	256	-128	0	361	100	100	0	0	3	0	1	1	0
8	4	9	1	0	26	6	240	0	0	0	361	100	100	0	0	3	0	1	1	0
8	4	9	2	0	5	6	160	0	0	0	361	100	100	0	0	3	0	1	1	0
9	11	19	0	0	21	4	250	0	0	-49	361	100	100	0	3	3	0	5	1	0
9	11	19	1	0	20	4	180	0	0	0	361	100	100	0	3	3	0	5	1	0
9	11	19	2	1	33	4	150	0	0	0	361	100	100	0	0	3	0	1	1	0
9	11	19	3	1	35	4	220	0	0	0	361	100	100	0	0	3	0	1	1	0
13	6	7	0	0	16	1	300	160	0	0	361	100	0	0	0	3	0	0	1	0
16	4	6	0	0	9	2	180	150	0	0	361	80	0	0	0	3	0	0	0	0
16	4	6	1	0	8	2	180	60	0	0	361	80	0	0	0	3	0	0	0	0
16	4	6	2	0	8	2	180	-60	0	0	361	80	0	0	0	3	0	0	0	0
17	3	6	0	0	15	3	220	175	0	0	70	80	0	0	0	3	0	0	0	0
17	3	6	1	0	14	3	220	30	0	0	70	80	0	0	0	3	0	0	0	0
18	6	10	0	0	0	12	260	0	240	36	361	100	0	16	0	3	1	1	2	0
18	10	26	0	0	0	9	260	0	240	36	361	100	0	16	0	3	1	1	2	0
19	8	19	0	0	21	14	250	0	0	-49	361	100	0	10	3	3	0	5	1	0
19	8	19	1	0	20	14	180	0	0	0	361	100	0	10	3	3	0	5	1	0
20	8	19	0	0	21	13	250	0	0	-49	361	100	0	10	3	3	0	5	1	0
20	8	19	1	0	20	13	180	0	0	0	361	100	0	10	3	3	0	5	1	0
21	8	19	0	0	21	12	250	0	0	-49	361	100	0	10	3	3	0	5	1	0
21	8	19	1	0	20	12	180	0	0	0	361	100	0	10	3	3	0	5	1	0
22	6	24	0	0	8	7	180	0	0	0	110	150	0	20	0	3	0	0	1	0
22	6	24	1	0	10	7	250	0	0	0	110	150	0	20	0	3	0	0	1	0
22	8	24	2	1	22	7	180	0	0	0	80	150	0	30	3	3	0	5	2	0
22	8	24	3	1	23	7	250	-100	0	0	80	150	0	30	3	3	0	5	2	0
23	5	9	0	0	20	11	250	0	500	-170	361	100	0	20	3	3	0	5	1	0
23	5	15	1	0	20	11	220	100	0	0	361	100	0	20	3	3	0	5	1	0
23	9	15	0	0	20	11	250	0	350	-120	361	100	0	20	3	3	0	5	1	0
24	18	29	0	0	20	18	280	0	0	0	361	115	0	20	0	3	0	0	2	0
24	18	29	1	0	21	16	280	0	150	0	361	115	0	20	3	3	0	5	2	0
25	12	16	0	0	24	5	200	64	0	0	115	100	1	50	3	3	0	5	2	0
25	12	16	1	0	25	5	250	64	0	0	115	100	1	50	3	3	0	5	2	0
25	12	16	2	0	22	5	200	-49	0	0	115	100	1	50	3	3	0	5	2	0
25	12	16	3	0	23	5	250	-49	0	0	115	100	1	50	3	3	0	5	2	0
25	17	23	0	1	0	16	360	0	500	0	100	100	0	50	3	3	0	5	2	0
25	17	23	1	1	0	16	400	0	1150	20	100	100	0	50	3	3	0	5	2	0
26	10	15	2	1	23	12	260	0	0	0	361	120	0	25	3	3	0	5	2	0
26	10	15	3	1	25	12	260	0	0	0	361	120	0	25	3	3	0	5	2	0
26	10	18	0	0	9	12	260	0	0	0	361	120	0	25	0	3	0	0	2	0
26	10	18	1	0	15	12	260	0	0	0	361	120	0	25	0	3	0	0	2	0
26	15	18	2	1	0	12	260	0	360	550	361	120	0	25	3	3	0	5	2	0
26	15	18	3	1	0	12	260	0	360	-550	361	120	0	25	3	3	0	5	2	0
27	5	9	0	0	9	8	220	0	0	-150	361	130	0	20	0	3	0	0	2	0
27	5	9	1	0	15	8	220	0	0	-150	361	130	0	20	0	3	0	0	2	0
27	5	9	2	1	23	8	220	0	0	0	361	130	0	20	3	3	0	5	2	0
27	5	9	3	1	25	8	220	0	0	0	361	130	0	20	3	3	0	5	2	0
27	9	29	0	0	9	6	220	0	0	-150	361	120	0	10	0	3	0	0	1	0
27	9	29	1	0	15	6	220	0	0	-150	361	120	0	10	0	3	0	0	1	0
27	9	29	2	1	23	6	220	0	0	0	361	120	0	10	3	3	0	5	1	0
27	9	29	3	1	25	6	220	0	0	0	361	120	0	10	3	3	0	5	1	0
28	9	13	0	0	21	3	300	0	50	-50	361	50	0	15	3	3	0	5	1	0
28	9	13	1	0	20	3	180	0	0	0	361	50	0	15	3	3	0	5	1	0
28	27	31	0	0	21	10	300	0	50	-50	361	100	0	10	3	3	0	5	1	0
28	27	31	1	0	20	10	180	0	0	0	361	100	0	10	3	3	0	5	1	0
29	12	14	0	0	36	16	200	0	0	0	361	100	0	15	0	3	0	1	2	0
29	12	14	1	0	36	16	200	0	0	-175	361	100	0	15	0	3	0	1	2	0
29	12	14	2	0	36	16	250	0	0	-350	361	100	0	15	0	3	0	1	2	0
29	14	20	0	0	36	10	200	0	0	0	361	100	0	0	0	3	0	1	2	0
29	14	20	1	0	36	10	200	0	0	-175	361	100	0	0	0	3	0	1	2	0
29	14	20	2	0	36	10	250	0	0	-350	361	100	0	0	0	3	0	1	2	0
30	7	20	0	0	24	16	180	0	0	0	80	110	0	15	3	3	0	5	2	0
30	7	20	1	0	25	16	220	0	0	0	80	110	0	15	3	3	0	5	2	0
31	6	12	0	0	30	14	250	0	50	0	949	100	0	20	0	3	0	1	2	0
31	6	12	1	0	28	14	220	0	0	0	949	100	0	20	0	3	0	1	2	0
31	12	24	0	0	30	12	250	0	50	0	75	100	0	10	0	3	0	1	2	0
31	12	24	1	0	28	12	220	0	0	0	75	100	0	10	0	3	0	1	2	0
38	20	23	0	0	15	6	280	0	0	0	361	100	90	0	0	3	1	1	1	0
38	20	23	1	0	17	6	300	0	0	0	361	100	90	0	0	3	1	1	1	0
39	22	28	0	0	15	6	300	0	0	0	361	100	90	0	0	3	1	1	1	0
39	22	28	1	0	17	6	300	0	0	0	361	100	90	0	0	3	1	1	1	0
39	22	28	2	0	19	6	200	0	0	0	361	100	90	0	0	3	1	1	1	0
39	22	28	3	0	20	6	200	0	0	0	361	100	90	0	0	3	1	1	1	0
41	0	25	0	0	4	6	180	0	0	160	361	100	100	0	0	3	0	0	2	0
41	0	25	1	0	4	6	180	0	0	-160	361	100	100	0	0	3	0	0	2	0
43	0	7	0	0	17	6	350	0	0	0	361	100	100	0	0	3	0	0	2	0
43	0	7	1	0	15	6	240	0	0	0	361	100	100	0	0	3	0	0	2	0
47	6	10	0	0	15	5	300	0	0	0	361	50	0	10	0	3	0	0	0	0
47	6	10	1	0	17	5	300	0	0	0	361	50	0	10	0	3	0	0	0	0
48	8	12	0	0	13	5	300	0	0	0	70	50	0	10	0	3	0	0	0	0
48	8	12	1	0	11	5	300	0	0	0	70	50	0	10	0	3	0	0	0	0
49	6	11	0	0	16	11	300	128	64	16	361	100	0	0	0	3	0	0	1	0
49	6	11	1	0	15	11	300	0	0	0	361	100	0	0	0	3	0	0	1	0
49	19	23	0	0	12	11	300	128	0	0	361	100	0	0	0	3	0	0	1	0
49	19	23	1	0	11	11	300	0	0	0	361	100	0	0	0	3	0	0	1	0
50	4	8	0	0	29	12	280	0	0	0	361	100	0	15	0	3	0	1	2	0
50	4	8	1	0	23	12	240	10	0	0	361	100	0	15	0	3	0	1	2	0
50	4	8	2	0	5	12	360	-50	60	0	361	100	0	15	0	3	0	1	2	0
50	8	32	0	0	29	8	250	0	0	0	361	100	0	10	0	3	0	1	1	0
50	8	32	1	0	23	8	240	10	0	0	361	100	0	10	0	3	0	1	1	0
50	8	32	2	0	5	8	360	-50	60	0	361	100	0	10	0	3	0	1	1	0
51	9	11	0	0	13	16	260	-20	20	-60	361	120	0	10	3	3	0	5	2	0
51	9	14	1	0	11	16	260	0	0	0	361	120	0	10	3	3	0	5	2	0
51	11	14	0	0	13	16	260	0	20	-60	361	120	0	10	3	3	0	5	2	0
52	6	7	0	0	0	41	300	0	160	384	361	100	0	0	0	3	0	0	1	0
52	6	7	1	0	0	41	300	0	160	224	361	100	0	0	0	3	0	0	1	0
53	26	33	0	0	7	21	400	0	40	40	361	100	0	30	0	3	0	1	2	0
53	26	33	1	0	6	21	250	0	0	0	361	100	0	30	0	3	0	1	2	0
54	8	12	0	0	19	16	300	0	0	0	35	105	0	24	0	3	0	0	2	0
54	8	12	1	0	20	16	260	0	0	0	35	105	0	24	0	3	0	0	2	0
54	36	40	0	0	19	16	300	0	0	0	35	105	0	24	0	3	0	0	2	0
54	36	40	1	0	20	16	260	0	0	0	35	105	0	24	0	3	0	0	2	0
57	8	12	0	0	0	5	460	0	160	160	75	100	96	0	0	3	0	1	2	0
57	36	40	0	0	0	16	460	0	160	0	50	100	0	50	0	3	0	1	2	0
57	40	140	0	0	0	18	460	0	160	0	50	100	0	50	0	3	0	1	2	0
58	0	4	0	0	0	18	460	0	160	128	50	100	0	50	0	2	0	1	2	0
58	0	4	1	0	0	18	460	0	160	-113	50	100	0	50	0	2	0	1	2	0
59	24	29	0	0	0	16	460	0	160	0	50	100	0	50	0	3	0	1	2	0
59	29	129	0	0	0	18	460	0	160	0	50	100	0	50	0	3	0	1	2	0
62	0	8	0	0	0	16	384	0	160	256	361	100	0	40	1	3	0	0	2	0
62	0	8	1	0	0	16	384	0	160	0	361	100	0	40	1	3	0	0	2	0
63	5	13	0	0	4	14	240	0	0	160	85	106	0	50	3	3	0	5	2	0
63	5	13	1	0	4	14	240	0	0	-160	85	106	0	50	3	3	0	5	2	0
63	13	27	0	0	4	9	180	0	0	160	75	60	0	50	3	3	0	5	1	0
63	13	27	1	0	4	9	180	0	0	-160	75	60	0	50	3	3	0	5	1	0
63	27	50	0	1	4	4	180	0	0	160	65	20	0	40	3	3	0	5	0	0
63	27	50	1	1	4	4	180	0	0	-160	65	20	0	40	3	3	0	5	0	0
64	5	9	0	0	0	10	240	0	160	140	80	100	1	60	3	3	0	5	1	0
64	5	9	1	0	0	10	240	0	160	-140	80	100	1	60	3	3	0	5	1	0
64	11	14	0	0	0	3	240	0	160	140	85	100	20	30	3	3	0	5	0	0
64	11	14	1	0	0	3	240	0	160	-140	85	100	20	30	3	3	0	5	0	0
64	15	18	0	0	0	3	240	0	160	140	85	100	20	30	3	3	0	5	0	0
64	15	18	1	0	0	3	240	0	160	-140	85	100	20	30	3	3	0	5	0	0
64	19	22	0	0	0	3	240	0	160	140	85	100	20	30	3	3	0	5	0	0
64	19	22	1	0	0	3	240	0	160	-140	85	100	20	30	3	3	0	5	0	0
64	23	26	0	0	0	3	240	0	160	140	85	100	20	30	3	3	0	5	0	0
64	23	26	1	0	0	3	240	0	160	-140	85	100	20	30	3	3	0	5	0	0
64	27	30	0	0	0	3	240	0	160	140	85	100	20	30	3	3	0	5	0	0
64	27	30	1	0	0	3	240	0	160	-140	85	100	20	30	3	3	0	5	0	0
64	31	34	0	0	0	3	240	0	160	140	85	100	20	30	3	3	0	5	0	0
64	31	34	1	0	0	3	240	0	160	-140	85	100	20	30	3	3	0	5	0	0
64	35	38	0	0	0	2	240	0	160	140	70	100	20	30	3	3	0	5	0	0
64	35	38	1	0	0	2	240	0	160	-140	70	100	20	30	3	3	0	5	0	0
64	39	42	0	0	0	2	240	0	160	140	70	100	20	30	3	3	0	5	0	0
64	39	42	1	0	0	2	240	0	160	-140	70	100	20	30	3	3	0	5	0	0
64	43	46	0	0	0	2	240	0	160	140	70	100	20	30	3	3	0	5	0	0
64	43	46	1	0	0	2	240	0	160	-140	70	100	20	30	3	3	0	5	0	0
64	47	50	0	0	0	2	240	0	160	140	70	100	20	30	3	3	0	5	0	0
64	47	50	1	0	0	2	240	0	160	-140	70	100	20	30	3	3	0	5	0	0
64	51	54	0	0	0	2	240	0	160	140	70	100	20	30	3	3	0	5	0	0
64	51	54	1	0	0	2	240	0	160	-140	70	100	20	30	3	3	0	5	0	0
64	55	58	0	0	0	2	240	0	160	140	70	100	20	30	3	3	0	5	0	0
64	55	58	1	0	0	2	240	0	160	-140	70	100	20	30	3	3	0	5	0	0
66	8	12	0	0	7	8	350	0	-30	70	361	100	0	15	3	3	0	5	2	0
67	10	14	0	0	23	16	240	-30	45	-33	361	105	0	10	0	3	0	1	2	0
67	10	14	1	0	28	16	240	-30	45	32	361	105	0	10	0	3	0	1	2	0
67	10	14	2	0	28	16	300	144	40	32	361	105	0	10	0	3	0	1	2	0
67	10	14	3	0	23	16	300	160	40	-33	361	105	0	10	0	3	0	1	2	0
67	14	22	0	0	23	10	240	-30	45	-33	361	100	0	5	0	3	0	1	1	0
67	14	22	1	0	28	10	240	-30	45	32	361	100	0	5	0	3	0	1	1	0
67	14	22	2	0	23	10	240	110	40	-17	361	100	0	5	0	3	0	1	1	0
67	14	22	3	0	28	10	240	110	40	0	361	100	0	5	0	3	0	1	1	0
68	7	9	0	0	8	8	350	-100	64	-49	105	35	0	70	0	3	0	1	2	0
68	9	14	0	0	8	8	350	-100	64	-49	105	25	0	60	0	3	0	1	2	0
68	21	33	0	0	0	14	450	0	420	0	90	131	0	10	1	3	0	3	2	0
69	8	9	0	0	0	2	340	0	0	80	934	100	30	0	3	3	0	5	0	0
69	8	9	1	0	0	2	340	0	0	-97	934	100	30	0	3	3	0	5	0	0
70	0	8	0	0	0	6	360	0	0	100	85	40	0	78	0	2	0	5	1	0
70	0	8	1	0	0	6	360	0	0	-150	85	40	0	78	0	2	0	5	1	0
71	8	18	0	0	16	12	350	80	0	0	100	100	0	30	0	3	0	1	1	0
71	8	18	1	0	15	12	240	0	0	0	100	100	0	30	0	3	0	1	1	0
72	15	24	0	0	15	20	512	0	100	0	85	100	0	20	0	3	0	1	2	0
74	12	16	0	0	12	15	300	32	96	0	361	100	0	5	0	3	0	0	1	0
74	12	16	1	0	11	15	300	0	0	0	361	100	0	5	0	3	0	0	1	0
75	12	16	0	0	12	14	300	32	96	0	361	100	0	5	0	3	0	0	1	0
75	12	16	1	0	11	14	300	0	0	0	361	100	0	5	0	3	0	0	1	0
76	12	16	0	0	12	13	300	32	96	0	361	100	0	5	0	3	0	0	1	0
76	12	16	1	0	11	13	300	0	0	0	361	100	0	5	0	3	0	0	1	0
80	12	21	0	0	7	6	280	0	0	8	80	100	40	0	0	3	0	1	1	0
80	12	21	1	0	0	6	200	0	180	30	80	100	40	0	0	3	0	1	1	0
80	21	25	0	0	7	8	280	0	0	8	80	100	40	0	0	3	0	1	1	0
80	21	25	1	0	0	8	200	0	180	30	80	100	40	0	0	3	0	1	1	0
80	30	36	0	0	0	12	360	0	80	80	75	80	0	50	0	3	0	1	2	0
80	30	36	1	0	0	12	360	0	80	-97	75	80	0	50	0	3	0	1	2	0
80	30	36	2	0	0	12	360	0	80	256	75	80	0	50	0	3	0	1	2	0
88	9	12	0	0	29	6	150	0	0	64	361	100	90	0	0	3	1	1	1	0
88	9	12	1	0	29	6	280	64	0	-160	361	100	90	0	0	3	1	1	1	0
88	16	19	0	0	29	6	150	0	0	64	361	100	90	0	0	3	1	1	1	0
88	16	19	1	0	29	6	280	64	0	-160	361	100	90	0	0	3	1	1	1	0
100	2	10	0	0	29	4	150	0	0	64	361	100	100	0	0	3	0	1	1	0
100	2	10	1	0	29	4	280	64	0	-160	361	100	100	0	0	3	0	1	1	0
102	6	7	0	0	30	1	280	-40	0	0	361	100	0	0	0	3	0	0	1	0
105	2	4	0	0	10	2	220	20	0	0	361	50	0	10	0	3	0	0	0	0
105	2	4	1	0	8	2	200	0	0	0	361	50	0	10	0	3	0	0	0	0
106	4	7	0	0	16	2	220	50	0	0	70	50	0	10	0	3	0	0	0	0
106	4	7	1	0	14	2	200	0	0	0	70	50	0	10	0	3	0	0	0	0
108	2	4	0	0	16	1	200	456	-512	0	80	50	0	0	3	3	0	5	0	0
108	2	4	1	0	16	1	200	256	-320	0	80	50	0	0	3	3	0	5	0	0
110	7	13	0	0	17	15	220	0	16	0	361	100	0	0	0	3	0	0	2	0
110	7	13	1	0	17	15	220	0	-211	0	361	100	0	0	0	3	0	0	2	0
110	7	13	2	0	17	15	220	0	-438	0	361	100	0	0	0	3	0	0	2	0
111	6	14	0	0	13	11	250	0	0	0	83	100	0	20	0	3	0	1	1	0
111	6	14	1	0	15	11	296	128	0	0	83	100	0	20	0	3	0	1	1	0
112	7	15	0	0	19	14	200	20	0	0	361	100	0	10	0	3	0	1	1	0
112	7	15	1	0	20	14	230	140	0	0	361	100	0	10	0	3	0	1	1	0
113	7	15	0	0	19	13	200	20	0	0	361	100	0	10	0	3	0	1	1	0
113	7	15	1	0	20	13	230	140	0	0	361	100	0	10	0	3	0	1	1	0
114	7	15	0	0	19	12	200	20	0	0	361	100	0	10	0	3	0	1	1	0
114	7	15	1	0	20	12	230	140	0	0	361	100	0	10	0	3	0	1	1	0
115	6	10	0	0	29	10	230	0	0	-60	361	110	0	20	0	3	0	0	1	0
115	6	10	1	0	29	10	230	0	0	-300	361	110	0	20	0	3	0	0	1	0
116	9	12	0	0	16	16	200	0	-113	64	35	100	0	20	3	3	0	5	2	0
116	9	12	1	0	16	16	200	256	-320	0	35	100	0	20	3	3	0	5	2	0
116	9	12	2	0	16	16	200	456	-512	0	35	100	0	20	3	3	0	5	2	0
116	12	17	0	0	16	15	200	0	-113	64	35	100	0	20	3	3	0	5	2	0
116	12	17	1	0	16	15	200	256	-320	0	35	100	0	20	3	3	0	5	2	0
116	12	17	2	0	16	15	200	456	-512	0	35	100	0	20	3	3	0	5	2	0
117	9	15	0	0	17	16	120	0	-150	0	361	110	0	20	0	3	0	0	2	0
117	9	15	1	0	17	16	120	0	-350	0	361	110	0	20	0	3	0	0	2	0
117	9	15	2	0	17	16	230	0	-550	0	361	110	0	20	0	3	0	0	2	0
118	9	12	0	0	17	3	350	0	128	0	80	50	0	10	1	3	1	3	2	0
118	9	12	1	0	17	3	350	576	0	0	80	50	0	10	1	3	1	3	2	0
118	29	31	0	0	17	11	350	0	128	0	80	80	0	40	1	3	1	3	2	0
118	29	31	1	0	17	11	350	576	0	0	80	80	0	40	1	3	1	3	2	0
119	12	17	0	0	17	19	220	0	0	150	361	100	0	5	3	3	0	5	2	0
119	12	17	1	0	17	19	220	0	0	350	361	100	0	4	3	3	0	5	2	0
119	12	17	2	0	17	19	220	0	0	592	361	100	0	4	3	3	0	5	2	0
120	8	11	0	0	8	14	296	640	0	-113	60	100	0	20	0	3	0	1	2	0
120	8	11	1	0	8	14	128	256	0	-49	60	100	0	20	0	3	0	1	2	0
121	9	12	0	0	17	4	296	420	0	0	954	100	30	0	1	3	0	3	2	0
121	9	12	1	0	17	4	180	150	0	0	954	100	30	0	1	3	0	3	2	0
122	5	8	0	0	17	12	200	0	0	0	110	116	0	15	0	3	0	1	2	0
122	5	8	1	0	17	12	250	0	-400	0	110	116	0	15	0	3	0	1	2	0
122	8	14	0	0	17	9	200	0	0	0	55	100	0	10	0	3	0	1	1	0
122	8	14	1	0	17	9	250	0	-400	0	55	100	0	10	0	3	0	1	1	0
124	3	4	2	0	0	10	360	0	250	50	50	100	100	0	0	3	1	0	2	0
124	3	25	0	0	29	10	220	0	0	100	50	100	100	0	0	3	1	0	2	0
124	3	25	1	0	29	10	220	0	0	-200	50	100	100	0	0	3	1	0	2	0
124	25	33	0	1	29	4	220	0	0	100	55	50	0	20	0	3	1	0	0	0
124	25	33	1	1	29	4	220	0	0	-200	55	50	0	20	0	3	1	0	0	0
124	33	41	0	1	29	4	220	0	0	100	55	50	0	20	0	3	1	0	0	0
124	33	41	1	1	29	4	220	0	0	-200	55	50	0	20	0	3	1	0	0	0
124	41	49	0	1	29	4	220	0	0	100	55	50	0	20	0	3	1	0	0	0
124	41	49	1	1	29	4	220	0	0	-200	55	50	0	20	0	3	1	0	0	0
124	49	57	0	1	29	4	220	0	0	100	55	50	0	20	0	3	1	0	0	0
124	49	57	1	1	29	4	220	0	0	-200	55	50	0	20	0	3	1	0	0	0
124	57	65	0	1	29	4	220	0	0	100	55	50	0	20	0	3	1	0	0	0
124	57	65	1	1	29	4	220	0	0	-200	55	50	0	20	0	3	1	0	0	0
125	3	25	0	0	29	10	220	0	0	100	50	100	100	0	0	3	1	0	2	0
125	3	25	1	0	29	10	220	0	0	-200	50	100	100	0	0	3	1	0	2	0
125	25	33	0	1	29	4	220	0	0	100	55	50	0	20	0	3	1	0	0	0
125	25	33	1	1	29	4	220	0	0	-200	55	50	0	20	0	3	1	0	0	0
125	33	41	0	1	29	4	220	0	0	100	55	50	0	20	0	3	1	0	0	0
125	33	41	1	1	29	4	220	0	0	-200	55	50	0	20	0	3	1	0	0	0
125	41	49	0	1	29	4	220	0	0	100	55	50	0	20	0	3	1	0	0	0
125	41	49	1	1	29	4	220	0	0	-200	55	50	0	20	0	3	1	0	0	0
125	49	57	0	1	29	4	220	0	0	100	55	50	0	20	0	3	1	0	0	0
125	49	57	1	1	29	4	220	0	0	-200	55	50	0	20	0	3	1	0	0	0
125	57	65	0	1	29	4	220	0	0	100	55	50	0	20	0	3	1	0	0	0
125	57	65	1	1	29	4	220	0	0	-200	55	50	0	20	0	3	1	0	0	0
137	19	21	0	0	26	6	210	0	0	0	361	100	90	0	0	3	1	1	1	0
137	24	26	0	0	26	6	210	0	0	0	361	100	90	0	0	3	1	1	1	0
138	19	21	0	0	10	6	180	0	0	0	361	100	90	0	0	3	1	0	1	0
138	26	28	0	0	10	6	180	0	0	0	361	100	90	0	0	3	1	0	1	0
142	2	5	0	0	31	6	280	16	0	0	361	100	100	0	0	3	0	1	1	0
142	2	5	1	0	5	6	150	0	0	0	361	100	100	0	0	3	0	1	1	0
143	1	8	0	0	5	6	280	0	240	0	361	100	100	0	0	3	0	1	1	0
143	1	8	1	0	5	6	220	0	112	0	361	100	100	0	0	3	0	1	1	0
148	6	7	0	0	16	1	300	160	0	0	361	100	0	0	0	3	0	0	1	0
151	4	6	0	0	11	8	350	0	11	60	361	100	0	15	0	3	0	0	1	0
151	4	6	1	0	6	8	160	0	0	0	361	100	0	15	0	3	0	0	1	0
152	7	11	0	0	20	12	230	0	0	0	361	90	0	10	0	3	1	0	2	0
152	7	11	1	0	18	12	230	0	0	0	361	90	0	10	0	3	1	0	2	0
152	11	23	0	0	20	8	230	0	0	0	361	90	0	10	0	3	1	0	2	0
152	11	23	1	0	18	8	230	0	0	0	361	90	0	10	0	3	1	0	2	0
153	9	17	0	0	23	13	180	20	0	0	70	100	0	10	0	3	0	1	1	0
153	9	17	1	0	25	13	320	0	0	110	70	100	0	10	0	3	0	1	1	0
154	4	14	0	0	8	10	160	0	0	0	75	150	0	0	0	3	0	0	1	0
154	4	14	1	0	10	10	220	0	0	0	75	150	0	0	0	3	0	0	1	0
155	6	16	0	0	10	10	190	0	0	0	40	110	0	0	0	3	4	0	1	0
155	6	16	1	0	20	10	190	0	0	0	40	110	0	0	0	3	4	0	1	0
155	6	16	2	0	12	10	190	0	0	0	40	110	0	0	0	3	4	0	1	0
156	13	17	0	0	24	18	250	-20	0	0	49	115	0	20	0	3	1	1	2	0
156	13	17	1	0	24	18	260	100	0	0	49	115	0	20	0	3	1	1	2	0
156	17	27	0	0	24	12	220	-20	0	0	49	115	0	12	0	3	1	1	2	0
156	17	27	1	0	24	12	250	100	0	0	49	115	0	12	0	3	1	1	2	0
157	7	11	0	0	31	17	330	0	0	0	83	90	0	60	0	3	0	0	2	0
157	7	11	1	0	29	17	280	0	0	0	83	90	0	60	0	3	0	0	2	0
157	11	19	0	0	31	9	330	0	0	0	361	100	0	10	0	3	0	1	1	0
157	11	19	1	0	29	9	280	0	0	0	361	100	0	10	0	3	0	1	1	0
158	10	18	0	0	31	15	280	0	0	0	37	100	0	20	0	3	0	1	2	0
158	10	18	1	0	25	15	280	0	0	0	37	100	0	20	0	3	0	1	2	0
158	10	18	2	0	0	15	180	0	160	0	37	100	0	20	0	3	0	1	2	0
158	10	18	3	0	0	15	220	0	360	0	37	100	0	20	0	3	0	1	2	0
158	18	30	0	0	31	10	280	0	0	0	37	100	0	20	0	3	0	1	2	0
158	18	30	1	0	25	10	280	0	0	0	37	100	0	20	0	3	0	1	2	0
158	18	30	2	0	0	10	180	0	160	0	37	100	0	20	0	3	0	1	2	0
158	18	30	3	0	0	10	220	0	360	0	37	100	0	20	0	3	0	1	2	0
159	5	11	0	0	28	6	250	0	0	0	60	50	0	40	0	3	0	1	2	0
159	5	11	1	0	29	6	260	160	0	0	60	50	0	40	0	3	0	1	2	0
159	5	11	2	0	26	6	200	0	0	0	60	50	0	40	0	3	0	1	2	0
159	15	27	0	0	23	10	260	0	0	0	361	110	0	20	0	3	0	1	2	0
159	15	27	1	0	24	10	280	150	0	0	361	110	0	20	0	3	0	1	2	0
159	15	27	2	0	31	10	224	0	0	0	361	110	0	20	0	3	0	1	2	0
160	8	12	0	0	6	15	300	0	0	0	361	100	0	10	0	3	0	1	2	0
160	8	12	1	0	31	15	300	50	-50	0	361	100	0	10	0	3	0	1	2	0
160	12	22	0	0	6	8	300	0	0	0	361	100	0	10	0	3	0	1	1	0
160	12	22	1	0	31	8	300	50	-50	0	361	100	0	10	0	3	0	1	1	0
161	10	14	0	0	7	16	220	76	0	0	361	100	0	10	0	3	0	0	2	0
161	10	14	1	0	11	16	250	0	0	0	361	100	0	10	0	3	0	0	2	0
161	10	14	2	0	12	16	280	0	0	-50	361	100	0	10	0	3	0	0	2	0
161	14	26	0	0	7	10	220	76	0	0	361	100	0	0	0	3	0	0	1	0
161	14	26	1	0	11	10	250	0	0	0	361	100	0	0	0	3	0	0	1	0
161	14	26	2	0	12	10	280	0	0	-50	361	100	0	0	0	3	0	0	1	0
162	6	15	0	0	11	15	360	0	20	50	80	105	0	10	0	3	0	0	2	0
163	6	10	0	0	25	12	180	50	0	0	70	100	0	15	0	3	0	1	2	0
163	6	10	1	0	31	12	180	50	0	0	70	100	0	15	0	3	0	1	2	0
163	6	10	2	0	6	12	250	0	0	0	70	100	0	15	0	3	0	1	2	0
163	10	38	0	0	25	8	180	50	0	0	70	100	0	15	0	3	0	1	2	0
163	10	38	1	0	31	8	180	50	0	0	70	100	0	15	0	3	0	1	2	0
163	10	38	2	0	6	8	250	0	0	0	70	100	0	15	0	3	0	1	2	0
168	4	6	0	0	9	2	180	120	0	0	361	100	0	0	0	3	0	0	0	0
168	4	6	1	0	8	2	180	60	0	0	361	100	0	0	0	3	0	0	0	0
168	4	6	2	0	8	2	180	-60	0	0	361	100	0	0	0	3	0	0	0	0
169	13	18	0	0	5	6	150	0	0	0	361	100	100	0	0	3	0	1	1	0
169	13	18	1	0	10	6	280	0	0	0	361	100	100	0	0	3	0	1	1	0
172	6	10	0	0	15	12	220	16	0	0	361	100	0	10	0	3	1	0	2	0
172	10	26	0	0	15	10	220	16	0	0	361	75	0	0	0	3	1	0	2	0
173	3	5	0	0	0	1	370	0	330	0	924	100	30	0	0	3	1	4	1	0
173	3	5	1	0	0	1	370	0	140	0	100	100	30	0	0	3	1	4	1	0
173	29	31	0	0	0	8	550	0	220	0	361	80	0	20	2	3	1	4	2	0
174	0	2	0	0	0	6	420	0	410	0	361	60	0	30	2	3	3	4	1	0
175	8	10	0	0	16	10	260	-110	0	0	361	100	0	30	2	3	0	3	2	0
175	8	10	1	0	16	11	360	275	0	0	361	100	0	30	2	3	0	3	2	0
176	6	9	0	0	28	14	320	-50	45	0	80	110	0	5	0	3	0	1	2	0
176	6	9	1	0	28	14	360	100	30	0	80	110	0	5	0	3	0	1	2	0
176	9	20	0	0	28	11	320	-50	45	0	80	110	0	5	0	3	0	1	1	0
176	9	20	1	0	28	11	360	100	30	0	80	110	0	5	0	3	0	1	1	0
177	7	13	0	0	32	11	220	0	0	0	361	100	0	10	0	3	0	1	1	0
177	7	13	1	0	33	14	260	110	0	0	361	140	0	0	2	3	0	4	2	0
177	13	19	0	0	32	11	220	0	0	0	361	100	0	10	0	3	0	1	1	0
177	13	19	1	0	33	11	260	110	0	0	361	100	0	10	0	3	0	1	1	0
178	7	12	2	0	32	11	110	0	0	0	361	100	0	10	0	3	0	1	1	0
178	7	12	1	0	33	11	200	0	0	0	361	100	0	10	0	3	0	1	1	0
178	7	12	0	0	33	11	200	180	0	0	361	100	0	10	0	3	0	1	1	0
179	7	12	2	0	32	10	110	0	0	0	361	100	0	10	0	3	0	1	1	0
179	7	12	1	0	33	10	200	0	0	0	361	100	0	10	0	3	0	1	1	0
179	7	12	0	0	33	10	200	180	0	0	361	100	0	10	0	3	0	1	1	0
180	7	12	2	0	32	9	110	0	0	0	361	100	0	10	0	3	0	1	1	0
180	7	12	1	0	33	9	200	0	0	0	361	100	0	10	0	3	0	1	1	0
180	7	12	0	0	33	9	200	180	0	0	361	100	0	10	0	3	0	1	1	0
181	7	12	2	0	32	8	110	0	0	0	361	100	0	10	0	3	0	1	1	0
181	7	12	1	0	33	8	200	0	0	0	361	100	0	10	0	3	0	1	1	0
181	7	12	0	0	33	8	200	180	0	0	361	100	0	10	0	3	0	1	1	0
182	8	25	0	0	33	8	200	-20	0	0	361	80	0	0	0	3	0	1	1	0
182	8	25	1	0	33	8	200	180	0	0	361	80	0	0	0	3	0	1	1	0
182	25	30	0	0	33	12	300	-20	0	0	361	100	0	5	0	1	0	1	2	0
182	25	30	1	0	33	12	300	180	0	0	361	100	0	5	0	1	0	1	2	0
182	25	30	2	0	33	13	300	-20	0	0	271	100	0	47	0	2	0	1	2	0
182	25	30	3	0	33	13	300	180	0	0	271	100	0	47	0	2	0	1	2	0
183	10	15	0	0	0	13	440	0	125	395	85	60	0	70	2	3	3	4	1	0
184	14	23	0	0	16	20	190	-80	0	0	80	50	0	98	0	3	1	0	2	0
184	14	23	1	0	16	20	400	200	0	0	80	50	0	98	0	3	1	1	2	0
185	25	34	0	0	0	21	440	0	165	-185	90	115	0	32	2	3	22	4	2	0
185	25	34	1	0	0	21	440	0	165	325	90	115	0	32	2	3	22	4	2	0
186	12	16	0	0	16	19	210	0	0	0	361	100	0	15	2	3	0	4	2	0
186	12	16	1	0	16	19	240	270	0	0	361	100	0	15	2	3	0	4	2	0
186	12	16	2	0	8	19	150	-100	0	0	40	100	0	15	2	3	0	4	2	0
187	12	16	0	0	16	18	210	0	0	0	361	100	0	15	2	3	0	4	2	0
187	12	16	1	0	16	18	240	270	0	0	361	100	0	15	2	3	0	4	2	0
187	12	16	2	0	8	18	150	-100	0	0	40	100	0	15	2	3	0	4	2	0
188	12	16	0	0	16	17	210	0	0	0	361	100	0	15	2	3	0	4	2	0
188	12	16	1	0	16	17	240	270	0	0	361	100	0	15	2	3	0	4	2	0
188	12	16	2	0	8	17	150	-100	0	0	40	100	0	15	2	3	0	4	2	0
189	12	16	0	0	16	16	210	0	0	0	361	100	0	15	2	3	0	4	2	0
189	12	16	1	0	16	16	240	270	0	0	361	100	0	15	2	3	0	4	2	0
189	12	16	2	0	8	16	150	-100	0	0	40	100	0	15	2	3	0	4	2	0
190	12	16	0	0	16	15	210	0	0	0	361	100	0	15	2	3	0	4	2	0
190	12	16	1	0	16	15	240	270	0	0	361	100	0	15	2	3	0	4	2	0
190	12	16	2	0	8	15	150	-100	0	0	40	100	0	15	2	3	0	4	2	0
204	15	18	0	0	23	6	360	64	100	0	361	100	90	0	0	3	1	1	1	0
204	15	18	1	0	23	6	200	-49	0	0	361	100	90	0	0	3	1	1	1	0
204	25	28	0	0	23	6	360	64	100	64	361	100	90	0	0	3	1	1	1	0
204	25	28	1	0	23	6	200	-49	0	0	361	100	90	0	0	3	1	1	1	0
205	15	18	0	0	23	6	360	64	100	0	361	100	80	0	0	3	1	1	1	0
205	15	18	1	0	23	6	200	-49	0	0	361	100	80	0	0	3	1	1	1	0
205	26	29	0	0	27	6	360	0	100	0	361	100	80	0	0	3	1	1	1	0
205	26	29	1	0	27	6	200	-49	0	0	361	100	80	0	0	3	1	1	1	0
207	2	8	0	0	21	6	300	0	0	0	361	100	100	0	0	3	0	1	1	0
207	2	8	1	0	23	6	330	60	0	0	361	100	100	0	0	3	0	1	1	0
208	2	6	0	0	18	6	280	0	128	-401	361	100	100	0	0	3	0	1	1	0
208	2	6	1	0	18	6	280	0	-128	-401	361	100	100	0	0	3	0	1	1	0
208	2	6	2	0	18	6	280	0	0	-50	361	100	100	0	0	3	0	1	1	0
214	6	7	0	0	0	1	350	0	300	480	361	100	0	0	0	3	0	0	1	0
218	5	9	0	0	18	5	280	0	128	-401	70	50	0	10	0	3	0	1	1	0
218	5	9	1	0	18	5	280	0	-128	-401	70	50	0	10	0	3	0	1	1	0
218	5	9	2	0	18	5	280	0	0	-50	70	50	0	10	0	3	0	1	1	0
219	6	10	0	0	18	5	280	0	128	-401	70	50	0	10	0	3	0	1	1	0
219	6	10	1	0	18	5	280	0	-128	-401	70	50	0	10	0	3	0	1	1	0
219	6	10	2	0	18	5	280	0	0	-50	70	50	0	10	0	3	0	1	1	0
220	5	9	0	0	18	8	320	0	128	-401	70	90	0	30	0	3	0	1	2	0
220	5	9	1	0	18	8	320	0	-128	-401	70	90	0	30	0	3	0	1	2	0
220	5	9	2	0	18	8	280	0	0	-50	70	90	0	30	0	3	0	1	2	0
221	21	29	0	0	0	16	360	0	80	80	361	115	0	30	0	3	0	1	2	0
221	21	29	1	0	0	16	360	0	80	-97	361	115	0	30	0	3	0	1	2	0
221	21	29	2	0	0	16	360	0	80	256	361	115	0	30	0	3	0	1	2	0
222	7	13	0	0	18	15	220	0	0	96	361	100	0	10	0	3	0	1	2	0
222	7	13	1	0	18	15	220	0	0	-113	361	100	0	10	0	3	0	1	2	0
222	7	13	2	0	18	15	250	0	128	-401	361	100	0	10	0	3	0	1	2	0
222	7	13	3	0	18	15	250	0	-128	-401	361	100	0	10	0	3	0	1	2	0
223	6	18	0	0	12	12	416	0	144	0	75	110	0	20	0	3	0	0	1	0
223	6	18	1	0	12	12	260	0	-100	0	75	110	0	20	0	3	0	0	1	0
224	3	18	0	0	0	10	400	0	300	50	361	100	0	20	0	3	0	0	2	0
225	26	42	0	0	18	20	250	0	0	96	361	100	0	30	0	3	0	1	2	0
225	26	42	1	0	18	20	250	0	0	-113	361	100	0	30	0	3	0	1	2	0
225	26	42	2	0	18	20	300	0	128	-401	361	100	0	30	0	3	0	1	2	0
225	26	42	3	0	18	20	300	0	-128	-401	361	100	0	30	0	3	0	1	2	0
226	20	24	0	0	18	19	160	0	0	96	100	100	0	30	0	3	0	1	2	0
226	20	24	1	0	18	19	160	0	0	-113	100	100	0	30	0	3	0	1	2	0
226	20	24	2	0	18	19	250	0	128	-401	100	100	0	30	0	3	0	1	2	0
226	20	24	3	0	18	19	250	0	-113	-401	100	100	0	30	0	3	0	1	2	0
226	24	27	0	0	18	17	160	0	0	96	944	100	0	20	0	3	0	1	2	0
226	24	27	1	0	18	17	160	0	0	-113	944	100	0	20	0	3	0	1	2	0
226	24	27	2	0	18	17	250	0	128	-401	944	100	0	20	0	3	0	1	2	0
226	24	27	3	0	18	17	250	0	-113	-401	944	100	0	20	0	3	0	1	2	0
227	9	15	0	0	18	16	160	0	0	96	361	100	0	35	0	3	0	1	2	0
227	9	15	1	0	18	16	160	0	0	-113	361	100	0	35	0	3	0	1	2	0
227	9	15	2	0	18	16	250	0	128	-401	361	100	0	35	0	3	0	1	2	0
227	9	15	3	0	18	16	250	0	-113	-401	361	100	0	35	0	3	0	1	2	0
227	15	23	0	0	18	12	160	0	0	96	361	100	0	35	0	3	0	1	2	0
227	15	23	1	0	18	12	160	0	0	-113	361	100	0	35	0	3	0	1	2	0
227	15	23	2	0	18	12	250	0	128	-401	361	100	0	35	0	3	0	1	2	0
227	15	23	3	0	18	12	250	0	-113	-401	361	100	0	35	0	3	0	1	2	0
228	6	10	0	0	0	14	496	0	256	0	65	80	0	20	0	3	0	1	2	0
228	10	41	0	0	0	12	496	0	256	0	65	80	0	10	0	3	0	1	1	0
229	14	20	0	0	18	16	160	0	0	96	361	100	0	15	0	3	0	0	2	0
229	14	20	1	0	18	16	160	0	0	-113	361	100	0	15	0	3	0	0	2	0
229	14	20	2	0	18	16	250	0	128	-401	361	100	0	15	0	3	0	0	2	0
229	14	20	3	0	18	16	250	0	-113	-401	361	100	0	15	0	3	0	0	2	0
230	10	14	0	0	27	16	360	0	100	0	361	100	0	10	0	3	0	0	2	0
230	10	14	1	0	0	16	280	0	180	-180	361	100	0	10	0	3	0	0	2	0
230	14	27	0	0	27	10	260	0	64	0	361	100	0	10	0	3	0	0	1	0
230	14	27	1	0	0	10	280	0	180	-180	361	100	0	10	0	3	0	0	1	0
231	11	13	1	0	0	2	360	0	950	200	934	100	30	0	0	3	0	1	2	0
231	11	13	0	0	0	2	360	0	550	200	90	100	30	0	0	3	0	1	2	0
231	32	35	0	0	0	8	400	0	950	200	80	155	0	20	0	3	0	1	2	0
231	32	35	1	0	0	8	400	0	550	200	80	155	0	20	0	3	0	1	2	0
232	9	13	0	0	18	15	250	0	0	96	934	100	0	10	0	3	0	1	2	0
232	9	13	1	0	18	15	250	0	0	-113	934	100	0	10	0	3	0	1	2	0
232	9	13	2	0	18	15	280	0	128	-401	934	100	0	10	0	3	0	1	2	0
232	9	13	3	0	18	15	280	0	-128	-401	934	100	0	10	0	3	0	1	2	0
232	13	31	0	0	18	12	250	0	0	96	934	100	0	10	0	3	0	1	2	0
232	13	31	1	0	18	12	250	0	0	-113	934	100	0	10	0	3	0	1	2	0
232	13	31	2	0	18	12	280	0	128	-401	934	100	0	10	0	3	0	1	2	0
232	13	31	3	0	18	12	280	0	-128	-401	934	100	0	10	0	3	0	1	2	0
233	1	2	0	0	0	8	400	0	950	200	80	120	0	30	0	3	0	1	2	0
233	1	2	1	0	0	8	400	0	550	200	80	120	0	30	0	3	0	1	2	0
235	47	50	0	0	22	1	255	0	0	0	934	0	1	120	0	3	0	7	2	0
236	2	4	0	0	10	4	160	0	0	0	361	30	0	8	0	3	0	0	0	0
236	2	4	1	0	9	4	160	0	0	0	361	30	0	8	0	3	0	0	0	0
237	3	6	0	0	16	3	180	16	0	0	70	50	0	8	0	3	0	0	0	0
237	3	6	1	0	15	3	180	0	0	0	70	50	0	8	0	3	0	0	0	0
238	2	6	0	0	16	2	180	0	0	0	30	100	50	0	0	3	0	0	0	0
238	6	10	0	0	10	2	180	0	0	0	20	100	45	0	0	3	0	0	0	0
238	10	17	0	0	16	2	180	0	0	0	10	100	9	0	0	3	0	0	0	0
238	17	23	0	0	10	2	180	0	0	0	10	100	9	0	0	3	0	0	0	0
238	23	30	0	0	16	2	180	0	0	0	10	100	9	0	0	3	0	0	0	0
238	30	36	0	0	10	2	180	0	0	0	10	100	9	0	0	3	0	0	0	0
238	39	45	0	0	12	5	300	0	120	80	361	100	0	50	0	3	0	0	1	0
239	8	13	0	0	24	9	180	20	0	0	361	100	0	9	0	3	0	1	1	0
239	8	13	1	0	25	9	220	80	0	0	361	100	0	9	0	3	0	1	1	0
240	6	12	0	0	14	12	180	0	0	0	80	100	0	10	0	3	0	0	1	0
240	6	12	1	0	15	12	290	60	0	0	80	100	0	10	0	3	0	0	1	0
241	3	7	0	0	19	8	180	20	0	0	60	100	0	0	0	3	0	1	1	0
241	3	7	1	0	19	8	260	240	80	86	60	100	0	0	0	3	0	1	1	0
242	16	21	0	0	14	17	180	0	0	0	361	105	0	32	2	3	0	0	2	0
242	16	21	1	0	15	17	240	60	0	0	361	105	0	32	2	3	0	0	2	0
243	16	21	0	0	14	17	180	0	0	0	361	105	0	32	2	3	0	0	2	0
243	16	21	1	0	15	17	240	50	0	0	361	105	0	32	2	3	0	0	2	0
244	16	21	0	0	14	16	180	0	0	0	361	105	0	32	2	3	0	0	2	0
244	16	21	1	0	15	16	240	50	0	0	361	105	0	32	2	3	0	0	2	0
245	16	21	0	0	14	15	180	0	0	0	361	105	0	32	2	3	0	0	2	0
245	16	21	1	0	15	15	240	50	0	0	361	105	0	32	2	3	0	0	2	0
246	7	16	0	0	12	20	400	0	100	0	85	100	0	25	0	1	0	0	2	0
246	7	16	1	0	12	20	400	0	100	0	271	110	0	72	0	2	0	0	2	0
247	8	30	0	0	25	19	170	0	0	20	361	100	0	25	0	3	0	1	2	0
247	8	30	1	0	25	19	210	120	0	50	361	100	0	25	0	3	0	1	2	0
247	8	30	2	0	20	19	170	0	0	20	361	100	0	25	0	3	0	1	2	0
247	8	30	3	0	20	19	210	120	0	50	361	100	0	25	0	3	0	1	2	0
248	3	11	0	0	25	11	240	10	0	0	80	100	0	10	0	3	0	1	2	0
248	3	11	1	0	20	11	240	10	0	0	80	100	0	10	0	3	0	1	2	0
248	3	11	2	0	5	11	260	0	0	0	80	100	0	10	0	3	0	1	2	0
248	11	34	0	0	25	14	240	10	0	0	80	115	0	15	0	3	0	1	2	0
248	11	34	1	0	20	14	240	10	0	0	80	115	0	15	0	3	0	1	2	0
248	11	34	2	0	5	14	260	0	0	0	80	115	0	15	0	3	0	1	2	0
249	7	13	0	0	10	12	310	0	0	0	361	115	0	16	0	3	1	0	2	0
249	7	13	1	0	9	12	286	69	0	0	361	115	0	16	0	3	1	0	2	0
250	10	13	0	0	25	14	240	-30	45	0	38	80	0	15	0	3	0	1	2	0
250	10	13	1	0	25	14	290	80	30	0	38	80	0	15	0	3	0	1	2	0
250	13	21	0	0	25	10	220	-30	45	0	361	72	0	6	0	3	0	1	1	0
250	13	21	1	0	25	10	270	80	30	0	361	72	0	6	0	3	0	1	1	0
251	2	5	0	0	25	12	220	0	0	0	60	120	0	0	0	3	0	1	2	0
251	2	5	1	0	27	12	250	0	0	0	60	120	0	0	0	3	0	1	2	0
251	5	12	0	0	25	9	220	0	0	0	361	100	0	7	0	3	0	1	1	0
251	5	12	1	0	27	9	250	0	0	0	361	100	0	7	0	3	0	1	1	0
252	8	17	0	0	25	14	350	-30	45	0	934	100	0	0	0	3	0	1	2	0
252	8	17	1	0	25	14	350	50	30	0	934	100	0	0	0	3	0	1	2	0
253	4	6	0	0	7	5	320	114	0	0	361	110	0	10	0	3	0	1	1	0
253	6	9	0	0	7	4	224	114	0	0	361	110	0	10	0	3	0	1	1	0
256	4	6	0	0	12	18	280	0	0	0	90	95	0	72	2	3	0	4	2	0
256	4	6	1	0	15	18	120	160	0	0	90	95	0	72	2	3	0	4	2	0
256	6	19	0	0	12	9	275	0	0	60	74	50	0	68	0	3	0	0	1	0
256	6	19	1	0	15	9	200	150	0	60	74	50	0	68	0	3	0	0	1	0
257	4	6	0	0	12	17	280	0	0	0	80	95	0	68	2	3	0	4	2	0
257	4	6	1	0	15	17	120	160	0	0	80	95	0	68	2	3	0	4	2	0
257	6	19	0	0	12	9	275	0	0	60	74	50	0	68	0	3	0	0	1	0
257	6	19	1	0	15	9	200	150	0	60	74	50	0	68	0	3	0	0	1	0
258	0	6	0	0	0	1	140	0	300	150	180	0	1	70	0	3	0	1	1	0
258	0	6	1	0	0	1	140	0	300	-150	180	0	1	70	0	3	0	1	1	0
258	0	7	2	0	0	1	220	0	0	0	90	0	1	10	0	3	0	1	1	0
258	6	7	0	0	0	1	160	0	280	150	180	0	1	70	0	3	0	1	1	0
258	6	7	1	0	0	1	160	0	280	-150	180	0	1	70	0	3	0	1	1	0
258	9	10	0	0	0	1	160	0	280	150	180	0	1	70	0	3	0	1	1	0
258	9	10	1	0	0	1	160	0	280	-150	180	0	1	70	0	3	0	1	1	0
258	12	13	0	0	0	1	160	0	280	150	180	0	1	70	0	3	0	1	1	0
258	12	13	1	0	0	1	160	0	280	-150	180	0	1	70	0	3	0	1	1	0
258	15	16	0	0	0	1	160	0	280	150	180	0	1	70	0	3	0	1	1	0
258	15	16	1	0	0	1	160	0	280	-150	180	0	1	70	0	3	0	1	1	0
258	18	19	0	0	0	1	160	0	280	150	180	0	1	70	0	3	0	1	1	0
258	18	19	1	0	0	1	160	0	280	-150	180	0	1	70	0	3	0	1	1	0
258	21	22	0	0	0	1	160	0	280	150	180	0	1	70	0	3	0	1	1	0
258	21	22	1	0	0	1	160	0	280	-150	180	0	1	70	0	3	0	1	1	0
258	24	25	0	0	0	1	160	0	280	150	180	0	1	70	0	3	0	1	1	0
258	24	25	1	0	0	1	160	0	280	-150	180	0	1	70	0	3	0	1	1	0
258	27	28	0	0	0	1	160	0	280	150	180	0	1	70	0	3	0	1	1	0
258	27	28	1	0	0	1	160	0	280	-150	180	0	1	70	0	3	0	1	1	0
258	30	31	0	0	0	1	160	0	280	150	180	0	1	70	0	3	0	1	1	0
258	30	31	1	0	0	1	160	0	280	-150	180	0	1	70	0	3	0	1	1	0
258	33	34	0	0	0	1	160	0	280	150	180	0	1	70	0	3	0	1	1	0
258	33	34	1	0	0	1	160	0	280	-150	180	0	1	70	0	3	0	1	1	0
258	36	37	0	0	0	1	160	0	280	150	180	0	1	70	0	3	0	1	1	0
258	36	37	1	0	0	1	160	0	280	-150	180	0	1	70	0	3	0	1	1	0
258	39	40	0	0	0	1	160	0	280	150	180	0	1	70	0	3	0	1	1	0
258	39	40	1	0	0	1	160	0	280	-150	180	0	1	70	0	3	0	1	1	0
258	42	43	0	0	0	1	160	0	280	150	180	0	1	70	0	3	0	1	1	0
258	42	43	1	0	0	1	160	0	280	-150	180	0	1	70	0	3	0	1	1	0
258	45	47	0	0	0	10	200	0	300	150	70	110	0	80	0	3	0	1	2	0
258	45	47	1	0	0	10	200	0	300	-150	70	110	0	80	0	3	0	1	2	0
259	0	6	0	0	0	1	140	0	300	150	180	0	1	70	0	3	0	1	1	0
259	0	6	1	0	0	1	140	0	300	-150	180	0	1	70	0	3	0	1	1	0
259	0	6	2	0	0	1	180	0	0	0	90	0	1	10	0	3	0	1	1	0
259	6	7	0	0	0	1	140	0	260	150	180	0	1	70	0	3	0	1	1	0
259	6	7	1	0	0	1	140	0	260	-150	180	0	1	70	0	3	0	1	1	0
259	6	7	2	0	0	1	160	0	80	0	90	0	1	100	0	3	0	1	1	0
259	6	7	3	0	0	1	100	0	420	0	934	0	1	70	0	3	0	1	1	0
259	9	10	0	0	0	1	140	0	260	150	180	0	1	70	0	3	0	1	1	0
259	9	10	1	0	0	1	140	0	260	-150	180	0	1	70	0	3	0	1	1	0
259	9	10	2	0	0	1	160	0	80	0	90	0	1	100	0	3	0	1	1	0
259	9	10	3	0	0	1	100	0	420	0	934	0	1	70	0	3	0	1	1	0
259	12	13	0	0	0	1	140	0	260	150	180	0	1	70	0	3	0	1	1	0
259	12	13	1	0	0	1	140	0	260	-150	180	0	1	70	0	3	0	1	1	0
259	12	13	2	0	0	1	160	0	80	0	90	0	1	100	0	3	0	1	1	0
259	12	13	3	0	0	1	100	0	420	0	934	0	1	70	0	3	0	1	1	0
259	15	16	0	0	0	1	140	0	260	150	180	0	1	70	0	3	0	1	1	0
259	15	16	1	0	0	1	140	0	260	-150	180	0	1	70	0	3	0	1	1	0
259	15	16	2	0	0	1	160	0	80	0	90	0	1	100	0	3	0	1	1	0
259	15	16	3	0	0	1	100	0	420	0	934	0	1	70	0	3	0	1	1	0
259	18	19	0	0	0	1	140	0	260	150	180	0	1	70	0	3	0	1	1	0
259	18	19	1	0	0	1	140	0	260	-150	180	0	1	70	0	3	0	1	1	0
259	18	19	2	0	0	1	160	0	80	0	90	0	1	100	0	3	0	1	1	0
259	18	19	3	0	0	1	100	0	420	0	934	0	1	70	0	3	0	1	1	0
259	21	22	0	0	0	1	140	0	260	150	180	0	1	70	0	3	0	1	1	0
259	21	22	1	0	0	1	140	0	260	-150	180	0	1	70	0	3	0	1	1	0
259	21	22	2	0	0	1	160	0	80	0	90	0	1	100	0	3	0	1	1	0
259	21	22	3	0	0	1	100	0	420	0	934	0	1	70	0	3	0	1	1	0
259	24	25	0	0	0	1	140	0	260	150	180	0	1	70	0	3	0	1	1	0
259	24	25	1	0	0	1	140	0	260	-150	180	0	1	70	0	3	0	1	1	0
259	24	25	2	0	0	1	160	0	80	0	90	0	1	100	0	3	0	1	1	0
259	24	25	3	0	0	1	100	0	420	0	934	0	1	70	0	3	0	1	1	0
259	27	28	0	0	0	1	140	0	260	150	180	0	1	70	0	3	0	1	1	0
259	27	28	1	0	0	1	140	0	260	-150	180	0	1	70	0	3	0	1	1	0
259	27	28	2	0	0	1	160	0	80	0	90	0	1	100	0	3	0	1	1	0
259	27	28	3	0	0	1	100	0	420	0	934	0	1	70	0	3	0	1	1	0
259	30	31	0	0	0	1	140	0	260	150	180	0	1	70	0	3	0	1	1	0
259	30	31	1	0	0	1	140	0	260	-150	180	0	1	70	0	3	0	1	1	0
259	30	31	2	0	0	1	160	0	80	0	90	0	1	100	0	3	0	1	1	0
259	30	31	3	0	0	1	100	0	420	0	934	0	1	70	0	3	0	1	1	0
259	33	34	0	0	0	1	140	0	260	150	180	0	1	70	0	3	0	1	1	0
259	33	34	1	0	0	1	140	0	260	-150	180	0	1	70	0	3	0	1	1	0
259	33	34	2	0	0	1	160	0	80	0	90	0	1	100	0	3	0	1	1	0
259	33	34	3	0	0	1	100	0	420	0	934	0	1	70	0	3	0	1	1	0
259	36	37	0	0	0	1	140	0	260	150	180	0	1	70	0	3	0	1	1	0
259	36	37	1	0	0	1	140	0	260	-150	180	0	1	70	0	3	0	1	1	0
259	36	37	2	0	0	1	160	0	80	0	90	0	1	100	0	3	0	1	1	0
259	36	37	3	0	0	1	100	0	420	0	934	0	1	70	0	3	0	1	1	0
259	39	40	0	0	0	1	140	0	260	150	180	0	1	70	0	3	0	1	1	0
259	39	40	1	0	0	1	140	0	260	-150	180	0	1	70	0	3	0	1	1	0
259	39	40	2	0	0	1	160	0	80	0	90	0	1	100	0	3	0	1	1	0
259	39	40	3	0	0	1	100	0	420	0	934	0	1	70	0	3	0	1	1	0
259	42	43	0	0	0	1	140	0	260	150	180	0	1	70	0	3	0	1	1	0
259	42	43	1	0	0	1	140	0	260	-150	180	0	1	70	0	3	0	1	1	0
259	42	43	2	0	0	1	160	0	80	0	90	0	1	100	0	3	0	1	1	0
259	42	43	3	0	0	1	100	0	420	0	934	0	1	70	0	3	0	1	1	0
259	45	49	0	0	0	10	200	0	300	150	70	110	0	80	0	3	0	1	2	0
259	45	49	1	0	0	10	200	0	300	-150	70	110	0	80	0	3	0	1	2	0
259	45	49	2	0	0	10	220	0	80	0	70	110	0	80	0	3	0	1	2	0
259	45	49	3	0	0	10	90	0	420	0	70	110	0	80	0	3	0	1	2	0
262	18	21	0	0	10	1	100	48	0	-32	361	100	60	0	0	3	0	1	0	0
263	2	4	0	0	10	4	160	0	0	0	361	50	0	8	0	3	0	0	0	0
263	2	4	1	0	9	4	160	0	0	0	361	50	0	8	0	3	0	0	0	0
264	3	6	0	0	16	3	180	16	0	0	70	50	0	8	0	3	0	0	0	0
264	3	6	1	0	15	3	180	0	0	0	70	50	0	8	0	3	0	0	0	0
265	7	11	0	0	5	12	280	40	10	0	80	65	0	58	0	3	1	1	2	0
265	11	30	0	0	5	12	280	40	10	16	80	65	0	50	0	3	1	1	2	0
266	8	18	0	0	24	13	180	20	0	0	361	100	0	9	0	3	0	1	1	0
266	8	18	1	0	25	13	230	90	0	0	361	100	0	9	0	3	0	1	1	0
267	8	18	0	0	24	12	180	20	0	0	361	100	0	9	0	3	0	1	1	0
267	8	18	1	0	25	12	230	90	0	0	361	100	0	9	0	3	0	1	1	0
268	8	18	0	0	24	11	180	20	0	0	361	100	0	9	0	3	0	1	1	0
268	8	18	1	0	25	11	230	90	0	0	361	100	0	9	0	3	0	1	1	0
269	5	17	0	0	14	11	180	0	0	0	86	150	0	0	0	3	0	0	1	0
269	5	17	1	0	15	11	290	60	0	0	86	150	0	0	0	3	0	0	1	0
270	5	12	0	0	24	13	180	20	0	0	110	90	0	20	0	3	0	1	1	0
270	5	12	1	0	25	13	260	140	0	0	110	90	0	20	0	3	0	1	1	0
271	16	21	0	0	14	19	180	0	0	0	361	105	0	32	2	3	0	0	2	0
271	16	21	1	0	15	19	240	60	0	0	361	105	0	32	2	3	0	0	2	0
272	16	21	0	0	14	19	180	0	0	0	361	105	0	32	2	3	0	0	2	0
272	16	21	1	0	15	19	240	50	0	0	361	105	0	32	2	3	0	0	2	0
273	16	21	0	0	14	18	180	0	0	0	361	105	0	32	2	3	0	0	2	0
273	16	21	1	0	15	18	240	50	0	0	361	105	0	32	2	3	0	0	2	0
274	16	21	0	0	14	17	180	0	0	0	361	105	0	32	2	3	0	0	2	0
274	16	21	1	0	15	17	240	50	0	0	361	105	0	32	2	3	0	0	2	0
275	16	21	0	0	14	17	180	0	0	0	361	105	0	32	2	3	0	0	2	0
275	16	21	1	0	15	17	240	50	0	0	361	105	0	32	2	3	0	0	2	0
276	7	16	0	0	12	20	380	0	100	0	85	100	0	25	0	1	0	0	2	0
276	7	16	1	0	12	20	380	0	100	0	271	110	0	72	0	2	0	0	2	0
277	8	30	0	0	25	19	170	0	0	20	361	100	0	25	0	3	0	1	2	0
277	8	30	1	0	25	19	210	120	0	50	361	100	0	25	0	3	0	1	2	0
277	8	30	2	0	20	19	170	0	0	20	361	100	0	25	0	3	0	1	2	0
277	8	30	3	0	20	19	210	120	0	50	361	100	0	25	0	3	0	1	2	0
278	3	11	0	0	25	11	240	10	0	0	361	100	0	0	0	3	0	1	1	0
278	3	11	1	0	20	11	240	10	0	0	361	100	0	0	0	3	0	1	1	0
278	3	11	2	0	5	11	260	0	0	0	361	100	0	0	0	3	0	1	1	0
278	11	37	0	0	25	16	240	10	0	0	361	100	0	15	0	3	0	1	2	0
278	11	37	1	0	20	16	240	10	0	0	361	100	0	15	0	3	0	1	2	0
278	11	37	2	0	5	16	260	0	0	0	361	100	0	15	0	3	0	1	2	0
279	13	19	0	0	10	17	300	0	0	0	60	125	0	20	0	3	0	0	2	0
279	13	19	1	0	9	17	270	50	0	0	60	125	0	20	0	3	0	0	2	0
280	10	13	0	0	25	14	240	-30	45	0	38	80	0	15	0	3	0	1	2	0
280	10	13	1	0	25	14	290	80	30	0	38	80	0	15	0	3	0	1	2	0
280	13	21	0	0	25	10	220	-30	45	0	361	72	0	6	0	3	0	1	1	0
280	13	21	1	0	25	10	270	80	30	0	361	72	0	6	0	3	0	1	1	0
281	2	5	0	0	25	12	220	0	0	0	57	100	0	15	0	3	0	1	2	0
281	2	5	1	0	27	12	250	0	0	0	57	100	0	15	0	3	0	1	2	0
281	5	12	0	0	25	9	220	0	0	0	361	100	0	7	0	3	0	1	1	0
281	5	12	1	0	27	9	250	0	0	0	361	100	0	7	0	3	0	1	1	0
282	8	26	0	0	0	14	300	0	-56	32	944	100	0	0	0	3	0	1	2	0
282	8	26	1	0	0	14	300	0	0	32	944	100	0	0	0	3	0	1	2	0
282	8	26	2	0	0	10	200	0	128	-96	361	100	0	0	0	3	0	1	1	0
282	8	26	3	0	0	10	200	0	128	144	361	100	0	0	0	3	0	1	1	0
283	3	5	0	0	25	5	150	0	0	0	361	100	0	10	0	3	0	1	1	0
283	3	5	1	0	27	5	280	0	0	0	361	100	0	10	0	3	0	1	1	0
283	5	8	0	0	25	4	180	0	0	0	361	100	0	10	0	3	0	1	1	0
283	5	8	1	0	27	4	280	0	0	0	361	100	0	10	0	3	0	1	1	0
286	4	6	0	0	12	16	450	0	0	60	50	110	0	46	0	3	0	0	2	0
286	4	6	1	0	15	16	180	150	0	60	50	110	0	46	0	3	0	0	2	0
286	6	19	0	0	12	11	275	0	0	60	74	50	0	80	0	3	0	0	1	0
286	6	19	1	0	15	11	200	150	0	60	74	50	0	80	0	3	0	0	1	0
287	0	6	0	0	0	1	140	0	300	150	180	0	1	70	0	3	0	1	1	0
287	0	6	1	0	0	1	140	0	300	-150	180	0	1	70	0	3	0	1	1	0
287	0	7	2	0	0	1	220	0	0	0	90	0	1	10	0	3	0	1	1	0
287	6	7	0	0	0	1	160	0	280	150	180	0	1	70	0	3	0	1	1	0
287	6	7	1	0	0	1	160	0	280	-150	180	0	1	70	0	3	0	1	1	0
287	9	10	0	0	0	1	160	0	280	150	180	0	1	70	0	3	0	1	1	0
287	9	10	1	0	0	1	160	0	280	-150	180	0	1	70	0	3	0	1	1	0
287	12	13	0	0	0	1	160	0	280	150	180	0	1	70	0	3	0	1	1	0
287	12	13	1	0	0	1	160	0	280	-150	180	0	1	70	0	3	0	1	1	0
287	15	16	0	0	0	1	160	0	280	150	180	0	1	70	0	3	0	1	1	0
287	15	16	1	0	0	1	160	0	280	-150	180	0	1	70	0	3	0	1	1	0
287	18	19	0	0	0	1	160	0	280	150	180	0	1	70	0	3	0	1	1	0
287	18	19	1	0	0	1	160	0	280	-150	180	0	1	70	0	3	0	1	1	0
287	21	22	0	0	0	1	160	0	280	150	180	0	1	70	0	3	0	1	1	0
287	21	22	1	0	0	1	160	0	280	-150	180	0	1	70	0	3	0	1	1	0
287	24	25	0	0	0	1	160	0	280	150	180	0	1	70	0	3	0	1	1	0
287	24	25	1	0	0	1	160	0	280	-150	180	0	1	70	0	3	0	1	1	0
287	27	28	0	0	0	1	160	0	280	150	180	0	1	70	0	3	0	1	1	0
287	27	28	1	0	0	1	160	0	280	-150	180	0	1	70	0	3	0	1	1	0
287	30	31	0	0	0	1	160	0	280	150	180	0	1	70	0	3	0	1	1	0
287	30	31	1	0	0	1	160	0	280	-150	180	0	1	70	0	3	0	1	1	0
287	33	34	0	0	0	1	160	0	280	150	180	0	1	70	0	3	0	1	1	0
287	33	34	1	0	0	1	160	0	280	-150	180	0	1	70	0	3	0	1	1	0
287	36	37	0	0	0	1	160	0	280	150	180	0	1	70	0	3	0	1	1	0
287	36	37	1	0	0	1	160	0	280	-150	180	0	1	70	0	3	0	1	1	0
287	39	40	0	0	0	1	160	0	280	150	180	0	1	70	0	3	0	1	1	0
287	39	40	1	0	0	1	160	0	280	-150	180	0	1	70	0	3	0	1	1	0
287	42	43	0	0	0	1	160	0	280	150	180	0	1	70	0	3	0	1	1	0
287	42	43	1	0	0	1	160	0	280	-150	180	0	1	70	0	3	0	1	1	0
287	45	47	0	0	0	10	200	0	300	150	361	100	0	71	0	3	0	1	2	0
287	45	47	1	0	0	10	200	0	300	-150	361	100	0	71	0	3	0	1	2	0
288	0	6	0	0	0	1	140	0	300	150	180	0	1	70	0	3	0	1	1	0
288	0	6	1	0	0	1	140	0	300	-150	180	0	1	70	0	3	0	1	1	0
288	0	6	2	0	0	1	180	0	0	0	90	0	1	10	0	3	0	1	1	0
288	6	7	0	0	0	1	140	0	260	150	180	0	1	70	0	3	0	1	1	0
288	6	7	1	0	0	1	140	0	260	-150	180	0	1	70	0	3	0	1	1	0
288	6	7	2	0	0	1	160	0	80	0	90	0	1	100	0	3	0	1	1	0
288	6	7	3	0	0	1	100	0	420	0	934	0	1	70	0	3	0	1	1	0
288	9	10	0	0	0	1	140	0	260	150	180	0	1	70	0	3	0	1	1	0
288	9	10	1	0	0	1	140	0	260	-150	180	0	1	70	0	3	0	1	1	0
288	9	10	2	0	0	1	160	0	80	0	90	0	1	100	0	3	0	1	1	0
288	9	10	3	0	0	1	100	0	420	0	934	0	1	70	0	3	0	1	1	0
288	12	13	0	0	0	1	140	0	260	150	180	0	1	70	0	3	0	1	1	0
288	12	13	1	0	0	1	140	0	260	-150	180	0	1	70	0	3	0	1	1	0
288	12	13	2	0	0	1	160	0	80	0	90	0	1	100	0	3	0	1	1	0
288	12	13	3	0	0	1	100	0	420	0	934	0	1	70	0	3	0	1	1	0
288	15	16	0	0	0	1	140	0	260	150	180	0	1	70	0	3	0	1	1	0
288	15	16	1	0	0	1	140	0	260	-150	180	0	1	70	0	3	0	1	1	0
288	15	16	2	0	0	1	160	0	80	0	90	0	1	100	0	3	0	1	1	0
288	15	16	3	0	0	1	100	0	420	0	934	0	1	70	0	3	0	1	1	0
288	18	19	0	0	0	1	140	0	260	150	180	0	1	70	0	3	0	1	1	0
288	18	19	1	0	0	1	140	0	260	-150	180	0	1	70	0	3	0	1	1	0
288	18	19	2	0	0	1	160	0	80	0	90	0	1	100	0	3	0	1	1	0
288	18	19	3	0	0	1	100	0	420	0	934	0	1	70	0	3	0	1	1	0
288	21	22	0	0	0	1	140	0	260	150	180	0	1	70	0	3	0	1	1	0
288	21	22	1	0	0	1	140	0	260	-150	180	0	1	70	0	3	0	1	1	0
288	21	22	2	0	0	1	160	0	80	0	90	0	1	100	0	3	0	1	1	0
288	21	22	3	0	0	1	100	0	420	0	934	0	1	70	0	3	0	1	1	0
288	24	25	0	0	0	1	140	0	260	150	180	0	1	70	0	3	0	1	1	0
288	24	25	1	0	0	1	140	0	260	-150	180	0	1	70	0	3	0	1	1	0
288	24	25	2	0	0	1	160	0	80	0	90	0	1	100	0	3	0	1	1	0
288	24	25	3	0	0	1	100	0	420	0	934	0	1	70	0	3	0	1	1	0
288	27	28	0	0	0	1	140	0	260	150	180	0	1	70	0	3	0	1	1	0
288	27	28	1	0	0	1	140	0	260	-150	180	0	1	70	0	3	0	1	1	0
288	27	28	2	0	0	1	160	0	80	0	90	0	1	100	0	3	0	1	1	0
288	27	28	3	0	0	1	100	0	420	0	934	0	1	70	0	3	0	1	1	0
288	30	31	0	0	0	1	140	0	260	150	180	0	1	70	0	3	0	1	1	0
288	30	31	1	0	0	1	140	0	260	-150	180	0	1	70	0	3	0	1	1	0
288	30	31	2	0	0	1	160	0	80	0	90	0	1	100	0	3	0	1	1	0
288	30	31	3	0	0	1	100	0	420	0	934	0	1	70	0	3	0	1	1	0
288	33	34	0	0	0	1	140	0	260	150	180	0	1	70	0	3	0	1	1	0
288	33	34	1	0	0	1	140	0	260	-150	180	0	1	70	0	3	0	1	1	0
288	33	34	2	0	0	1	160	0	80	0	90	0	1	100	0	3	0	1	1	0
288	33	34	3	0	0	1	100	0	420	0	934	0	1	70	0	3	0	1	1	0
288	36	37	0	0	0	1	140	0	260	150	180	0	1	70	0	3	0	1	1	0
288	36	37	1	0	0	1	140	0	260	-150	180	0	1	70	0	3	0	1	1	0
288	36	37	2	0	0	1	160	0	80	0	90	0	1	100	0	3	0	1	1	0
288	36	37	3	0	0	1	100	0	420	0	934	0	1	70	0	3	0	1	1	0
288	39	40	0	0	0	1	140	0	260	150	180	0	1	70	0	3	0	1	1	0
288	39	40	1	0	0	1	140	0	260	-150	180	0	1	70	0	3	0	1	1	0
288	39	40	2	0	0	1	160	0	80	0	90	0	1	100	0	3	0	1	1	0
288	39	40	3	0	0	1	100	0	420	0	934	0	1	70	0	3	0	1	1	0
288	42	43	0	0	0	1	140	0	260	150	180	0	1	70	0	3	0	1	1	0
288	42	43	1	0	0	1	140	0	260	-150	180	0	1	70	0	3	0	1	1	0
288	42	43	2	0	0	1	160	0	80	0	90	0	1	100	0	3	0	1	1	0
288	42	43	3	0	0	1	100	0	420	0	934	0	1	70	0	3	0	1	1	0
288	45	49	0	0	0	10	200	0	300	150	361	100	0	71	0	3	0	1	2	0
288	45	49	1	0	0	10	200	0	300	-150	361	100	0	71	0	3	0	1	2	0
288	45	49	2	0	0	1	220	0	80	0	361	100	0	71	0	3	0	1	2	0
288	45	49	3	0	0	10	90	0	420	0	361	100	0	71	0	3	0	1	2	0
293	4	8	0	0	28	6	270	0	0	0	361	100	100	0	0	3	0	1	1	0
293	4	8	1	0	26	6	240	0	0	0	361	100	100	0	0	3	0	1	1	0
293	4	8	2	0	5	6	160	0	0	0	361	100	100	0	0	3	0	1	1	0
294	9	15	0	0	5	4	150	0	0	0	361	100	100	0	0	3	0	1	1	0
294	9	15	1	0	10	4	280	0	0	0	361	100	100	0	0	3	0	1	1	0
304	5	9	0	0	9	3	250	120	0	0	70	100	0	0	0	3	0	0	0	0
304	5	9	1	0	8	3	250	60	0	0	70	100	0	0	0	3	0	0	0	0
305	4	8	0	0	15	3	220	120	0	0	70	100	0	0	0	3	0	0	1	0
305	4	8	1	0	14	3	220	30	0	0	70	100	0	0	0	3	0	0	1	0
306	7	11	0	0	0	12	250	0	100	36	361	100	0	16	0	3	1	1	2	0
306	7	11	1	0	0	12	250	0	100	128	361	100	0	16	0	3	1	1	2	0
306	11	28	0	0	0	10	250	50	100	36	361	100	0	10	0	3	1	1	2	0
306	11	28	1	0	0	12	250	0	100	128	361	100	0	16	0	3	1	1	2	0
307	8	15	0	0	26	15	220	200	0	0	361	100	0	6	0	3	0	1	1	0
307	8	15	1	0	26	15	200	0	0	0	361	100	0	6	0	3	0	1	1	0
307	8	15	2	0	24	15	140	0	0	0	361	100	0	6	0	3	0	1	1	0
308	8	15	0	0	26	14	220	200	0	0	361	100	0	6	0	3	0	1	1	0
308	8	15	1	0	26	14	200	0	0	0	361	100	0	6	0	3	0	1	1	0
308	8	15	2	0	24	14	140	0	0	0	361	100	0	6	0	3	0	1	1	0
309	8	15	0	0	26	13	220	200	0	0	361	100	0	6	0	3	0	1	1	0
309	8	15	1	0	26	13	200	0	0	0	361	100	0	6	0	3	0	1	1	0
309	8	15	2	0	24	13	140	0	0	0	361	100	0	6	0	3	0	1	1	0
310	8	15	0	0	26	14	220	200	0	0	361	100	0	6	0	3	0	1	1	0
310	8	15	1	0	26	14	200	0	0	0	361	100	0	6	0	3	0	1	1	0
310	8	15	2	0	24	14	140	0	0	0	361	100	0	6	0	3	0	1	1	0
311	8	15	0	0	26	11	220	200	0	0	361	100	2	0	0	3	0	1	1	0
311	8	15	1	0	26	11	200	0	0	0	361	100	2	0	0	3	0	1	1	0
311	8	15	2	0	24	11	140	0	0	0	361	100	0	6	0	3	0	1	1	0
312	4	8	0	0	20	10	220	-60	0	0	100	100	130	0	0	3	0	1	1	0
312	4	8	1	0	20	10	320	220	32	0	100	100	130	0	0	3	0	1	1	0
312	8	15	0	0	20	8	220	-60	0	0	100	100	130	0	0	3	0	1	1	0
312	8	15	1	0	20	8	320	220	32	0	100	100	130	0	0	3	0	1	1	0
313	9	17	0	0	21	11	220	-40	0	0	30	80	0	25	0	3	0	1	1	0
313	9	17	1	0	22	11	250	0	180	100	30	80	0	25	0	3	0	1	1	0
314	6	9	0	0	24	18	200	0	0	0	80	105	0	40	0	3	0	1	2	0
314	6	9	1	0	26	18	280	70	0	0	80	105	0	40	0	3	0	1	2	0
314	9	13	0	0	24	15	200	0	0	0	361	100	0	20	0	3	0	1	2	0
314	9	13	1	0	26	15	280	70	0	0	361	100	0	20	0	3	0	1	2	0
314	13	22	0	0	24	15	200	0	0	0	20	100	0	20	0	3	0	1	2	0
314	13	22	1	0	26	15	280	70	0	0	20	100	0	20	0	3	0	1	2	0
315	8	30	0	0	21	17	208	0	0	-60	361	100	0	20	0	3	0	1	2	0
315	8	30	1	0	23	17	255	0	-100	-80	361	100	0	20	0	3	0	1	2	0
315	8	30	2	0	20	17	170	0	0	0	361	100	0	20	0	3	0	1	2	0
316	15	19	0	0	15	16	210	-80	0	0	361	100	0	30	0	3	0	0	2	0
316	15	19	1	0	15	16	240	120	0	0	361	100	0	30	0	3	0	0	2	0
316	15	19	2	0	8	16	150	0	0	0	40	100	0	30	0	3	0	0	2	0
317	15	19	0	0	15	17	210	-80	0	0	361	100	0	30	0	3	0	0	2	0
317	15	19	1	0	15	17	240	120	0	0	361	100	0	30	0	3	0	0	2	0
317	15	19	2	0	8	17	150	0	0	0	40	100	0	30	0	3	0	0	2	0
318	15	19	0	0	15	18	210	-80	0	0	361	100	0	30	0	3	0	0	2	0
318	15	19	1	0	15	18	240	120	0	0	361	100	0	30	0	3	0	0	2	0
318	15	19	2	0	8	18	150	0	0	0	40	100	0	30	0	3	0	0	2	0
319	15	19	0	0	15	17	210	-80	0	0	361	100	0	30	0	3	0	0	2	0
319	15	19	1	0	15	17	240	120	0	0	361	100	0	30	0	3	0	0	2	0
319	15	19	2	0	8	17	150	0	0	0	40	100	0	30	0	3	0	0	2	0
320	15	19	0	0	15	16	210	-80	0	0	361	100	0	30	0	3	0	0	2	0
320	15	19	1	0	15	16	240	120	0	0	361	100	0	30	0	3	0	0	2	0
320	15	19	2	0	8	16	150	0	0	0	40	100	0	30	0	3	0	0	2	0
321	4	8	0	0	20	16	240	-30	0	0	361	100	0	20	0	3	0	1	2	0
321	4	8	1	0	21	16	280	105	50	0	361	100	0	20	0	3	0	1	2	0
321	8	28	0	0	20	13	240	-30	0	0	361	100	0	10	0	3	0	1	2	0
321	8	28	1	0	21	13	280	105	50	0	361	100	0	10	0	3	0	1	2	0
322	6	10	0	0	20	12	310	290	0	0	361	100	0	0	0	3	0	1	2	0
322	6	10	1	0	20	12	310	0	0	0	361	100	0	0	0	3	0	1	2	0
322	10	24	0	0	20	8	280	290	0	0	361	100	0	0	0	3	0	1	1	0
322	10	24	1	0	20	8	280	0	0	0	361	100	0	0	0	3	0	1	1	0
323	9	13	0	0	26	16	240	-96	45	0	361	100	0	10	0	3	0	1	2	0
323	9	13	1	0	26	16	290	128	30	0	361	100	0	10	0	3	0	1	2	0
323	9	13	2	0	6	16	240	0	0	0	361	100	0	10	0	3	0	1	2	0
323	13	19	0	0	26	10	220	-96	45	0	361	100	0	0	0	3	0	1	1	0
323	13	19	1	0	26	10	270	128	30	0	361	100	0	0	0	3	0	1	1	0
323	13	19	2	0	6	10	220	-96	45	0	361	100	0	0	0	3	0	1	1	0
324	2	7	0	0	26	14	220	-60	0	0	75	115	0	0	0	3	0	1	2	0
324	2	7	1	0	26	14	250	160	0	0	75	115	0	0	0	3	0	1	2	0
324	7	9	0	0	26	10	220	-60	0	0	361	115	0	0	0	3	0	1	2	0
324	7	9	1	0	26	10	250	160	0	0	361	115	0	0	0	3	0	1	2	0
324	9	15	0	0	26	8	220	-60	0	0	20	100	0	0	0	3	0	1	1	0
324	9	15	1	0	26	8	250	160	0	0	20	100	0	0	0	3	0	1	1	0
325	7	25	0	0	21	14	320	-200	45	0	944	100	0	0	0	3	0	1	2	0
325	7	25	1	0	21	14	360	100	30	0	944	100	0	0	0	3	0	1	2	0
327	29	33	0	0	15	16	250	50	0	0	361	120	0	30	2	3	0	1	2	0
327	29	33	1	0	15	12	600	350	0	0	361	120	0	30	2	3	0	4	2	0
327	35	39	0	0	15	16	250	50	0	0	361	120	0	30	2	3	0	1	2	0
327	35	39	1	0	15	12	600	350	0	0	361	120	0	30	2	3	0	4	2	0
327	41	45	0	0	15	16	250	50	0	0	361	120	0	30	2	3	0	1	2	0
327	41	45	1	0	15	12	600	350	0	0	361	120	0	30	2	3	0	4	2	0
327	47	51	0	0	15	16	250	50	0	0	361	120	0	30	2	3	0	1	2	0
327	47	51	1	0	15	12	600	350	0	0	361	120	0	30	2	3	0	4	2	0
328	20	28	0	0	0	10	400	0	0	-500	90	100	150	0	0	2	-4	1	2	0
328	20	28	1	0	0	10	400	0	0	-100	90	100	150	0	0	2	-4	1	2	0
328	20	28	2	0	0	10	400	0	0	300	90	100	150	0	0	2	-4	1	2	0
328	20	28	3	0	0	10	400	0	0	700	90	100	150	0	0	2	-4	1	2	0
329	0	100	0	0	5	14	350	0	128	0	290	88	0	50	0	3	4	1	2	0
330	0	8	0	0	0	10	400	0	0	-500	90	100	150	0	0	2	-4	1	2	0
330	0	8	1	0	0	10	400	0	0	-100	90	100	150	0	0	2	-4	1	2	0
330	0	8	2	0	0	10	400	0	0	300	90	100	150	0	0	2	-4	1	2	0
330	0	8	3	0	0	10	400	0	0	700	90	100	150	0	0	2	-4	1	2	0
332	16	20	0	0	11	24	280	0	0	270	50	100	0	30	3	3	0	5	1	0
332	16	20	1	0	11	24	280	0	0	130	50	100	0	30	3	3	0	5	1	0
332	16	20	2	0	10	24	200	0	0	0	50	100	0	30	3	3	0	5	1	0
332	20	26	0	0	11	14	240	0	0	270	361	100	0	20	3	3	0	5	1	0
332	20	26	1	0	11	14	240	0	0	130	361	100	0	20	3	3	0	5	1	0
332	20	26	2	0	10	14	180	0	0	0	361	100	0	20	3	3	0	5	1	0
333	8	26	0	0	11	14	330	0	65	15	361	100	0	20	2	3	0	4	2	0
333	8	26	1	0	5	14	280	0	0	0	361	100	0	20	2	3	0	4	2	0
334	21	25	0	0	0	18	160	0	100	200	361	100	0	20	2	3	0	4	2	0
334	25	43	0	0	0	20	240	0	100	200	361	100	0	20	2	3	0	4	2	0
334	25	43	1	0	0	20	260	0	100	425	361	100	0	20	2	3	0	4	2	0
334	25	43	2	0	0	20	320	0	100	750	361	100	0	20	2	3	0	4	2	0
335	5	15	0	0	29	11	160	0	0	0	87	100	0	15	0	3	0	1	1	0
335	5	15	1	0	29	11	300	115	180	-60	87	100	0	15	0	3	0	1	1	0
336	0	10	0	0	0	18	740	0	300	0	361	60	0	100	2	3	2	4	2	0
337	4	6	0	0	0	3	340	0	-120	100	934	100	30	0	0	3	0	0	1	0
337	4	6	1	0	0	3	340	0	0	60	934	100	30	0	0	3	0	0	1	0
344	4	8	0	0	0	10	260	0	150	200	361	100	0	10	0	3	1	1	2	0
344	8	18	0	0	0	8	260	0	150	200	361	100	0	10	0	3	1	1	2	0
345	12	28	0	0	15	13	310	-50	0	0	120	75	0	20	0	3	20	6	2	0
345	12	28	1	0	15	13	310	70	0	0	120	75	0	20	0	3	20	6	2	0
346	28	36	0	0	6	0	600	0	70	0	361	100	0	0	6	2	0	0	0	0
346	36	69	0	0	6	0	60	0	70	0	361	100	0	0	6	2	0	0	0	0
346	69	77	0	0	6	0	600	0	70	0	361	100	0	0	6	2	0	0	0	0
346	77	113	0	0	6	0	60	0	70	0	361	100	0	0	6	2	0	0	0	0
346	113	126	0	0	6	0	760	0	70	0	361	100	0	0	6	2	0	0	0	0
347	1	2	0	0	0	20	120	0	150	0	361	120	0	60	0	3	0	7	2	0
348	5	9	0	0	33	14	240	-30	0	0	361	130	0	0	0	3	0	1	2	0
348	5	9	1	0	33	14	260	110	0	0	361	130	0	0	0	3	0	1	2	0
348	9	17	0	0	33	10	240	-30	0	0	361	130	0	0	0	3	0	1	1	0
348	9	17	1	0	33	10	260	110	0	0	361	130	0	0	0	3	0	1	1	0
349	4	13	0	0	16	14	220	-60	0	0	934	100	0	0	0	3	0	0	2	0
349	4	13	1	0	16	14	250	120	0	0	934	100	0	0	0	3	0	0	2	0
358	4	9	0	0	17	6	180	0	150	0	361	100	100	0	0	3	1	1	2	0
358	4	9	1	0	17	6	180	0	0	0	361	100	100	0	0	3	1	1	2	0
359	4	9	0	0	17	6	180	0	150	0	361	100	100	0	0	3	1	1	1	0
359	4	9	1	0	17	6	180	0	0	0	361	100	100	0	0	3	1	1	1	0
360	20	22	0	0	17	6	180	0	150	0	361	100	90	0	0	3	1	1	1	0
360	20	22	1	0	17	6	180	0	0	0	361	100	90	0	0	3	1	1	1	0
361	20	22	0	0	17	6	180	0	150	0	361	100	90	0	0	3	1	1	1	0
361	20	22	1	0	17	6	180	0	0	0	361	100	90	0	0	3	1	1	1	0
362	7	28	0	0	0	12	170	0	280	150	361	100	0	16	0	3	1	1	2	0
362	7	28	1	0	0	10	170	50	280	-150	361	100	0	10	0	3	1	1	2	0
362	7	28	2	0	0	12	170	0	80	0	361	100	0	16	0	3	1	1	2	0
363	9	15	0	0	17	15	250	0	150	0	361	100	0	10	0	3	0	1	2	0
363	9	15	1	0	17	15	250	0	0	0	361	100	0	10	0	3	0	1	2	0
364	5	11	0	0	17	10	250	0	150	0	944	100	0	0	0	3	0	1	2	0
364	5	11	1	0	17	10	250	0	0	0	944	100	0	0	0	3	0	1	2	0
365	9	15	0	0	17	18	280	0	150	0	361	100	0	20	0	3	0	1	2	0
365	9	15	1	0	17	18	280	0	0	0	361	100	0	20	0	3	0	1	2	0
366	12	14	0	0	0	2	250	0	360	120	115	100	20	0	0	3	0	1	1	0
366	12	14	1	0	0	2	250	0	360	-120	115	100	20	0	0	3	0	1	1	0
366	12	14	2	0	0	2	300	0	160	0	90	100	20	0	0	3	0	1	1	0
366	28	32	0	0	0	10	280	0	450	120	80	110	0	70	0	3	0	1	2	0
366	28	32	1	0	0	10	280	0	450	-120	80	110	0	70	0	3	0	1	2	0
366	28	32	2	0	0	10	300	0	160	0	80	110	0	70	0	3	0	1	2	0
367	7	12	0	0	17	16	280	0	150	0	40	100	0	20	0	3	0	1	2	0
367	7	12	1	0	17	16	280	0	0	0	40	100	0	20	0	3	0	1	2	0
368	3	11	0	0	33	14	240	10	0	0	361	100	0	0	0	3	0	1	2	0
368	3	11	1	0	28	14	240	10	0	0	361	100	0	0	0	3	0	1	2	0
368	3	11	2	0	5	14	260	0	0	0	361	100	0	0	0	3	0	1	2	0
368	11	41	0	0	33	10	240	10	0	0	361	100	0	0	0	3	0	1	1	0
368	11	41	1	0	28	10	240	10	0	0	361	100	0	0	0	3	0	1	1	0
368	11	41	2	0	5	11	260	0	0	0	361	100	0	0	0	3	0	1	1	0
369	7	25	0	0	17	12	250	0	150	0	110	100	0	10	0	3	0	6	2	0
369	7	25	1	0	17	12	200	0	0	0	110	100	0	10	0	3	0	6	2	0
370	6	7	0	0	17	15	220	20	150	0	80	100	0	20	0	3	0	1	2	0
370	6	7	1	0	17	15	220	20	0	0	80	100	0	20	0	3	0	1	2	0
370	7	8	0	0	17	15	280	20	150	0	80	100	0	20	0	3	0	1	2	0
370	7	8	1	0	17	15	280	20	0	0	80	100	0	20	0	3	0	1	2	0
370	8	24	0	0	17	10	250	0	150	-40	80	100	0	10	0	3	0	1	1	0
370	8	24	1	0	17	10	250	0	0	-40	80	100	0	10	0	3	0	1	1	0
371	10	26	0	0	17	14	220	0	150	0	934	100	0	0	0	3	0	1	2	0
371	10	26	1	0	17	14	220	0	0	0	934	100	0	0	0	3	0	1	2	0
373	6	7	0	0	10	1	300	0	0	0	361	100	0	0	0	3	0	0	1	0
379	6	7	0	0	30	1	280	-40	0	0	361	100	0	0	0	3	0	0	1	0
381	11	19	0	0	20	10	230	140	0	0	361	90	0	10	0	3	1	1	2	0
381	11	19	1	0	20	10	230	0	0	0	361	90	0	10	0	3	1	1	2	0
391	3	5	0	0	8	4	200	140	0	0	70	100	0	0	0	3	0	5	0	0
391	3	5	1	0	8	4	200	0	0	0	70	100	0	0	0	3	0	5	0	0
392	4	7	0	0	14	4	200	140	0	0	70	100	0	0	0	3	0	5	0	0
392	4	7	1	0	14	4	200	0	0	0	70	100	0	0	0	3	0	5	0	0
393	4	8	0	0	20	10	230	140	0	0	60	90	0	30	0	3	1	1	2	0
393	4	8	1	0	20	10	230	0	0	0	60	90	0	30	0	3	1	1	2	0
393	8	24	0	0	20	7	230	140	0	0	60	90	0	20	0	3	1	1	2	0
393	8	24	1	0	20	7	230	0	0	0	60	90	0	20	0	3	1	1	2	0
394	6	14	0	0	24	11	200	20	0	0	361	100	0	10	0	3	0	1	1	0
394	6	14	1	0	25	11	200	140	0	0	361	100	0	10	0	3	0	1	1	0
395	6	14	0	0	24	10	200	20	0	0	361	100	0	10	0	3	0	1	1	0
395	6	14	1	0	25	10	200	140	0	0	361	100	0	10	0	3	0	1	1	0
396	6	14	0	0	24	9	200	20	0	0	361	100	0	10	0	3	0	1	1	0
396	6	14	1	0	25	9	200	140	0	0	361	100	0	10	0	3	0	1	1	0
397	6	14	0	0	24	8	200	20	0	0	361	100	0	10	0	3	0	1	1	0
397	6	14	1	0	25	8	200	140	0	0	361	100	0	10	0	3	0	1	1	0
398	6	10	0	0	4	2	330	0	0	0	114	100	4	30	0	3	0	5	0	0
398	6	10	1	0	14	2	350	80	0	0	144	100	4	20	0	1	0	5	0	0
398	6	10	2	0	14	2	350	80	0	0	129	100	4	30	0	2	0	5	0	0
398	12	18	0	0	8	10	360	120	0	0	80	110	0	35	0	3	0	5	1	0
398	12	18	1	0	4	10	330	0	0	0	80	110	0	35	0	3	0	5	1	0
399	6	10	0	0	29	14	270	0	0	-60	74	135	0	25	0	3	0	5	1	0
399	6	10	1	0	29	14	220	-40	0	60	74	135	0	25	0	3	0	5	1	0
400	14	18	0	0	0	18	370	0	280	200	361	105	0	20	0	3	0	1	2	0
400	18	23	0	0	0	13	350	0	180	200	361	105	0	20	0	3	0	1	1	0
401	6	10	0	0	25	14	200	0	0	0	80	120	0	21	0	3	0	1	2	0
401	6	10	1	0	25	14	280	70	0	0	80	120	0	21	0	3	0	1	2	0
401	10	22	0	0	25	8	200	0	0	0	361	100	0	10	0	3	0	1	1	0
401	10	22	1	0	25	8	230	70	0	0	361	100	0	10	0	3	0	1	1	0
402	4	8	0	0	25	16	300	95	0	0	361	100	0	10	0	3	0	1	2	0
402	4	8	1	0	20	8	200	60	0	0	361	100	0	0	0	3	0	1	1	0
402	4	8	2	0	5	16	220	0	0	0	361	100	0	10	0	3	0	1	2	0
402	8	28	0	0	25	8	240	95	0	0	361	100	0	0	0	3	0	1	1	0
402	8	28	1	0	20	8	200	60	0	0	361	100	0	0	0	3	0	1	1	0
402	8	28	2	0	5	8	200	0	0	0	361	100	0	0	0	3	0	1	1	0
403	6	12	0	0	5	5	320	0	0	0	90	30	0	40	0	3	0	5	0	0
403	12	14	0	1	5	10	340	0	0	0	70	135	0	10	0	3	0	5	1	0
403	12	14	1	1	25	10	370	110	0	0	70	135	0	10	0	3	0	5	1	0
404	4	8	0	0	20	14	310	-40	45	0	954	100	0	0	0	3	0	1	2	0
404	4	8	1	0	20	14	360	30	30	0	954	100	0	0	0	3	0	1	2	0
404	8	26	0	0	20	9	310	-40	45	0	954	80	0	0	0	3	0	1	1	0
404	8	26	1	0	20	9	360	30	30	0	954	80	0	0	0	3	0	1	1	0
405	17	29	0	0	0	7	230	0	200	100	85	50	0	80	0	3	0	5	1	0
406	17	22	0	0	0	7	230	0	150	-50	934	90	0	30	0	1	0	5	1	0
406	17	22	1	0	0	7	230	0	150	-50	934	90	0	40	0	2	0	5	1	0
409	0	2	0	0	0	5	360	0	240	0	80	65	0	84	2	3	0	0	0	0
410	0	2	0	0	0	5	360	0	240	0	80	65	0	84	2	3	0	0	0	0
413	20	23	0	0	15	7	560	0	0	0	361	100	90	6	0	3	1	1	1	0
413	20	23	1	0	17	7	768	0	0	0	361	100	90	6	0	3	1	1	1	0
414	22	28	0	0	15	7	600	0	0	0	361	100	90	6	0	3	1	1	1	0
414	22	28	1	0	17	7	600	0	0	0	361	100	90	6	0	3	1	1	1	0
414	22	28	2	0	19	7	200	0	0	0	361	100	90	6	0	3	1	1	1	0
414	22	28	3	0	20	7	400	0	0	0	361	100	90	6	0	3	1	1	1	0
416	0	31	0	0	4	7	360	0	0	160	361	100	100	4	0	3	0	0	2	0
416	0	31	1	0	4	7	360	0	0	-160	361	100	100	4	0	3	0	0	2	0
418	2	9	0	0	17	7	700	0	0	0	361	100	100	4	0	3	0	0	2	0
418	2	9	1	0	15	7	496	0	0	0	361	100	100	4	0	3	0	0	2	0
420	6	10	0	0	15	6	512	0	0	0	65	50	0	30	0	3	0	0	0	0
420	6	10	1	0	17	6	512	0	0	0	65	50	0	30	0	3	0	0	0	0
421	8	12	0	0	13	6	512	0	0	0	105	50	0	30	0	3	0	0	0	0
421	8	12	1	0	11	6	512	0	0	0	105	50	0	30	0	3	0	0	0	0
422	6	11	0	0	16	12	600	128	64	16	65	100	20	30	3	3	0	5	1	0
422	6	11	1	0	15	12	600	0	0	0	361	100	20	30	3	3	0	5	1	0
422	19	23	0	0	12	15	600	128	0	0	361	100	0	30	3	3	0	5	2	0
422	19	23	1	0	11	15	600	0	0	0	361	100	0	30	3	3	0	5	2	0
423	14	18	0	0	29	16	560	0	0	0	361	100	0	30	0	3	0	1	2	0
423	14	18	1	0	23	16	496	10	0	0	361	100	0	30	0	3	0	1	2	0
423	14	18	2	0	5	16	700	-50	60	0	361	100	0	30	0	3	0	1	2	0
423	18	44	0	0	29	12	506	0	0	0	361	100	0	10	0	3	0	1	2	0
423	18	44	1	0	23	12	496	10	0	0	361	100	0	10	0	3	0	1	2	0
423	18	44	2	0	5	12	700	-50	60	0	361	100	0	10	0	3	0	1	2	0
424	9	15	0	0	13	18	616	32	32	32	361	120	0	14	3	3	0	5	2	0
424	9	15	1	0	11	18	600	0	0	0	361	120	0	14	3	3	0	5	2	0
425	18	19	0	0	0	41	500	0	160	384	361	100	0	0	0	3	0	0	1	0
425	18	19	1	0	0	41	500	0	160	224	361	100	0	0	0	3	0	0	1	0
426	26	35	0	0	7	24	616	0	40	40	361	100	0	36	0	3	0	1	2	0
426	26	35	1	0	6	24	480	0	0	0	361	100	0	36	0	3	0	1	2	0
426	28	35	2	0	8	25	420	0	150	175	361	105	0	42	1	3	10	3	2	0
427	29	33	0	0	19	24	600	0	0	0	35	105	0	30	3	3	0	5	2	0
427	29	33	1	0	20	24	520	0	0	0	35	105	0	30	3	3	0	5	2	0
427	64	68	0	0	19	24	600	0	0	0	35	105	0	24	3	3	0	5	2	0
427	64	68	1	0	20	24	520	0	0	0	35	105	0	30	3	3	0	5	2	0
429	8	12	0	0	0	5	460	0	160	160	75	100	96	0	0	3	0	1	2	0
429	36	40	0	0	0	16	920	0	160	0	934	100	0	50	0	3	0	7	2	0
429	40	140	0	0	0	26	920	0	160	0	50	100	0	52	0	3	0	1	2	0
430	0	4	0	0	0	25	920	0	160	128	50	100	0	52	0	2	0	1	2	0
430	0	4	1	0	0	25	920	0	160	-113	50	100	0	52	0	2	0	1	2	0
430	0	4	2	0	0	1	5792	0	160	-113	90	100	0	37	0	2	0	1	0	0
431	24	28	0	0	0	16	920	0	160	0	934	100	0	50	0	3	0	7	2	0
431	28	29	0	0	0	20	920	0	160	0	50	100	0	52	0	3	0	1	2	0
431	29	129	0	0	0	26	920	0	160	0	50	100	0	52	0	3	0	1	2	0
434	0	8	0	0	0	9	1016	0	200	0	361	576	0	42	1	3	0	0	2	0
435	5	13	0	0	4	15	496	0	0	160	85	106	0	60	3	3	0	5	2	0
435	5	13	1	0	4	15	496	0	0	-160	85	106	0	60	3	3	0	5	2	0
435	13	27	0	0	4	10	436	0	0	160	75	60	0	60	3	3	0	5	1	0
435	13	27	1	0	4	10	436	0	0	-160	75	60	0	60	3	3	0	5	1	0
435	27	50	0	0	4	7	436	0	0	160	65	50	0	38	3	3	0	5	0	0
435	27	50	1	0	4	7	436	0	0	-160	65	50	0	38	3	3	0	5	0	0
436	5	9	0	0	0	10	496	0	160	140	80	100	1	60	3	3	0	5	1	0
436	5	9	1	0	0	10	496	0	160	-140	80	100	1	60	3	3	0	5	1	0
436	11	14	0	0	0	3	496	0	160	140	85	100	20	30	3	3	0	5	0	0
436	11	14	1	0	0	3	496	0	160	-140	85	100	20	30	3	3	0	5	0	0
436	15	18	0	0	0	3	496	0	160	140	85	100	20	30	3	3	0	5	0	0
436	15	18	1	0	0	3	496	0	160	-140	85	100	20	30	3	3	0	5	0	0
436	19	22	0	0	0	3	496	0	160	140	85	100	20	30	3	3	0	5	0	0
436	19	22	1	0	0	3	496	0	160	-140	85	100	20	30	3	3	0	5	0	0
436	23	26	0	0	0	3	496	0	160	140	85	100	20	30	3	3	0	5	0	0
436	23	26	1	0	0	3	496	0	160	-140	85	100	20	30	3	3	0	5	0	0
436	27	30	0	0	0	3	496	0	160	140	85	100	20	30	3	3	0	5	0	0
436	27	30	1	0	0	3	496	0	160	-140	85	100	20	30	3	3	0	5	0	0
436	31	34	0	0	0	3	496	0	160	140	85	100	20	30	3	3	0	5	0	0
436	31	34	1	0	0	3	496	0	160	-140	85	100	20	30	3	3	0	5	0	0
436	35	38	0	0	0	4	496	0	160	140	70	100	20	40	3	3	0	5	0	0
436	35	38	1	0	0	4	496	0	160	-140	70	100	20	40	3	3	0	5	0	0
436	39	42	0	0	0	4	496	0	160	140	70	100	20	40	3	3	0	5	0	0
436	39	42	1	0	0	4	496	0	160	-140	70	100	20	40	3	3	0	5	0	0
436	43	46	0	0	0	4	496	0	160	140	70	100	20	40	3	3	0	5	0	0
436	43	46	1	0	0	4	496	0	160	-140	70	100	20	40	3	3	0	5	0	0
436	47	50	0	0	0	4	496	0	160	140	70	100	20	40	3	3	0	5	0	0
436	47	50	1	0	0	4	496	0	160	-140	70	100	20	40	3	3	0	5	0	0
436	51	54	0	0	0	4	496	0	160	140	70	100	20	40	3	3	0	5	0	0
436	51	54	1	0	0	4	496	0	160	-140	70	100	20	40	3	3	0	5	0	0
436	55	58	0	0	0	4	496	0	160	140	70	100	20	40	3	3	0	5	0	0
436	55	58	1	0	0	4	496	0	160	-140	70	100	20	40	3	3	0	5	0	0
438	8	12	0	0	7	10	668	0	-30	70	25	80	0	60	3	3	20	5	2	0
439	10	14	0	0	23	18	496	-30	45	-33	361	110	0	14	0	3	0	1	2	0
439	10	14	1	0	28	18	496	-30	45	32	361	110	0	14	0	3	0	1	2	0
439	10	14	2	0	28	18	600	110	40	32	361	110	0	14	0	3	0	1	2	0
439	10	14	3	0	23	18	600	110	40	-33	361	110	0	14	0	3	0	1	2	0
439	14	22	0	0	23	12	496	-30	45	-33	361	110	0	9	0	3	0	1	1	0
439	14	22	1	0	28	12	496	-30	45	32	361	110	0	9	0	3	0	1	1	0
439	14	22	2	0	23	12	496	110	40	-17	361	110	0	9	0	3	0	1	1	0
439	14	22	3	0	28	12	496	110	40	0	361	110	0	9	0	3	0	1	1	0
440	13	15	0	0	8	9	700	-100	64	-49	105	35	0	80	0	3	0	1	2	0
440	15	20	0	0	8	9	700	-100	64	-49	105	25	0	70	0	3	0	1	2	0
440	27	33	0	0	0	15	960	0	280	0	90	131	0	18	1	3	0	3	2	0
441	13	14	0	0	0	5	700	0	0	80	934	100	30	0	3	3	0	5	0	0
441	13	14	1	0	0	5	700	0	0	-97	934	100	30	0	3	3	0	5	0	0
442	0	8	0	0	0	10	720	0	0	100	944	40	0	120	0	2	0	5	2	0
442	0	8	1	0	0	10	720	0	0	-150	944	40	0	120	0	2	0	5	2	0
443	27	38	0	0	16	16	600	80	0	0	100	80	0	60	3	3	0	5	2	0
443	27	38	1	0	15	16	600	0	0	0	100	80	0	60	3	3	0	5	2	0
444	32	43	0	0	15	24	1000	0	100	0	85	100	0	30	2	3	0	4	2	0
444	47	57	0	0	0	10	720	0	80	-97	944	40	0	120	0	2	0	1	2	0
444	47	57	1	0	0	10	720	0	80	256	944	40	0	120	0	2	0	1	2	0
445	24	28	0	0	12	16	600	32	32	0	361	100	0	35	7	3	10	1	2	0
445	24	28	1	0	11	16	600	0	0	0	361	100	0	35	7	3	10	1	2	0
446	24	28	0	0	12	15	600	32	32	0	361	100	0	35	7	3	10	1	2	0
446	24	28	1	0	11	15	600	0	0	0	361	100	0	35	7	3	10	1	2	0
447	24	28	0	0	12	14	600	32	32	0	361	100	0	35	7	3	10	1	2	0
447	24	28	1	0	11	14	600	0	0	0	361	100	0	35	7	3	10	1	2	0
450	12	21	0	0	7	6	560	0	0	8	80	100	40	0	0	3	0	1	1	0
450	12	21	1	0	0	6	400	0	180	30	80	100	40	0	0	3	0	1	1	0
450	21	25	0	0	7	8	560	0	0	8	80	100	40	0	0	3	0	1	1	0
450	21	25	1	0	0	8	400	0	180	30	80	100	40	0	0	3	0	1	1	0
450	30	36	0	0	0	19	560	0	80	80	75	80	0	52	1	3	0	1	2	0
450	30	36	1	0	0	19	720	0	80	-97	75	80	0	52	1	3	0	1	2	0
450	30	36	2	0	0	19	720	0	80	256	75	80	0	52	1	3	0	1	2	0
457	4	8	0	0	28	6	270	0	0	0	361	100	100	0	0	3	0	1	1	0
457	4	8	1	0	26	6	240	0	0	0	361	100	100	0	0	3	0	1	1	0
457	4	8	2	0	5	6	160	0	0	0	361	100	100	0	0	3	0	1	1	0
458	9	15	0	0	5	4	150	0	0	0	361	100	100	0	0	3	0	1	1	0
458	9	15	1	0	10	4	280	0	0	0	361	100	100	0	0	3	0	1	1	0
463	5	9	0	0	9	9	223	120	0	-30	361	100	0	15	2	3	0	0	1	0
463	5	9	1	0	8	9	223	60	0	-30	361	100	0	15	2	3	0	0	1	0
463	5	9	2	0	8	9	223	-60	0	-30	361	100	0	15	2	3	0	0	1	0
464	6	10	0	0	14	15	220	16	0	0	361	110	0	6	0	3	1	0	2	0
464	10	26	0	0	14	9	220	16	0	0	361	110	0	6	0	3	1	0	2	0
465	10	17	0	0	21	17	220	200	0	0	361	100	0	12	0	3	0	1	1	0
465	10	17	1	0	21	17	200	0	0	0	361	100	0	12	0	3	0	1	1	0
465	10	17	2	0	20	17	140	0	0	0	361	100	0	12	0	3	0	1	1	0
466	10	17	0	0	21	16	220	200	0	0	361	100	0	12	0	3	0	1	1	0
466	10	17	1	0	21	16	200	0	0	0	361	100	0	12	0	3	0	1	1	0
466	10	17	2	0	20	16	140	0	0	0	361	100	0	12	0	3	0	1	1	0
467	10	17	0	0	21	15	220	200	0	0	361	100	0	12	0	3	0	1	1	0
467	10	17	1	0	21	15	200	0	0	0	361	100	0	12	0	3	0	1	1	0
467	10	17	2	0	20	15	140	0	0	0	361	100	0	12	0	3	0	1	1	0
468	10	17	0	0	21	14	220	200	0	0	361	100	0	12	0	3	0	1	1	0
468	10	17	1	0	21	14	200	0	0	0	361	100	0	12	0	3	0	1	1	0
468	10	17	2	0	20	14	140	0	0	0	361	100	0	12	0	3	0	1	1	0
469	10	17	0	0	21	13	220	200	0	0	361	100	0	12	0	3	0	1	1	0
469	10	17	1	0	21	13	200	0	0	0	361	100	0	12	0	3	0	1	1	0
469	10	17	2	0	20	13	140	0	0	0	361	100	0	12	0	3	0	1	1	0
470	31	38	0	0	0	22	400	0	125	380	361	100	0	40	1	3	25	1	2	0
471	8	16	0	0	21	11	200	-40	0	0	80	105	0	35	0	3	0	1	1	0
471	8	16	1	0	21	11	200	180	0	0	80	105	0	35	0	3	0	1	1	0
472	17	24	1	0	-2	18	200	0	175	0	361	95	0	40	0	3	9	1	2	0
472	17	24	2	0	-2	18	200	0	0	0	361	95	0	40	0	3	9	1	2	0
472	17	27	0	0	-2	22	300	0	400	0	361	95	0	40	3	3	15	5	2	0
472	24	27	1	0	-2	10	200	0	175	0	361	95	0	40	0	3	9	1	2	0
472	24	27	2	0	-2	10	200	0	0	0	361	95	0	40	0	3	9	1	2	0
473	19	34	1	0	14	21	260	288	0	-400	95	100	0	40	3	3	28	5	2	0
473	19	34	2	0	14	16	250	250	0	112	95	100	0	40	3	3	10	5	2	0
473	19	34	3	0	14	14	250	250	0	300	361	100	0	20	3	3	10	5	2	0
474	16	18	0	0	15	10	383	405	0	0	150	0	63	84	3	3	0	5	2	0
474	16	18	1	0	15	10	240	0	0	0	160	0	15	70	3	3	0	5	1	0
474	33	36	0	0	15	15	300	456	0	0	60	111	0	52	3	3	0	5	2	0
474	33	36	1	0	15	15	240	0	-100	0	60	111	0	52	3	3	0	5	2	0
475	7	13	0	0	26	13	210	-60	0	0	60	80	0	10	0	3	0	1	2	0
475	7	13	1	0	26	13	240	220	0	0	60	80	0	10	0	3	0	1	2	0
475	21	29	0	1	21	13	210	-60	0	0	361	80	0	30	0	3	0	1	2	0
475	21	29	1	1	21	13	240	220	0	0	361	80	0	30	0	3	0	1	2	0
476	12	24	0	0	15	18	312	170	0	0	361	100	0	31	0	3	0	1	2	0
476	12	24	1	0	14	18	312	170	0	0	361	100	0	31	0	3	0	1	2	0
477	7	9	0	0	8	17	280	180	0	0	361	100	0	16	0	3	0	0	2	0
477	7	9	1	0	8	17	240	0	0	0	361	100	0	16	0	3	0	0	2	0
477	9	19	0	0	8	17	250	150	0	0	361	100	0	16	0	3	0	0	2	0
477	9	19	1	0	8	17	200	0	0	0	361	100	0	16	0	3	0	0	2	0
478	5	8	0	0	21	16	220	-60	0	0	80	100	0	30	0	3	0	1	2	0
478	5	8	1	0	21	16	260	220	0	0	80	100	0	30	0	3	0	1	2	0
478	8	10	0	0	21	16	220	-60	0	0	361	100	0	30	0	3	0	1	2	0
478	8	10	1	0	21	16	260	220	0	0	361	100	0	30	0	3	0	1	2	0
478	10	14	0	0	21	16	220	-60	0	0	20	100	0	30	0	3	0	1	2	0
478	10	14	1	0	21	16	260	220	0	0	20	100	0	30	0	3	0	1	2	0
479	7	25	0	0	26	20	376	-17	80	0	934	90	0	35	2	3	0	1	2	0
479	7	25	1	0	5	20	190	0	30	0	934	90	0	35	2	3	0	1	2	0
482	42	47	0	0	16	31	250	100	0	0	361	120	0	35	7	3	0	1	2	0
482	42	47	1	0	14	30	200	60	0	0	361	120	0	35	7	3	0	1	2	0
482	42	47	2	0	14	29	180	-60	0	0	361	120	0	35	7	3	0	1	2	0
483	42	47	0	0	16	31	320	100	0	0	361	120	0	45	7	3	4	1	2	0
483	42	47	1	0	14	30	270	60	0	0	361	120	0	45	7	3	4	1	2	0
483	42	47	2	0	14	29	240	-60	0	0	361	120	0	45	7	3	4	1	2	0
484	12	32	0	0	21	15	220	200	0	0	361	100	0	44	7	3	4	1	2	0
484	12	32	1	0	21	15	200	0	0	0	361	100	0	44	7	3	4	1	2	0
484	12	32	2	0	20	15	140	0	0	0	361	100	0	44	7	3	4	1	2	0
486	0	1	0	0	0	16	200	0	0	140	105	20	0	60	7	3	2	1	2	0
486	0	1	1	0	0	16	200	0	0	-140	105	20	0	60	7	3	2	1	2	0
487	12	32	0	0	21	15	220	200	0	0	290	88	0	56	7	3	4	1	2	0
487	12	32	1	0	21	15	200	0	0	0	290	88	0	56	7	3	4	1	2	0
487	12	32	2	0	20	15	140	0	0	0	290	88	0	56	7	3	4	1	2	0
488	12	13	1	0	0	1	300	0	260	400	361	100	0	0	2	2	0	0	1	0
488	12	45	0	0	0	1	200	0	260	180	361	100	0	0	2	3	0	0	1	0
491	13	14	1	0	0	1	300	0	260	400	361	100	0	0	2	2	0	0	1	0
491	13	45	0	0	0	1	200	0	260	180	361	100	0	0	2	3	0	0	1	0
501	4	9	0	0	17	6	180	0	150	0	361	100	100	0	0	3	1	1	2	0
501	4	9	1	0	17	6	180	0	0	0	361	100	100	0	0	3	1	1	2	0
502	4	9	0	0	17	6	180	0	150	0	361	100	100	0	0	3	1	1	1	0
502	4	9	1	0	17	6	180	0	0	0	361	100	100	0	0	3	1	1	1	0
503	20	22	0	0	17	6	180	0	150	0	361	100	90	0	0	3	1	1	1	0
503	20	22	1	0	17	6	180	0	0	0	361	100	90	0	0	3	1	1	1	0
504	20	22	0	0	17	6	180	0	150	0	361	100	90	0	0	3	1	1	1	0
504	20	22	1	0	17	6	180	0	0	0	361	100	90	0	0	3	1	1	1	0
505	3	6	0	0	17	2	250	0	150	0	361	50	0	8	0	3	0	1	1	0
505	3	6	1	0	17	2	250	0	0	0	361	50	0	8	0	3	0	0	1	0
506	3	6	0	0	17	2	250	0	150	0	70	50	0	8	0	3	0	1	1	0
506	3	6	1	0	17	2	250	0	0	0	70	50	0	8	0	3	0	0	1	0
507	7	11	0	0	0	12	250	0	100	50	361	100	0	16	0	3	1	1	2	0
507	11	28	0	0	0	10	250	50	100	50	361	100	0	10	0	3	1	1	2	0
508	12	32	0	0	36	11	180	0	0	0	361	120	0	0	0	3	0	5	1	0
509	12	32	0	0	36	10	180	0	0	0	361	120	0	0	0	3	0	5	1	0
510	12	32	0	0	36	9	180	0	0	0	361	120	0	0	0	3	0	5	1	0
511	5	11	0	0	17	12	230	0	150	0	80	100	0	10	0	3	0	0	1	0
511	5	11	1	0	17	12	230	0	0	0	80	100	0	10	0	3	0	0	1	0
512	5	11	0	0	17	10	250	0	150	0	30	100	0	0	0	3	0	1	1	0
512	5	11	1	0	17	10	250	0	0	0	30	100	0	0	0	3	0	1	1	0
513	9	15	0	0	17	18	280	0	150	0	361	100	0	20	0	3	0	1	2	0
513	9	15	1	0	17	18	280	0	0	0	361	100	0	20	0	3	0	1	2	0
514	12	14	0	0	0	2	250	0	360	120	115	100	20	0	0	3	0	1	1	0
514	12	14	1	0	0	2	250	0	360	-120	115	100	20	0	0	3	0	1	1	0
514	12	14	2	0	0	2	300	0	160	0	90	100	20	0	0	3	0	1	1	0
514	28	32	0	0	0	10	280	0	450	120	80	110	0	70	0	3	0	1	2	0
514	28	32	1	0	0	10	280	0	450	-120	80	110	0	70	0	3	0	1	2	0
514	28	32	2	0	0	10	300	0	160	0	80	110	0	70	0	3	0	1	2	0
515	7	12	0	0	17	16	280	0	150	0	40	100	0	20	0	3	0	1	2	0
515	7	12	1	0	17	16	280	0	0	0	40	100	0	20	0	3	0	1	2	0
516	3	11	0	0	33	14	240	10	0	0	361	100	0	15	0	3	0	1	2	0
516	3	11	1	0	28	14	240	10	0	0	361	100	0	15	0	3	0	1	2	0
516	3	11	2	0	5	14	260	0	0	0	361	100	0	15	0	3	0	1	2	0
516	11	37	0	0	33	10	240	10	0	0	361	100	0	0	0	3	0	1	1	0
516	11	37	1	0	28	10	240	10	0	0	361	100	0	0	0	3	0	1	1	0
516	11	37	2	0	5	11	260	0	0	0	361	100	0	0	0	3	0	1	1	0
517	7	12	0	0	17	12	250	0	150	0	361	100	0	10	0	3	0	1	2	0
517	7	12	1	0	17	12	200	0	0	0	361	100	0	10	0	3	0	1	2	0
517	12	26	0	0	17	8	180	0	150	0	361	100	0	0	0	3	0	1	1	0
517	12	26	1	0	17	8	180	0	0	0	361	100	0	0	0	3	0	1	1	0
518	10	18	0	0	17	16	280	0	150	0	361	100	0	10	0	3	0	1	2	0
518	10	18	1	0	17	16	220	0	0	0	361	100	0	10	0	3	0	1	2	0
519	6	7	0	0	17	15	220	20	150	0	80	100	0	20	0	3	0	1	2	0
519	6	7	1	0	17	15	220	20	0	0	80	100	0	20	0	3	0	1	2	0
519	7	8	0	0	17	15	280	20	150	0	80	100	0	20	0	3	0	1	2	0
519	7	8	1	0	17	15	280	20	0	0	80	100	0	20	0	3	0	1	2	0
519	8	24	0	0	17	10	250	0	150	-40	80	100	0	10	0	3	0	1	1	0
519	8	24	1	0	17	10	250	0	0	-40	80	100	0	10	0	3	0	1	1	0
520	10	26	0	0	17	14	220	0	150	0	934	100	0	0	0	3	0	1	2	0
520	10	26	1	0	17	14	220	0	0	0	934	100	0	0	0	3	0	1	2	0
522	6	7	0	0	10	1	300	0	0	0	361	100	0	0	0	3	0	0	1	0
525	8	14	0	0	0	15	340	0	200	-370	361	100	0	0	0	3	0	1	2	0
525	8	14	1	0	0	15	280	0	140	-170	361	100	0	0	0	3	0	1	2	0
525	14	36	0	0	0	10	340	0	200	-370	361	100	0	0	0	3	0	1	1	0
525	14	36	1	0	0	10	280	0	140	-170	361	100	0	0	0	3	0	1	1	0
526	6	12	0	0	26	13	330	80	0	0	934	80	0	10	0	3	0	1	2	0
526	6	12	1	0	21	13	330	80	0	0	934	80	0	10	0	3	0	1	2	0
526	6	12	2	0	26	13	280	-80	0	0	934	80	0	10	0	3	0	1	2	0
526	6	12	3	0	21	13	280	-80	0	0	934	80	0	10	0	3	0	1	2	0
526	12	30	0	0	26	10	300	80	0	0	934	80	0	10	0	3	0	1	2	0
526	12	30	1	0	21	10	300	80	0	0	934	80	0	10	0	3	0	1	2	0
526	12	30	2	0	26	10	260	-80	0	0	934	80	0	10	0	3	0	1	2	0
526	12	30	3	0	21	10	260	-80	0	0	934	80	0	10	0	3	0	1	2	0
527	4	8	0	0	15	3	220	120	0	0	361	80	0	0	0	3	0	0	2	0
527	4	8	1	0	14	3	220	30	0	0	361	80	0	0	0	3	0	0	2	0
528	5	10	0	0	26	4	270	120	0	0	80	30	0	40	0	3	0	0	2	0
529	0	8	0	0	12	13	180	0	0	0	361	50	0	65	1	3	5	1	2	0
531	2	4	0	0	19	1	200	20	0	0	80	80	0	10	0	3	0	1	0	0
531	2	4	1	0	20	1	200	220	0	0	80	80	0	10	0	3	0	1	0	0
531	9	11	0	0	19	1	200	20	0	0	80	80	0	10	0	3	0	1	1	0
531	9	11	1	0	20	1	200	220	0	0	80	80	0	10	0	3	0	1	1	0
531	16	18	0	0	19	1	200	20	0	0	80	80	0	10	0	3	0	1	1	0
531	16	18	1	0	20	1	200	220	0	0	80	80	0	10	0	3	0	1	1	0
531	23	25	0	0	19	1	200	20	0	0	80	80	0	10	0	3	0	1	1	0
531	23	25	1	0	20	1	200	220	0	0	80	80	0	10	0	3	0	1	1	0
531	30	32	0	0	19	1	200	20	0	0	60	80	0	10	0	3	0	1	1	0
531	30	32	1	0	20	1	200	220	0	0	60	80	0	10	0	3	0	1	1	0
532	6	11	0	0	25	14	260	90	0	0	70	100	0	30	0	3	0	1	2	0
532	6	11	1	0	20	14	260	90	0	0	70	100	0	30	0	3	0	1	2	0
533	6	10	0	0	29	10	230	0	0	-60	70	125	0	0	0	3	0	0	1	0
533	6	10	1	0	29	10	230	0	0	-200	90	125	0	0	0	3	0	0	1	0
535	3	6	0	0	16	4	210	-50	0	0	70	50	0	8	0	3	0	0	1	0
535	3	6	1	0	16	4	210	70	0	0	70	50	0	8	0	3	0	0	1	0
536	7	11	0	0	29	20	300	180	0	0	34	75	0	40	0	3	0	1	2	0
536	7	11	1	0	24	20	300	180	0	0	34	75	0	40	0	3	0	1	2	0
536	7	11	2	0	5	20	180	0	0	0	35	75	0	40	0	3	0	1	2	0
536	11	27	0	0	29	10	300	180	0	0	34	75	0	40	0	3	0	1	2	0
536	11	27	1	0	24	10	300	180	0	0	34	75	0	40	0	3	0	1	2	0
536	11	27	2	0	5	10	180	0	0	0	35	75	0	40	0	3	0	1	2	0
537	14	18	0	0	29	18	320	140	0	0	90	120	0	24	0	3	0	1	2	0
537	14	18	1	0	27	18	280	0	0	0	90	120	0	24	0	3	0	1	2	0
537	18	24	0	0	29	12	200	140	0	0	361	100	0	10	0	3	0	1	1	0
537	18	24	1	0	27	12	230	0	0	0	361	100	0	10	0	3	0	1	1	0
538	10	18	0	0	5	12	300	0	60	0	361	100	100	10	0	3	0	0	1	0
538	18	30	0	0	5	9	300	0	60	0	361	100	100	10	0	3	0	0	1	0
538	30	46	0	0	5	6	300	0	60	0	361	100	100	10	0	3	0	0	1	0
546	8	17	0	0	11	15	240	0	0	260	90	100	0	20	3	3	0	5	2	0
546	8	17	1	0	10	15	180	0	0	0	90	100	0	20	3	3	0	5	2	0
547	11	13	0	0	11	8	240	0	0	180	120	100	80	0	3	3	0	5	0	0
547	11	13	1	0	10	8	240	0	0	0	100	100	80	0	3	3	0	5	0	0
547	13	17	0	0	11	8	220	0	0	180	80	100	30	0	3	3	0	5	0	0
547	13	17	1	0	10	8	160	0	0	0	80	100	30	0	3	3	0	5	0	0
547	21	26	0	0	11	4	380	0	0	180	80	100	25	0	3	3	0	5	0	0
547	21	26	1	0	10	4	200	0	0	0	80	100	25	0	3	3	0	5	0	0
547	31	36	0	0	11	12	380	0	0	180	90	90	0	30	3	3	0	5	2	0
547	31	36	1	0	10	12	200	0	0	0	90	90	0	30	3	3	0	5	2	0
548	6	14	0	0	27	10	280	10	0	0	361	100	0	0	0	3	0	1	1	0
548	6	14	1	0	27	10	280	90	0	0	361	100	0	0	0	3	0	1	1	0
548	6	14	2	0	5	10	310	0	0	0	361	100	0	0	0	3	0	1	1	0
548	18	27	0	0	32	10	280	10	0	0	361	100	0	15	0	3	0	1	2	0
548	18	27	1	0	32	10	280	90	0	0	361	100	0	15	0	3	0	1	2	0
548	18	27	2	0	5	10	310	0	0	0	361	100	0	15	0	3	0	1	2	0
549	4	6	0	0	32	10	240	10	0	0	361	100	0	15	0	3	0	1	1	0
549	4	6	1	0	27	10	240	60	0	0	361	100	0	15	0	3	0	1	1	0
549	4	6	2	0	5	10	260	0	0	0	361	100	0	15	0	3	0	1	1	0
549	6	30	0	0	32	8	240	10	0	0	361	100	0	10	0	3	0	1	0	0
549	6	30	1	0	27	8	240	60	0	0	361	100	0	10	0	3	0	1	0	0
549	6	30	2	0	5	8	260	0	0	0	361	100	0	10	0	3	0	1	0	0
550	15	18	0	0	11	20	280	0	0	250	361	100	0	5	3	3	0	5	2	0
550	15	18	1	0	10	20	220	0	0	0	361	100	0	5	3	3	0	5	2	0
550	18	35	0	0	11	12	180	0	0	250	361	100	0	0	3	3	0	5	2	0
550	18	35	1	0	10	12	150	0	0	0	361	100	0	0	3	3	0	5	2	0
551	5	65	0	0	11	18	360	0	0	100	361	100	0	30	3	3	0	5	2	0
551	5	65	1	0	10	18	200	0	0	0	361	100	0	30	3	3	0	5	2	0
552	3	6	0	0	16	2	180	16	0	0	70	50	0	8	0	3	0	0	1	0
552	3	6	1	0	15	2	180	0	0	0	70	50	0	8	0	3	0	0	1	0
553	18	46	0	0	10	10	300	120	0	0	361	80	0	20	0	3	1	0	2	0
555	2	3	0	0	12	25	280	0	0	0	80	78	0	100	1	3	0	1	2	0
555	2	3	1	0	15	25	120	160	0	0	80	78	0	100	1	3	0	1	2	0
555	3	25	0	0	12	2	310	0	0	60	361	100	10	0	4	3	0	2	1	0
555	3	25	1	0	15	2	260	150	0	60	361	100	10	0	4	3	0	2	1	0
556	2	3	0	0	12	24	280	0	0	0	80	75	0	80	1	3	0	1	2	0
556	2	3	1	0	15	24	120	160	0	0	80	75	0	80	1	3	0	1	2	0
556	3	25	0	0	12	2	310	0	0	60	361	100	10	0	4	3	0	2	1	0
556	3	25	1	0	15	2	260	150	0	60	361	100	10	0	4	3	0	2	1	0
557	3	6	0	0	16	2	180	16	0	0	70	50	0	8	0	3	0	0	1	0
557	3	6	1	0	15	2	180	0	0	0	70	50	0	8	0	3	0	0	1	0
558	18	46	0	0	10	10	300	120	0	0	361	80	0	30	0	3	1	0	2	0
559	3	6	0	0	16	2	180	16	0	0	70	50	0	8	0	3	0	0	1	0
559	3	6	1	0	15	2	180	0	0	0	70	50	0	8	0	3	0	0	1	0
560	8	17	0	0	12	17	380	0	100	0	85	120	0	10	0	3	0	0	2	0
561	5	20	0	0	10	8	370	0	0	0	96	40	0	70	0	3	0	0	1	0
561	5	20	1	0	16	8	370	0	0	0	96	40	0	70	0	3	0	0	1	0
562	13	18	0	0	30	19	200	0	0	0	105	100	0	0	0	3	0	1	2	0
562	18	21	0	0	30	17	200	0	0	0	90	100	0	0	0	3	0	1	2	0
562	21	26	0	0	30	14	200	0	0	0	361	100	0	0	0	3	0	1	2	0
563	13	53	0	0	30	21	200	0	0	0	361	100	0	0	0	3	0	1	2	0
564	18	22	0	0	17	20	200	0	280	0	361	67	0	70	0	3	0	7	2	0
564	18	22	1	0	17	20	180	0	60	0	361	67	0	70	0	3	0	7	2	0
565	0	18	0	0	0	35	400	0	100	0	361	100	0	50	2	3	0	4	2	0
566	2	6	0	0	11	2	260	0	65	15	361	50	0	8	0	3	0	0	0	0
566	2	6	1	0	5	2	160	0	0	0	361	50	0	8	0	3	0	0	0	0
567	4	19	0	0	11	12	270	0	70	15	361	70	0	20	0	3	0	0	2	0
567	4	19	1	0	5	12	180	0	20	0	361	70	0	20	0	3	0	0	2	0
568	21	25	0	0	0	18	160	0	100	200	361	100	0	20	2	3	0	4	2	0
568	25	43	0	0	0	18	280	0	100	200	361	100	0	20	2	3	0	4	2	0
568	25	43	1	0	0	18	320	0	100	600	361	100	0	20	2	3	0	4	2	0
569	5	15	0	0	29	11	160	0	0	0	87	100	0	10	0	3	0	1	2	0
569	5	15	1	0	29	11	300	115	180	-60	87	100	0	10	0	3	0	1	2	0
570	5	15	0	0	28	9	280	0	0	0	361	100	0	8	0	3	0	1	1	0
570	5	15	1	0	23	9	280	0	0	0	361	100	0	8	0	3	0	1	1	0
570	5	15	2	0	5	9	180	0	0	0	361	100	0	8	0	3	0	1	1	0
571	5	15	0	0	28	10	280	0	0	0	361	100	0	6	0	3	0	1	1	0
571	5	15	1	0	23	10	280	0	0	0	361	100	0	6	0	3	0	1	1	0
571	5	15	2	0	5	10	180	0	0	0	361	100	0	6	0	3	0	1	1	0
578	7	11	0	0	28	16	260	100	0	0	40	100	0	20	0	3	0	1	2	0
578	7	11	1	0	23	16	260	100	0	0	40	100	0	20	0	3	0	1	2	0
578	7	11	2	0	5	16	160	100	0	0	40	100	0	20	0	3	0	1	2	0
578	11	27	0	0	28	10	260	100	0	0	40	100	0	20	0	3	0	1	2	0
578	11	27	1	0	23	10	260	100	0	0	40	100	0	20	0	3	0	1	2	0
578	11	27	2	0	5	10	160	100	0	0	40	100	0	20	0	3	0	1	2	0
581	4	8	0	0	0	10	260	0	150	200	361	100	0	10	0	3	1	1	2	0
581	8	18	0	0	0	8	260	0	150	200	361	100	0	10	0	3	1	1	2	0
582	12	28	0	0	15	13	310	-50	0	0	120	75	0	20	0	3	20	6	2	0
582	12	28	1	0	15	13	310	70	0	0	120	75	0	20	0	3	20	6	2	0
583	28	36	0	0	6	0	600	0	70	0	361	100	0	0	6	2	0	0	0	0
583	36	69	0	0	6	0	60	0	70	0	361	100	0	0	6	2	0	0	0	0
583	69	77	0	0	6	0	600	0	70	0	361	100	0	0	6	2	0	0	0	0
583	77	113	0	0	6	0	60	0	70	0	361	100	0	0	6	2	0	0	0	0
583	113	126	0	0	6	0	760	0	70	0	361	100	0	0	6	2	0	0	0	0
584	1	2	0	0	0	14	260	0	150	0	361	140	0	20	0	3	0	1	2	0
585	7	12	0	0	16	7	220	120	0	0	361	100	0	10	0	3	0	0	2	0
585	7	12	1	0	15	7	220	30	0	0	361	100	0	10	0	3	0	0	2	0
586	17	19	0	0	16	10	190	-80	0	0	80	100	0	10	1	3	1	3	2	0
586	17	19	1	0	16	10	370	200	0	0	80	100	0	10	1	3	1	3	2	0
587	4	6	0	0	0	2	200	0	-30	140	100	0	1	120	0	3	3	1	1	0
587	4	6	1	0	0	2	200	0	-30	-140	100	0	1	120	0	3	3	1	1	0
587	4	6	2	0	0	2	200	0	330	140	100	0	1	110	0	3	3	1	1	0
587	4	6	3	0	0	2	200	0	330	-140	100	0	1	110	0	3	3	1	1	0
587	6	8	0	0	0	1	180	0	-80	110	105	0	1	110	0	3	3	1	1	0
587	6	8	1	0	0	1	180	0	-80	-110	105	0	1	110	0	3	3	1	1	0
587	6	8	2	0	0	1	180	0	310	110	100	0	1	70	0	3	3	1	1	0
587	6	8	3	0	0	1	180	0	310	-110	100	0	1	70	0	3	3	1	1	0
587	8	10	0	0	0	1	180	0	-80	110	105	0	1	110	0	3	3	1	1	0
587	8	10	1	0	0	1	180	0	-80	-110	105	0	1	110	0	3	3	1	1	0
587	8	10	2	0	0	1	180	0	310	110	100	0	1	70	0	3	3	1	1	0
587	8	10	3	0	0	1	180	0	310	-110	100	0	1	70	0	3	3	1	1	0
587	10	12	0	0	0	1	180	0	-80	110	105	0	1	110	0	3	3	1	1	0
587	10	12	1	0	0	1	180	0	-80	-110	105	0	1	110	0	3	3	1	1	0
587	10	12	2	0	0	1	180	0	310	110	100	0	1	70	0	3	3	1	1	0
587	10	12	3	0	0	1	180	0	310	-110	100	0	1	70	0	3	3	1	1	0
587	12	14	0	0	0	1	140	0	290	100	200	0	1	20	0	3	3	1	1	0
587	12	14	1	0	0	1	140	0	290	-100	200	0	1	20	0	3	3	1	1	0
587	12	14	2	0	0	1	140	0	10	100	110	0	1	50	0	3	3	1	1	0
587	12	14	3	0	0	1	140	0	10	-100	110	0	1	50	0	3	3	1	1	0
587	14	16	0	0	0	1	140	0	290	100	200	0	1	20	0	3	3	1	1	0
587	14	16	1	0	0	1	140	0	290	-100	200	0	1	20	0	3	3	1	1	0
587	14	16	2	0	0	1	140	0	10	100	110	0	1	50	0	3	3	1	1	0
587	14	16	3	0	0	1	140	0	10	-100	110	0	1	50	0	3	3	1	1	0
587	16	18	0	0	0	1	140	0	290	100	200	0	1	20	0	3	3	1	1	0
587	16	18	1	0	0	1	140	0	290	-100	200	0	1	20	0	3	3	1	1	0
587	16	18	2	0	0	1	140	0	10	100	110	0	1	50	0	3	3	1	1	0
587	16	18	3	0	0	1	140	0	10	-100	110	0	1	50	0	3	3	1	1	0
587	18	20	0	0	0	1	140	0	290	100	200	0	1	20	0	3	3	1	1	0
587	18	20	1	0	0	1	140	0	290	-100	200	0	1	20	0	3	3	1	1	0
587	18	20	2	0	0	1	140	0	10	100	110	0	1	50	0	3	3	1	1	0
587	18	20	3	0	0	1	140	0	10	-100	110	0	1	50	0	3	3	1	1	0
587	20	22	0	0	0	1	140	0	290	100	200	0	1	20	0	3	3	1	1	0
587	20	22	1	0	0	1	140	0	290	-100	200	0	1	20	0	3	3	1	1	0
587	20	22	2	0	0	1	140	0	10	100	110	0	1	50	0	3	3	1	1	0
587	20	22	3	0	0	1	140	0	10	-100	110	0	1	50	0	3	3	1	1	0
587	22	24	0	0	0	1	140	0	290	100	200	0	1	20	0	3	3	1	1	0
587	22	24	1	0	0	1	140	0	290	-100	200	0	1	20	0	3	3	1	1	0
587	22	24	2	0	0	1	140	0	10	100	110	0	1	50	0	3	3	1	1	0
587	22	24	3	0	0	1	140	0	10	-100	110	0	1	50	0	3	3	1	1	0
587	24	26	0	0	0	1	140	0	290	100	200	0	1	20	0	3	3	1	1	0
587	24	26	1	0	0	1	140	0	290	-100	200	0	1	20	0	3	3	1	1	0
587	24	26	2	0	0	1	140	0	10	100	110	0	1	50	0	3	3	1	1	0
587	24	26	3	0	0	1	140	0	10	-100	110	0	1	50	0	3	3	1	1	0
587	26	28	0	0	0	1	140	0	290	100	200	0	1	20	0	3	3	1	1	0
587	26	28	1	0	0	1	140	0	290	-100	200	0	1	20	0	3	3	1	1	0
587	26	28	2	0	0	1	140	0	10	100	110	0	1	50	0	3	3	1	1	0
587	26	28	3	0	0	1	140	0	10	-100	110	0	1	50	0	3	3	1	1	0
587	28	30	0	0	0	1	140	0	290	100	200	0	1	20	0	3	3	1	1	0
587	28	30	1	0	0	1	140	0	290	-100	200	0	1	20	0	3	3	1	1	0
587	28	30	2	0	0	1	140	0	10	100	110	0	1	50	0	3	3	1	1	0
587	28	30	3	0	0	1	140	0	10	-100	110	0	1	50	0	3	3	1	1	0
587	30	32	0	0	0	1	140	0	290	100	200	0	1	20	0	3	3	1	1	0
587	30	32	1	0	0	1	140	0	290	-100	200	0	1	20	0	3	3	1	1	0
587	30	32	2	0	0	1	140	0	10	100	110	0	1	50	0	3	3	1	1	0
587	30	32	3	0	0	1	140	0	10	-100	110	0	1	50	0	3	3	1	1	0
587	32	34	0	0	0	1	400	0	100	0	361	100	80	0	2	3	3	1	2	0
588	4	6	0	0	0	1	160	0	290	150	200	0	1	20	0	3	3	1	1	0
588	4	6	1	0	0	1	160	0	290	-150	200	0	1	20	0	3	3	1	1	0
588	4	6	2	0	0	1	160	0	10	150	110	0	1	50	0	3	3	1	1	0
588	4	6	3	0	0	1	160	0	10	-150	110	0	1	50	0	3	3	1	1	0
588	6	8	0	0	0	1	160	0	290	150	200	0	1	20	0	3	3	1	1	0
588	6	8	1	0	0	1	160	0	290	-150	200	0	1	20	0	3	3	1	1	0
588	6	8	2	0	0	1	160	0	10	150	110	0	1	50	0	3	3	1	1	0
588	6	8	3	0	0	1	160	0	10	-150	110	0	1	50	0	3	3	1	1	0
588	8	10	0	0	0	1	160	0	290	150	200	0	1	20	0	3	3	1	1	0
588	8	10	1	0	0	1	160	0	290	-150	200	0	1	20	0	3	3	1	1	0
588	8	10	2	0	0	1	160	0	10	150	110	0	1	50	0	3	3	1	1	0
588	8	10	3	0	0	1	160	0	10	-150	110	0	1	50	0	3	3	1	1	0
588	10	12	0	0	0	1	160	0	290	150	200	0	1	20	0	3	3	1	1	0
588	10	12	1	0	0	1	160	0	290	-150	200	0	1	20	0	3	3	1	1	0
588	10	12	2	0	0	1	160	0	10	150	110	0	1	50	0	3	3	1	1	0
588	10	12	3	0	0	1	160	0	10	-150	110	0	1	50	0	3	3	1	1	0
588	12	14	0	0	0	1	160	0	290	150	200	0	1	20	0	3	3	1	1	0
588	12	14	1	0	0	1	160	0	290	-150	200	0	1	20	0	3	3	1	1	0
588	12	14	2	0	0	1	160	0	10	150	110	0	1	50	0	3	3	1	1	0
588	12	14	3	0	0	1	160	0	10	-150	110	0	1	50	0	3	3	1	1	0
588	14	16	0	0	0	1	160	0	290	150	200	0	1	20	0	3	3	1	1	0
588	14	16	1	0	0	1	160	0	290	-150	200	0	1	20	0	3	3	1	1	0
588	14	16	2	0	0	1	160	0	10	150	110	0	1	50	0	3	3	1	1	0
588	14	16	3	0	0	1	160	0	10	-150	110	0	1	50	0	3	3	1	1	0
588	16	18	0	0	0	1	160	0	290	150	200	0	1	20	0	3	3	1	1	0
588	16	18	1	0	0	1	160	0	290	-150	200	0	1	20	0	3	3	1	1	0
588	16	18	2	0	0	1	160	0	10	150	110	0	1	50	0	3	3	1	1	0
588	16	18	3	0	0	1	160	0	10	-150	110	0	1	50	0	3	3	1	1	0
588	18	20	0	0	0	1	160	0	290	150	200	0	1	20	0	3	3	1	1	0
588	18	20	1	0	0	1	160	0	290	-150	200	0	1	20	0	3	3	1	1	0
588	18	20	2	0	0	1	160	0	10	150	110	0	1	50	0	3	3	1	1	0
588	18	20	3	0	0	1	160	0	10	-150	110	0	1	50	0	3	3	1	1	0
588	20	22	0	0	0	1	160	0	290	150	200	0	1	20	0	3	3	1	1	0
588	20	22	1	0	0	1	160	0	290	-150	200	0	1	20	0	3	3	1	1	0
588	20	22	2	0	0	1	160	0	10	150	110	0	1	50	0	3	3	1	1	0
588	20	22	3	0	0	1	160	0	10	-150	110	0	1	50	0	3	3	1	1	0
588	22	24	0	0	0	1	160	0	290	150	200	0	1	20	0	3	3	1	1	0
588	22	24	1	0	0	1	160	0	290	-150	200	0	1	20	0	3	3	1	1	0
588	22	24	2	0	0	1	160	0	10	150	110	0	1	50	0	3	3	1	1	0
588	22	24	3	0	0	1	160	0	10	-150	110	0	1	50	0	3	3	1	1	0
588	24	26	0	0	0	1	160	0	290	150	200	0	1	20	0	3	3	1	1	0
588	24	26	1	0	0	1	160	0	290	-150	200	0	1	20	0	3	3	1	1	0
588	24	26	2	0	0	1	160	0	10	150	110	0	1	50	0	3	3	1	1	0
588	24	26	3	0	0	1	160	0	10	-150	110	0	1	50	0	3	3	1	1	0
588	26	28	0	0	0	1	160	0	290	150	200	0	1	20	0	3	3	1	1	0
588	26	28	1	0	0	1	160	0	290	-150	200	0	1	20	0	3	3	1	1	0
588	26	28	2	0	0	1	160	0	10	150	110	0	1	50	0	3	3	1	1	0
588	26	28	3	0	0	1	160	0	10	-150	110	0	1	50	0	3	3	1	1	0
588	28	30	0	0	0	1	160	0	290	150	200	0	1	20	0	3	3	1	1	0
588	28	30	1	0	0	1	160	0	290	-150	200	0	1	20	0	3	3	1	1	0
588	28	30	2	0	0	1	160	0	10	150	110	0	1	50	0	3	3	1	1	0
588	28	30	3	0	0	1	160	0	10	-150	110	0	1	50	0	3	3	1	1	0
588	30	32	0	0	0	1	400	0	100	0	361	100	80	0	2	3	3	1	2	0
589	7	11	0	0	7	12	390	0	40	40	100	100	130	0	0	3	0	1	2	0
589	7	11	1	0	6	12	240	0	0	0	100	100	130	0	0	3	0	1	2	0
590	8	11	0	0	19	10	260	0	-20	0	30	100	110	0	0	3	0	0	2	0
590	8	11	1	0	20	10	210	0	0	0	30	100	110	0	0	3	0	0	2	0
591	6	8	0	0	19	13	300	0	0	0	35	105	0	20	0	3	0	0	2	0
591	6	8	1	0	20	13	260	0	0	0	35	105	0	20	0	3	0	0	2	0
591	21	23	0	0	19	13	300	0	0	0	35	105	0	20	0	3	0	0	2	0
591	21	23	1	0	20	13	260	0	0	0	35	105	0	20	0	3	0	0	2	0
595	19	24	0	0	9	6	200	-80	0	0	361	100	90	0	0	3	1	0	1	0
595	19	24	1	0	10	6	250	50	0	0	361	100	90	0	0	3	1	0	1	0
595	19	24	2	0	16	6	200	-80	0	0	361	100	90	0	0	3	1	0	1	0
595	19	24	3	0	17	6	250	50	0	0	361	100	90	0	0	3	1	0	1	0
596	20	26	0	0	9	6	200	-80	0	0	361	100	90	0	0	3	1	0	1	0
596	20	26	1	0	10	6	250	50	0	0	361	100	90	0	0	3	1	0	1	0
596	20	26	2	0	16	6	200	-80	0	0	361	100	90	0	0	3	1	0	1	0
596	20	26	3	0	17	6	250	50	0	0	361	100	90	0	0	3	1	0	1	0
598	1	11	0	0	28	6	280	0	0	0	361	100	100	0	0	3	0	1	1	0
598	1	11	1	0	23	6	280	0	0	0	361	100	100	0	0	3	0	1	1	0
598	1	11	2	0	6	6	280	0	0	0	361	100	100	0	0	3	0	1	1	0
599	6	16	0	0	6	6	280	0	0	0	361	100	100	0	0	3	0	1	1	0
599	6	16	1	0	23	6	280	80	0	0	361	100	100	0	0	3	0	1	1	0
603	20	21	1	0	0	1	220	0	250	250	361	100	0	0	0	3	0	0	1	0
603	20	36	0	0	10	1	220	50	0	-200	361	100	0	0	0	3	0	0	1	0
607	8	18	0	0	15	4	250	180	0	0	75	40	0	35	0	3	0	0	1	0
607	8	18	1	0	16	4	250	-40	0	0	75	40	0	35	0	3	0	0	1	0
607	8	18	2	0	17	4	250	30	0	0	75	40	0	35	0	3	0	0	1	0
608	8	18	0	0	8	4	250	180	0	0	75	40	0	35	0	3	0	0	1	0
608	8	18	1	0	9	4	250	-40	0	0	75	40	0	35	0	3	0	0	1	0
608	8	18	2	0	10	4	250	30	0	0	75	40	0	35	0	3	0	0	1	0
609	7	23	0	0	0	11	280	0	180	0	361	100	0	16	0	3	0	1	2	0
609	7	23	1	0	0	11	280	0	330	0	361	100	0	16	0	3	0	1	2	0
609	7	23	2	0	10	11	300	-80	0	0	361	100	0	16	0	3	4	0	2	0
609	7	23	3	0	17	11	300	-80	0	0	361	100	0	16	0	3	4	0	2	0
609	33	41	0	0	0	9	280	0	280	0	100	65	0	70	0	3	0	1	2	0
609	33	41	1	0	0	9	280	0	450	0	100	65	0	70	0	3	0	1	2	0
609	33	41	2	0	10	9	300	-80	0	0	100	65	0	70	0	3	4	0	2	0
609	33	41	3	0	17	9	300	-80	0	0	100	65	0	70	0	3	4	0	2	0
610	12	16	0	0	8	13	250	50	0	0	361	100	0	20	0	3	0	1	1	0
610	12	16	1	0	9	13	250	50	0	0	361	100	0	20	0	3	0	1	1	0
610	12	16	2	0	10	12	250	50	0	0	361	100	0	20	0	3	0	0	1	0
611	12	16	0	0	8	12	250	50	0	0	361	100	0	20	0	3	0	1	1	0
611	12	16	1	0	9	12	250	50	0	0	361	100	0	20	0	3	0	1	1	0
611	12	16	2	0	10	11	250	50	0	0	361	100	0	20	0	3	0	0	1	0
612	12	16	0	0	8	11	250	50	0	0	361	100	0	20	0	3	0	1	1	0
612	12	16	1	0	9	11	250	50	0	0	361	100	0	20	0	3	0	1	1	0
612	12	16	2	0	10	10	250	50	0	0	361	100	0	20	0	3	0	0	1	0
613	8	22	0	0	20	12	280	-100	0	0	85	115	0	25	0	3	0	1	1	0
613	8	22	1	0	22	12	250	0	0	0	85	115	0	25	0	3	0	1	1	0
614	12	19	0	0	8	10	250	50	0	0	361	80	0	10	0	3	0	1	1	0
614	12	19	1	0	9	10	220	-20	0	0	361	80	0	10	0	3	0	1	1	0
614	12	19	2	0	10	12	280	50	0	0	102	90	0	45	0	3	0	0	1	0
615	20	24	0	0	8	16	250	20	-80	0	361	105	0	20	0	3	0	1	2	0
615	20	24	1	0	9	16	250	50	-80	0	361	105	0	20	0	3	0	1	2	0
615	20	24	2	0	10	20	300	100	0	0	361	105	0	20	0	3	4	0	2	0
615	20	24	3	0	17	20	300	100	0	0	361	105	0	20	0	3	4	0	2	0
615	24	32	0	0	8	12	250	20	-80	0	361	105	0	20	0	3	0	1	2	0
615	24	32	1	0	9	12	250	50	-80	0	361	105	0	20	0	3	0	1	2	0
615	24	32	2	0	10	12	280	50	0	0	361	105	0	20	0	3	0	1	2	0
615	24	32	3	0	17	12	280	50	0	0	361	105	0	20	0	3	0	1	2	0
616	20	24	0	0	8	15	250	20	-80	0	361	105	0	20	0	3	0	1	2	0
616	20	24	1	0	9	15	250	50	-80	0	361	105	0	20	0	3	0	1	2	0
616	20	24	2	0	10	19	300	100	0	0	361	105	0	20	0	3	4	0	2	0
616	20	24	3	0	17	19	300	100	0	0	361	105	0	20	0	3	4	0	2	0
616	24	32	0	0	8	12	250	20	-80	0	361	105	0	20	0	3	0	1	2	0
616	24	32	1	0	9	12	250	50	-80	0	361	105	0	20	0	3	0	1	2	0
616	24	32	2	0	10	12	280	50	0	0	361	105	0	20	0	3	0	1	2	0
616	24	32	3	0	17	12	280	50	0	0	361	105	0	20	0	3	0	1	2	0
617	20	24	0	0	8	14	250	20	-80	0	361	105	0	20	0	3	0	1	2	0
617	20	24	1	0	9	14	250	50	-80	0	361	105	0	20	0	3	0	1	2	0
617	20	24	2	0	10	18	300	100	0	0	361	105	0	20	0	3	4	0	2	0
617	20	24	3	0	17	18	300	100	0	0	361	105	0	20	0	3	4	0	2	0
617	24	32	0	0	8	12	250	20	-80	0	361	105	0	20	0	3	0	1	2	0
617	24	32	1	0	9	12	250	50	-80	0	361	105	0	20	0	3	0	1	2	0
617	24	32	2	0	10	12	280	50	0	0	361	105	0	20	0	3	0	1	2	0
617	24	32	3	0	17	12	280	50	0	0	361	105	0	20	0	3	0	1	2	0
618	10	19	0	0	20	18	250	0	0	0	80	110	0	20	0	3	0	1	2	0
618	10	19	1	0	22	18	250	50	0	0	80	110	0	20	0	3	0	1	2	0
619	12	36	0	0	0	19	280	0	180	0	55	100	0	30	0	3	0	1	2	0
619	12	36	1	0	0	19	330	0	400	0	55	100	0	30	0	3	0	1	2	0
619	12	36	2	0	10	19	300	50	0	0	55	100	0	30	0	3	0	1	2	0
619	12	36	3	0	17	19	300	50	0	0	55	100	0	30	0	3	0	1	2	0
620	8	18	0	0	8	10	250	20	-80	0	361	100	0	10	0	3	0	0	2	0
620	8	18	1	0	9	10	160	0	-80	0	361	100	0	10	0	3	0	0	2	0
620	8	18	2	0	10	10	160	0	0	0	361	105	0	10	0	3	0	0	2	0
620	8	18	3	0	17	10	160	50	0	0	361	105	0	10	0	3	0	0	2	0
620	18	36	0	1	8	8	260	20	-80	0	361	100	0	10	0	3	0	0	2	0
620	18	36	1	1	9	8	180	50	-80	0	361	100	0	10	0	3	0	0	2	0
620	18	36	2	1	10	8	180	0	0	0	361	100	0	10	0	3	0	0	2	0
620	18	36	3	1	17	8	180	0	0	0	361	100	0	10	0	3	0	0	2	0
621	16	19	0	0	8	14	250	20	-80	0	361	100	0	10	0	3	0	1	2	0
621	16	19	1	0	9	14	250	50	-80	0	361	100	0	10	0	3	0	1	2	0
621	16	19	2	0	10	18	260	50	0	0	361	105	0	20	0	3	4	0	2	0
621	16	19	3	0	17	18	260	50	0	0	361	105	0	20	0	3	4	0	2	0
621	19	26	0	0	8	10	220	20	-80	0	361	100	0	10	0	3	0	0	1	0
621	19	26	1	0	9	10	220	50	-80	0	361	100	0	10	0	3	0	0	1	0
621	19	26	2	0	10	10	250	50	0	0	361	100	0	10	0	3	0	0	1	0
621	19	26	3	0	17	10	250	50	0	0	361	100	0	10	0	3	0	0	1	0
622	14	18	0	0	8	14	220	180	0	0	361	100	0	0	0	3	0	1	2	0
622	14	18	1	0	9	14	220	-40	0	0	361	100	0	0	0	3	0	1	2	0
622	14	18	2	0	10	15	220	30	0	0	361	100	0	10	0	3	0	0	2	0
622	18	22	0	0	8	10	220	180	0	0	361	100	0	0	0	3	0	1	1	0
622	18	22	1	0	9	10	220	-40	0	0	361	100	0	0	0	3	0	1	2	0
622	18	22	2	0	10	10	220	30	0	0	361	100	0	0	0	3	0	0	1	0
623	4	7	0	0	5	8	280	0	-130	0	79	70	0	60	0	3	0	1	2	0
623	4	7	1	0	22	8	250	0	0	0	79	70	0	60	0	3	0	1	2	0
623	7	17	0	0	20	5	280	-100	0	0	75	70	0	50	0	3	0	1	0	0
623	7	17	1	0	22	5	250	0	0	0	75	70	0	50	0	3	0	1	0	0
624	10	12	0	0	6	3	350	0	0	0	954	100	30	0	0	3	0	0	1	0
624	10	12	1	0	12	3	350	0	0	60	954	100	30	0	0	3	0	0	1	0
625	0	1	0	0	0	3	330	0	0	220	361	100	80	0	0	3	0	1	2	0
625	0	1	1	0	0	3	330	0	0	-150	361	100	80	0	0	3	0	1	2	0
626	2	5	0	0	20	2	160	80	0	0	361	50	0	10	0	3	0	0	0	0
626	2	5	1	0	19	2	160	0	0	0	361	50	0	10	0	3	0	0	0	0
627	2	5	0	0	19	3	180	16	0	0	70	50	0	14	0	3	0	0	0	0
627	2	5	1	0	20	3	180	80	0	0	70	50	0	14	0	3	0	0	0	0
628	7	9	0	0	26	4	150	0	0	0	361	100	0	10	0	3	0	1	1	0
628	7	9	1	0	28	4	280	0	0	0	361	100	0	10	0	3	0	1	1	0
628	9	10	0	0	26	4	180	0	0	0	361	100	0	10	0	3	0	1	1	0
628	9	10	1	0	28	4	280	0	0	0	361	100	0	10	0	3	0	1	1	0
629	3	5	0	0	0	2	380	0	150	0	90	100	45	0	2	1	0	4	1	0
629	3	5	1	0	0	2	400	0	150	0	90	100	50	0	2	2	0	4	1	0
629	20	24	0	0	0	10	400	0	150	0	55	120	0	20	2	3	0	4	2	0
630	7	11	1	0	20	16	280	120	0	0	361	100	0	20	2	3	0	4	2	0
630	7	17	0	0	19	11	220	20	0	0	361	100	0	10	0	3	0	1	2	0
630	11	17	1	0	20	11	240	80	0	0	361	100	0	10	0	3	0	1	2	0
631	11	18	0	0	26	16	300	160	0	0	964	80	0	20	2	3	0	4	2	0
631	11	18	1	0	26	12	150	-16	0	0	361	80	0	20	0	3	0	1	2	0
632	8	16	0	0	10	14	350	80	0	0	110	100	0	15	2	3	0	4	1	0
633	5	9	0	0	0	3	280	0	-150	30	904	100	5	20	0	3	0	1	1	0
633	5	9	1	0	0	3	280	0	40	30	904	100	5	20	0	3	0	1	1	0
633	24	28	0	0	0	5	350	0	-118	30	934	150	0	20	2	3	0	4	1	0
633	24	28	1	0	0	5	280	0	40	30	934	150	0	20	2	3	0	4	1	0
634	7	12	0	0	0	12	180	0	140	160	361	100	0	10	2	3	0	4	1	0
634	7	12	1	0	0	12	280	0	140	350	361	100	0	10	2	3	0	4	1	0
635	7	12	0	0	0	13	180	0	160	160	361	100	0	10	2	3	0	4	1	0
635	7	12	1	0	0	13	280	0	230	350	361	100	0	10	2	3	0	4	1	0
636	7	12	0	0	0	11	180	0	120	160	361	100	0	10	2	3	0	4	1	0
636	7	12	1	0	0	11	280	0	50	350	361	100	0	10	2	3	0	4	1	0
637	5	7	1	0	0	2	200	0	160	140	120	100	30	30	0	3	0	0	0	0
637	5	7	0	0	0	2	200	0	160	-140	120	100	30	30	0	3	0	0	0	0
637	8	13	0	0	0	10	340	0	608	0	80	120	0	20	2	3	0	4	1	0
637	8	13	1	0	0	10	300	0	300	0	80	120	0	20	2	3	0	4	1	0
638	4	10	0	0	25	8	160	20	0	0	361	80	0	10	0	3	0	1	1	0
638	4	10	1	0	26	8	160	100	-49	0	361	80	0	10	0	3	0	1	1	0
639	18	22	0	0	0	20	430	0	384	0	95	125	0	15	2	3	0	4	2	0
639	22	26	0	0	0	20	430	0	544	0	95	125	0	15	2	3	0	4	2	0
639	26	30	0	0	0	18	400	0	750	0	95	120	0	15	2	3	0	4	2	0
640	20	24	0	0	0	17	300	0	50	256	361	100	0	20	2	3	0	4	2	0
641	15	27	0	0	30	1	300	0	0	-81	361	100	0	0	0	3	0	0	1	0
643	16	22	0	0	30	10	300	0	0	0	934	80	0	10	0	3	1	0	2	0
644	18	22	0	0	17	16	200	0	280	0	361	65	0	70	0	3	0	1	2	0
644	18	22	1	0	17	16	180	0	60	0	361	65	0	70	0	3	0	1	2	0
645	7	11	0	0	0	12	280	0	140	120	70	100	0	25	2	3	1	4	1	0
645	11	25	0	0	0	9	250	0	140	120	70	100	0	25	2	3	1	4	1	0
648	4	10	0	0	28	6	280	0	0	0	361	100	100	0	0	3	0	1	1	0
648	4	10	1	0	5	6	150	0	0	0	361	100	100	0	0	3	0	1	1	0
649	3	9	0	0	5	6	150	0	0	0	361	100	100	0	0	3	0	1	1	0
649	3	9	1	0	28	6	280	80	0	0	361	100	100	0	0	3	0	1	1	0
659	0	2	0	0	0	5	320	0	200	180	361	40	0	55	2	3	0	4	0	0
664	0	27	0	0	0	25	300	0	100	0	361	84	0	40	2	3	0	4	2	0
684	20	22	0	0	27	6	300	50	0	-160	361	100	90	0	0	3	1	1	1	0
684	20	22	1	0	26	6	160	0	0	0	361	100	90	0	0	3	1	1	1	0
684	24	28	0	0	27	6	300	50	0	-160	361	100	90	0	0	3	1	1	1	0
684	24	28	1	0	26	6	160	0	0	0	361	100	90	0	0	3	1	1	1	0
685	19	21	0	0	27	6	300	50	0	64	361	100	80	0	0	3	1	1	1	0
685	19	21	1	0	26	6	160	0	0	0	361	100	80	0	0	3	1	1	1	0
685	19	21	2	0	22	6	300	50	0	-128	361	100	80	0	0	3	1	1	1	0
685	19	21	3	0	21	6	160	0	0	0	361	100	80	0	0	3	1	1	1	0
689	4	8	0	0	28	6	270	0	0	0	361	100	100	0	0	3	0	1	1	0
689	4	8	1	0	26	6	240	0	0	0	361	100	100	0	0	3	0	1	1	0
689	4	8	2	0	5	6	160	0	0	0	361	100	100	0	0	3	0	1	1	0
690	9	15	0	0	5	4	150	0	0	0	361	100	100	0	0	3	0	1	1	0
690	9	15	1	0	10	4	280	0	0	0	361	100	100	0	0	3	0	1	1	0
698	6	7	0	0	17	1	280	0	0	0	361	100	0	0	0	3	0	0	1	0
700	18	46	0	0	10	10	300	120	0	0	361	80	0	20	0	3	1	0	2	0
702	3	7	0	0	9	3	180	120	0	0	361	80	0	0	0	3	0	0	0	0
702	3	7	1	0	8	3	180	60	0	0	361	80	0	0	0	3	0	0	0	0
702	3	7	2	0	8	3	180	-60	0	0	361	80	0	0	0	3	0	0	0	0
703	3	7	0	0	16	3	220	120	0	0	361	80	0	0	0	3	0	0	1	0
703	3	7	1	0	15	3	220	30	0	0	361	80	0	0	0	3	0	0	1	0
704	6	10	0	0	14	12	220	16	0	0	361	100	0	0	0	3	1	0	2	0
704	10	26	0	0	14	9	220	16	0	0	361	100	0	0	0	3	1	0	2	0
705	8	16	0	0	26	12	200	20	0	0	361	100	0	10	0	3	0	1	1	0
705	8	16	1	0	27	12	200	140	0	0	361	100	0	10	0	3	0	1	1	0
706	8	16	0	0	26	11	200	20	0	0	361	100	0	10	0	3	0	1	1	0
706	8	16	1	0	27	11	200	140	0	0	361	100	0	10	0	3	0	1	1	0
707	8	16	0	0	26	10	200	20	0	0	361	100	0	10	0	3	0	1	1	0
707	8	16	1	0	27	10	200	140	0	0	361	100	0	10	0	3	0	1	1	0
708	6	14	0	0	12	12	300	0	40	40	70	115	0	20	0	3	0	1	1	0
709	7	13	0	0	16	10	260	160	160	0	96	90	0	30	0	3	0	0	1	0
709	7	13	1	0	15	10	220	30	0	0	96	90	0	30	0	3	0	0	1	0
710	13	18	0	0	27	18	300	60	0	0	361	110	0	20	0	3	0	1	2	0
710	13	18	1	0	25	18	250	20	0	0	361	110	0	20	0	3	0	1	2	0
710	18	26	0	0	27	14	280	60	0	0	361	110	0	10	0	3	0	1	1	0
710	18	26	1	0	25	14	250	20	0	0	361	110	0	10	0	3	0	1	1	0
711	12	16	0	0	16	18	360	120	-40	0	90	115	0	40	0	3	0	0	2	0
711	12	16	1	0	15	18	360	30	-80	100	90	115	0	40	0	3	0	0	2	0
711	16	24	0	0	16	9	300	120	-40	0	90	115	0	10	0	3	0	0	1	0
711	16	24	1	0	15	9	300	30	-80	0	90	115	0	10	0	3	0	0	1	0
712	8	16	0	0	27	16	300	50	0	-160	35	90	0	30	0	3	0	1	2	0
712	8	16	1	0	22	16	300	50	0	160	35	90	0	30	0	3	0	1	2	0
713	5	9	0	0	5	15	210	0	0	0	361	100	0	10	0	3	0	1	2	0
713	5	9	1	0	22	15	210	70	0	0	361	100	0	10	0	3	0	1	2	0
713	5	9	2	0	27	15	180	70	0	0	361	100	0	10	0	3	0	1	2	0
713	9	31	0	0	5	9	210	0	0	0	361	100	0	0	0	3	0	1	1	0
713	9	31	1	0	22	9	210	70	0	0	361	100	0	0	0	3	0	1	1	0
713	9	31	2	0	27	9	180	70	0	0	361	100	0	0	0	3	0	1	1	0
714	6	12	0	0	26	6	280	50	0	0	361	65	0	20	0	3	0	1	2	0
714	6	12	1	0	27	6	320	90	0	0	361	65	0	20	0	3	0	1	2	0
714	18	26	0	0	21	12	280	50	0	0	361	100	0	20	0	3	0	1	2	0
714	18	26	1	0	22	12	320	90	0	0	361	100	0	20	0	3	0	1	2	0
715	11	17	0	0	16	16	280	120	-40	0	361	110	0	10	0	3	0	0	2	0
715	11	17	1	0	15	16	300	30	-80	256	361	110	0	10	0	3	0	0	2	0
716	6	10	0	0	21	15	220	20	0	0	80	110	0	10	0	3	0	1	2	0
716	6	10	1	0	22	15	300	140	0	0	80	110	0	10	0	3	0	1	2	0
716	10	25	0	0	21	12	200	20	0	0	75	110	0	10	0	3	0	1	1	0
716	10	25	1	0	22	12	220	140	0	0	75	110	0	10	0	3	0	1	1	0
717	8	10	0	0	26	3	330	-30	45	0	954	100	30	0	0	3	0	0	1	0
717	8	10	1	0	27	3	330	50	30	0	954	100	30	0	0	3	0	0	1	0
725	21	24	0	0	18	6	200	0	0	240	361	100	90	0	3	3	1	5	1	0
725	21	24	1	0	18	6	200	-50	0	70	361	100	90	0	3	3	1	5	1	0
725	21	24	2	0	16	6	180	0	0	0	361	100	90	0	3	3	1	5	1	0
726	20	24	0	0	18	6	200	0	0	240	361	100	90	0	3	3	1	5	1	0
726	20	24	1	0	18	6	200	-50	0	70	361	100	90	0	3	3	1	5	1	0
726	20	24	2	0	16	6	180	0	0	0	361	100	90	0	3	3	1	5	1	0
730	3	10	0	0	18	6	200	0	0	240	361	100	100	0	3	3	0	5	2	0
730	3	10	1	0	18	6	200	-50	0	70	361	100	100	0	3	3	0	5	2	0
730	3	10	2	0	16	6	180	0	0	0	361	100	100	0	3	3	0	5	2	0
731	12	17	0	0	18	6	200	0	0	240	361	100	100	0	3	3	0	5	2	0
731	12	17	1	0	18	6	200	-50	0	70	361	100	100	0	3	3	0	5	2	0
731	12	17	2	0	16	6	180	0	0	0	361	100	100	0	3	3	0	5	2	0
739	6	7	0	0	9	1	300	0	0	0	361	100	0	0	0	3	0	0	1	0
739	6	7	1	0	8	1	220	-70	0	-100	361	100	0	0	0	3	0	0	1	0
742	4	9	1	0	18	4	180	0	0	250	51	80	0	25	3	3	0	5	1	0
742	4	9	0	0	18	2	160	-50	0	70	51	80	0	15	3	3	0	5	0	0
742	4	9	2	0	16	2	160	0	0	0	51	80	0	15	3	3	0	5	0	0
743	4	10	1	0	18	8	180	0	0	250	361	100	0	25	3	3	0	5	1	0
743	4	10	0	0	18	4	160	-50	0	70	361	100	0	15	3	3	0	5	0	0
743	4	10	2	0	16	4	160	0	0	0	361	100	0	15	3	3	0	5	0	0
744	12	16	0	0	18	12	180	0	0	250	120	90	0	30	3	3	0	5	2	0
744	12	16	1	0	18	8	180	-50	0	50	361	90	0	20	3	3	0	5	1	0
744	12	16	2	0	15	10	180	0	0	0	361	90	0	20	3	3	0	5	1	0
745	7	11	1	0	18	12	180	0	0	250	361	110	0	20	3	3	0	5	2	0
745	7	11	0	0	18	10	180	0	0	60	361	100	0	20	3	3	0	5	1	0
745	7	11	2	0	16	10	160	0	0	0	361	100	0	20	3	3	0	5	1	0
746	5	8	1	0	18	10	180	0	0	250	105	110	0	40	3	3	0	5	2	0
746	5	8	2	0	18	8	160	-50	0	50	55	105	0	30	3	3	0	5	1	0
746	6	8	0	0	16	8	140	0	0	0	55	105	0	30	3	3	0	5	1	0
746	8	13	1	0	18	10	180	0	0	250	79	110	0	40	3	3	0	5	2	0
746	8	13	2	0	18	8	160	-50	0	50	65	105	0	30	3	3	0	5	1	0
746	8	13	0	0	16	8	140	0	0	0	65	105	0	30	3	3	0	5	1	0
747	6	10	1	0	18	10	180	0	0	250	361	110	0	20	3	3	0	5	2	0
747	6	10	0	0	18	8	180	0	0	60	361	70	0	20	3	3	0	5	1	0
747	6	10	2	0	16	8	160	0	0	0	361	70	0	20	3	3	0	5	1	0
748	14	18	1	0	18	18	220	0	0	250	361	100	0	40	3	3	0	7	2	0
748	14	18	0	0	18	16	200	-50	0	50	361	100	0	25	3	3	0	5	2	0
748	14	18	2	0	15	16	200	0	0	0	361	100	0	25	3	3	0	5	2	0
749	12	18	1	0	18	18	220	0	0	250	90	109	0	50	3	3	0	7	2	0
749	12	18	0	0	18	15	220	0	0	70	85	100	0	30	3	3	0	5	2	0
749	12	18	2	0	18	15	320	0	0	-220	85	100	0	30	3	3	0	5	2	0
750	6	8	1	0	18	18	200	0	0	250	80	110	0	45	3	3	0	5	2	0
750	6	8	0	0	18	15	160	0	0	70	65	100	0	25	3	3	0	5	2	0
750	6	8	2	0	16	15	160	0	0	0	65	100	0	25	3	3	0	5	2	0
750	6	8	3	0	6	15	160	0	0	0	65	100	0	25	3	3	0	5	2	0
751	5	7	1	0	18	2	210	0	0	230	65	100	5	30	3	3	0	5	1	0
751	5	7	0	0	18	2	210	-50	0	70	65	100	5	30	3	3	0	5	1	0
751	5	7	3	0	16	2	210	0	0	0	65	100	5	30	3	3	0	5	1	0
751	5	7	2	0	6	2	220	0	0	0	65	100	5	30	0	3	0	5	1	0
751	14	22	1	0	18	13	220	0	0	230	361	100	0	20	3	3	0	5	2	0
751	14	22	0	0	18	13	220	-50	0	60	361	100	0	20	3	3	0	5	2	0
751	14	22	2	0	16	13	220	0	0	0	361	100	0	20	3	3	0	5	2	0
751	14	22	3	0	6	13	220	0	0	0	361	100	0	20	0	3	0	5	2	0
752	4	8	1	0	18	14	180	0	0	250	65	75	0	25	3	3	0	5	2	0
752	4	8	0	0	18	10	160	-50	0	50	361	80	0	15	3	3	0	5	1	0
752	4	8	2	0	16	10	160	0	0	0	361	80	0	15	3	3	0	5	1	0
752	4	8	3	0	6	10	180	0	0	0	361	80	0	15	3	3	0	5	1	0
753	5	10	1	0	18	14	180	0	0	250	361	100	0	20	3	3	0	5	2	0
753	5	10	0	0	18	10	180	0	0	0	361	85	0	15	3	3	0	5	1	0
753	5	10	2	0	16	10	180	0	0	0	361	85	0	15	3	3	0	5	1	0
753	5	10	3	0	6	10	220	0	0	0	361	85	0	15	3	3	0	5	1	0
754	5	11	1	0	18	13	220	0	0	240	80	94	0	20	3	3	0	5	2	0
754	5	11	2	0	18	13	160	-50	0	70	80	94	0	20	3	3	0	5	2	0
754	5	11	0	0	16	8	160	0	0	0	75	100	0	20	3	3	0	5	1	0
754	5	11	3	0	6	8	180	0	0	0	75	100	0	20	3	3	0	5	1	0
755	6	11	0	0	18	14	200	0	0	240	954	100	0	0	3	3	0	5	2	0
755	6	11	1	0	16	8	180	0	0	0	60	100	0	0	3	3	0	5	1	0
755	6	11	2	0	18	14	200	-50	0	70	954	100	0	0	3	3	0	5	2	0
755	11	17	0	0	18	8	200	0	0	240	60	100	0	0	3	3	0	5	1	0
755	11	17	1	0	18	8	180	-50	0	70	60	100	0	0	3	3	0	5	1	0
755	11	17	2	0	16	8	180	0	0	0	60	100	0	0	3	3	0	5	1	0
762	19	22	0	0	19	6	200	0	0	-80	361	100	90	0	0	3	1	0	1	0
762	19	22	1	0	20	6	160	0	0	-150	361	100	90	0	0	3	1	0	1	0
762	19	22	2	0	21	6	160	0	0	-150	361	100	90	0	0	3	1	0	1	0
762	19	22	3	0	22	6	160	0	0	-150	361	100	90	0	0	3	1	0	1	0
763	16	19	0	0	19	6	200	0	0	-80	361	100	90	0	0	3	1	0	1	0
763	16	19	1	0	20	6	160	0	0	-150	361	100	90	0	0	3	1	0	1	0
763	16	19	2	0	21	6	160	0	0	-150	361	100	90	0	0	3	1	0	1	0
763	16	19	3	0	22	6	160	0	0	-150	361	100	90	0	0	3	1	0	1	0
767	3	8	0	0	19	6	220	0	0	-80	361	100	100	0	0	3	0	0	1	0
767	3	8	1	0	20	6	200	0	0	-150	361	100	100	0	0	3	0	0	1	0
767	3	8	2	0	21	6	160	0	0	-150	361	100	100	0	0	3	0	0	1	0
767	3	8	3	0	22	6	160	0	0	-150	361	100	100	0	0	3	0	0	1	0
768	3	7	0	0	18	4	280	0	0	50	361	100	100	0	0	3	0	0	1	0
768	3	7	1	0	17	4	200	0	0	0	361	100	100	0	0	3	0	0	1	0
774	6	7	0	0	18	1	300	-50	0	0	361	100	0	0	0	3	0	0	1	0
776	5	40	0	0	36	10	300	120	0	0	361	80	0	20	0	3	1	0	2	0
777	28	33	0	0	18	10	200	16	0	0	55	50	0	60	0	3	0	0	2	0
777	28	33	1	0	16	10	160	0	0	0	55	50	0	60	0	3	0	0	2	0
779	4	7	0	0	18	4	300	0	0	100	73	100	0	10	7	3	0	3	1	0
779	4	7	1	0	17	4	200	0	0	0	73	100	0	10	7	3	0	3	1	0
780	12	24	0	0	0	14	280	0	220	550	361	100	0	20	7	3	0	3	2	0
780	12	24	1	0	0	14	200	0	220	250	361	100	0	20	7	3	0	3	2	0
780	24	36	0	0	0	12	280	0	220	550	361	100	0	0	7	3	0	3	1	0
780	24	36	1	0	0	12	200	0	220	250	361	100	0	0	7	3	0	3	1	0
781	6	10	0	0	19	13	250	0	0	-80	361	100	0	0	0	3	0	0	1	0
781	6	10	1	0	20	13	230	0	0	-110	361	100	0	0	0	3	0	0	1	0
781	6	10	2	0	21	13	220	0	0	-110	361	100	0	0	0	3	0	0	1	0
781	6	10	3	0	22	13	220	0	0	-110	361	100	0	0	0	3	0	0	1	0
782	6	10	0	0	19	12	250	0	0	-80	361	100	0	0	0	3	0	0	1	0
782	6	10	1	0	20	12	230	0	0	-110	361	100	0	0	0	3	0	0	1	0
782	6	10	2	0	21	12	220	0	0	-110	361	100	0	0	0	3	0	0	1	0
782	6	10	3	0	22	12	220	0	0	-110	361	100	0	0	0	3	0	0	1	0
783	6	10	0	0	19	11	250	0	0	-80	361	100	0	0	0	3	0	0	1	0
783	6	10	1	0	20	11	230	0	0	-110	361	100	0	0	0	3	0	0	1	0
783	6	10	2	0	21	11	220	0	0	-110	361	100	0	0	0	3	0	0	1	0
783	6	10	3	0	22	11	220	0	0	-110	361	100	0	0	0	3	0	0	1	0
784	6	8	0	0	19	10	300	0	0	-80	105	58	0	80	0	3	0	0	2	0
784	6	8	1	0	20	10	250	0	0	-110	105	58	0	80	0	3	0	0	2	0
784	6	8	2	0	21	10	160	0	0	-80	105	58	0	80	0	3	0	0	2	0
784	6	8	3	0	22	10	160	0	0	-80	105	58	0	80	0	3	0	0	2	0
784	8	14	0	0	19	6	300	0	0	-80	80	60	0	70	0	3	0	0	1	0
784	8	14	1	0	20	6	250	0	0	-110	80	60	0	70	0	3	0	0	1	0
784	8	14	2	0	21	6	160	0	0	-80	80	60	0	70	0	3	0	0	1	0
784	8	14	3	0	22	6	160	0	0	-80	80	60	0	70	0	3	0	0	1	0
785	5	10	0	0	19	10	220	0	0	-80	75	100	0	15	0	3	0	0	1	0
785	5	10	1	0	20	10	200	0	0	-110	75	100	0	15	0	3	0	0	1	0
785	5	10	2	0	21	10	160	0	0	-110	80	100	0	15	0	3	0	0	1	0
785	5	10	3	0	22	10	160	0	0	-110	80	100	0	15	0	3	0	0	1	0
786	18	26	0	0	0	19	400	0	450	700	361	105	0	20	7	3	0	3	2	0
786	18	26	1	0	0	19	230	0	300	380	361	105	0	20	7	3	0	3	2	0
787	18	26	0	0	0	18	400	0	300	700	361	105	0	20	7	3	0	3	2	0
787	18	26	1	0	0	18	230	0	300	380	361	105	0	20	7	3	0	3	2	0
788	18	26	0	0	0	17	400	0	150	700	361	105	0	20	7	3	0	3	2	0
788	18	26	1	0	0	17	230	0	300	380	361	105	0	20	7	3	0	3	2	0
789	10	12	0	0	0	1	420	0	400	0	115	100	40	0	7	3	0	3	1	0
789	10	12	1	0	0	1	420	0	820	0	909	100	13	0	7	3	0	3	1	0
789	16	18	0	0	0	1	420	0	400	0	115	100	40	0	7	3	0	3	1	0
789	16	18	1	0	0	1	420	0	820	0	909	100	13	0	7	3	0	3	1	0
789	22	24	0	0	0	1	420	0	400	0	115	100	40	0	7	3	0	3	1	0
789	22	24	1	0	0	1	420	0	820	0	909	100	13	0	7	3	0	3	1	0
789	28	30	0	0	0	1	420	0	400	0	115	100	40	0	7	3	0	3	1	0
789	28	30	1	0	0	1	420	0	820	0	909	100	13	0	7	3	0	3	1	0
789	34	42	0	0	0	12	360	0	400	0	85	130	0	40	7	3	0	3	2	0
789	34	42	1	0	0	12	420	0	820	0	85	130	0	40	7	3	0	3	2	0
790	14	22	0	0	0	16	300	0	100	420	40	100	0	20	7	3	0	3	2	0
790	14	22	1	0	17	16	230	0	0	0	40	100	0	20	7	3	0	3	2	0
791	5	7	0	0	0	1	406	0	300	-40	924	100	30	0	0	3	0	4	1	0
791	5	7	1	0	0	1	406	0	100	-40	100	100	30	0	0	3	0	4	1	0
791	31	33	0	0	0	8	550	0	220	-40	361	80	0	20	2	3	0	4	2	0
792	5	13	0	0	10	16	250	0	0	0	80	118	0	0	7	3	0	5	2	0
792	5	13	1	0	8	16	200	0	0	0	80	118	0	0	7	3	0	5	2	0
793	8	11	0	0	19	12	220	0	0	-80	361	100	0	0	0	3	0	0	2	0
793	8	11	1	0	20	12	200	0	0	-110	361	100	0	0	0	3	0	0	2	0
793	8	11	2	0	21	12	160	0	0	-80	361	100	0	0	0	3	0	0	2	0
793	8	11	3	0	22	12	160	0	0	-80	361	100	0	0	0	3	0	0	2	0
793	11	19	0	0	19	8	220	0	0	-80	361	100	0	0	0	3	0	0	1	0
793	11	19	1	0	20	8	200	0	0	-110	361	100	0	0	0	3	0	0	1	0
793	11	19	2	0	21	8	160	0	0	-80	361	100	0	0	0	3	0	0	1	0
793	11	19	3	0	22	8	160	0	0	-80	361	100	0	0	0	3	0	0	1	0
794	6	14	0	0	19	13	250	0	0	-80	361	120	0	0	0	3	0	0	2	0
794	6	14	1	0	20	13	230	0	0	-80	361	120	0	0	0	3	0	0	2	0
794	6	14	2	0	21	13	160	0	0	-80	361	120	0	0	0	3	0	0	2	0
794	6	14	3	0	22	13	160	0	0	-80	361	120	0	0	0	3	0	0	2	0
795	8	16	0	0	34	14	250	0	0	0	934	100	0	0	0	3	0	1	2	0
795	8	16	1	0	31	14	220	0	0	0	934	100	0	0	0	3	0	1	2	0
795	8	16	2	0	6	14	250	0	0	0	934	100	0	0	0	3	0	1	2	0
796	0	2	0	0	0	6	500	0	220	-40	361	76	0	15	2	3	0	4	2	0
805	15	21	0	0	36	4	220	0	0	0	20	100	0	20	2	1	0	4	1	0
805	15	21	1	0	36	4	220	0	0	0	20	100	0	20	8	2	0	4	1	0
807	2	4	0	0	10	1	300	0	0	-200	80	120	0	10	7	3	0	3	1	0
807	2	4	1	0	9	1	200	0	0	0	80	120	0	10	7	3	0	3	1	0
816	6	10	0	0	14	12	220	16	0	0	361	100	0	0	0	3	1	0	2	0
816	10	26	0	0	14	9	220	16	0	0	361	100	0	0	0	3	1	0	2	0
817	4	8	0	0	0	12	260	0	200	0	361	70	0	40	3	3	1	5	1	0
817	8	24	0	0	0	8	260	0	200	0	361	70	0	40	3	3	1	5	1	0
823	16	19	0	0	23	6	220	0	0	0	361	100	90	0	0	3	1	1	1	0
823	25	28	0	0	28	6	220	0	0	0	361	100	90	0	0	3	1	1	1	0
824	18	20	0	0	28	6	220	0	0	0	361	100	90	0	0	3	1	1	1	0
824	25	28	0	0	28	6	220	0	0	0	361	100	90	0	0	3	1	1	1	0
828	2	10	0	0	25	4	220	-36	-64	0	361	100	100	0	0	3	0	1	1	0
829	10	14	0	0	28	4	220	0	0	0	361	100	100	0	0	3	0	1	1	0
829	10	14	1	0	23	4	256	0	0	0	361	100	100	0	0	3	0	1	1	0
838	6	7	0	0	0	1	284	0	288	220	361	100	0	0	0	3	0	0	1	0
842	3	5	0	0	8	3	200	140	0	0	70	100	20	0	0	3	0	6	0	0
842	3	5	1	0	8	3	200	0	0	0	70	100	20	0	0	3	0	6	0	0
843	2	5	0	0	10	7	220	20	0	30	361	80	0	20	0	3	0	6	0	0
843	2	5	1	0	8	7	220	0	0	0	361	80	0	20	0	3	0	6	0	0
844	5	9	0	0	20	9	230	0	0	0	80	60	0	80	0	3	0	0	2	0
844	5	9	1	0	20	9	250	140	0	0	80	60	0	80	0	3	0	0	2	0
844	9	20	0	0	20	7	230	0	0	0	361	70	0	20	0	3	0	0	1	0
844	9	20	1	0	20	7	250	140	0	0	361	70	0	20	0	3	0	0	1	0
845	6	14	0	0	25	12	250	0	0	0	105	120	0	20	0	3	0	1	1	0
845	6	14	1	0	25	12	250	240	0	0	105	120	0	20	0	3	0	1	1	0
846	7	13	0	0	12	11	300	0	40	40	75	100	0	20	0	3	0	1	1	0
847	7	11	0	0	9	14	220	160	-56	0	934	80	0	60	0	2	0	0	2	0
847	7	11	1	0	9	14	220	160	-56	0	80	100	0	20	0	1	0	0	1	0
847	7	11	2	0	8	14	200	0	0	0	934	80	0	60	0	2	0	0	2	0
847	7	11	3	0	8	14	200	0	0	0	80	100	0	20	0	1	0	0	1	0
848	15	19	0	0	18	17	160	0	0	0	70	113	0	30	0	3	0	0	2	0
848	15	19	1	0	18	17	250	0	128	0	70	113	0	30	0	3	0	0	2	0
849	15	19	0	0	18	16	160	0	0	0	361	113	0	25	0	3	0	0	2	0
849	15	19	1	0	18	16	250	0	168	0	361	113	0	25	0	3	0	0	2	0
850	15	19	0	0	18	15	200	0	32	0	35	100	0	20	0	3	0	0	2	0
850	15	19	1	0	18	15	200	0	192	0	35	100	0	20	0	3	0	0	2	0
850	15	19	2	0	18	15	200	0	352	0	35	100	0	20	0	3	0	0	2	0
851	13	17	0	0	16	16	380	115	10	0	90	100	0	40	0	3	0	0	2	0
851	13	17	1	0	25	16	380	0	0	0	90	100	0	40	0	3	0	0	2	0
851	17	25	0	0	16	16	330	50	10	0	90	100	0	40	0	3	0	0	2	0
851	17	25	1	0	25	16	330	0	0	0	90	100	0	40	0	3	0	0	2	0
852	5	7	0	0	0	14	230	0	64	64	140	90	0	40	0	3	-2	1	2	0
852	5	7	1	0	0	14	230	0	64	256	140	90	0	40	0	3	-2	1	2	0
852	5	7	2	0	0	14	230	0	64	-113	140	90	0	40	0	3	-2	1	2	0
852	5	7	3	0	0	14	230	0	64	-257	140	90	0	40	0	3	-2	1	2	0
852	9	11	0	0	0	14	230	0	64	64	140	90	0	40	0	3	-2	1	2	0
852	9	11	1	0	0	14	230	0	64	256	140	90	0	40	0	3	-2	1	2	0
852	9	11	2	0	0	14	230	0	64	-113	140	90	0	40	0	3	-2	1	2	0
852	9	11	3	0	0	14	230	0	64	-257	140	90	0	40	0	3	-2	1	2	0
852	13	15	0	0	0	14	230	0	64	64	140	90	0	40	0	3	-2	1	2	0
852	13	15	1	0	0	14	230	0	64	256	140	90	0	40	0	3	-2	1	2	0
852	13	15	2	0	0	14	230	0	64	-113	140	90	0	40	0	3	-2	1	2	0
852	13	15	3	0	0	14	230	0	64	-257	140	90	0	40	0	3	-2	1	2	0
852	17	19	0	0	0	14	230	0	64	64	140	90	0	40	0	3	-2	1	2	0
852	17	19	1	0	0	14	230	0	64	256	140	90	0	40	0	3	-2	1	2	0
852	17	19	2	0	0	14	230	0	64	-113	140	90	0	40	0	3	-2	1	2	0
852	17	19	3	0	0	14	230	0	64	-257	140	90	0	40	0	3	-2	1	2	0
852	21	23	0	0	0	14	230	0	64	64	140	90	0	40	0	3	-2	1	2	0
852	21	23	1	0	0	14	230	0	64	256	140	90	0	40	0	3	-2	1	2	0
852	21	23	2	0	0	14	230	0	64	-113	140	90	0	40	0	3	-2	1	2	0
852	21	23	3	0	0	14	230	0	64	-257	140	90	0	40	0	3	-2	1	2	0
853	3	7	0	0	8	14	220	140	0	0	361	100	0	20	0	3	0	0	2	0
853	3	7	1	0	15	14	220	140	0	0	361	100	0	20	0	3	0	0	2	0
853	3	7	2	0	19	14	220	0	0	0	361	100	0	20	0	3	0	0	2	0
853	7	31	0	0	8	10	220	140	0	0	361	100	0	0	0	3	0	0	1	0
853	7	31	1	0	15	10	220	140	0	0	361	100	0	0	0	3	0	0	1	0
853	7	31	2	0	19	10	220	0	0	0	361	100	0	0	0	3	0	0	1	0
854	15	20	0	0	8	18	240	140	0	0	361	100	0	25	0	3	0	0	2	0
854	15	20	1	0	8	18	200	0	0	0	361	100	0	25	0	3	0	0	2	0
855	6	9	0	0	25	14	340	-49	20	0	361	97	0	10	0	3	0	1	2	0
855	6	9	1	0	25	14	300	100	0	0	361	97	0	10	0	3	0	1	2	0
855	9	21	0	0	25	10	300	22	0	0	361	97	0	10	0	3	0	1	1	0
855	9	21	1	0	25	10	250	100	0	0	361	97	0	10	0	3	0	1	1	0
856	7	14	0	1	5	15	280	0	-33	0	80	120	0	10	0	3	0	1	2	0
856	7	14	1	1	25	15	280	170	0	0	80	120	0	10	0	3	0	1	2	0
857	9	11	0	0	26	3	320	-33	0	40	90	100	30	0	0	3	0	0	1	0
857	9	11	1	0	27	3	320	-40	0	20	90	100	30	0	0	3	0	0	1	0
857	15	17	0	0	29	3	320	20	0	0	90	100	30	0	0	3	0	0	1	0
857	15	17	1	0	30	3	320	60	0	0	90	100	30	0	0	3	0	0	1	0
857	21	23	0	0	26	3	320	-65	0	40	90	100	30	0	0	3	0	0	1	0
857	21	23	1	0	27	3	320	-40	0	20	90	100	30	0	0	3	0	0	1	0
857	27	29	0	0	29	3	320	20	0	0	90	100	30	0	0	3	0	0	1	0
857	27	29	1	0	30	3	320	60	0	0	90	100	30	0	0	3	0	0	1	0
858	6	7	0	0	30	1	280	-40	0	0	361	100	0	0	0	3	0	0	1	0
860	11	19	0	0	20	10	230	140	0	0	361	90	0	10	0	3	1	1	2	0
860	11	19	1	0	20	10	230	0	0	0	361	90	0	10	0	3	1	1	2	0
870	5	11	0	0	8	12	250	0	0	-20	361	100	0	20	0	3	0	1	2	0
870	11	22	0	0	8	10	200	0	0	-20	361	100	0	20	0	3	0	1	2	0
871	6	18	0	0	14	10	180	0	0	0	80	100	0	40	0	3	0	0	1	0
871	6	18	1	0	15	10	290	60	0	0	80	100	0	40	0	3	0	0	1	0
872	4	8	0	0	25	12	230	100	0	0	35	80	0	20	0	3	0	0	1	0
872	4	8	1	0	25	12	230	-49	0	0	35	80	0	20	0	3	0	0	1	0
873	14	18	0	0	0	18	370	0	280	200	361	105	0	20	0	3	0	1	2	0
873	18	23	0	0	0	13	350	0	180	200	361	105	0	20	0	3	0	1	1	0
874	6	10	0	0	25	15	200	0	0	0	70	120	0	21	0	3	0	1	2	0
874	6	10	1	0	25	15	280	70	0	0	70	120	0	21	0	3	0	1	2	0
874	10	22	0	0	25	8	200	0	0	0	361	100	0	10	0	3	0	1	1	0
874	10	22	1	0	25	8	230	70	0	0	361	100	0	10	0	3	0	1	1	0
875	4	8	0	0	5	14	210	0	0	0	361	100	0	20	0	3	0	1	2	0
875	4	8	1	0	20	14	210	70	0	0	361	100	0	20	0	3	0	1	2	0
875	4	8	2	0	25	14	180	70	0	0	361	100	0	20	0	3	0	1	2	0
875	8	32	0	0	5	9	210	0	0	0	361	100	0	10	0	3	0	1	1	0
875	8	32	1	0	20	9	210	70	0	0	361	100	0	10	0	3	0	1	1	0
875	8	32	2	0	25	9	180	70	0	0	361	100	0	10	0	3	0	1	1	0
876	7	10	0	0	24	5	260	0	0	0	361	100	0	0	0	3	0	1	2	0
876	7	10	1	0	25	5	280	120	0	0	361	100	0	0	0	3	0	1	2	0
876	15	18	0	0	19	5	260	0	0	0	361	100	0	0	0	3	0	1	2	0
876	15	18	1	0	20	5	280	120	0	0	361	100	0	0	0	3	0	1	2	0
876	25	28	0	0	24	5	260	0	0	0	361	100	0	0	0	3	0	1	2	0
876	25	28	1	0	25	5	280	120	0	0	361	100	0	0	0	3	0	1	2	0
876	33	36	0	0	19	5	260	0	0	0	361	100	0	0	0	3	0	1	2	0
876	33	36	1	0	20	5	280	120	0	0	361	100	0	0	0	3	0	1	2	0
876	42	45	0	0	24	5	260	0	0	0	361	100	0	0	0	3	0	1	2	0
876	42	45	1	0	25	5	280	120	0	0	361	100	0	0	0	3	0	1	2	0
877	4	8	0	0	5	14	220	0	0	0	361	100	0	15	0	3	0	1	2	0
877	4	8	1	0	25	14	250	120	0	0	361	100	0	15	0	3	0	1	2	0
877	4	8	2	0	20	8	200	60	0	0	361	100	0	0	0	3	0	1	1	0
877	8	23	0	0	5	8	200	0	0	0	361	100	0	0	0	3	0	1	1	0
877	8	23	1	0	25	8	240	120	0	0	361	100	0	0	0	3	0	1	1	0
877	8	23	2	0	20	8	200	60	0	0	361	100	0	0	0	3	0	1	1	0
878	4	8	0	0	24	15	200	0	0	0	65	100	0	10	0	3	0	1	2	0
878	4	8	1	0	25	15	260	120	0	0	65	100	0	10	0	3	0	1	2	0
878	8	16	0	0	24	12	200	0	0	0	40	100	0	10	0	3	0	1	2	0
878	8	16	1	0	25	12	250	120	0	0	40	100	0	10	0	3	0	1	2	0
879	4	8	0	0	20	14	310	-40	45	0	954	100	0	0	0	3	0	1	2	0
879	4	8	1	0	20	14	360	30	30	0	954	100	0	0	0	3	0	1	2	0
879	8	26	0	0	20	9	310	-40	45	0	361	100	0	0	0	3	0	1	1	0
879	8	26	1	0	20	9	360	30	30	0	361	100	0	0	0	3	0	1	1	0
886	12	18	0	0	12	8	400	0	100	300	55	30	0	60	0	3	0	1	2	0
886	12	18	1	0	12	8	400	300	100	300	55	30	0	60	0	3	0	1	2	0
887	24	30	0	0	12	8	400	0	100	300	55	30	0	60	0	3	0	1	2	0
887	24	30	1	0	12	8	400	300	100	300	55	30	0	60	0	3	0	1	2	0
890	0	2	0	0	0	10	350	0	0	0	90	100	102	0	0	2	0	1	2	0
890	0	2	1	0	0	10	350	0	0	-300	90	100	102	0	0	2	0	1	2	0
890	0	2	2	0	0	10	350	0	0	300	90	100	102	0	0	2	0	1	2	0
893	10	25	0	0	12	6	400	0	0	0	361	100	5	70	0	3	0	1	1	0
893	10	25	1	0	12	6	400	360	100	300	361	100	5	70	0	3	0	1	1	0
895	6	16	0	0	0	6	500	0	100	150	361	100	100	0	0	3	0	1	2	0
895	6	16	1	0	0	6	500	0	100	-200	361	100	100	0	0	3	0	1	2	0
896	6	14	0	0	12	6	400	0	100	0	361	100	100	0	0	3	0	1	2	0
896	6	14	1	0	12	6	400	0	100	300	361	100	100	0	0	3	0	1	2	0
903	12	28	0	0	15	1	360	0	0	0	361	100	0	0	0	3	0	0	1	0
903	12	28	1	0	16	1	300	0	0	0	361	100	0	0	0	3	0	0	1	0
908	4	10	0	0	12	10	400	0	100	300	361	100	0	20	0	3	0	1	2	0
908	4	10	1	0	12	10	400	300	100	300	361	100	0	20	0	3	0	1	2	0
909	10	20	0	0	12	12	400	0	100	300	361	100	0	20	3	3	0	5	2	0
909	10	20	1	0	12	12	400	300	100	300	361	100	0	20	3	3	0	5	2	0
910	6	12	0	0	12	14	400	0	100	300	361	100	0	20	3	3	0	5	1	0
910	6	12	1	0	12	14	400	300	100	300	361	100	0	20	3	3	0	5	1	0
911	6	14	0	0	12	14	700	100	0	220	90	100	0	30	0	3	0	1	2	0
912	8	14	0	0	12	12	400	0	100	300	105	50	0	60	0	3	0	1	2	0
912	8	14	1	0	12	12	400	300	100	300	105	50	0	60	0	3	0	1	2	0
913	10	20	0	0	12	18	400	0	100	300	361	100	0	30	3	3	0	5	2	0
913	10	20	1	0	12	18	400	300	100	300	361	100	0	30	3	3	0	5	2	0
914	10	18	0	0	12	16	400	0	100	300	80	130	0	30	0	3	0	1	2	0
914	10	18	1	0	12	16	400	300	100	300	80	130	0	30	0	3	0	1	2	0
914	33	36	0	0	0	10	350	0	0	0	90	100	102	0	0	2	0	1	2	0
914	33	36	1	0	0	10	350	0	0	-300	90	100	102	0	0	2	0	1	2	0
914	33	36	2	0	0	10	350	0	0	300	90	100	102	0	0	2	0	1	2	0
915	10	14	0	0	12	8	460	0	0	0	140	100	0	30	0	3	0	1	2	0
915	10	14	1	0	12	8	460	360	100	300	140	100	0	30	0	3	0	1	2	0
915	15	19	0	0	12	8	460	0	0	0	140	100	0	30	0	3	0	1	2	0
915	15	19	1	0	12	8	460	360	100	300	140	100	0	30	0	3	0	1	2	0
915	20	24	0	0	12	8	460	0	0	0	140	100	0	30	0	3	0	1	2	0
915	20	24	1	0	12	8	460	360	100	300	140	100	0	30	0	3	0	1	2	0
915	25	29	0	0	12	8	460	0	0	0	140	100	0	30	0	3	0	1	2	0
915	25	29	1	0	12	8	460	360	100	300	140	100	0	30	0	3	0	1	2	0
915	30	34	0	0	12	8	460	0	0	0	140	100	0	30	0	3	0	1	2	0
915	30	34	1	0	12	8	460	360	100	300	140	100	0	30	0	3	0	1	2	0
915	35	39	0	0	12	8	460	0	0	0	140	100	0	30	0	3	0	1	2	0
915	35	39	1	0	12	8	460	360	100	300	140	100	0	30	0	3	0	1	2	0
916	4	12	0	0	8	16	400	0	0	0	361	100	0	20	0	3	0	1	2	0
916	4	12	1	0	12	16	400	0	0	0	361	100	0	20	0	3	0	1	2	0
916	4	12	2	0	12	16	400	360	100	300	361	100	0	20	0	3	0	1	2	0
916	12	32	0	0	8	10	400	0	0	0	361	100	0	10	0	3	0	1	1	0
916	12	32	1	0	12	10	400	0	0	0	361	100	0	10	0	3	0	1	1	0
916	12	32	2	0	12	10	400	360	100	300	361	100	0	10	0	3	0	1	1	0
917	8	16	0	0	12	14	400	0	0	300	361	100	0	10	3	3	0	5	2	0
917	8	16	1	0	12	14	400	300	0	300	361	100	0	10	3	3	0	5	2	0
918	6	14	0	0	12	14	380	0	100	280	361	100	0	20	0	3	0	1	2	0
918	6	14	1	0	12	14	380	300	100	280	361	100	0	20	0	3	0	1	2	0
918	6	14	2	0	12	14	320	0	50	0	361	100	0	20	0	3	0	1	2	0
918	6	14	3	0	12	14	320	300	50	0	361	100	0	20	0	3	0	1	2	0
919	3	15	0	0	12	12	400	0	100	300	80	100	0	30	0	3	0	1	2	0
919	3	15	1	0	12	12	400	300	100	300	80	100	0	30	0	3	0	1	2	0
919	27	33	0	0	12	10	400	0	100	300	60	100	0	20	3	3	0	5	2	0
919	27	33	1	0	12	10	400	300	100	300	60	100	0	20	3	3	0	5	2	0
920	12	34	0	0	12	12	500	100	0	220	934	100	0	15	0	3	0	1	2	0
921	0	4	0	0	0	10	350	0	0	0	90	100	102	0	0	2	0	1	2	0
921	0	4	1	0	0	10	350	0	0	-300	90	100	102	0	0	2	0	1	2	0
921	0	4	2	0	0	10	350	0	0	300	90	100	102	0	0	2	0	1	2	0
924	13	17	0	0	5	8	700	0	0	0	65	100	5	120	0	3	0	1	2	0
924	17	33	0	0	5	8	700	0	0	0	60	100	5	80	0	3	0	1	2	0
924	39	47	0	0	12	14	500	0	100	300	361	90	0	40	3	3	0	5	2	0
924	39	47	1	0	12	14	500	300	100	300	361	90	0	40	3	3	0	5	2	0
932	21	24	0	0	18	6	200	0	0	240	361	100	90	0	3	3	1	5	1	0
932	21	24	1	0	18	6	200	-50	0	70	361	100	90	0	3	3	1	5	1	0
932	21	24	2	0	16	6	180	0	0	0	361	100	90	0	3	3	1	5	1	0
933	20	24	0	0	18	6	200	0	0	240	361	100	90	0	3	3	1	5	1	0
933	20	24	1	0	18	6	200	-50	0	70	361	100	90	0	3	3	1	5	1	0
933	20	24	2	0	16	6	180	0	0	0	361	100	90	0	3	3	1	5	1	0
937	3	10	0	0	18	6	200	0	0	240	361	100	100	0	3	3	0	5	2	0
937	3	10	1	0	18	6	200	-50	0	70	361	100	100	0	3	3	0	5	2	0
937	3	10	2	0	16	6	180	0	0	0	361	100	100	0	3	3	0	5	2	0
938	12	17	0	0	18	6	200	0	0	240	361	100	100	0	3	3	0	5	2	0
938	12	17	1	0	18	6	200	-50	0	70	361	100	100	0	3	3	0	5	2	0
938	12	17	2	0	16	6	180	0	0	0	361	100	100	0	3	3	0	5	2	0
945	6	7	0	0	9	1	300	0	0	0	361	100	0	0	0	3	0	0	1	0
945	6	7	1	0	8	1	220	-70	0	-100	361	100	0	0	0	3	0	0	1	0
949	4	9	1	0	18	4	180	0	0	250	65	120	0	30	3	3	0	5	0	0
949	4	9	0	0	18	6	160	-50	0	70	65	120	0	30	3	3	0	5	1	0
949	4	9	2	0	16	6	160	0	0	0	65	120	0	30	3	3	0	5	1	0
950	9	13	1	0	18	10	200	0	0	330	361	105	0	10	3	3	0	5	2	0
950	9	13	0	0	18	15	180	-50	0	50	361	105	0	10	3	3	0	5	2	0
950	9	13	2	0	15	15	180	0	0	0	361	90	0	20	3	3	0	5	2	0
951	7	11	0	0	18	10	180	0	0	250	361	100	0	20	3	3	0	5	1	0
951	7	11	1	0	18	12	180	0	0	60	361	110	0	20	3	3	0	5	2	0
951	7	11	2	0	16	12	160	0	0	0	361	110	0	20	3	3	0	5	2	0
952	5	8	1	0	18	8	180	0	0	250	55	105	0	30	3	3	0	5	1	0
952	5	8	2	0	18	10	160	-50	0	50	105	110	0	40	3	3	0	5	2	0
952	5	8	0	0	16	10	160	0	0	0	105	110	0	40	3	3	0	5	2	0
952	8	13	1	0	18	8	180	0	0	250	65	105	0	30	3	3	0	5	1	0
952	8	13	2	0	18	10	160	-50	0	50	79	110	0	40	3	3	0	5	2	0
952	8	13	0	0	16	10	160	0	0	0	79	110	0	40	3	3	0	5	2	0
953	6	10	0	0	18	8	180	0	0	250	85	55	0	70	3	3	0	5	1	0
953	6	10	1	0	18	10	180	0	0	60	85	60	0	70	3	3	0	5	2	0
953	6	10	2	0	16	10	160	0	0	0	85	60	0	70	3	3	0	5	2	0
954	14	18	1	0	18	16	220	0	0	250	361	100	0	25	3	3	0	5	2	0
954	14	18	2	0	18	18	200	-50	0	50	361	100	0	40	1	3	0	5	2	0
954	14	18	0	0	15	18	200	0	0	0	361	100	0	40	1	3	0	5	2	0
955	15	17	0	0	18	1	220	0	0	70	115	100	40	0	1	3	0	3	1	0
955	15	17	1	0	18	1	220	0	0	250	909	100	13	0	1	3	0	3	1	0
955	15	17	2	0	18	1	320	0	0	-220	115	100	40	0	1	3	0	3	1	0
955	17	19	0	0	18	1	220	0	0	70	115	100	40	0	1	3	0	3	1	0
955	17	19	1	0	18	1	220	0	0	250	909	100	13	0	1	3	0	3	1	0
955	17	19	2	0	18	1	320	0	0	-220	115	100	40	0	1	3	0	3	1	0
955	19	21	0	0	18	1	220	0	0	70	115	100	40	0	1	3	0	3	1	0
955	19	21	1	0	18	1	220	0	0	250	909	100	13	0	1	3	0	3	1	0
955	19	21	2	0	18	1	320	0	0	-220	115	100	40	0	1	3	0	3	1	0
955	21	23	0	0	18	1	220	0	0	70	115	100	40	0	1	3	0	3	1	0
955	21	23	1	0	18	1	220	0	0	250	909	100	13	0	1	3	0	3	1	0
955	21	23	2	0	18	1	320	0	0	-220	115	100	40	0	1	3	0	3	1	0
955	23	25	0	0	18	1	220	0	0	70	115	100	40	0	1	3	0	3	1	0
955	23	25	1	0	18	1	220	0	0	250	909	100	13	0	1	3	0	3	1	0
955	23	25	2	0	18	1	320	0	0	-220	115	100	40	0	1	3	0	3	1	0
955	25	27	0	0	18	1	220	0	0	70	115	100	40	0	1	3	0	3	1	0
955	25	27	1	0	18	1	220	0	0	250	909	100	13	0	1	3	0	3	1	0
955	25	27	2	0	18	1	320	0	0	-220	115	100	40	0	1	3	0	3	1	0
955	27	33	1	0	18	13	320	0	0	250	85	125	0	40	1	3	0	5	2	0
955	27	33	0	0	18	13	320	0	0	70	85	125	0	40	1	3	0	5	2	0
955	27	33	2	0	18	13	320	0	0	-220	85	125	0	40	1	3	0	5	2	0
956	6	8	0	0	18	8	200	0	0	250	155	100	40	35	3	3	0	5	2	0
956	6	8	1	0	18	8	160	0	0	70	155	100	40	30	3	3	0	5	2	0
956	6	8	2	0	16	8	160	0	0	0	155	100	40	25	3	3	0	5	2	0
956	6	8	3	0	6	8	160	0	0	0	155	100	40	20	3	3	0	5	2	0
956	21	26	0	0	18	15	250	0	0	250	100	110	0	40	1	3	0	5	2	0
956	21	26	1	0	18	15	250	0	0	70	100	110	0	40	1	3	0	5	2	0
956	21	26	2	0	16	15	250	0	0	0	100	110	0	40	1	3	0	5	2	0
956	21	26	3	0	6	15	250	0	0	0	100	110	0	40	1	3	0	5	2	0
957	5	7	1	0	18	2	210	0	0	230	65	100	5	30	3	3	0	5	1	0
957	5	7	0	0	18	2	210	-50	0	70	65	100	5	30	3	3	0	5	1	0
957	5	7	3	0	16	2	210	0	0	0	65	100	5	30	3	3	0	5	1	0
957	5	7	2	0	6	2	220	0	0	0	65	100	5	30	0	3	0	5	1	0
957	14	22	1	0	18	13	220	0	0	230	361	100	0	20	3	3	0	5	2	0
957	14	22	0	0	18	13	220	-50	0	60	361	100	0	20	3	3	0	5	2	0
957	14	22	2	0	16	13	220	0	0	0	361	100	0	20	3	3	0	5	2	0
957	14	22	3	0	6	13	220	0	0	0	361	100	0	20	3	3	0	5	2	0
958	4	8	1	0	18	10	180	0	0	250	361	80	0	15	3	3	0	5	1	0
958	4	8	2	0	18	14	160	-50	0	50	361	80	0	25	3	3	0	5	2	0
958	4	8	3	0	16	14	160	0	0	0	361	80	0	25	3	3	0	5	2	0
958	4	8	0	0	6	14	180	0	0	0	361	80	0	25	3	3	0	5	2	0
959	5	10	2	0	18	10	180	0	0	250	361	85	0	15	3	3	0	5	1	0
959	5	10	3	0	18	14	180	0	0	0	361	100	0	20	3	3	0	5	2	0
959	5	10	0	0	16	14	180	0	0	0	361	100	0	20	3	3	0	5	2	0
959	5	10	1	0	6	14	220	0	0	0	361	100	0	20	3	3	0	5	2	0
960	5	11	2	0	18	8	220	0	0	240	75	100	0	20	3	3	0	5	1	0
960	5	11	3	0	18	8	160	-50	0	70	75	100	0	20	3	3	0	5	1	0
960	5	11	0	0	16	13	160	0	0	0	80	94	0	20	3	3	0	5	2	0
960	5	11	1	0	6	13	180	0	0	0	80	94	0	20	3	3	0	5	2	0
961	6	11	1	0	18	8	200	0	0	240	110	100	0	0	3	3	0	5	1	0
961	6	11	2	0	18	14	200	-50	0	70	934	100	0	0	3	3	0	5	2	0
961	6	11	0	0	16	14	180	0	0	0	934	100	0	0	3	3	0	5	2	0
961	11	17	1	0	18	8	200	0	0	240	110	100	0	0	3	3	0	5	1	0
961	11	17	2	0	18	8	180	-50	0	70	110	100	0	0	3	3	0	5	1	0
961	11	17	0	0	16	8	180	0	0	0	110	100	0	0	3	3	0	5	1	0
965	42	48	0	0	20	10	230	140	0	0	361	90	0	10	0	3	1	1	2	0
965	42	48	1	0	20	10	230	0	0	0	361	90	0	10	0	3	1	1	2	0
966	3	8	0	0	10	2	230	20	0	0	361	50	0	10	0	3	0	0	0	0
966	3	8	1	0	8	2	200	0	0	0	361	50	0	10	0	3	0	0	0	0
967	3	7	0	0	16	2	230	70	0	0	70	50	0	10	0	3	0	0	0	0
967	3	7	1	0	14	2	200	0	0	0	70	50	0	10	0	3	0	0	0	0
968	5	14	0	0	19	6	200	20	0	0	35	100	0	10	0	3	0	1	1	0
968	5	14	1	0	20	6	280	140	0	0	35	100	0	10	0	3	0	1	1	0
969	4	8	0	0	0	12	300	0	200	0	361	70	0	40	3	3	1	5	1	0
969	8	24	0	0	0	8	300	0	200	0	361	70	0	40	3	3	1	5	1	0
970	7	13	0	0	18	12	200	20	0	0	361	100	0	10	0	3	0	1	1	0
970	7	13	1	0	22	12	296	32	60	0	361	100	0	10	0	3	0	1	1	0
971	7	13	0	0	18	10	200	20	0	0	361	100	0	10	0	3	0	1	1	0
971	7	13	1	0	22	10	296	32	60	0	361	100	0	10	0	3	0	1	1	0
972	7	13	0	0	18	8	200	20	0	0	361	100	0	10	0	3	0	1	1	0
972	7	13	1	0	22	8	296	32	60	0	361	100	0	10	0	3	0	1	1	0
973	6	9	0	0	20	12	220	20	0	0	80	80	0	50	0	3	0	1	1	0
973	6	9	1	0	22	12	350	80	32	0	80	80	0	50	0	3	0	1	1	0
973	9	12	0	0	20	10	220	20	0	0	90	80	0	30	0	3	0	1	1	0
973	9	12	1	0	22	10	350	80	32	0	90	80	0	30	0	3	0	1	1	0
974	5	11	0	0	26	13	230	0	-113	0	30	80	0	20	0	3	0	1	1	0
974	5	11	1	0	26	13	230	0	128	0	30	80	0	20	0	3	0	1	1	0
975	17	23	0	0	14	21	200	0	0	0	361	103	0	20	0	3	0	0	2	0
975	17	23	1	0	15	21	260	160	0	0	361	103	0	20	0	3	0	0	2	0
976	17	23	0	0	14	20	200	0	0	0	361	103	0	20	0	3	0	0	2	0
976	17	23	1	0	15	20	260	160	0	0	361	103	0	20	0	3	0	0	2	0
977	17	23	0	0	14	19	200	0	0	0	361	103	0	20	0	3	0	0	2	0
977	17	23	1	0	15	19	260	160	0	0	361	103	0	20	0	3	0	0	2	0
978	17	23	0	0	14	18	200	0	0	0	361	103	0	20	0	3	0	0	2	0
978	17	23	1	0	15	18	260	160	0	0	361	103	0	20	0	3	0	0	2	0
979	17	23	0	0	14	17	200	0	0	0	361	103	0	20	0	3	0	0	2	0
979	17	23	1	0	15	17	260	160	0	0	361	103	0	20	0	3	0	0	2	0
980	6	9	0	0	5	3	250	0	0	0	110	100	55	0	0	3	0	1	0	0
980	6	9	1	0	27	2	300	0	0	0	130	100	45	0	0	3	0	1	0	0
980	9	12	0	0	5	2	250	0	0	0	110	100	45	0	0	3	0	1	0	0
980	9	12	1	0	27	2	300	0	0	0	130	100	30	0	0	3	0	1	0	0
980	15	22	0	0	5	18	280	0	0	0	75	120	0	40	0	3	0	1	2	0
980	15	22	1	0	22	18	400	0	0	0	75	120	0	40	0	3	0	1	2	0
981	8	12	0	0	27	17	360	20	100	0	361	120	0	20	0	3	0	1	2	0
981	8	12	1	0	21	17	220	50	0	0	361	120	0	20	0	3	0	1	2	0
981	8	12	2	0	5	17	180	0	0	0	361	120	0	30	0	3	0	1	2	0
982	4	8	0	0	5	15	210	0	0	0	361	100	0	0	0	3	0	1	2	0
982	4	8	1	0	22	15	210	50	0	0	361	100	0	0	0	3	0	1	2	0
982	4	8	2	0	26	11	180	70	0	0	361	100	0	0	0	3	0	1	2	0
982	8	28	0	0	5	11	210	0	0	0	361	100	0	0	0	3	0	1	0	0
982	8	28	1	0	22	11	210	50	0	0	361	100	0	0	0	3	0	1	0	0
982	8	28	2	0	26	11	180	70	0	0	361	100	0	0	0	3	0	1	0	0
983	7	10	1	0	26	17	320	150	40	0	959	100	0	0	0	3	0	1	2	0
983	7	15	0	0	5	17	200	0	0	0	361	100	0	0	0	3	0	1	2	0
983	10	15	1	0	26	17	240	150	40	0	959	100	0	0	0	3	0	1	2	0
984	6	11	0	0	5	8	250	0	0	0	361	100	0	10	0	3	0	1	1	0
984	6	11	1	0	22	8	280	70	0	0	361	100	0	10	0	3	0	1	1	0
984	6	11	2	0	20	8	220	0	0	0	361	100	0	10	0	3	0	1	1	0
984	20	28	0	0	5	14	250	0	0	0	361	100	0	10	0	3	0	1	2	0
984	20	28	1	0	27	14	280	70	0	0	361	100	0	10	0	3	0	1	2	0
984	20	28	2	0	25	14	220	0	0	0	361	100	0	10	0	3	0	1	2	0
985	4	8	0	0	26	4	320	0	20	0	110	100	94	0	0	3	0	1	0	0
985	4	8	1	0	21	4	320	0	20	0	110	100	94	0	0	3	0	1	0	0
985	10	15	0	1	5	15	320	0	0	0	90	120	0	10	0	3	0	0	2	0
985	10	15	1	1	25	15	320	110	0	0	90	120	0	10	0	3	0	0	2	0
986	4	6	0	0	26	3	320	0	45	0	934	100	30	0	0	3	0	0	1	0
986	4	6	1	0	21	3	320	0	0	0	934	100	30	0	0	3	0	0	1	0
987	0	3	0	0	0	3	250	0	240	250	155	100	60	0	3	3	0	5	1	0
987	0	3	1	0	0	3	250	0	240	-250	155	100	60	0	3	3	0	5	1	0
987	6	9	0	0	0	3	250	0	240	250	155	100	60	0	3	3	0	5	1	0
987	6	9	1	0	0	3	250	0	240	-250	155	100	60	0	3	3	0	5	1	0
987	12	15	0	0	0	3	250	0	240	250	155	100	60	0	3	3	0	5	1	0
987	12	15	1	0	0	3	250	0	240	-250	155	100	60	0	3	3	0	5	1	0
987	18	21	0	0	0	3	250	0	240	250	155	100	60	0	3	3	0	5	1	0
987	18	21	1	0	0	3	250	0	240	-250	155	100	60	0	3	3	0	5	1	0
987	24	27	0	0	0	3	250	0	240	250	155	100	60	0	3	3	0	5	1	0
987	24	27	1	0	0	3	250	0	240	-250	155	100	60	0	3	3	0	5	1	0
987	30	33	0	0	0	3	250	0	240	250	155	100	60	0	3	3	0	5	1	0
987	30	33	1	0	0	3	250	0	240	-250	155	100	60	0	3	3	0	5	1	0
987	36	39	0	0	0	3	250	0	240	250	155	100	60	0	3	3	0	5	1	0
987	36	39	1	0	0	3	250	0	240	-250	155	100	60	0	3	3	0	5	1	0
987	42	45	0	0	0	3	250	0	240	250	155	100	60	0	3	3	0	5	1	0
987	42	45	1	0	0	3	250	0	240	-250	155	100	60	0	3	3	0	5	1	0
1004	15	23	0	0	21	6	200	150	0	0	361	100	90	0	0	3	1	1	1	0
1004	15	23	1	0	21	6	160	0	0	0	361	100	90	0	0	3	1	1	1	0
1005	16	20	0	0	15	6	220	120	0	0	361	100	80	0	0	3	1	1	1	0
1005	16	20	1	0	14	6	220	30	0	0	361	100	80	0	0	3	1	1	1	0
1005	25	33	0	0	9	6	200	50	0	0	361	100	80	0	0	3	1	1	1	0
1005	25	33	1	0	8	6	200	32	0	0	361	100	80	0	0	3	1	1	1	0
1007	1	9	0	0	28	6	270	0	0	0	361	100	100	0	0	3	0	1	1	0
1007	1	9	1	0	26	6	240	0	0	0	361	100	100	0	0	3	0	1	1	0
1007	1	9	2	0	5	6	160	0	0	0	361	100	100	0	0	3	0	1	1	0
1008	3	7	0	0	5	4	150	0	0	0	361	100	100	0	0	3	0	1	1	0
1008	3	7	1	0	10	4	280	0	0	0	361	100	100	0	0	3	0	1	1	0
1014	6	7	0	0	0	1	300	0	320	320	361	100	0	0	0	3	0	0	1	0
1018	3	6	0	0	15	4	220	120	0	0	70	100	0	0	0	3	0	0	1	0
1018	3	6	1	0	14	4	220	30	0	0	70	100	0	0	0	3	0	0	1	0
1019	2	6	0	0	15	4	220	120	0	0	70	100	0	0	0	3	0	0	1	0
1019	2	6	1	0	14	4	220	30	0	0	70	100	0	0	0	3	0	0	1	0
1020	4	6	0	0	14	11	250	0	0	0	80	100	0	35	3	3	1	5	2	0
1020	6	12	0	0	14	11	250	0	0	0	361	100	0	15	0	3	1	0	2	0
1021	5	11	0	0	26	8	220	200	0	0	74	100	0	35	0	3	0	1	1	0
1021	5	11	1	0	26	8	200	0	0	0	74	100	0	35	0	3	0	1	1	0
1021	5	11	2	0	26	8	140	0	0	0	74	100	0	35	0	3	0	1	1	0
1022	5	11	0	0	26	6	280	-60	50	0	80	100	0	0	0	3	0	1	1	0
1022	5	11	1	0	26	6	280	120	100	0	80	100	0	0	0	3	0	1	1	0
1022	20	25	0	0	26	7	280	-60	0	0	50	120	0	10	0	3	0	1	2	0
1022	20	25	1	0	26	7	280	180	0	0	50	120	0	10	0	3	0	1	2	0
1023	4	9	0	0	26	10	200	0	0	0	80	80	0	35	0	3	0	1	1	0
1023	4	9	1	0	26	10	220	160	0	0	90	80	0	35	0	3	0	1	1	0
1024	12	16	0	0	26	5	360	100	0	0	70	50	0	20	0	3	0	1	2	0
1024	12	16	1	0	26	5	360	0	0	0	70	50	0	20	0	3	0	1	2	0
1024	12	16	2	0	5	5	260	0	0	0	70	50	0	20	0	3	0	1	2	0
1024	26	31	0	0	21	12	360	100	0	0	361	120	0	40	0	3	0	1	2	0
1024	26	31	1	0	21	12	360	0	0	0	361	120	0	40	0	3	0	1	2	0
1024	26	31	2	0	5	12	260	0	0	0	361	120	0	40	0	3	0	1	2	0
1025	12	14	0	0	15	18	280	160	0	0	90	100	0	50	3	3	0	5	2	0
1025	12	14	1	0	9	18	280	160	0	0	90	100	0	50	3	3	0	5	2	0
1025	14	18	0	0	15	13	250	160	0	0	90	100	0	50	0	3	0	0	2	0
1025	14	18	1	0	9	13	250	160	0	0	90	100	0	50	0	3	0	0	2	0
1025	14	18	2	0	15	13	200	0	0	0	90	100	0	50	0	3	0	0	2	0
1025	14	18	3	0	9	13	200	0	0	0	90	100	0	50	0	3	0	0	2	0
1026	5	10	0	0	21	14	210	-130	0	0	40	80	0	50	0	3	0	1	2	0
1026	5	10	1	0	21	14	280	128	0	0	40	80	0	50	0	3	0	1	2	0
1026	16	20	0	0	26	12	280	128	0	0	40	80	0	40	0	3	0	1	2	0
1026	16	20	1	0	21	12	280	128	0	0	40	80	0	40	0	3	0	1	2	0
1027	4	8	0	0	20	14	300	-94	64	0	361	100	0	10	0	3	0	1	2	0
1027	4	8	1	0	21	14	240	-30	0	0	361	100	0	10	0	3	0	1	2	0
1027	4	8	2	0	21	14	250	100	0	0	361	100	0	10	0	3	0	1	2	0
1027	8	36	0	0	20	9	300	-94	64	0	361	100	0	0	0	3	0	1	1	0
1027	8	36	1	0	21	9	240	-30	0	0	361	100	0	0	0	3	0	1	1	0
1027	8	36	2	0	21	9	250	100	0	0	361	100	0	0	0	3	0	1	1	0
1028	5	10	0	0	8	16	280	180	0	0	35	100	0	0	0	3	0	1	2	0
1028	5	10	1	0	8	16	240	220	0	0	35	100	0	0	0	3	0	1	2	0
1029	4	8	0	0	25	15	180	128	0	0	361	100	0	10	0	3	0	1	2	0
1029	4	8	1	0	20	15	180	0	0	0	361	100	0	10	0	3	0	1	2	0
1029	4	8	2	0	26	15	240	114	-33	0	361	100	0	10	0	3	0	1	2	0
1029	4	8	3	0	21	10	240	80	0	0	361	100	0	0	0	3	0	1	1	0
1029	8	22	0	0	25	10	180	128	0	0	361	100	0	0	0	3	0	1	1	0
1029	8	22	1	0	20	10	180	0	0	0	361	100	0	0	0	3	0	1	1	0
1029	8	22	2	0	26	10	240	114	-33	0	361	100	0	0	0	3	0	1	1	0
1029	8	22	3	0	21	10	240	80	0	0	361	100	0	0	0	3	0	1	1	0
1030	4	9	0	0	26	14	220	0	0	0	80	120	0	10	0	3	0	1	2	0
1030	4	9	1	0	26	14	260	188	0	0	80	120	0	10	0	3	0	1	2	0
1030	9	20	0	0	26	11	220	0	0	0	80	110	0	10	0	3	0	1	1	0
1030	9	20	1	0	26	11	260	188	0	0	80	110	0	10	0	3	0	1	1	0
1031	5	9	0	0	26	12	260	64	50	0	65	100	0	25	0	3	0	1	2	0
1031	5	9	1	0	20	12	300	150	30	0	65	100	0	25	0	3	0	1	2	0
1031	9	25	0	0	26	10	260	64	50	0	65	100	0	25	0	3	0	1	2	0
1031	9	25	1	0	20	10	300	150	30	0	65	100	0	25	0	3	0	1	2	0
1048	6	7	0	0	10	1	300	0	0	0	361	100	0	0	0	3	0	0	1	0
1050	18	26	0	0	5	12	150	0	0	0	361	80	0	50	0	3	0	1	2	0
1051	2	4	0	0	10	2	200	0	0	0	75	80	0	8	0	3	0	0	0	0
1051	2	4	1	0	9	2	200	0	0	0	75	80	0	8	0	3	0	0	0	0
1052	3	6	0	0	16	2	250	16	0	0	75	80	0	8	0	3	0	0	0	0
1052	3	6	1	0	15	2	250	0	0	0	75	80	0	8	0	3	0	0	0	0
1053	2	6	0	0	16	2	180	0	0	0	30	100	50	0	0	3	0	0	0	0
1053	6	10	0	0	10	2	180	0	0	0	20	100	45	0	0	3	0	0	0	0
1053	10	17	0	0	16	2	180	0	0	0	10	100	9	0	0	3	0	0	0	0
1053	17	23	0	0	10	2	180	0	0	0	10	100	9	0	0	3	0	0	0	0
1053	23	30	0	0	16	2	180	0	0	0	10	100	9	0	0	3	0	0	0	0
1053	30	36	0	0	10	2	180	0	0	0	10	100	9	0	0	3	0	0	0	0
1053	39	45	0	0	12	5	300	0	120	80	361	100	0	50	0	3	0	0	1	0
1054	9	19	0	0	0	7	330	0	440	110	100	40	0	80	0	3	0	0	1	0
1054	9	19	1	0	0	7	330	0	440	-110	100	40	0	80	0	3	0	0	1	0
1054	9	19	2	0	0	7	260	0	150	0	100	40	0	80	0	3	0	0	1	0
1055	3	7	0	0	19	7	180	20	0	0	60	100	0	0	0	3	0	1	1	0
1055	3	7	1	0	20	7	260	140	0	0	60	100	0	0	0	3	0	1	1	0
1056	12	18	0	0	5	16	300	0	0	0	40	100	0	40	0	3	13	1	2	0
1056	18	26	0	0	5	12	270	0	0	0	40	100	0	30	0	3	13	1	2	0
1057	7	16	0	0	12	17	340	0	100	0	85	120	0	26	0	3	0	0	2	0
1058	22	23	0	0	5	16	380	0	0	0	361	110	0	30	0	3	12	1	2	0
1058	23	29	0	0	5	16	380	0	0	-80	361	110	0	30	0	3	8	1	2	0
1058	23	29	1	0	0	16	300	0	50	340	361	110	0	30	0	2	8	1	2	0
1058	23	29	2	0	0	16	300	0	50	-220	361	110	0	30	0	2	8	1	2	0
1059	5	9	0	0	5	12	380	0	-30	30	67	100	0	10	0	3	0	1	2	0
1059	9	33	0	0	5	8	290	0	-30	30	67	100	0	0	0	3	0	1	1	0
1060	5	9	0	0	19	14	220	-20	0	0	361	100	0	15	0	3	0	1	2	0
1060	5	9	1	0	21	14	310	0	-20	0	361	100	0	15	0	3	0	1	2	0
1060	9	29	0	0	19	10	220	-20	0	0	361	90	0	5	0	3	0	1	1	0
1060	9	29	1	0	21	10	250	0	-20	0	361	90	0	5	0	3	0	1	1	0
1061	10	14	0	0	25	16	240	-30	45	0	361	100	0	10	0	3	0	1	2	0
1061	10	14	1	0	25	16	290	80	30	0	361	100	0	10	0	3	0	1	2	0
1061	14	20	0	0	25	10	220	-30	45	0	361	100	0	0	0	3	0	1	1	0
1061	14	20	1	0	25	10	270	80	30	0	361	100	0	0	0	3	0	1	1	0
1062	6	12	0	0	5	5	320	0	0	0	75	100	65	0	0	3	0	1	1	0
1062	6	12	1	0	25	5	340	110	0	0	75	100	65	0	0	3	0	1	1	0
1062	12	14	0	1	5	10	340	0	0	0	60	110	0	10	0	3	0	0	2	0
1062	12	14	1	1	25	10	370	110	0	0	60	110	0	10	0	3	0	0	2	0
1063	7	10	0	0	0	5	360	0	-40	0	934	80	0	0	0	3	0	1	1	0
1063	7	10	1	0	0	5	340	0	50	0	934	80	0	0	0	3	0	1	1	0
1063	13	16	0	0	0	5	360	0	-40	0	934	80	0	0	0	3	0	1	1	0
1063	13	16	1	0	0	5	340	0	50	0	934	80	0	0	0	3	0	1	1	0
1063	19	22	0	0	0	5	360	0	-40	0	934	80	0	0	0	3	0	1	1	0
1063	19	22	1	0	0	5	340	0	50	0	934	80	0	0	0	3	0	1	1	0
1063	25	28	0	0	0	5	360	0	-40	0	934	80	0	0	0	3	0	1	1	0
1063	25	28	1	0	0	5	340	0	50	0	934	80	0	0	0	3	0	1	1	0
1063	31	34	0	0	0	5	360	0	-40	0	934	80	0	0	0	3	0	1	1	0
1063	31	34	1	0	0	5	340	0	50	0	934	80	0	0	0	3	0	1	1	0
1069	0	2	0	0	0	11	420	0	280	0	60	80	0	60	1	3	5	1	2	0
1070	0	2	0	0	0	8	360	0	240	0	989	100	40	0	2	3	0	4	1	0
1071	0	2	0	0	0	8	360	0	240	0	989	100	40	0	2	3	0	4	1	0
1077	1	17	0	0	0	4	330	0	150	0	361	100	100	0	0	3	0	1	1	0
1091	3	8	0	0	10	2	230	20	0	0	361	50	0	10	0	3	0	0	0	0
1091	3	8	1	0	8	2	200	0	0	0	361	50	0	10	0	3	0	0	0	0
1092	3	7	0	0	16	2	230	70	0	0	70	50	0	10	0	3	0	0	0	0
1092	3	7	1	0	14	2	200	0	0	0	70	50	0	10	0	3	0	0	0	0
1093	5	14	0	0	19	5	220	20	0	0	35	100	0	10	0	3	0	1	1	0
1093	5	14	1	0	20	5	330	140	0	0	35	100	0	10	0	3	0	1	1	0
1094	4	8	0	0	0	12	260	0	200	0	361	70	0	40	3	3	1	5	1	0
1094	8	24	0	0	0	8	260	0	200	0	361	70	0	40	3	3	1	5	1	0
1095	7	13	0	0	18	12	200	20	0	0	361	100	0	10	0	3	0	1	1	0
1095	7	13	1	0	22	12	296	32	60	0	361	100	0	10	0	3	0	1	1	0
1096	7	13	0	0	18	10	200	20	0	0	361	100	0	10	0	3	0	1	1	0
1096	7	13	1	0	22	10	296	32	60	0	361	100	0	10	0	3	0	1	1	0
1097	7	13	0	0	18	8	200	20	0	0	361	100	0	10	0	3	0	1	1	0
1097	7	13	1	0	22	8	296	32	60	0	361	100	0	10	0	3	0	1	1	0
1098	6	10	0	0	20	10	220	20	0	0	80	110	0	30	0	3	0	1	1	0
1098	6	10	1	0	22	10	320	70	32	0	80	110	0	30	0	3	0	1	1	0
1098	10	13	0	0	20	8	220	20	0	0	85	110	0	20	0	3	0	1	1	0
1098	10	13	1	0	22	8	250	70	32	0	85	110	0	20	0	3	0	1	1	0
1099	5	11	0	0	26	12	230	0	-113	0	30	80	0	20	0	3	0	1	1	0
1099	5	11	1	0	26	12	230	0	128	0	30	80	0	20	0	3	0	1	1	0
1100	17	23	0	0	14	20	200	0	0	0	361	103	0	20	0	3	0	0	2	0
1100	17	23	1	0	15	20	260	160	0	0	361	103	0	20	0	3	0	0	2	0
1101	17	23	0	0	14	19	200	0	0	0	361	103	0	20	0	3	0	0	2	0
1101	17	23	1	0	15	19	260	160	0	0	361	103	0	20	0	3	0	0	2	0
1102	17	23	0	0	14	18	200	0	0	0	361	103	0	20	0	3	0	0	2	0
1102	17	23	1	0	15	18	260	160	0	0	361	103	0	20	0	3	0	0	2	0
1103	17	23	0	0	14	17	200	0	0	0	361	103	0	20	0	3	0	0	2	0
1103	17	23	1	0	15	17	260	160	0	0	361	103	0	20	0	3	0	0	2	0
1104	17	23	0	0	14	16	200	0	0	0	361	103	0	20	0	3	0	0	2	0
1104	17	23	1	0	15	16	260	160	0	0	361	103	0	20	0	3	0	0	2	0
1105	6	8	0	0	5	2	250	0	0	0	110	100	61	0	0	3	0	1	0	0
1105	6	8	1	0	27	2	300	0	0	0	130	100	45	0	0	3	0	1	0	0
1105	8	12	0	0	5	2	250	0	0	0	110	100	50	0	0	3	0	1	0	0
1105	8	12	1	0	27	2	300	0	0	0	130	100	30	0	0	3	0	1	0	0
1105	15	22	0	0	5	16	360	50	-50	0	75	120	0	40	0	3	0	1	2	0
1105	15	22	1	0	22	16	400	0	0	0	75	120	0	40	0	3	0	1	2	0
1106	8	12	0	0	27	16	360	20	100	0	361	120	0	20	0	3	0	1	2	0
1106	8	12	1	0	21	16	220	50	0	0	361	120	0	20	0	3	0	1	2	0
1106	8	12	2	0	5	16	180	0	0	0	361	120	0	30	0	3	0	1	2	0
1107	4	8	0	0	5	14	210	0	0	0	361	100	0	0	0	3	0	1	2	0
1107	4	8	1	0	22	14	210	50	0	0	361	100	0	0	0	3	0	1	2	0
1107	4	8	2	0	26	14	180	70	0	0	361	100	0	0	0	3	0	1	2	0
1107	8	28	0	0	5	10	210	0	0	0	361	100	0	0	0	3	0	1	0	0
1107	8	28	1	0	22	10	210	50	0	0	361	100	0	0	0	3	0	1	0	0
1107	8	28	2	0	26	10	180	70	0	0	361	100	0	0	0	3	0	1	0	0
1108	7	10	1	0	26	15	320	150	40	0	959	100	0	0	0	3	0	1	2	0
1108	7	15	0	0	5	15	200	0	0	0	361	100	0	0	0	3	0	1	2	0
1108	10	15	1	0	26	15	240	150	40	0	959	100	0	0	0	3	0	1	2	0
1109	6	10	0	0	5	8	220	0	0	0	361	100	0	10	0	3	0	1	1	0
1109	6	10	1	0	22	8	250	70	0	0	361	100	0	10	0	3	0	1	1	0
1109	6	10	2	0	20	8	220	0	0	0	361	100	0	10	0	3	0	1	1	0
1109	20	28	0	0	5	12	220	0	0	0	361	100	0	10	0	3	0	1	2	0
1109	20	28	1	0	27	12	250	70	0	0	361	100	0	10	0	3	0	1	2	0
1109	20	28	2	0	25	12	220	0	0	0	361	100	0	10	0	3	0	1	2	0
1110	4	8	0	0	26	2	320	0	20	0	110	100	94	0	0	3	0	1	0	0
1110	4	8	1	0	21	2	320	0	20	0	110	100	94	0	0	3	0	1	0	0
1110	10	15	0	1	5	13	320	0	0	0	90	120	0	10	0	3	0	0	2	0
1110	10	15	1	1	25	13	320	110	0	0	90	120	0	10	0	3	0	0	2	0
1111	4	6	0	0	26	2	320	0	45	0	934	100	30	0	0	3	0	0	1	0
1111	4	6	1	0	21	2	320	0	0	0	934	100	30	0	0	3	0	0	1	0
1113	17	22	0	0	20	6	280	150	0	0	361	100	60	0	0	3	1	1	1	0
1113	17	22	1	0	20	6	150	0	0	0	361	100	60	0	0	3	1	1	1	0
1113	24	27	0	0	20	6	280	150	0	0	361	100	60	0	0	3	1	1	1	0
1113	24	27	1	0	20	6	150	0	0	0	361	100	60	0	0	3	1	1	1	0
1127	5	9	0	0	16	6	280	20	0	0	361	100	100	0	0	3	0	0	2	0
1127	5	9	1	0	15	6	200	0	0	0	361	100	100	0	0	3	0	0	2	0
1128	3	9	0	0	5	6	150	0	0	0	361	100	100	0	0	3	0	1	1	0
1128	3	9	1	0	27	6	280	80	0	0	361	100	100	0	0	3	0	1	1	0
1132	6	7	0	0	10	1	300	0	0	0	361	100	0	0	0	3	0	0	1	0
1133	20	22	0	0	12	6	250	0	80	0	361	100	90	0	0	3	1	1	1	0
1133	25	27	0	0	12	6	250	0	80	0	361	100	90	0	0	3	1	1	1	0
1134	20	22	0	0	25	6	250	35	-50	30	361	100	90	0	0	3	1	1	1	0
1134	24	26	0	0	25	6	250	35	-50	30	361	100	90	0	0	3	1	1	1	0
1136	18	26	0	0	5	12	150	0	0	0	361	80	0	50	0	3	0	1	2	0
1138	5	9	0	0	8	4	150	-20	0	0	90	50	0	15	0	3	0	0	0	0
1138	5	9	1	0	10	4	280	30	0	0	110	50	0	15	0	3	0	0	0	0
1139	6	11	0	0	16	8	300	30	0	0	70	120	0	25	0	3	0	0	1	0
1139	6	11	1	0	15	8	200	0	0	0	70	120	0	25	0	3	0	0	1	0
1140	5	10	0	0	0	16	250	0	100	20	361	100	0	20	0	3	0	1	2	0
1140	10	20	0	0	0	12	250	0	100	20	361	100	0	15	0	3	0	1	2	0
1141	10	12	0	0	10	15	300	40	0	0	361	100	0	15	0	3	0	6	2	0
1141	10	12	1	0	9	15	200	0	0	0	361	100	0	15	0	3	0	6	2	0
1142	10	12	0	0	10	14	300	40	0	0	361	100	0	15	0	3	0	6	2	0
1142	10	12	1	0	9	14	200	0	0	0	361	100	0	15	0	3	0	6	2	0
1143	10	12	0	0	10	13	300	40	0	0	361	100	0	15	0	3	0	6	2	0
1143	10	12	1	0	9	13	200	0	0	0	361	100	0	15	0	3	0	6	2	0
1144	7	9	0	0	0	12	390	0	400	80	90	80	0	55	0	3	0	0	1	0
1144	7	9	1	0	0	12	390	0	400	-80	90	80	0	55	0	3	0	0	1	0
1144	7	9	2	0	0	12	260	0	150	0	90	80	0	55	0	3	0	0	1	0
1144	9	21	0	0	0	8	380	0	320	80	90	80	0	55	0	3	0	0	1	0
1144	9	21	1	0	0	8	380	0	320	-80	90	80	0	55	0	3	0	0	1	0
1144	9	21	2	0	0	8	260	0	150	0	90	80	0	55	0	3	0	0	1	0
1145	5	13	0	0	10	8	250	30	0	25	45	65	0	20	0	3	0	0	0	0
1145	5	13	1	0	8	8	180	20	0	0	45	65	0	20	0	3	0	0	0	0
1146	12	18	0	0	5	18	300	0	0	0	361	100	0	40	0	3	13	1	2	0
1146	18	26	0	0	5	12	270	0	0	0	361	100	0	30	0	3	13	1	2	0
1147	14	20	0	0	14	18	300	0	40	0	70	100	0	50	0	3	0	0	2	0
1147	14	20	1	0	15	18	340	90	0	0	70	100	0	50	0	3	0	0	2	0
1148	22	23	0	0	5	18	380	0	0	0	361	110	0	30	0	3	12	1	2	0
1148	23	29	0	0	5	18	380	0	0	-80	361	110	0	30	0	3	8	1	2	0
1148	23	29	1	0	0	18	300	0	50	340	361	110	0	30	0	2	8	1	2	0
1148	23	29	2	0	0	18	300	0	50	-220	361	110	0	30	0	2	8	1	2	0
1149	5	9	0	0	5	14	380	0	-30	30	60	100	0	15	0	3	0	1	2	0
1149	9	33	0	0	5	10	290	0	-30	30	60	100	0	0	0	3	0	1	1	0
1150	5	9	0	0	19	12	220	-20	0	0	361	90	0	20	0	3	0	1	1	0
1150	5	9	1	0	21	12	310	0	-20	0	361	90	0	20	0	3	0	1	1	0
1150	9	29	0	0	19	6	220	-20	0	0	361	90	0	20	0	3	0	1	0	0
1150	9	29	1	0	21	6	250	0	-20	0	361	90	0	20	0	3	0	1	0	0
1151	10	16	0	0	5	16	310	0	0	-80	361	110	0	20	0	3	0	1	2	0
1151	16	28	0	0	5	8	270	0	0	-50	361	110	0	20	0	3	0	1	1	0
1152	8	12	0	0	10	16	320	25	0	0	90	110	0	20	0	3	4	0	2	0
1152	8	12	1	0	16	16	320	25	0	0	90	110	0	20	0	3	4	0	2	0
1152	12	30	0	0	10	8	240	0	0	0	90	100	0	20	0	3	0	0	1	0
1152	12	30	1	0	16	8	240	0	0	0	90	100	0	20	0	3	0	0	1	0
1153	7	10	0	0	0	4	360	0	-40	0	934	100	35	0	0	3	0	1	1	0
1153	7	10	1	0	0	4	340	0	50	0	934	100	35	0	0	3	0	1	1	0
1153	13	16	0	0	0	4	360	0	-40	0	934	100	35	0	0	3	0	1	1	0
1153	13	16	1	0	0	4	340	0	50	0	934	100	35	0	0	3	0	1	1	0
1153	19	22	0	0	0	4	360	0	-40	0	934	100	35	0	0	3	0	1	1	0
1153	19	22	1	0	0	4	340	0	50	0	934	100	35	0	0	3	0	1	1	0
1153	25	28	0	0	0	4	360	0	-40	0	934	100	35	0	0	3	0	1	1	0
1153	25	28	1	0	0	4	340	0	50	0	934	100	35	0	0	3	0	1	1	0
1153	32	38	0	0	0	6	360	0	-40	0	934	80	0	20	0	3	0	1	2	0
1153	32	38	1	0	0	6	340	0	50	0	934	80	0	20	0	3	0	1	2	0
1156	11	23	0	0	8	14	280	15	0	-20	361	100	0	40	0	3	0	1	2	0
1156	23	37	0	0	8	10	200	15	0	-20	361	110	0	40	0	3	0	1	2	0
1157	11	23	0	0	8	14	280	15	0	-20	361	100	0	40	0	3	0	1	2	0
1157	23	37	0	0	8	10	200	15	0	-20	361	110	0	40	0	3	0	1	2	0
1158	5	7	0	0	0	1	200	0	260	150	105	0	1	65	0	3	0	1	1	0
1158	5	7	1	0	0	1	200	0	260	-150	125	0	1	80	0	3	0	1	1	0
1158	5	7	2	0	0	1	200	0	100	0	100	0	1	110	0	3	0	1	1	0
1158	13	15	0	0	0	1	200	0	260	150	105	0	1	65	0	3	0	1	1	0
1158	13	15	1	0	0	1	200	0	260	-150	125	0	1	80	0	3	0	1	1	0
1158	13	15	2	0	0	1	200	0	100	0	100	0	1	110	0	3	0	1	1	0
1158	21	23	0	0	0	1	200	0	260	150	105	0	1	65	0	3	0	1	1	0
1158	21	23	1	0	0	1	200	0	260	-150	125	0	1	80	0	3	0	1	1	0
1158	21	23	2	0	0	1	200	0	100	0	100	0	1	110	0	3	0	1	1	0
1158	33	41	0	0	0	8	300	0	330	150	361	65	0	60	0	3	0	0	2	0
1158	33	41	1	0	0	8	300	0	330	-150	361	65	0	60	0	3	0	0	2	0
1158	33	41	2	0	0	8	250	0	120	0	361	65	0	60	0	3	0	0	2	0
1159	0	8	0	0	0	6	450	0	100	200	90	100	4	90	0	2	6	1	2	0
1159	0	8	1	0	0	6	450	0	100	-200	90	100	4	90	0	2	6	1	2	0
1160	26	64	0	0	5	14	350	0	0	0	65	110	0	50	0	3	4	1	2	0
1161	26	64	0	0	5	14	350	0	0	0	65	110	0	50	0	3	4	1	2	0
1163	10	14	0	0	14	5	230	150	0	0	361	100	0	0	3	3	0	5	2	0
1164	10	14	0	0	14	5	230	150	0	0	361	100	0	0	3	3	0	5	2	0
1165	18	23	0	0	0	3	260	0	150	-50	100	100	75	0	3	3	0	5	1	0
1165	18	23	1	0	0	3	260	0	224	96	100	100	75	0	3	3	0	5	1	0
1165	18	23	2	0	0	3	0	0	320	192	100	100	75	0	3	3	0	5	1	0
1166	2	5	0	0	0	16	200	0	102	-113	361	125	0	20	3	3	0	5	2	0
1166	2	5	1	0	0	16	200	0	240	100	361	125	0	20	3	3	0	5	2	0
1166	2	5	2	0	0	16	200	0	64	208	361	125	0	20	3	3	0	5	2	0
1170	0	2	0	0	0	7	400	0	240	0	60	60	0	60	2	3	0	4	0	0
1177	11	19	0	0	20	10	230	140	0	0	361	90	0	10	0	3	1	1	2	0
1177	11	19	1	0	20	10	230	0	0	0	361	90	0	10	0	3	1	1	2	0
1178	3	5	0	0	10	4	230	50	0	0	361	50	0	0	3	3	0	5	0	0
1178	3	5	1	0	8	4	200	0	10	0	361	50	0	0	3	3	0	5	0	0
1179	2	5	0	0	15	4	230	120	0	0	70	50	0	0	3	3	0	5	0	0
1179	2	5	1	0	14	4	200	0	10	0	70	50	0	0	3	3	0	5	0	0
1180	2	5	0	0	16	6	280	50	0	0	361	100	0	20	3	3	0	5	1	0
1180	2	5	1	0	14	6	200	0	0	0	361	100	0	20	3	3	0	5	1	0
1181	4	8	0	0	25	12	230	100	0	0	35	80	0	20	0	3	0	0	1	0
1181	4	8	1	0	25	12	230	-49	0	0	35	80	0	20	0	3	0	0	1	0
1182	5	13	0	0	24	12	220	20	0	0	80	100	0	20	0	3	0	1	1	0
1182	5	13	1	0	25	12	300	48	0	0	80	100	0	20	0	3	0	1	1	0
1183	4	8	0	0	5	16	210	0	0	0	361	90	0	20	0	3	0	1	2	0
1183	4	8	1	0	20	16	210	100	0	0	361	90	0	20	0	3	0	1	2	0
1183	4	8	2	0	25	16	180	70	0	0	361	90	0	20	0	3	0	1	2	0
1183	8	36	0	0	5	12	210	0	0	0	361	90	0	10	0	3	0	1	1	0
1183	8	36	1	0	20	12	210	100	0	0	361	90	0	10	0	3	0	1	1	0
1183	8	36	2	0	25	12	180	70	0	0	361	90	0	10	0	3	0	1	1	0
1184	4	9	0	0	8	12	240	32	0	0	361	100	0	0	3	3	0	5	1	0
1184	4	9	1	0	10	12	240	16	0	0	361	100	0	0	3	3	0	5	1	0
1185	9	13	0	0	5	16	220	0	0	0	361	100	0	10	0	3	0	1	2	0
1185	9	13	1	0	25	16	250	120	0	0	361	100	0	10	0	3	0	1	2	0
1185	9	13	2	0	25	16	220	0	0	0	361	100	0	10	0	3	0	1	2	0
1185	13	19	0	0	5	14	220	0	0	0	361	100	0	0	0	3	0	1	2	0
1185	13	19	1	0	25	14	250	120	0	0	361	100	0	0	0	3	0	1	2	0
1185	13	19	2	0	25	14	220	0	0	0	361	100	0	0	0	3	0	1	2	0
1186	5	11	0	0	14	13	240	0	0	0	70	110	0	15	3	3	0	5	1	0
1186	5	11	1	0	14	13	320	110	0	0	70	110	0	15	3	3	0	5	1	0
1187	7	11	0	0	8	14	248	144	-33	0	934	100	0	0	0	3	0	1	2	0
1187	7	11	1	0	14	14	248	144	-33	0	934	100	0	0	0	3	0	1	2	0
1187	7	11	2	0	8	14	200	64	-33	0	934	100	0	0	0	3	0	1	2	0
1187	7	11	3	0	14	14	200	64	-33	0	934	100	0	0	0	3	0	1	2	0
1187	11	21	3	0	14	9	200	64	-33	0	934	100	0	0	0	3	0	1	2	0
1187	11	21	0	0	8	9	240	144	-33	0	934	100	0	0	0	3	0	1	2	0
1187	11	21	1	0	14	9	240	144	-33	0	934	100	0	0	0	3	0	1	2	0
1187	11	21	2	0	8	9	200	64	-33	0	934	100	0	0	0	3	0	1	2	0
1188	12	15	0	0	8	17	200	0	0	0	361	100	0	30	0	3	0	1	2	0
1188	12	15	1	0	8	17	280	100	0	0	361	100	0	30	0	3	0	1	2	0
1188	15	18	0	0	8	14	200	0	0	0	361	100	0	30	0	3	0	1	2	0
1188	15	18	1	0	8	14	280	100	0	0	361	100	0	30	0	3	0	1	2	0
1189	9	11	0	0	20	2	200	0	0	0	125	100	85	0	0	3	0	1	1	0
1189	9	11	1	0	20	2	280	70	0	0	125	100	85	0	0	3	0	1	1	0
1189	9	11	2	0	25	2	200	0	0	0	125	100	85	0	0	3	0	1	1	0
1189	9	11	3	0	25	2	280	70	0	0	125	100	85	0	0	3	0	1	1	0
1189	13	19	0	0	0	16	300	0	384	0	80	82	0	60	0	3	0	1	2	0
1189	13	19	1	0	25	16	300	70	0	0	80	82	0	60	0	3	0	1	2	0
1189	13	19	2	0	0	16	300	0	576	0	80	82	0	60	0	3	0	1	2	0
1189	13	19	3	0	20	15	300	70	0	0	80	45	0	80	0	3	0	1	2	0
1190	8	11	0	0	16	15	296	0	0	0	40	100	0	30	3	3	0	5	2	0
1190	8	11	1	0	15	15	230	0	0	0	40	100	0	30	3	3	0	5	2	0
1191	7	9	0	0	10	15	220	0	0	0	361	100	0	0	3	3	0	5	2	0
1191	7	9	1	0	16	15	220	0	0	0	361	100	0	0	3	3	0	5	2	0
1191	7	9	2	0	0	16	220	0	128	256	361	100	0	0	3	3	0	5	2	0
1192	7	9	0	0	10	14	220	0	0	0	361	100	0	0	3	3	0	5	2	0
1192	7	9	1	0	16	14	220	0	0	0	361	100	0	0	3	3	0	5	2	0
1192	7	9	2	0	0	15	220	0	128	256	361	100	0	0	3	3	0	5	2	0
1193	7	9	0	0	10	13	220	0	0	0	361	100	0	0	3	3	0	5	2	0
1193	7	9	1	0	16	13	220	0	0	0	361	100	0	0	3	3	0	5	2	0
1193	7	9	2	0	0	14	220	0	128	256	361	100	0	0	3	3	0	5	2	0
1196	10	15	0	0	20	10	210	-81	0	0	361	100	0	25	0	3	1	1	2	0
1196	10	15	1	0	20	10	210	0	0	0	361	100	0	10	0	3	1	1	2	0
1196	10	15	2	0	20	10	210	80	0	0	361	100	0	10	0	3	1	1	2	0
1196	15	18	0	0	20	7	210	-81	0	0	361	100	0	20	0	3	1	1	2	0
1196	15	18	1	0	20	7	210	0	0	0	361	100	0	10	0	3	1	1	2	0
1196	15	18	2	0	20	7	210	80	0	0	361	100	0	10	0	3	1	1	2	0
1200	15	17	0	0	25	6	180	100	0	0	361	100	60	0	0	3	1	1	1	0
1200	15	17	1	0	25	6	175	0	0	0	361	100	60	0	0	3	1	1	1	0
1200	15	17	2	0	25	6	175	-113	0	0	361	100	60	0	0	3	1	1	1	0
1200	20	23	0	0	25	6	180	100	0	0	361	100	60	0	0	3	1	1	1	0
1200	20	23	1	0	25	6	175	0	0	0	361	100	60	0	0	3	1	1	1	0
1200	20	23	2	0	25	6	175	-113	0	0	361	100	60	0	0	3	1	1	1	0
1201	15	17	0	0	14	6	180	110	0	-33	361	100	60	0	0	3	1	1	1	0
1201	15	17	1	0	14	6	175	16	0	0	361	100	60	0	0	3	1	1	1	0
1201	20	23	0	0	20	6	200	110	0	0	361	100	60	0	0	3	1	1	1	0
1201	20	23	1	0	20	6	175	0	32	0	361	100	60	0	0	3	1	1	1	0
1201	20	23	2	0	5	6	175	16	0	0	361	100	60	0	0	3	1	1	1	0
1205	7	12	0	0	11	4	220	0	0	200	361	100	110	0	3	3	0	5	2	0
1205	7	12	1	0	10	4	160	0	0	0	361	100	110	0	3	3	0	5	2	0
1206	12	18	0	0	11	4	220	0	0	240	361	100	110	0	3	3	0	5	2	0
1206	12	18	1	0	10	4	160	0	0	0	361	100	110	0	3	3	0	5	2	0
1209	6	7	0	0	14	1	300	0	0	0	361	100	0	0	0	3	0	0	1	0
1213	6	10	0	0	11	4	220	0	0	250	361	50	0	8	3	3	0	5	0	0
1213	6	10	1	0	10	4	160	0	0	0	361	50	0	8	3	3	0	5	0	0
1214	6	8	0	0	11	2	220	0	0	250	361	50	0	8	3	3	0	5	0	0
1214	6	8	1	0	10	2	160	0	0	0	361	50	0	8	3	3	0	5	0	0
1215	4	8	0	0	0	10	280	0	150	80	361	100	0	20	0	3	0	1	1	0
1215	8	16	0	0	0	6	280	0	150	80	361	100	0	20	0	3	0	1	1	0
1216	14	20	0	0	11	17	260	0	0	280	361	100	0	0	3	3	0	5	2	0
1216	14	20	1	0	10	16	180	0	0	0	361	100	0	0	3	3	0	5	2	0
1217	8	17	0	0	11	8	200	0	0	240	79	100	0	20	3	3	0	5	2	0
1217	8	17	1	0	10	8	160	0	0	0	79	100	0	20	3	3	0	5	2	0
1218	12	20	0	0	11	11	240	0	0	250	80	75	0	50	3	3	0	5	1	0
1218	12	20	1	0	10	11	180	0	0	0	80	75	0	50	3	3	0	5	1	0
1219	16	20	0	0	11	18	280	0	0	270	50	109	0	26	3	3	0	5	1	0
1219	16	20	1	0	11	18	280	0	0	130	50	109	0	26	3	3	0	5	1	0
1219	16	20	2	0	10	18	200	0	0	0	50	109	0	26	3	3	0	5	1	0
1219	20	26	0	0	11	10	240	0	0	270	361	109	0	18	3	3	0	5	1	0
1219	20	26	1	0	11	10	240	0	0	130	361	109	0	18	3	3	0	5	1	0
1219	20	26	2	0	10	10	180	0	0	0	361	109	0	18	3	3	0	5	1	0
1220	9	13	0	0	11	18	200	0	0	180	79	94	0	30	3	3	0	5	2	0
1220	9	13	1	0	10	18	160	0	0	0	79	94	0	30	3	3	0	5	2	0
1220	13	27	0	0	11	7	200	0	0	180	361	100	0	10	3	3	0	5	0	0
1220	13	27	1	0	10	7	160	0	0	0	361	100	0	10	3	3	0	5	0	0
1221	9	14	0	0	11	13	220	0	0	260	40	100	0	40	3	3	0	5	2	0
1221	9	14	1	0	10	13	150	0	0	0	40	100	0	40	3	3	0	5	2	0
1221	21	24	0	0	11	13	220	0	0	260	40	100	0	40	3	3	0	5	2	0
1221	21	24	1	0	10	13	150	0	0	0	40	100	0	40	3	3	0	5	2	0
1222	4	6	0	0	32	13	240	10	0	0	361	100	0	15	0	3	0	1	1	0
1222	4	6	1	0	27	13	240	60	0	0	361	100	0	15	0	3	0	1	1	0
1222	4	6	2	0	5	13	260	0	0	0	361	100	0	15	0	3	0	1	1	0
1222	6	30	0	0	32	9	240	10	0	0	361	100	0	10	0	3	0	1	0	0
1222	6	30	1	0	27	9	240	60	0	0	361	100	0	10	0	3	0	1	0	0
1222	6	30	2	0	5	9	260	0	0	0	361	100	0	10	0	3	0	1	0	0
1223	15	18	0	0	11	18	280	0	0	250	361	100	0	5	3	3	0	5	2	0
1223	15	18	1	0	10	18	220	0	0	0	361	100	0	5	3	3	0	5	2	0
1223	18	35	0	0	11	10	180	0	0	250	361	100	0	0	3	3	0	5	2	0
1223	18	35	1	0	10	10	150	0	0	0	361	100	0	0	3	3	0	5	2	0
1224	6	14	0	0	27	6	280	10	0	0	65	35	0	40	0	3	0	1	1	0
1224	6	14	1	0	27	6	280	90	0	0	65	35	0	40	0	3	0	1	1	0
1224	6	14	2	0	5	6	310	0	0	0	65	35	0	40	0	3	0	1	1	0
1224	18	27	0	0	32	6	280	10	0	0	361	80	0	30	0	3	0	1	2	0
1224	18	27	1	0	32	6	280	90	0	0	361	80	0	30	0	3	0	1	2	0
1224	18	27	2	0	5	6	310	0	0	0	361	80	0	30	0	3	0	1	2	0
1225	5	49	0	0	11	15	300	0	0	100	70	100	0	5	3	3	0	5	2	0
1225	5	49	1	0	10	15	200	0	0	0	70	100	0	5	3	3	0	5	2	0
1226	5	65	0	0	10	16	200	50	150	0	361	100	0	20	3	3	0	5	2	0
1226	5	65	1	0	10	16	200	-50	150	0	361	100	0	20	3	3	0	5	2	0
1226	5	65	2	0	10	16	300	0	0	0	944	80	0	25	1	3	0	5	2	0
1227	6	12	0	0	11	3	220	0	0	250	361	100	0	6	3	3	0	5	1	0
1227	6	12	1	0	10	3	160	0	0	0	361	100	0	6	3	3	0	5	1	0
1229	8	12	0	0	0	1	200	0	200	0	141	0	1	30	3	3	1	5	0	0
1229	8	12	1	0	0	1	220	0	200	300	151	0	1	40	3	3	1	5	0	0
1229	8	12	2	0	0	1	220	0	200	-300	151	0	1	40	3	3	1	5	0	0
1229	16	20	0	0	0	1	200	0	200	0	141	0	1	30	3	3	1	5	0	0
1229	16	20	1	0	0	1	220	0	200	300	151	0	1	40	3	3	1	5	0	0
1229	16	20	2	0	0	1	220	0	200	-300	151	0	1	40	3	3	1	5	0	0
1229	24	28	0	0	0	1	200	0	200	0	141	0	1	30	3	3	1	5	0	0
1229	24	28	1	0	0	1	220	0	200	300	151	0	1	40	3	3	1	5	0	0
1229	24	28	2	0	0	1	220	0	200	-300	151	0	1	40	3	3	1	5	0	0
1231	8	12	0	0	0	1	200	0	200	0	70	0	1	60	3	3	1	5	0	0
1231	8	12	1	0	0	1	220	0	200	250	85	0	1	60	3	3	1	5	0	0
1231	8	12	2	0	0	1	220	0	200	-250	115	0	1	70	3	3	1	5	0	0
1231	16	20	0	0	0	1	200	0	200	0	70	0	1	60	3	3	1	5	0	0
1231	16	20	1	0	0	1	220	0	200	250	85	0	1	60	3	3	1	5	0	0
1231	16	20	2	0	0	1	220	0	200	-250	115	0	1	70	3	3	1	5	0	0
1231	24	28	0	0	0	1	200	0	200	0	70	0	1	60	3	3	1	5	0	0
1231	24	28	1	0	0	1	220	0	200	250	85	0	1	60	3	3	1	5	0	0
1231	24	28	2	0	0	1	220	0	200	-250	115	0	1	70	3	3	1	5	0	0
1231	32	36	0	0	0	1	200	0	200	0	70	0	1	50	3	3	1	5	0	0
1231	32	36	1	0	0	1	220	0	200	250	85	0	1	50	3	3	1	5	0	0
1231	32	36	2	0	0	1	220	0	200	-250	130	0	1	55	3	3	1	5	0	0
1231	40	44	0	0	0	1	200	0	200	0	70	0	1	50	3	3	1	5	0	0
1231	40	44	1	0	0	1	220	0	200	250	85	0	1	50	3	3	1	5	0	0
1231	40	44	2	0	0	1	220	0	200	-250	130	0	1	55	3	3	1	5	0	0
1231	48	52	0	0	0	1	200	0	200	0	70	0	1	50	3	3	1	5	0	0
1231	48	52	1	0	0	1	220	0	200	250	85	0	1	50	3	3	1	5	0	0
1231	48	52	2	0	0	1	220	0	200	-250	130	0	1	55	3	3	1	5	0	0
1231	56	64	0	0	0	9	250	0	220	0	361	120	0	45	3	3	0	5	2	0
1231	56	64	1	0	0	9	280	0	220	275	361	120	0	45	3	3	0	5	2	0
1231	56	64	2	0	0	9	280	0	220	-275	361	120	0	45	3	3	0	5	2	0
