SAGAS-DATA	1
script	frame	opcode	word_count	words[0]	words[1]	words[2]	words[3]	words[4]
0	0	14	1	939524212	0	0	0	0
0	0	32	1	2147483650	0	0	0	0
0	0	38	4	2550148096	0	4287102976	3932160	0
0	0	1	1	67108870	0	0	0	0
0	6	33	1	2214592512	0	0	0	0
0	6	38	4	2550148096	0	4287102976	3932160	0
0	6	1	1	67108870	0	0	0	0
0	12	33	1	2214592512	0	0	0	0
0	12	0	1	0	0	0	0	0
1	0	2	1	134217734	0	0	0	0
1	6	22	1	1476395009	0	0	0	0
1	6	0	1	0	0	0	0	0
2	0	14	1	939524190	0	0	0	0
2	0	38	4	2550150144	0	0	0	0
2	0	0	1	0	0	0	0	0
3	0	17	1	1140851982	0	0	0	0
3	0	14	1	939524189	0	0	0	0
3	0	32	1	2147483650	0	0	0	0
3	0	38	4	2550148096	0	100	6553700	0
3	0	1	1	67108870	0	0	0	0
3	6	33	1	2214592512	0	0	0	0
3	6	38	4	2550148096	0	100	6553700	0
3	6	1	1	67108870	0	0	0	0
3	12	33	1	2214592512	0	0	0	0
3	12	0	1	0	0	0	0	0
4	0	49	1	3288334343	0	0	0	0
4	0	38	4	2550180864	0	0	0	0
4	0	14	1	939524107	0	0	0	0
4	0	38	4	2550168576	0	0	0	0
4	0	29	1	1946157059	0	0	0	0
4	0	2	1	134217748	0	0	0	0
4	20	29	1	1946157057	0	0	0	0
4	20	50	1	3355443207	0	0	0	0
4	20	0	1	0	0	0	0	0
5	0	29	1	1946157059	0	0	0	0
5	0	2	1	134217750	0	0	0	0
5	22	38	4	2550150144	0	0	0	0
5	22	3	5	201498816	16384000	65487	1514553707	19005440
5	22	3	5	209879232	11796480	0	1514553707	19005440
5	22	3	5	218349760	16384000	3276800	1514553707	19005440
5	22	3	5	226721984	14417920	0	1514553707	19005440
5	22	1	1	67108869	0	0	0	0
5	27	6	1	402653184	0	0	0	0
5	27	29	1	1946157057	0	0	0	0
5	27	0	1	0	0	0	0	0
6	0	48	1	3221225472	0	0	0	0
6	0	29	1	1946157059	0	0	0	0
6	0	2	1	134217736	0	0	0	0
6	8	40	1	2687500289	0	0	0	0
6	8	40	1	2693791746	0	0	0	0
6	8	40	1	2703228928	0	0	0	0
6	8	2	1	134217745	0	0	0	0
6	17	38	4	2550150144	0	0	0	0
6	17	3	5	201621696	11796480	0	1514553707	21102592
6	17	3	5	210010304	11796480	65361	1514553707	21102592
6	17	3	5	218398912	11796480	65186	1514553707	21102592
6	17	1	1	67108868	0	0	0	0
6	21	6	1	402653184	0	0	0	0
6	21	1	1	67108866	0	0	0	0
6	23	11	1	738197504	0	0	0	0
6	23	11	1	738197505	0	0	0	0
6	23	11	1	738197505	0	0	0	0
6	23	1	1	67108869	0	0	0	0
6	28	29	1	1946157057	0	0	0	0
6	28	2	1	134217752	0	0	0	0
6	28	40	1	2687500288	0	0	0	0
6	28	40	1	2693791744	0	0	0	0
6	28	6	1	402653184	0	0	0	0
6	28	0	1	0	0	0	0	0
7	0	49	1	3288334345	0	0	0	0
7	0	38	4	2550180864	0	0	0	0
7	0	14	1	939524113	0	0	0	0
7	0	38	4	2550168576	0	0	0	0
7	0	29	1	1946157059	0	0	0	0
7	0	2	1	134217752	0	0	0	0
7	24	29	1	1946157057	0	0	0	0
7	24	0	1	0	0	0	0	0
8	0	38	4	2550168576	0	0	0	0
8	0	29	1	1946157059	0	0	0	0
8	0	17	1	1140851976	0	0	0	0
8	0	2	1	134217732	0	0	0	0
8	4	3	5	201556160	17694976	4286578688	1514553747	2228224
8	4	3	5	209928384	15728640	0	1514553747	2228224
8	4	3	5	218144960	10485760	0	1514553747	2228224
8	4	19	1	1275068458	0	0	0	0
8	4	38	4	2550156288	65456	4283170816	0	0
8	4	1	1	67108866	0	0	0	0
8	6	29	1	1946157057	0	0	0	0
8	6	1	1	67108867	0	0	0	0
8	9	6	1	402653184	0	0	0	0
8	9	0	1	0	0	0	0	0
9	0	38	4	2550168576	0	0	0	0
9	0	29	1	1946157059	0	0	0	0
9	0	17	1	1140851976	0	0	0	0
9	0	2	1	134217739	0	0	0	0
9	11	3	5	201498755	16384000	65487	1514553747	2752512
9	11	3	5	209879171	11796480	0	1514553747	2752512
9	11	3	5	219422848	9830400	0	1514553747	2228224
9	11	3	5	227827840	14417920	0	1514553747	2228224
9	11	19	1	1275068458	0	0	0	0
9	11	1	1	67108866	0	0	0	0
9	13	29	1	1946157057	0	0	0	0
9	13	1	1	67108870	0	0	0	0
9	19	6	1	402653184	0	0	0	0
9	19	0	1	0	0	0	0	0
10	0	40	1	2690646017	0	0	0	0
10	0	38	4	2616756224	0	0	0	0
10	0	17	1	1140851988	0	0	0	0
10	0	43	1	2885681159	0	0	0	0
10	0	29	1	1946157059	0	0	0	0
11	0	40	1	2695364611	0	0	0	0
11	0	40	1	2690646017	0	0	0	0
11	0	47	1	3154116611	0	0	0	0
11	0	17	1	1140851979	0	0	0	0
11	0	43	1	2885681159	0	0	0	0
11	0	32	1	2147483654	0	0	0	0
11	0	38	4	2550177792	130	200	17039560	0
11	0	1	1	67108884	0	0	0	0
11	20	33	1	2214592512	0	0	0	0
11	20	38	4	2550177792	130	200	17039560	0
11	20	1	1	67108884	0	0	0	0
11	40	33	1	2214592512	0	0	0	0
11	40	38	4	2550177792	130	200	17039560	0
11	40	1	1	67108884	0	0	0	0
11	60	33	1	2214592512	0	0	0	0
11	60	38	4	2550177792	130	200	17039560	0
11	60	1	1	67108884	0	0	0	0
11	80	33	1	2214592512	0	0	0	0
11	80	38	4	2550177792	130	200	17039560	0
11	80	1	1	67108884	0	0	0	0
11	100	33	1	2214592512	0	0	0	0
11	100	38	4	2550177792	130	200	17039560	0
11	100	1	1	67108884	0	0	0	0
11	120	33	1	2214592512	0	0	0	0
12	0	18	1	1207960844	0	0	0	0
12	0	40	1	2695364611	0	0	0	0
12	0	40	1	2690646017	0	0	0	0
12	0	43	1	2885681158	0	0	0	0
12	0	47	1	3154116611	0	0	0	0
12	0	38	4	2550228992	130	200	17039560	0
12	0	1	1	67108874	0	0	0	0
13	0	47	1	3154116611	0	0	0	0
13	0	38	4	2550148096	0	4287102976	3932160	0
13	0	2	1	134217734	0	0	0	0
13	6	3	5	201457712	19660960	0	1514553347	2097152
13	6	14	1	939524115	0	0	0	0
13	6	1	1	67108865	0	0	0	0
13	7	6	1	402653184	0	0	0	0
13	7	0	1	0	0	0	0	0
14	0	40	1	2690646018	0	0	0	0
14	0	20	1	1342177280	0	0	0	0
14	0	19	1	1275068424	0	0	0	0
14	0	2	1	134217732	0	0	0	0
14	4	29	1	1946157058	0	0	0	0
14	4	38	4	2550150144	0	0	0	0
14	4	32	1	2147483659	0	0	0	0
14	4	1	1	67108866	0	0	0	0
14	6	33	1	2214592512	0	0	0	0
14	6	1	1	67108866	0	0	0	0
14	8	33	1	2214592512	0	0	0	0
14	8	1	1	67108866	0	0	0	0
14	10	33	1	2214592512	0	0	0	0
14	10	1	1	67108866	0	0	0	0
14	12	33	1	2214592512	0	0	0	0
14	12	1	1	67108866	0	0	0	0
14	14	33	1	2214592512	0	0	0	0
14	14	1	1	67108866	0	0	0	0
14	16	33	1	2214592512	0	0	0	0
14	16	1	1	67108866	0	0	0	0
14	18	33	1	2214592512	0	0	0	0
14	18	1	1	67108866	0	0	0	0
14	20	33	1	2214592512	0	0	0	0
14	20	1	1	67108866	0	0	0	0
14	22	33	1	2214592512	0	0	0	0
14	22	1	1	67108866	0	0	0	0
14	24	33	1	2214592512	0	0	0	0
14	24	1	1	67108866	0	0	0	0
14	26	33	1	2214592512	0	0	0	0
14	26	29	1	1946157057	0	0	0	0
14	26	3	5	201326832	13107200	0	1514471427	4195584
14	26	14	1	939524106	0	0	0	0
14	26	38	4	2550159360	0	0	0	0
14	26	38	4	2550150144	0	4285136896	0	0
14	26	38	4	2616756224	0	0	0	0
14	26	2	1	134217736	0	0	0	0
14	26	6	1	402653184	0	0	0	0
14	26	23	1	1543503873	0	0	0	0
14	26	0	1	0	0	0	0	0
15	0	20	1	1342177280	0	0	0	0
15	0	2	1	134217732	0	0	0	0
15	4	29	1	1946157058	0	0	0	0
15	4	2	1	134217743	0	0	0	0
15	15	14	1	939524137	0	0	0	0
15	15	38	4	2550156288	0	4266590208	0	0
15	15	38	4	2616755200	0	0	0	0
15	15	38	4	2563768320	19660800	0	0	0
15	15	2	1	134217745	0	0	0	0
15	17	6	1	402653184	0	0	0	0
15	17	23	1	1543503874	0	0	0	0
15	17	29	1	1946157057	0	0	0	0
15	17	0	1	0	0	0	0	0
16	0	47	1	3154116611	0	0	0	0
16	0	2	1	134217732	0	0	0	0
16	4	3	5	201400400	11796630	0	1514471427	0
16	4	3	5	209780816	11796540	0	1514471427	0
16	4	3	5	218169424	11861956	0	1514471427	0
16	4	19	1	1275068459	0	0	0	0
16	4	1	1	67108866	0	0	0	0
16	6	6	1	402653184	0	0	0	0
16	6	2	1	134217738	0	0	0	0
16	10	22	1	1476395009	0	0	0	0
16	10	0	1	0	0	0	0	0
17	0	47	1	3154116611	0	0	0	0
17	0	2	1	134217731	0	0	0	0
17	3	3	5	201449584	14418095	0	293928963	0
17	3	3	5	209830000	14417950	0	293928963	0
17	3	19	1	1275068459	0	0	0	0
17	3	1	1	67108867	0	0	0	0
17	6	6	1	402653184	0	0	0	0
17	6	2	1	134217738	0	0	0	0
17	10	22	1	1476395009	0	0	0	0
17	10	0	1	0	0	0	0	0
18	0	20	1	1342177280	0	0	0	0
18	0	2	1	134217734	0	0	0	0
18	6	3	5	201326992	17039360	15728676	1514553347	21104640
18	6	38	4	2550156288	0	0	0	0
18	6	19	1	1275068457	0	0	0	0
18	6	1	1	67108868	0	0	0	0
18	10	8	1	537165824	0	0	0	0
18	10	1	1	67108880	0	0	0	0
18	26	6	1	402653184	0	0	0	0
18	26	0	1	0	0	0	0	0
19	0	40	1	2690646018	0	0	0	0
19	0	40	1	2692743170	0	0	0	0
19	0	2	1	134217736	0	0	0	0
19	8	3	5	201499091	16384000	65487	1514553347	2753792
19	8	3	5	209879507	11796480	0	1514553347	2753792
19	8	19	1	1275068458	0	0	0	0
19	8	1	1	67108875	0	0	0	0
19	19	6	1	402653184	0	0	0	0
19	19	2	1	134217764	0	0	0	0
19	36	40	1	2692743168	0	0	0	0
19	36	0	1	0	0	0	0	0
20	0	40	1	2690646018	0	0	0	0
20	0	40	1	2692743170	0	0	0	0
20	0	2	1	134217736	0	0	0	0
20	8	3	5	201499059	16384000	65487	1514553347	2753792
20	8	3	5	209879475	11796480	0	1514553347	2753792
20	8	19	1	1275068458	0	0	0	0
20	8	1	1	67108875	0	0	0	0
20	19	6	1	402653184	0	0	0	0
20	19	2	1	134217764	0	0	0	0
20	36	40	1	2692743168	0	0	0	0
20	36	0	1	0	0	0	0	0
21	0	40	1	2690646018	0	0	0	0
21	0	40	1	2692743170	0	0	0	0
21	0	2	1	134217736	0	0	0	0
21	8	3	5	201499027	16384000	65487	1514553347	2753792
21	8	3	5	209879443	11796480	0	1514553347	2753792
21	8	19	1	1275068458	0	0	0	0
21	8	1	1	67108875	0	0	0	0
21	19	6	1	402653184	0	0	0	0
21	19	2	1	134217764	0	0	0	0
21	36	40	1	2692743168	0	0	0	0
21	36	0	1	0	0	0	0	0
22	0	2	1	134217734	0	0	0	0
22	6	3	5	201392352	11796480	0	461987843	2099712
22	6	3	5	209797344	16384000	0	461987843	2099712
22	6	19	1	1275068458	0	0	0	0
22	6	2	1	134217736	0	0	0	0
22	8	3	5	219332835	11796480	0	336158723	4853504
22	8	3	5	227729635	16449436	0	336158723	4853504
22	8	19	1	1275068676	0	0	0	0
22	8	1	1	67108880	0	0	0	0
22	24	6	1	402653184	0	0	0	0
22	24	0	1	0	0	0	0	0
23	0	47	1	3154116609	0	0	0	0
23	0	2	1	134217733	0	0	0	0
23	5	47	1	3154116612	0	0	0	0
23	5	3	5	201490803	16384000	32833366	1514553347	2755072
23	5	3	5	209879411	14418020	0	1514553347	2755072
23	5	19	1	1275068458	0	0	0	0
23	5	1	1	67108868	0	0	0	0
23	9	3	5	201490803	16384000	23003016	1514553347	2755072
23	9	1	1	67108870	0	0	0	0
23	15	6	1	402653184	0	0	0	0
23	15	47	1	3154116609	0	0	0	0
23	15	0	1	0	0	0	0	0
24	0	47	1	3154116611	0	0	0	0
24	0	1	1	67108867	0	0	0	0
24	3	40	1	2695364609	0	0	0	0
24	3	40	1	2692743170	0	0	0	0
24	3	1	1	67108865	0	0	0	0
24	4	38	4	2560654336	0	0	0	0
24	4	2	1	134217746	0	0	0	0
24	18	20	1	1342177280	0	0	0	0
24	18	47	1	3154116612	0	0	0	0
24	18	3	5	201491024	18350080	0	1514614787	4196864
24	18	3	5	209887763	18350080	9830400	1514614787	4852224
24	18	19	1	1275068458	0	0	0	0
24	18	2	1	134217749	0	0	0	0
24	21	17	1	1140852013	0	0	0	0
24	21	14	1	939524271	0	0	0	0
24	21	14	1	939524383	0	0	0	0
24	21	38	4	2550170624	0	0	0	0
24	21	38	4	2550159360	0	70254592	0	0
24	21	1	1	67108872	0	0	0	0
24	29	6	1	402653184	0	0	0	0
24	29	2	1	134217777	0	0	0	0
24	49	40	1	2692743168	0	0	0	0
24	49	2	1	134217778	0	0	0	0
24	50	47	1	3154116611	0	0	0	0
24	50	0	1	0	0	0	0	0
25	0	1	1	67108868	0	0	0	0
25	4	38	4	2561702912	26214528	0	0	0
25	4	38	4	2562751488	4268753024	0	0	0
25	4	2	1	134217736	0	0	0	0
25	8	38	4	2550150144	65423	0	0	0
25	8	2	1	134217740	0	0	0	0
25	12	3	5	201523379	13107264	0	482754567	4856064
25	12	3	5	209920179	16384064	0	482754567	4856064
25	12	3	5	218284211	13172687	0	482754567	4856064
25	12	3	5	226681011	16449487	0	482754567	4856064
25	12	19	1	1275068457	0	0	0	0
25	12	17	1	1140852027	0	0	0	0
25	12	1	1	67108868	0	0	0	0
25	16	6	1	402653184	0	0	0	0
25	16	1	1	67108865	0	0	0	0
25	17	3	5	202375699	23592960	32768000	419840003	4856064
25	17	3	5	210764307	26214400	75366420	419840003	4856064
25	17	1	1	67108870	0	0	0	0
25	23	6	1	402653184	0	0	0	0
25	23	47	1	3154116611	0	0	0	0
25	23	0	1	0	0	0	0	0
26	0	47	1	3154116611	0	0	0	0
26	0	2	1	134217738	0	0	0	0
26	10	17	1	1140852031	0	0	0	0
26	10	20	1	1342177280	0	0	0	0
26	10	47	1	3154116612	0	0	0	0
26	10	3	5	201400720	17039360	0	1514635267	4197504
26	10	3	5	209838480	17039360	0	1514635267	4197504
26	10	3	5	219341203	17039360	0	1514635267	4852864
26	10	3	5	227746195	17039360	0	1514635267	4852864
26	10	38	4	2550150144	0	0	0	0
26	10	38	4	2555411456	16384000	0	0	0
26	10	19	1	1275068457	0	0	0	0
26	10	19	1	1275068674	0	0	0	0
26	10	1	1	67108869	0	0	0	0
26	15	3	5	219152787	17039360	23593510	1514635267	4852864
26	15	3	5	227541395	17039360	23657946	1514635267	4852864
26	15	1	1	67108867	0	0	0	0
26	18	6	1	402653184	0	0	0	0
26	18	2	1	134217759	0	0	0	0
26	31	2	1	134217778	0	0	0	0
26	50	47	1	3154116611	0	0	0	0
26	50	0	1	0	0	0	0	0
27	0	2	1	134217733	0	0	0	0
27	5	19	1	1275068457	0	0	0	0
27	5	19	1	1275068674	0	0	0	0
27	5	22	1	1476395043	0	0	0	0
27	5	3	5	201400592	14417920	65386	1514676227	4196864
27	5	3	5	209838352	14417920	65386	1514676227	4196864
27	5	3	5	219341075	14417920	0	1514676227	4852224
27	5	3	5	227746067	14417920	0	1514676227	4852224
27	5	1	1	67108868	0	0	0	0
27	9	3	5	201400528	14417920	65386	1514635267	2098432
27	9	3	5	209838288	14417920	65386	1514635267	2098432
27	9	3	5	219341011	14417920	0	1514635267	2753792
27	9	3	5	227746003	14417920	0	1514635267	2753792
27	9	1	1	67108884	0	0	0	0
27	29	22	1	1476395008	0	0	0	0
27	29	6	1	402653184	0	0	0	0
27	29	0	1	0	0	0	0	0
28	0	1	1	67108873	0	0	0	0
28	9	17	1	1140852011	0	0	0	0
28	9	53	1	3573547008	0	0	0	0
28	9	53	1	3556786432	0	0	0	0
28	9	19	1	1275068459	0	0	0	0
28	9	22	1	1476395043	0	0	0	0
28	9	3	5	201498739	19660800	3342286	1514348547	2754432
28	9	3	5	209879155	11796480	0	1514348547	2754432
28	9	1	1	67108868	0	0	0	0
28	13	22	1	1476395008	0	0	0	0
28	13	6	1	402653184	0	0	0	0
28	13	1	1	67108869	0	0	0	0
28	18	17	1	1140852011	0	0	0	0
28	18	53	1	3556786432	0	0	0	0
28	18	19	1	1275068459	0	0	0	0
28	18	22	1	1476395043	0	0	0	0
28	18	11	1	738197504	0	0	0	0
28	18	11	1	738197505	0	0	0	0
28	18	1	1	67108868	0	0	0	0
28	22	22	1	1476395008	0	0	0	0
28	22	6	1	402653184	0	0	0	0
28	22	1	1	67108869	0	0	0	0
28	27	17	1	1140852012	0	0	0	0
28	27	53	1	3556786432	0	0	0	0
28	27	19	1	1275068458	0	0	0	0
28	27	22	1	1476395043	0	0	0	0
28	27	3	5	201498963	19660800	3342286	1514553347	2753792
28	27	3	5	209879379	11796480	0	1514553347	2753792
28	27	1	1	67108868	0	0	0	0
28	31	22	1	1476395008	0	0	0	0
28	31	6	1	402653184	0	0	0	0
28	31	0	1	0	0	0	0	0
29	0	48	1	3221225472	0	0	0	0
29	0	40	1	2690646018	0	0	0	0
29	0	40	1	2703228928	0	0	0	0
29	0	40	1	2694316031	0	0	0	0
29	0	40	1	2687500289	0	0	0	0
29	0	2	1	134217730	0	0	0	0
29	2	14	1	939524138	0	0	0	0
29	2	2	1	134217740	0	0	0	0
29	12	19	1	1275068457	0	0	0	0
29	12	22	1	1476395043	0	0	0	0
29	12	3	5	201622032	13107200	0	1514553347	4327296
29	12	3	5	210010640	13107200	65361	1514553347	4327296
29	12	3	5	218399248	16384000	65186	1514553347	4327296
29	12	1	1	67108866	0	0	0	0
29	14	3	5	201621840	13107200	0	1514553347	4325376
29	14	3	5	210010448	13107200	65361	1514553347	4325376
29	14	3	5	218399056	16384000	65186	1514553347	4325376
29	14	1	1	67108870	0	0	0	0
29	20	22	1	1476395008	0	0	0	0
29	20	6	1	402653184	0	0	0	0
29	20	2	1	134217763	0	0	0	0
29	35	40	1	2687500288	0	0	0	0
29	35	40	1	2693791744	0	0	0	0
29	35	40	1	2703753215	0	0	0	0
29	35	0	1	0	0	0	0	0
30	0	2	1	134217735	0	0	0	0
30	7	19	1	1275068674	0	0	0	0
30	7	22	1	1476395043	0	0	0	0
30	7	3	5	201523731	11796480	0	335994883	4851584
30	7	3	5	209920531	14417920	0	335994883	4851584
30	7	1	1	67108877	0	0	0	0
30	20	22	1	1476395008	0	0	0	0
30	20	6	1	402653184	0	0	0	0
30	20	0	1	0	0	0	0	0
31	0	40	1	2690646018	0	0	0	0
31	0	2	1	134217734	0	0	0	0
31	6	22	1	1476395048	0	0	0	0
31	6	3	5	201572816	16384000	3276800	3980804099	4327936
31	6	3	5	209945040	14417920	0	3980804099	4327936
31	6	19	1	1275068457	0	0	0	0
31	6	1	1	67108870	0	0	0	0
31	12	3	5	201572752	16384000	3276800	314982403	4326656
31	12	3	5	209944976	14417920	0	314982403	4326656
31	12	1	1	67108876	0	0	0	0
31	24	22	1	1476395008	0	0	0	0
31	24	6	1	402653184	0	0	0	0
31	24	0	1	0	0	0	0	0
32	0	2	1	134217744	0	0	0	0
32	16	14	1	939524968	0	0	0	0
32	16	2	1	134217775	0	0	0	0
32	47	14	1	939524968	0	0	0	0
32	47	37	1	2483027968	0	0	0	0
33	0	2	1	134217744	0	0	0	0
33	16	14	1	939524968	0	0	0	0
33	16	2	1	134217766	0	0	0	0
33	38	14	1	939524968	0	0	0	0
33	38	37	1	2483027968	0	0	0	0
34	0	18	1	1207960422	0	0	0	0
34	0	43	1	2885681157	0	0	0	0
34	0	43	1	2886729733	0	0	0	0
34	0	47	1	3154116611	0	0	0	0
34	0	38	4	2550228992	140	280	18350310	0
34	0	1	1	67108874	0	0	0	0
35	0	43	1	2885681160	0	0	0	0
35	0	43	1	2886729736	0	0	0	0
35	0	47	1	3154116611	0	0	0	0
35	0	17	1	1140851558	0	0	0	0
35	0	32	1	2147483654	0	0	0	0
35	0	38	4	2550177792	130	260	17039560	0
35	0	1	1	67108880	0	0	0	0
35	16	33	1	2214592512	0	0	0	0
35	16	38	4	2550177792	130	260	17039560	0
35	16	1	1	67108880	0	0	0	0
35	32	33	1	2214592512	0	0	0	0
35	32	38	4	2550177792	130	260	17039560	0
35	32	1	1	67108880	0	0	0	0
35	48	33	1	2214592512	0	0	0	0
35	48	38	4	2550177792	130	260	17039560	0
35	48	1	1	67108880	0	0	0	0
35	64	33	1	2214592512	0	0	0	0
35	64	38	4	2550177792	130	260	17039560	0
35	64	1	1	67108880	0	0	0	0
35	80	33	1	2214592512	0	0	0	0
35	80	38	4	2550177792	130	260	17039560	0
35	80	1	1	67108880	0	0	0	0
35	96	33	1	2214592512	0	0	0	0
36	0	49	1	3288334345	0	0	0	0
36	0	43	1	2885681158	0	0	0	0
36	0	43	1	2886729734	0	0	0	0
36	0	38	4	2550180864	0	0	0	0
36	0	14	1	939524113	0	0	0	0
36	0	38	4	2550168576	0	0	0	0
36	0	29	1	1946157059	0	0	0	0
36	0	2	1	134217752	0	0	0	0
36	24	29	1	1946157057	0	0	0	0
36	24	0	1	0	0	0	0	0
37	0	49	1	3288334343	0	0	0	0
37	0	43	1	2885681158	0	0	0	0
37	0	43	1	2886729734	0	0	0	0
37	0	38	4	2550180864	0	0	0	0
37	0	14	1	939524107	0	0	0	0
37	0	38	4	2550168576	0	0	0	0
37	0	29	1	1946157059	0	0	0	0
37	0	2	1	134217748	0	0	0	0
37	20	29	1	1946157057	0	0	0	0
37	20	50	1	3355443207	0	0	0	0
37	20	0	1	0	0	0	0	0
38	0	47	1	3154116612	0	0	0	0
38	0	29	1	1946157059	0	0	0	0
38	0	2	1	134217748	0	0	0	0
38	20	38	4	2550150144	0	0	0	0
38	20	3	5	201449664	18350080	0	1514553707	19005440
38	20	3	5	209854656	19660800	0	1514553707	19005440
38	20	1	1	67108867	0	0	0	0
38	23	6	1	402653184	0	0	0	0
38	23	2	1	134217754	0	0	0	0
38	26	11	1	738197504	0	0	0	0
38	26	11	1	738197505	0	0	0	0
38	26	29	1	1946157057	0	0	0	0
38	26	1	1	67108868	0	0	0	0
38	30	6	1	402653184	0	0	0	0
38	30	47	1	3154116611	0	0	0	0
38	30	0	1	0	0	0	0	0
39	0	29	1	1946157059	0	0	0	0
39	0	2	1	134217749	0	0	0	0
39	21	38	4	2550150144	0	0	0	0
39	21	38	4	2550168576	96	4270784512	0	0
39	21	2	1	134217750	0	0	0	0
39	22	3	5	201449664	19660800	0	1514553707	19005440
39	22	3	5	209854656	19660800	0	1514553707	19005440
39	22	3	5	218259648	13107200	0	1514553707	19005440
39	22	3	5	226656448	13107200	0	1514553707	19005440
39	22	1	1	67108868	0	0	0	0
39	26	29	1	1946157057	0	0	0	0
39	26	1	1	67108866	0	0	0	0
39	28	6	1	402653184	0	0	0	0
39	28	0	1	0	0	0	0	0
40	0	29	1	1946157059	0	0	0	0
40	0	0	1	0	0	0	0	0
41	0	29	1	1946157059	0	0	0	0
41	0	38	4	2550168576	0	0	0	0
41	0	20	1	1342177280	0	0	0	0
41	0	29	1	1946157059	0	0	0	0
41	0	3	5	201359552	11796480	160	1514553747	4194304
41	0	3	5	209748160	11796480	65376	1514553747	4194304
41	0	19	1	1275068458	0	0	0	0
41	0	38	4	2550156288	65456	4283170816	0	0
41	0	1	1	67108889	0	0	0	0
41	25	6	1	402653184	0	0	0	0
41	25	29	1	1946157057	0	0	0	0
41	25	0	1	0	0	0	0	0
42	0	29	1	1946157059	0	0	0	0
42	0	0	1	0	0	0	0	0
43	0	38	4	2550168576	0	0	0	0
43	0	29	1	1946157059	0	0	0	0
43	0	20	1	1342177280	0	0	0	0
43	0	3	5	201466048	22937600	0	1514553747	4194304
43	0	3	5	209838272	15728640	0	1514553747	4194304
43	0	19	1	1275068458	0	0	0	0
43	0	38	4	2550156288	65456	4283170816	0	0
43	0	29	1	1946157057	0	0	0	0
43	0	1	1	67108868	0	0	0	0
43	4	1	1	67108867	0	0	0	0
43	7	29	1	1946157057	0	0	0	0
43	7	6	1	402653184	0	0	0	0
43	7	0	1	0	0	0	0	0
44	0	38	4	2616756224	0	0	0	0
44	0	43	1	2885681159	0	0	0	0
44	0	43	1	2886729735	0	0	0	0
44	0	29	1	1946157059	0	0	0	0
45	0	49	1	3288334342	0	0	0	0
45	0	17	1	1140851565	0	0	0	0
45	0	0	1	0	0	0	0	0
46	0	43	1	2885681163	0	0	0	0
46	0	43	1	2886729739	0	0	0	0
46	0	2	1	134217734	0	0	0	0
46	6	22	1	1476395009	0	0	0	0
46	6	43	1	2885681152	0	0	0	0
46	6	43	1	2886729728	0	0	0	0
46	6	0	1	0	0	0	0	0
47	0	47	1	3154116611	0	0	0	0
47	0	2	1	134217734	0	0	0	0
47	6	3	5	201449648	19660800	0	1514348547	1280
47	6	3	5	209854640	19660800	0	1514348547	1280
47	6	19	1	1275068459	0	0	0	0
47	6	1	1	67108868	0	0	0	0
47	10	6	1	402653184	0	0	0	0
47	10	2	1	134217740	0	0	0	0
47	12	22	1	1476395009	0	0	0	0
47	12	0	1	0	0	0	0	0
48	0	47	1	3154116611	0	0	0	0
48	0	2	1	134217736	0	0	0	0
48	8	3	5	201433264	19660800	0	293806083	1280
48	8	3	5	209805488	19660800	0	293806083	1280
48	8	19	1	1275068459	0	0	0	0
48	8	1	1	67108868	0	0	0	0
48	12	6	1	402653184	0	0	0	0
48	12	2	1	134217740	0	0	0	0
48	12	22	1	1476395009	0	0	0	0
48	12	0	1	0	0	0	0	0
49	0	47	1	3154116612	0	0	0	0
49	0	1	1	67108870	0	0	0	0
49	6	3	5	201458032	19660928	4194320	1514553347	2097152
49	6	3	5	209838448	19660800	0	1514553347	2097152
49	6	19	1	1275068458	0	0	0	0
49	6	38	4	2550153216	65456	4283170816	0	0
49	6	1	1	67108869	0	0	0	0
49	11	6	1	402653184	0	0	0	0
49	11	1	1	67108872	0	0	0	0
49	19	3	5	201425264	19660928	0	1514553347	2097152
49	19	3	5	209805680	19660800	0	1514553347	2097152
49	19	19	1	1275068458	0	0	0	0
49	19	38	4	2550153216	65456	4283170816	0	0
49	19	1	1	67108868	0	0	0	0
49	23	6	1	402653184	0	0	0	0
49	23	0	1	0	0	0	0	0
50	0	2	1	134217732	0	0	0	0
50	4	22	1	1476395058	0	0	0	0
50	4	3	5	201564560	18350080	0	1514553347	4327296
50	4	3	5	209904016	15728650	0	1514553347	4327296
50	4	3	5	218145168	23658446	3932160	1514553347	4327296
50	4	19	1	1275068458	0	0	0	0
50	4	1	1	67108868	0	0	0	0
50	8	3	5	201564432	16384000	0	1514553347	2229504
50	8	3	5	209903888	15728650	0	1514553347	2229504
50	8	3	5	218145040	23658446	3932160	1514553347	2229504
50	8	1	1	67108888	0	0	0	0
50	32	22	1	1476395008	0	0	0	0
50	32	6	1	402653184	0	0	0	0
50	32	0	1	0	0	0	0	0
51	0	2	1	134217737	0	0	0	0
51	9	22	1	1476395048	0	0	0	0
51	9	19	1	1275068675	0	0	0	0
51	9	3	5	201433619	17104876	1376196	1514635267	4850944
51	9	3	5	209805843	17039360	0	1514635267	4850944
51	9	1	1	67108865	0	0	0	0
51	10	38	4	2550168576	408	27525120	0	0
51	10	1	1	67108865	0	0	0	0
51	11	3	5	201433619	17039360	1376196	1514635267	4850944
51	11	1	1	67108867	0	0	0	0
51	14	6	1	402653184	0	0	0	0
51	14	1	1	67108879	0	0	0	0
51	29	22	1	1476395008	0	0	0	0
51	29	0	1	0	0	0	0	0
52	0	47	1	3154116611	0	0	0	0
52	0	38	4	2550148096	0	4287102976	3932160	0
52	0	2	1	134217734	0	0	0	0
52	6	3	5	201327920	19660800	10486144	1514553347	2097152
52	6	3	5	209716528	19660800	10485984	1514553347	2097152
52	6	14	1	939524115	0	0	0	0
52	6	1	1	67108865	0	0	0	0
52	7	6	1	402653184	0	0	0	0
52	7	0	1	0	0	0	0	0
53	0	2	1	134217741	0	0	0	0
53	13	43	1	2885681163	0	0	0	0
53	13	43	1	2886729739	0	0	0	0
53	13	2	1	134217746	0	0	0	0
53	18	38	4	2553838592	8388720	0	0	0
53	18	2	1	134217754	0	0	0	0
53	26	43	1	2885681152	0	0	0	0
53	26	43	1	2886729728	0	0	0	0
53	26	20	1	1342177280	0	0	0	0
53	26	28	1	1882718211	0	0	0	0
53	26	3	5	201384624	26214400	2621480	1514553347	4329216
53	26	3	5	209765040	16384000	0	1514553347	4329216
53	26	19	1	1275068457	0	0	0	0
53	26	1	1	67108865	0	0	0	0
53	27	38	4	2550156288	0	4283170816	0	0
53	27	1	1	67108870	0	0	0	0
53	33	27	1	1811939329	0	0	0	0
53	33	6	1	402653184	0	0	0	0
53	33	0	1	0	0	0	0	0
54	0	20	1	1342177280	0	0	0	0
54	0	1	1	67108872	0	0	0	0
54	8	43	1	2885681163	0	0	0	0
54	8	43	1	2886729739	0	0	0	0
54	8	47	1	3154116612	0	0	0	0
54	8	3	5	201482768	19660800	0	147230723	4197376
54	8	3	5	209879568	17039360	0	147230723	4197376
54	8	19	1	1275068457	0	0	0	0
54	8	38	4	2560654336	0	4293853184	0	0
54	8	38	4	2550152192	0	9830400	0	0
54	8	1	1	67108868	0	0	0	0
54	12	6	1	402653184	0	0	0	0
54	12	1	1	67108876	0	0	0	0
54	24	43	1	2885681162	0	0	0	0
54	24	43	1	2886729738	0	0	0	0
54	24	1	1	67108876	0	0	0	0
54	36	3	5	201482768	19660800	0	147230723	4197376
54	36	3	5	209879568	17039360	0	147230723	4197376
54	36	19	1	1275068457	0	0	0	0
54	36	38	4	2560654336	0	4293853184	0	0
54	36	38	4	2550153216	0	4285136896	0	0
54	36	1	1	67108868	0	0	0	0
54	40	6	1	402653184	0	0	0	0
54	40	47	1	3154116608	0	0	0	0
54	40	0	1	0	0	0	0	0
55	0	0	1	0	0	0	0	0
56	0	2	1	134217732	0	0	0	0
56	4	29	1	1946157058	0	0	0	0
56	4	2	1	134217760	0	0	0	0
56	32	20	1	1342177280	0	0	0	0
56	32	14	1	939524098	0	0	0	0
56	32	38	4	2566421504	0	0	0	0
56	32	38	4	2550156288	0	4285136896	0	0
56	32	38	4	2616755200	0	0	0	0
56	32	23	1	1543503873	0	0	0	0
56	32	2	1	134217740	0	0	0	0
56	32	29	1	1946157057	0	0	0	0
56	32	2	1	134217748	0	0	0	0
56	32	22	1	1476395009	0	0	0	0
56	32	0	1	0	0	0	0	0
57	0	2	1	134217733	0	0	0	0
57	5	38	4	2550156288	0	4284481536	0	0
57	5	17	1	1140851561	0	0	0	0
57	5	2	1	134217736	0	0	0	0
57	8	3	5	201326768	30146560	10485920	314982787	4325376
57	8	2	1	134217740	0	0	0	0
57	12	6	1	402653184	0	0	0	0
57	12	2	1	134217747	0	0	0	0
57	19	38	4	2550209536	140	0	0	0
57	19	22	1	1476395009	0	0	0	0
57	19	2	1	134217764	0	0	0	0
57	36	3	5	201327120	30146560	10485760	210124803	4331776
57	36	2	1	134217768	0	0	0	0
57	40	8	1	537460736	0	0	0	0
57	40	1	1	67108964	0	0	0	0
57	140	0	1	0	0	0	0	0
58	0	49	1	3288334346	0	0	0	0
58	0	38	4	2550159360	0	0	0	0
58	0	38	4	2616755200	0	0	0	0
58	0	14	1	939524387	0	0	0	0
58	0	3	5	201327184	30146560	10485888	210124802	4331776
58	0	3	5	209715792	30146560	10551183	210124802	4331776
58	0	1	1	67108868	0	0	0	0
58	4	6	1	402653184	0	0	0	0
58	4	0	1	0	0	0	0	0
59	0	2	1	134217733	0	0	0	0
59	5	22	1	1476395009	0	0	0	0
59	5	38	4	2550150144	0	4284481536	0	0
59	5	17	1	1140851561	0	0	0	0
59	5	2	1	134217738	0	0	0	0
59	10	38	4	2550209536	140	0	0	0
59	10	2	1	134217752	0	0	0	0
59	24	3	5	201327120	30146560	10485760	210124803	4331776
59	24	2	1	134217757	0	0	0	0
59	29	8	1	537460736	0	0	0	0
59	29	1	1	67108964	0	0	0	0
59	129	0	1	0	0	0	0	0
60	0	43	1	2885681158	0	0	0	0
60	0	20	1	1342177280	0	0	0	0
60	0	19	1	1275068424	0	0	0	0
60	0	2	1	134217732	0	0	0	0
60	4	29	1	1946157058	0	0	0	0
60	4	38	4	2550159360	0	0	0	0
60	4	32	1	2147483658	0	0	0	0
60	4	1	1	67108866	0	0	0	0
60	6	38	4	2550168576	0	200	400	0
60	6	33	1	2214592512	0	0	0	0
60	6	1	1	67108866	0	0	0	0
60	8	38	4	2550168576	0	200	400	0
60	8	33	1	2214592512	0	0	0	0
60	8	1	1	67108866	0	0	0	0
60	10	38	4	2550168576	0	200	400	0
60	10	33	1	2214592512	0	0	0	0
60	10	1	1	67108866	0	0	0	0
60	12	38	4	2550168576	0	200	400	0
60	12	33	1	2214592512	0	0	0	0
60	12	1	1	67108866	0	0	0	0
60	14	38	4	2550168576	0	200	400	0
60	14	33	1	2214592512	0	0	0	0
60	14	1	1	67108866	0	0	0	0
60	16	38	4	2550168576	0	200	400	0
60	16	33	1	2214592512	0	0	0	0
60	16	1	1	67108866	0	0	0	0
60	18	38	4	2550168576	0	200	400	0
60	18	33	1	2214592512	0	0	0	0
60	18	1	1	67108866	0	0	0	0
60	20	38	4	2550168576	0	200	400	0
60	20	33	1	2214592512	0	0	0	0
60	20	1	1	67108866	0	0	0	0
60	22	38	4	2550168576	0	200	400	0
60	22	33	1	2214592512	0	0	0	0
60	22	1	1	67108866	0	0	0	0
60	24	38	4	2550168576	0	200	400	0
60	24	33	1	2214592512	0	0	0	0
60	24	1	1	67108914	0	0	0	0
60	74	0	1	0	0	0	0	0
61	0	29	1	1946157058	0	0	0	0
61	0	1	1	67108912	0	0	0	0
61	48	0	1	0	0	0	0	0
62	0	3	5	201327105	25165824	10486016	1514553347	4199424
62	0	3	5	209715713	25165824	10485760	1514553347	4199424
62	0	14	1	939524097	0	0	0	0
62	0	38	4	2550166528	200	18350080	0	0
62	0	38	4	2550150144	0	4285136896	0	0
62	0	38	4	2616756224	0	0	0	0
62	0	2	1	134217736	0	0	0	0
62	8	6	1	402653184	0	0	0	0
62	8	23	1	1543503873	0	0	0	0
62	8	43	1	2885681152	0	0	0	0
62	8	2	1	134217737	0	0	0	0
62	9	25	1	1677721600	0	0	0	0
62	9	0	1	0	0	0	0	0
63	0	14	1	939524974	0	0	0	0
63	0	29	1	1946157059	0	0	0	0
63	0	1	1	67108869	0	0	0	0
63	5	29	1	1946157057	0	0	0	0
63	5	3	5	201359811	15728640	160	356950019	4856064
63	5	3	5	209748419	15728640	65376	356950019	4856064
63	5	38	4	2550159360	0	0	0	0
63	5	1	1	67108872	0	0	0	0
63	13	32	1	2147483650	0	0	0	0
63	13	38	4	2550150144	0	0	0	0
63	13	3	5	201359651	11796480	160	314818563	2758912
63	13	3	5	209748259	11796480	65376	314818563	2758912
63	13	33	1	2214592512	0	0	0	0
63	13	38	4	2550150144	0	0	0	0
63	13	3	5	201359651	11796480	160	314818563	2758912
63	13	3	5	209748259	11796480	65376	314818563	2758912
63	13	33	1	2214592512	0	0	0	0
63	13	27	1	1811939329	0	0	0	0
63	13	1	1	67108872	0	0	0	0
63	21	32	1	2147483650	0	0	0	0
63	21	1	1	67108870	0	0	0	0
63	27	3	5	202408067	11796480	160	272711683	660480
63	27	3	5	210796675	11796480	65376	272711683	660480
63	27	2	1	134217778	0	0	0	0
63	50	6	1	402653184	0	0	0	0
63	50	22	1	1476395009	0	0	0	0
63	50	0	1	0	0	0	0	0
64	0	14	1	939524974	0	0	0	0
64	0	2	1	134217733	0	0	0	0
64	5	22	1	1476395010	0	0	0	0
64	5	3	5	201326931	15728640	10485900	335953927	2760192
64	5	3	5	209715539	15728640	10551156	335953927	2760192
64	5	38	4	2550159360	0	0	0	0
64	5	1	1	67108868	0	0	0	0
64	9	6	1	402653184	0	0	0	0
64	9	2	1	134217739	0	0	0	0
64	11	32	1	2147483654	0	0	0	0
64	11	3	5	201326707	15728640	10485900	356925523	659200
64	11	3	5	209715315	15728640	10551156	356925523	659200
64	11	38	4	2550150144	0	0	0	0
64	11	1	1	67108867	0	0	0	0
64	14	6	1	402653184	0	0	0	0
64	14	1	1	67108865	0	0	0	0
64	15	33	1	2214592512	0	0	0	0
64	15	3	5	201326707	15728640	10485900	356925523	659200
64	15	3	5	209715315	15728640	10551156	356925523	659200
64	15	38	4	2550150144	0	0	0	0
64	15	1	1	67108867	0	0	0	0
64	18	6	1	402653184	0	0	0	0
64	18	1	1	67108865	0	0	0	0
64	19	33	1	2214592512	0	0	0	0
64	19	3	5	201326707	15728640	10485900	356925523	659200
64	19	3	5	209715315	15728640	10551156	356925523	659200
64	19	38	4	2550150144	0	0	0	0
64	19	1	1	67108867	0	0	0	0
64	22	6	1	402653184	0	0	0	0
64	22	1	1	67108865	0	0	0	0
64	23	33	1	2214592512	0	0	0	0
64	23	3	5	201326707	15728640	10485900	356925523	659200
64	23	3	5	209715315	15728640	10551156	356925523	659200
64	23	38	4	2550150144	0	0	0	0
64	23	1	1	67108867	0	0	0	0
64	26	6	1	402653184	0	0	0	0
64	26	1	1	67108865	0	0	0	0
64	27	33	1	2214592512	0	0	0	0
64	27	3	5	201326707	15728640	10485900	356925523	659200
64	27	3	5	209715315	15728640	10551156	356925523	659200
64	27	38	4	2550150144	0	0	0	0
64	27	1	1	67108867	0	0	0	0
64	30	6	1	402653184	0	0	0	0
64	30	1	1	67108865	0	0	0	0
64	31	33	1	2214592512	0	0	0	0
64	31	3	5	201326707	15728640	10485900	356925523	659200
64	31	3	5	209715315	15728640	10551156	356925523	659200
64	31	38	4	2550150144	0	0	0	0
64	31	1	1	67108867	0	0	0	0
64	34	6	1	402653184	0	0	0	0
64	34	1	1	67108865	0	0	0	0
64	35	33	1	2214592512	0	0	0	0
64	35	27	1	1811939329	0	0	0	0
64	35	32	1	2147483654	0	0	0	0
64	35	3	5	201326675	15728640	10485900	294010963	659200
64	35	3	5	209715283	15728640	10551156	294010963	659200
64	35	1	1	67108867	0	0	0	0
64	38	6	1	402653184	0	0	0	0
64	38	1	1	67108865	0	0	0	0
64	39	33	1	2214592512	0	0	0	0
64	39	3	5	201326675	15728640	10485900	294010963	659200
64	39	3	5	209715283	15728640	10551156	294010963	659200
64	39	1	1	67108867	0	0	0	0
64	42	6	1	402653184	0	0	0	0
64	42	1	1	67108865	0	0	0	0
64	43	33	1	2214592512	0	0	0	0
64	43	3	5	201326675	15728640	10485900	294010963	659200
64	43	3	5	209715283	15728640	10551156	294010963	659200
64	43	1	1	67108867	0	0	0	0
64	46	6	1	402653184	0	0	0	0
64	46	1	1	67108865	0	0	0	0
64	47	33	1	2214592512	0	0	0	0
64	47	3	5	201326675	15728640	10485900	294010963	659200
64	47	3	5	209715283	15728640	10551156	294010963	659200
64	47	1	1	67108867	0	0	0	0
64	50	6	1	402653184	0	0	0	0
64	50	1	1	67108865	0	0	0	0
64	51	33	1	2214592512	0	0	0	0
64	51	3	5	201326675	15728640	10485900	294010963	659200
64	51	3	5	209715283	15728640	10551156	294010963	659200
64	51	1	1	67108867	0	0	0	0
64	54	6	1	402653184	0	0	0	0
64	54	1	1	67108865	0	0	0	0
64	55	33	1	2214592512	0	0	0	0
64	55	3	5	201326675	15728640	10485900	294010963	659200
64	55	3	5	209715283	15728640	10551156	294010963	659200
64	55	1	1	67108867	0	0	0	0
64	58	6	1	402653184	0	0	0	0
64	58	1	1	67108865	0	0	0	0
64	59	33	1	2214592512	0	0	0	0
64	59	0	1	0	0	0	0	0
65	0	38	4	2553838592	65404	9437184	0	0
65	0	2	1	134217748	0	0	0	0
65	20	21	1	1409286145	0	0	0	0
65	20	0	1	0	0	0	0	0
66	0	47	1	3154116611	0	0	0	0
66	0	2	1	134217736	0	0	0	0
66	8	19	1	1275068457	0	0	0	0
66	8	28	1	1882718211	0	0	0	0
66	8	3	5	201384211	22937600	4293001286	1514553347	4851584
66	8	1	1	67108868	0	0	0	0
66	12	14	1	939524106	0	0	0	0
66	12	27	1	1811939329	0	0	0	0
66	12	6	1	402653184	0	0	0	0
66	12	0	1	0	0	0	0	0
67	0	2	1	134217738	0	0	0	0
67	10	22	1	1476395058	0	0	0	0
67	10	3	5	201515536	15794146	3014623	1514573827	4326656
67	10	3	5	209945104	15794146	2949152	1514573827	4326656
67	10	3	5	218333712	19660944	2621472	1514573827	4326656
67	10	3	5	226681360	19660960	2686943	1514573827	4326656
67	10	19	1	1275068457	0	0	0	0
67	10	1	1	67108868	0	0	0	0
67	14	3	5	201515344	15794146	3014623	1514553347	2228864
67	14	3	5	209944912	15794146	2949152	1514553347	2228864
67	14	3	5	218292560	15728750	2686959	1514553347	2228864
67	14	3	5	226722128	15728750	2621440	1514553347	2228864
67	14	1	1	67108872	0	0	0	0
67	22	22	1	1476395008	0	0	0	0
67	22	6	1	402653184	0	0	0	0
67	22	0	1	0	0	0	0	0
68	0	2	1	134217735	0	0	0	0
68	7	22	1	1476395040	0	0	0	0
68	7	19	1	1275068457	0	0	0	0
68	7	28	1	1882718211	0	0	0	0
68	7	3	5	201392400	23003036	4259791	440545283	4334336
68	7	1	1	67108866	0	0	0	0
68	9	3	5	201392400	23003036	4259791	440504323	4333056
68	9	1	1	67108869	0	0	0	0
68	14	27	1	1811939329	0	0	0	0
68	14	6	1	402653184	0	0	0	0
68	14	2	1	134217746	0	0	0	0
68	18	43	1	2885681158	0	0	0	0
68	18	43	1	2886729734	0	0	0	0
68	18	2	1	134217749	0	0	0	0
68	21	14	1	939524096	0	0	0	0
68	21	19	1	1275068418	0	0	0	0
68	21	3	5	201327057	29491200	27525120	378023939	4588800
68	21	32	1	2147483651	0	0	0	0
68	21	38	4	2554359808	0	6553600	0	0
68	21	1	1	67108868	0	0	0	0
68	25	19	1	1275068418	0	0	0	0
68	25	33	1	2214592512	0	0	0	0
68	25	38	4	2554359808	0	6553600	0	0
68	25	1	1	67108868	0	0	0	0
68	29	19	1	1275068418	0	0	0	0
68	29	33	1	2214592512	0	0	0	0
68	29	38	4	2554359808	0	6553600	0	0
68	29	1	1	67108868	0	0	0	0
68	33	19	1	1275068418	0	0	0	0
68	33	33	1	2214592512	0	0	0	0
68	33	22	1	1476395008	0	0	0	0
68	33	43	1	2885681152	0	0	0	0
68	33	43	1	2886729728	0	0	0	0
68	33	27	1	1811939329	0	0	0	0
68	33	6	1	402653184	0	0	0	0
68	33	0	1	0	0	0	0	0
69	0	2	1	134217736	0	0	0	0
69	8	22	1	1476395058	0	0	0	0
69	8	3	5	201326675	22282240	80	3917889659	655360
69	8	3	5	209715283	22282240	65439	3917889659	655360
69	8	32	1	2147483667	0	0	0	0
69	8	19	1	1275068635	0	0	0	0
69	8	1	1	67108865	0	0	0	0
69	9	6	1	402653184	0	0	0	0
69	9	1	1	67108865	0	0	0	0
69	10	11	1	738197504	0	0	0	0
69	10	11	1	738197505	0	0	0	0
69	10	33	1	2214592512	0	0	0	0
69	10	19	1	1275068635	0	0	0	0
69	10	1	1	67108865	0	0	0	0
69	11	6	1	402653184	0	0	0	0
69	11	1	1	67108865	0	0	0	0
69	12	11	1	738197504	0	0	0	0
69	12	11	1	738197505	0	0	0	0
69	12	33	1	2214592512	0	0	0	0
69	12	19	1	1275068635	0	0	0	0
69	12	1	1	67108865	0	0	0	0
69	13	6	1	402653184	0	0	0	0
69	13	1	1	67108865	0	0	0	0
69	14	11	1	738197504	0	0	0	0
69	14	11	1	738197505	0	0	0	0
69	14	33	1	2214592512	0	0	0	0
69	14	19	1	1275068635	0	0	0	0
69	14	1	1	67108865	0	0	0	0
69	15	6	1	402653184	0	0	0	0
69	15	1	1	67108865	0	0	0	0
69	16	11	1	738197504	0	0	0	0
69	16	11	1	738197505	0	0	0	0
69	16	33	1	2214592512	0	0	0	0
69	16	19	1	1275068635	0	0	0	0
69	16	1	1	67108865	0	0	0	0
69	17	6	1	402653184	0	0	0	0
69	17	1	1	67108865	0	0	0	0
69	18	11	1	738197504	0	0	0	0
69	18	11	1	738197505	0	0	0	0
69	18	33	1	2214592512	0	0	0	0
69	18	19	1	1275068635	0	0	0	0
69	18	1	1	67108865	0	0	0	0
69	19	6	1	402653184	0	0	0	0
69	19	1	1	67108865	0	0	0	0
69	20	11	1	738197504	0	0	0	0
69	20	11	1	738197505	0	0	0	0
69	20	33	1	2214592512	0	0	0	0
69	20	19	1	1275068635	0	0	0	0
69	20	1	1	67108865	0	0	0	0
69	21	6	1	402653184	0	0	0	0
69	21	1	1	67108865	0	0	0	0
69	22	11	1	738197504	0	0	0	0
69	22	11	1	738197505	0	0	0	0
69	22	33	1	2214592512	0	0	0	0
69	22	19	1	1275068635	0	0	0	0
69	22	1	1	67108865	0	0	0	0
69	23	6	1	402653184	0	0	0	0
69	23	1	1	67108865	0	0	0	0
69	24	11	1	738197504	0	0	0	0
69	24	11	1	738197505	0	0	0	0
69	24	33	1	2214592512	0	0	0	0
69	24	19	1	1275068635	0	0	0	0
69	24	1	1	67108865	0	0	0	0
69	25	6	1	402653184	0	0	0	0
69	25	1	1	67108865	0	0	0	0
69	26	11	1	738197504	0	0	0	0
69	26	11	1	738197505	0	0	0	0
69	26	33	1	2214592512	0	0	0	0
69	26	19	1	1275068635	0	0	0	0
69	26	1	1	67108865	0	0	0	0
69	27	6	1	402653184	0	0	0	0
69	27	1	1	67108865	0	0	0	0
69	28	11	1	738197504	0	0	0	0
69	28	11	1	738197505	0	0	0	0
69	28	33	1	2214592512	0	0	0	0
69	28	19	1	1275068635	0	0	0	0
69	28	1	1	67108865	0	0	0	0
69	29	6	1	402653184	0	0	0	0
69	29	1	1	67108865	0	0	0	0
69	30	11	1	738197504	0	0	0	0
69	30	11	1	738197505	0	0	0	0
69	30	33	1	2214592512	0	0	0	0
69	30	19	1	1275068635	0	0	0	0
69	30	1	1	67108865	0	0	0	0
69	31	6	1	402653184	0	0	0	0
69	31	1	1	67108865	0	0	0	0
69	32	11	1	738197504	0	0	0	0
69	32	11	1	738197505	0	0	0	0
69	32	33	1	2214592512	0	0	0	0
69	32	19	1	1275068635	0	0	0	0
69	32	1	1	67108865	0	0	0	0
69	33	6	1	402653184	0	0	0	0
69	33	1	1	67108865	0	0	0	0
69	34	11	1	738197504	0	0	0	0
69	34	11	1	738197505	0	0	0	0
69	34	33	1	2214592512	0	0	0	0
69	34	19	1	1275068635	0	0	0	0
69	34	1	1	67108865	0	0	0	0
69	35	6	1	402653184	0	0	0	0
69	35	1	1	67108865	0	0	0	0
69	36	11	1	738197504	0	0	0	0
69	36	11	1	738197505	0	0	0	0
69	36	33	1	2214592512	0	0	0	0
69	36	19	1	1275068635	0	0	0	0
69	36	1	1	67108865	0	0	0	0
69	37	6	1	402653184	0	0	0	0
69	37	1	1	67108865	0	0	0	0
69	38	11	1	738197504	0	0	0	0
69	38	11	1	738197505	0	0	0	0
69	38	33	1	2214592512	0	0	0	0
69	38	19	1	1275068635	0	0	0	0
69	38	1	1	67108865	0	0	0	0
69	39	6	1	402653184	0	0	0	0
69	39	1	1	67108865	0	0	0	0
69	40	11	1	738197504	0	0	0	0
69	40	11	1	738197505	0	0	0	0
69	40	33	1	2214592512	0	0	0	0
69	40	19	1	1275068635	0	0	0	0
69	40	1	1	67108865	0	0	0	0
69	41	6	1	402653184	0	0	0	0
69	41	1	1	67108865	0	0	0	0
69	42	11	1	738197504	0	0	0	0
69	42	11	1	738197505	0	0	0	0
69	42	33	1	2214592512	0	0	0	0
69	42	19	1	1275068635	0	0	0	0
69	42	1	1	67108865	0	0	0	0
69	43	6	1	402653184	0	0	0	0
69	43	1	1	67108865	0	0	0	0
69	44	11	1	738197504	0	0	0	0
69	44	11	1	738197505	0	0	0	0
69	44	33	1	2214592512	0	0	0	0
69	44	19	1	1275068635	0	0	0	0
69	44	1	1	67108865	0	0	0	0
69	45	6	1	402653184	0	0	0	0
69	45	1	1	67108865	0	0	0	0
69	46	11	1	738197504	0	0	0	0
69	46	11	1	738197505	0	0	0	0
69	46	33	1	2214592512	0	0	0	0
69	46	22	1	1476395008	0	0	0	0
69	46	6	1	402653184	0	0	0	0
69	46	0	1	0	0	0	0	0
70	0	14	1	939524388	0	0	0	0
70	0	38	4	2550159360	0	0	0	0
70	0	38	4	2616755200	0	0	0	0
70	0	3	5	201326800	23592960	100	356679682	2762496
70	0	3	5	209715408	23592960	65386	356679682	2762496
70	0	38	4	2550150144	0	0	0	0
70	0	2	1	134217730	0	0	0	0
70	2	2	1	134217736	0	0	0	0
70	8	6	1	402653184	0	0	0	0
70	8	2	1	134217752	0	0	0	0
70	24	0	1	0	0	0	0	0
71	0	1	1	67108872	0	0	0	0
71	8	28	1	1882718211	0	0	0	0
71	8	3	5	201458064	22937680	0	419840003	2232064
71	8	3	5	209838480	15728640	0	419840003	2232064
71	8	19	1	1275068458	0	0	0	0
71	8	1	1	67108874	0	0	0	0
71	18	27	1	1811939329	0	0	0	0
71	18	6	1	402653184	0	0	0	0
71	18	0	1	0	0	0	0	0
72	0	43	1	2885681163	0	0	0	0
72	0	43	1	2886729739	0	0	0	0
72	0	1	1	67108875	0	0	0	0
72	11	38	4	2550159360	0	0	0	0
72	11	1	1	67108868	0	0	0	0
72	15	29	1	1946157059	0	0	0	0
72	15	20	1	1342177280	0	0	0	0
72	15	19	1	1275068457	0	0	0	0
72	15	3	5	201450128	33554432	6553600	356925443	4327936
72	15	1	1	67108865	0	0	0	0
72	16	38	4	2550168576	768	8388608	0	0
72	16	1	1	67108865	0	0	0	0
72	17	29	1	1946157057	0	0	0	0
72	17	1	1	67108871	0	0	0	0
72	24	43	1	2885681152	0	0	0	0
72	24	43	1	2886729728	0	0	0	0
72	24	6	1	402653184	0	0	0	0
72	24	38	4	2550150144	65471	0	0	0
72	24	0	1	0	0	0	0	0
73	0	0	1	0	0	0	0	0
74	0	2	1	134217740	0	0	0	0
74	12	3	5	201425392	19660832	6291456	1514553347	2097792
74	12	3	5	209805808	19660800	0	1514553347	2097792
74	12	19	1	1275068458	0	0	0	0
74	12	1	1	67108868	0	0	0	0
74	16	6	1	402653184	0	0	0	0
74	16	0	1	0	0	0	0	0
75	0	2	1	134217740	0	0	0	0
75	12	3	5	201425360	19660832	6291456	1514553347	2097792
75	12	3	5	209805776	19660800	0	1514553347	2097792
75	12	19	1	1275068458	0	0	0	0
75	12	1	1	67108868	0	0	0	0
75	16	6	1	402653184	0	0	0	0
75	16	0	1	0	0	0	0	0
76	0	2	1	134217740	0	0	0	0
76	12	3	5	201425328	19660832	6291456	1514553347	2097792
76	12	3	5	209805744	19660800	0	1514553347	2097792
76	12	19	1	1275068458	0	0	0	0
76	12	1	1	67108868	0	0	0	0
76	16	6	1	402653184	0	0	0	0
76	16	0	1	0	0	0	0	0
77	0	14	1	939524968	0	0	0	0
77	0	32	1	2147483650	0	0	0	0
77	0	38	4	2550148096	0	4287102976	3932160	0
77	0	1	1	67108870	0	0	0	0
77	6	33	1	2214592512	0	0	0	0
77	6	38	4	2550148096	0	4287102976	3932160	0
77	6	1	1	67108870	0	0	0	0
77	12	33	1	2214592512	0	0	0	0
77	12	0	1	0	0	0	0	0
78	0	2	1	134217730	0	0	0	0
78	2	14	1	939524968	0	0	0	0
78	2	38	4	2550148096	0	3932160	0	0
78	2	1	1	67108885	0	0	0	0
78	23	14	1	939524968	0	0	0	0
78	23	38	4	2550148096	0	3932160	0	0
78	23	37	1	2483027968	0	0	0	0
79	0	43	1	2885681163	0	0	0	0
79	0	43	1	2886729739	0	0	0	0
79	0	38	4	2550153216	0	7864320	0	0
79	0	2	1	134217743	0	0	0	0
79	15	22	1	1476395009	0	0	0	0
79	15	23	1	1543503873	0	0	0	0
79	15	38	4	2550148096	0	0	0	0
79	15	0	1	0	0	0	0	0
80	0	1	1	67108876	0	0	0	0
80	12	47	1	3154116612	0	0	0	0
80	12	28	1	1882718211	0	0	0	0
80	12	20	1	1342177280	0	0	0	0
80	12	52	1	3540008727	0	0	0	0
80	12	3	5	201384144	18350080	8	335954083	2228224
80	12	3	5	209715408	13107200	11796510	335954083	2228224
80	12	19	1	1275068458	0	0	0	0
80	12	38	4	2550156288	65456	4283170816	0	0
80	12	1	1	67108873	0	0	0	0
80	21	27	1	1811939329	0	0	0	0
80	21	8	1	537133056	0	0	0	0
80	21	8	1	545521664	0	0	0	0
80	21	1	1	67108868	0	0	0	0
80	25	6	1	402653184	0	0	0	0
80	25	1	1	67108868	0	0	0	0
80	29	38	4	2550159360	0	5242880	0	0
80	29	38	4	2616755200	0	0	0	0
80	29	14	1	939524387	0	0	0	0
80	29	1	1	67108865	0	0	0	0
80	30	3	5	201326992	23592960	5242960	314900483	4331776
80	30	3	5	209715600	23592960	5308319	314900483	4331776
80	30	3	5	218104208	23592960	5243136	314900483	4331776
80	30	1	1	67108870	0	0	0	0
80	36	2	1	134217755	0	0	0	0
80	36	47	1	3154116608	0	0	0	0
80	36	52	1	3540008766	0	0	0	0
80	36	6	1	402653184	0	0	0	0
80	36	0	1	0	0	0	0	0
81	0	14	1	939524192	0	0	0	0
81	0	38	4	2550150144	0	0	0	0
81	0	0	1	0	0	0	0	0
82	0	14	1	939524179	0	0	0	0
82	0	43	1	2885681158	0	0	0	0
82	0	43	1	2886729734	0	0	0	0
82	0	32	1	2147483650	0	0	0	0
82	0	38	4	2550148096	0	100	6553700	0
82	0	1	1	67108870	0	0	0	0
82	6	33	1	2214592512	0	0	0	0
82	6	38	4	2550148096	0	100	6553700	0
82	6	1	1	67108870	0	0	0	0
82	12	33	1	2214592512	0	0	0	0
82	12	0	1	0	0	0	0	0
83	0	2	1	134217729	0	0	0	0
83	1	23	1	1543503873	0	0	0	0
83	1	2	1	134217744	0	0	0	0
83	16	17	1	1140851572	0	0	0	0
83	16	1	1	67108928	0	0	0	0
83	80	17	1	1140851560	0	0	0	0
83	80	0	1	0	0	0	0	0
84	0	43	1	2886729731	0	0	0	0
84	0	17	1	1140851608	0	0	0	0
84	0	0	1	0	0	0	0	0
85	0	17	1	1140851596	0	0	0	0
85	0	43	1	2885681153	0	0	0	0
85	0	43	1	2886729729	0	0	0	0
85	0	38	4	2616756224	0	0	0	0
85	0	29	1	1946157059	0	0	0	0
86	0	47	1	3154116611	0	0	0	0
86	0	17	1	1140851606	0	0	0	0
86	0	43	1	2885681154	0	0	0	0
86	0	43	1	2886729729	0	0	0	0
86	0	32	1	2147483657	0	0	0	0
86	0	38	4	2550177792	130	200	17039560	0
86	0	1	1	67108874	0	0	0	0
86	10	33	1	2214592512	0	0	0	0
86	10	38	4	2550177792	130	200	17039560	0
86	10	1	1	67108874	0	0	0	0
86	20	33	1	2214592512	0	0	0	0
86	20	38	4	2550177792	130	200	17039560	0
86	20	1	1	67108874	0	0	0	0
86	30	33	1	2214592512	0	0	0	0
86	30	38	4	2550177792	130	200	17039560	0
86	30	1	1	67108874	0	0	0	0
86	40	33	1	2214592512	0	0	0	0
86	40	38	4	2550177792	130	200	17039560	0
86	40	1	1	67108874	0	0	0	0
86	50	33	1	2214592512	0	0	0	0
86	50	38	4	2550177792	130	200	17039560	0
86	50	1	1	67108874	0	0	0	0
86	60	33	1	2214592512	0	0	0	0
86	60	38	4	2550177792	130	200	17039560	0
86	60	1	1	67108874	0	0	0	0
86	70	33	1	2214592512	0	0	0	0
86	70	38	4	2550177792	130	200	17039560	0
86	70	1	1	67108874	0	0	0	0
86	80	33	1	2214592512	0	0	0	0
86	80	38	4	2550177792	130	200	17039560	0
86	80	1	1	67108874	0	0	0	0
86	90	33	1	2214592512	0	0	0	0
87	0	18	1	1207960465	0	0	0	0
87	0	43	1	2885681155	0	0	0	0
87	0	43	1	2886729729	0	0	0	0
87	0	47	1	3154116611	0	0	0	0
87	0	38	4	2550228992	130	240	15728880	0
87	0	1	1	67108874	0	0	0	0
88	0	29	1	1946157059	0	0	0	0
88	0	2	1	134217737	0	0	0	0
88	9	38	4	2550150144	0	0	0	0
88	9	3	5	201564368	9830400	64	1514553707	19005440
88	9	3	5	209952976	18350144	65376	1514553707	19005440
88	9	1	1	67108867	0	0	0	0
88	12	6	1	402653184	0	0	0	0
88	12	1	1	67108868	0	0	0	0
88	16	3	5	201564368	9830400	64	1514553707	19005440
88	16	3	5	209952976	18350144	65376	1514553707	19005440
88	16	29	1	1946157057	0	0	0	0
88	16	1	1	67108867	0	0	0	0
88	19	6	1	402653184	0	0	0	0
88	19	0	1	0	0	0	0	0
89	0	49	1	3288334345	0	0	0	0
89	0	38	4	2550180864	0	0	0	0
89	0	17	1	1140851607	0	0	0	0
89	0	14	1	939524113	0	0	0	0
89	0	38	4	2550168576	0	0	0	0
89	0	29	1	1946157059	0	0	0	0
89	0	2	1	134217752	0	0	0	0
89	24	29	1	1946157057	0	0	0	0
89	24	0	1	0	0	0	0	0
90	0	49	1	3288334343	0	0	0	0
90	0	38	4	2550180864	0	0	0	0
90	0	17	1	1140851607	0	0	0	0
90	0	14	1	939524107	0	0	0	0
90	0	38	4	2550168576	0	0	0	0
90	0	29	1	1946157059	0	0	0	0
90	0	2	1	134217748	0	0	0	0
90	20	29	1	1946157057	0	0	0	0
90	20	50	1	3355443207	0	0	0	0
90	20	0	1	0	0	0	0	0
91	0	43	1	2886729733	0	0	0	0
91	0	0	1	0	0	0	0	0
92	0	14	1	939524197	0	0	0	0
92	0	38	4	2550150144	0	0	0	0
92	0	0	1	0	0	0	0	0
93	0	14	1	939524186	0	0	0	0
93	0	17	1	1140851597	0	0	0	0
93	0	32	1	2147483650	0	0	0	0
93	0	38	4	2550148096	0	100	6553700	0
93	0	1	1	67108870	0	0	0	0
93	6	33	1	2214592512	0	0	0	0
93	6	38	4	2550148096	0	100	6553700	0
93	6	1	1	67108870	0	0	0	0
93	12	33	1	2214592512	0	0	0	0
93	12	0	1	0	0	0	0	0
94	0	43	1	2885681159	0	0	0	0
94	0	43	1	2886729731	0	0	0	0
94	0	0	1	0	0	0	0	0
95	0	43	1	2886729733	0	0	0	0
95	0	2	1	134217732	0	0	0	0
95	4	38	4	2550153216	0	0	0	0
95	4	14	1	939524107	0	0	0	0
95	4	17	1	1140851607	0	0	0	0
95	4	29	1	1946157059	0	0	0	0
95	4	2	1	134217748	0	0	0	0
95	20	29	1	1946157057	0	0	0	0
95	20	22	1	1476395009	0	0	0	0
95	20	0	1	0	0	0	0	0
96	0	43	1	2886729731	0	0	0	0
96	0	2	1	134217732	0	0	0	0
96	4	38	4	2550152192	0	0	0	0
96	4	14	1	939524107	0	0	0	0
96	4	17	1	1140851607	0	0	0	0
96	4	29	1	1946157059	0	0	0	0
96	4	2	1	134217748	0	0	0	0
96	20	29	1	1946157057	0	0	0	0
96	20	0	1	0	0	0	0	0
97	0	49	1	3288334342	0	0	0	0
97	0	43	1	2886729734	0	0	0	0
97	0	17	1	1140851650	0	0	0	0
97	0	2	1	134217788	0	0	0	0
97	60	22	1	1476395009	0	0	0	0
97	60	0	1	0	0	0	0	0
98	0	43	1	2886729729	0	0	0	0
98	0	43	1	2885681159	0	0	0	0
98	0	29	1	1946157059	0	0	0	0
98	0	14	1	939524115	0	0	0	0
98	0	0	1	0	0	0	0	0
99	0	43	1	2886729729	0	0	0	0
99	0	43	1	2885681159	0	0	0	0
99	0	29	1	1946157059	0	0	0	0
99	0	1	1	67108924	0	0	0	0
99	60	29	1	1946157057	0	0	0	0
99	60	0	1	0	0	0	0	0
100	0	29	1	1946157059	0	0	0	0
100	0	1	1	67108866	0	0	0	0
100	2	38	4	2550168576	0	0	0	0
100	2	20	1	1342177280	0	0	0	0
100	2	3	5	201564288	9830400	64	1514553747	2228224
100	2	3	5	209952896	18350144	65376	1514553747	2228224
100	2	19	1	1275068458	0	0	0	0
100	2	38	4	2550156288	65456	4283170816	0	0
100	2	1	1	67108866	0	0	0	0
100	4	29	1	1946157057	0	0	0	0
100	4	1	1	67108870	0	0	0	0
100	10	6	1	402653184	0	0	0	0
100	10	0	1	0	0	0	0	0
101	0	29	1	1946157059	0	0	0	0
101	0	2	1	134217788	0	0	0	0
101	60	29	1	1946157057	0	0	0	0
101	60	0	1	0	0	0	0	0
102	0	47	1	3154116611	0	0	0	0
102	0	2	1	134217734	0	0	0	0
102	6	3	5	201572400	18415576	0	1514553347	2097152
102	6	14	1	939524115	0	0	0	0
102	6	1	1	67108865	0	0	0	0
102	7	6	1	402653184	0	0	0	0
102	7	0	1	0	0	0	0	0
103	0	43	1	2885681156	0	0	0	0
103	0	20	1	1342177280	0	0	0	0
103	0	2	1	134217732	0	0	0	0
103	4	29	1	1946157058	0	0	0	0
103	4	2	1	134217749	0	0	0	0
103	21	38	4	2550168576	380	20971520	0	0
103	21	38	4	2550156288	0	4285136896	0	0
103	21	38	4	2616755200	0	0	0	0
103	21	23	1	1543503873	0	0	0	0
103	21	14	1	939524114	0	0	0	0
103	21	2	1	134217740	0	0	0	0
103	21	29	1	1946157057	0	0	0	0
103	21	0	1	0	0	0	0	0
104	0	43	1	2885681156	0	0	0	0
104	0	20	1	1342177280	0	0	0	0
104	0	2	1	134217732	0	0	0	0
104	4	29	1	1946157058	0	0	0	0
104	4	2	1	134217749	0	0	0	0
104	21	38	4	2550168576	320	4272685056	0	0
104	21	38	4	2550156288	65519	20971520	0	0
104	21	38	4	2616755200	0	0	0	0
104	21	2	1	134217743	0	0	0	0
104	21	29	1	1946157057	0	0	0	0
104	21	1	1	67108870	0	0	0	0
104	27	22	1	1476395009	0	0	0	0
104	27	23	1	1543503873	0	0	0	0
104	27	14	1	939524114	0	0	0	0
104	27	6	1	402653184	0	0	0	0
104	27	0	1	0	0	0	0	0
105	0	47	1	3154116611	0	0	0	0
105	0	2	1	134217730	0	0	0	0
105	2	3	5	201408592	14417940	0	1514348547	1280
105	2	3	5	209780816	13107200	0	1514348547	1280
105	2	19	1	1275068459	0	0	0	0
105	2	1	1	67108866	0	0	0	0
105	4	6	1	402653184	0	0	0	0
105	4	2	1	134217738	0	0	0	0
105	10	22	1	1476395009	0	0	0	0
105	10	0	1	0	0	0	0	0
106	0	47	1	3154116611	0	0	0	0
106	0	2	1	134217732	0	0	0	0
106	4	3	5	201457744	14417970	0	293806083	1280
106	4	3	5	209829968	13107200	0	293806083	1280
106	4	19	1	1275068459	0	0	0	0
106	4	1	1	67108867	0	0	0	0
106	7	6	1	402653184	0	0	0	0
106	7	2	1	134217740	0	0	0	0
106	12	22	1	1476395009	0	0	0	0
106	12	0	1	0	0	0	0	0
107	0	40	1	2693267458	0	0	0	0
107	0	17	1	1140851612	0	0	0	0
107	0	17	1	1140851593	0	0	0	0
107	0	0	1	0	0	0	0	0
108	0	15	1	1006633866	0	0	0	0
108	0	43	1	2885681156	0	0	0	0
108	0	43	1	2886729732	0	0	0	0
108	0	40	1	2693267458	0	0	0	0
108	0	2	1	134217730	0	0	0	0
108	2	3	5	201457715	13107656	4261412864	335749123	655360
108	2	3	5	209846323	13107456	4273995776	335749123	655360
108	2	1	1	67108866	0	0	0	0
108	4	6	1	402653184	0	0	0	0
108	4	2	1	134217734	0	0	0	0
108	6	11	1	738197504	0	0	0	0
108	6	11	1	738197505	0	0	0	0
108	6	1	1	67108866	0	0	0	0
108	8	6	1	402653184	0	0	0	0
108	8	2	1	134217738	0	0	0	0
108	10	11	1	738197504	0	0	0	0
108	10	11	1	738197505	0	0	0	0
108	10	1	1	67108866	0	0	0	0
108	12	6	1	402653184	0	0	0	0
108	12	22	1	1476395009	0	0	0	0
108	12	2	1	134217742	0	0	0	0
108	14	11	1	738197504	0	0	0	0
108	14	11	1	738197505	0	0	0	0
108	14	1	1	67108866	0	0	0	0
108	16	6	1	402653184	0	0	0	0
108	16	2	1	134217746	0	0	0	0
108	18	11	1	738197504	0	0	0	0
108	18	11	1	738197505	0	0	0	0
108	18	1	1	67108866	0	0	0	0
108	20	6	1	402653184	0	0	0	0
108	20	22	1	1476395009	0	0	0	0
108	20	37	1	2483027968	0	0	0	0
109	0	43	1	2885681156	0	0	0	0
109	0	43	1	2886729729	0	0	0	0
109	0	40	1	2693267458	0	0	0	0
109	0	17	1	1140851613	0	0	0	0
109	0	0	1	0	0	0	0	0
110	0	43	1	2885681156	0	0	0	0
110	0	40	1	2693267457	0	0	0	0
110	0	2	1	134217735	0	0	0	0
110	7	3	5	201466352	14417920	1048576	1514553347	4194304
110	7	3	5	209854960	14417920	4281139200	1514553347	4194304
110	7	3	5	218243568	14417920	4266262528	1514553347	4194304
110	7	38	4	2550156288	0	4283367424	0	0
110	7	19	1	1275068457	0	0	0	0
110	7	1	1	67108870	0	0	0	0
110	13	6	1	402653184	0	0	0	0
110	13	0	1	0	0	0	0	0
111	0	47	1	3154116609	0	0	0	0
111	0	1	1	67108870	0	0	0	0
111	6	3	5	201433456	16384000	0	348536835	2230784
111	6	3	5	209838448	19398784	0	348536835	2230784
111	6	19	1	1275068458	0	0	0	0
111	6	1	1	67108872	0	0	0	0
111	14	6	1	402653184	0	0	0	0
111	14	0	1	0	0	0	0	0
112	0	2	1	134217735	0	0	0	0
112	7	3	5	201482704	13107220	0	1514553347	2229504
112	7	3	5	209879504	15073420	0	1514553347	2229504
112	7	19	1	1275068458	0	0	0	0
112	7	1	1	67108872	0	0	0	0
112	15	6	1	402653184	0	0	0	0
112	15	0	1	0	0	0	0	0
113	0	2	1	134217735	0	0	0	0
113	7	3	5	201482672	13107220	0	1514553347	2229504
113	7	3	5	209879472	15073420	0	1514553347	2229504
113	7	19	1	1275068458	0	0	0	0
113	7	1	1	67108872	0	0	0	0
113	15	6	1	402653184	0	0	0	0
113	15	0	1	0	0	0	0	0
114	0	2	1	134217735	0	0	0	0
114	7	3	5	201482640	13107220	0	1514553347	2229504
114	7	3	5	209879440	15073420	0	1514553347	2229504
114	7	19	1	1275068458	0	0	0	0
114	7	1	1	67108872	0	0	0	0
114	15	6	1	402653184	0	0	0	0
114	15	0	1	0	0	0	0	0
115	0	47	1	3154116611	0	0	0	0
115	0	2	1	134217732	0	0	0	0
115	4	47	1	3154116612	0	0	0	0
115	4	2	1	134217734	0	0	0	0
115	6	3	5	201564496	15073280	65476	1514594307	2099712
115	6	3	5	209953104	15073280	65236	1514594307	2099712
115	6	19	1	1275068458	0	0	0	0
115	6	1	1	67108868	0	0	0	0
115	10	6	1	402653184	0	0	0	0
115	10	2	1	134217744	0	0	0	0
115	16	47	1	3154116611	0	0	0	0
115	16	0	1	0	0	0	0	0
116	0	43	1	2885681156	0	0	0	0
116	0	43	1	2886729732	0	0	0	0
116	0	48	1	3221225472	0	0	0	0
116	0	47	1	3154116611	0	0	0	0
116	0	40	1	2693267458	0	0	0	0
116	0	2	1	134217735	0	0	0	0
116	7	14	1	939525001	0	0	0	0
116	7	2	1	134217737	0	0	0	0
116	9	20	1	1342177280	0	0	0	0
116	9	3	5	201458195	13107200	4287561792	147210243	4852224
116	9	3	5	209846803	13107456	4273995776	147210243	4852224
116	9	3	5	218235411	13107656	4261412864	147210243	4852224
116	9	38	4	2550168576	128	50331648	0	0
116	9	38	4	2550150144	65423	0	0	0
116	9	19	1	1275068675	0	0	0	0
116	9	1	1	67108867	0	0	0	0
116	12	8	1	537362432	0	0	0	0
116	12	8	1	545751040	0	0	0	0
116	12	8	1	554139648	0	0	0	0
116	12	1	1	67108866	0	0	0	0
116	14	38	4	2550168576	128	4249812992	0	0
116	14	1	1	67108867	0	0	0	0
116	17	6	1	402653184	0	0	0	0
116	17	2	1	134217775	0	0	0	0
116	47	40	1	2693267456	0	0	0	0
116	47	0	1	0	0	0	0	0
117	0	43	1	2885681156	0	0	0	0
117	0	43	1	2886729732	0	0	0	0
117	0	40	1	2693267461	0	0	0	0
117	0	47	1	3154116611	0	0	0	0
117	0	2	1	134217732	0	0	0	0
117	4	38	4	2557508608	7340032	4270784512	0	0
117	4	2	1	134217737	0	0	0	0
117	9	20	1	1342177280	0	0	0	0
117	9	3	5	201466384	7864320	4285136896	1514594307	4196864
117	9	3	5	209854992	7864320	4272029696	1514594307	4196864
117	9	3	5	218243600	15073280	4258922496	1514594307	4196864
117	9	19	1	1275068457	0	0	0	0
117	9	54	1	3624960910	0	0	0	0
117	9	1	1	67108867	0	0	0	0
117	12	38	4	2550156288	0	4270784512	0	0
117	12	1	1	67108867	0	0	0	0
117	15	6	1	402653184	0	0	0	0
117	15	2	1	134217743	0	0	0	0
117	15	22	1	1476395009	0	0	0	0
117	15	2	1	134217750	0	0	0	0
117	22	22	1	1476395008	0	0	0	0
117	22	0	1	0	0	0	0	0
118	0	43	1	2885681156	0	0	0	0
118	0	43	1	2886729734	0	0	0	0
118	0	48	1	3221225472	0	0	0	0
118	0	40	1	2693267459	0	0	0	0
118	0	47	1	3154116611	0	0	0	0
118	0	2	1	134217736	0	0	0	0
118	8	38	4	2558557184	3932160	0	0	0
118	8	2	1	134217737	0	0	0	0
118	9	3	5	201465969	22937600	8388608	335749123	21366016
118	9	3	5	209854577	22938176	0	335749123	21366016
118	9	38	4	2550156288	0	4283170816	0	0
118	9	38	4	2559078400	37814159	0	0	0
118	9	32	1	2147483651	0	0	0	0
118	9	49	1	3288383495	0	0	0	0
118	9	19	1	1275068418	0	0	0	0
118	9	1	1	67108867	0	0	0	0
118	12	6	1	402653184	0	0	0	0
118	12	1	1	67108866	0	0	0	0
118	14	11	1	738197504	0	0	0	0
118	14	11	1	738197505	0	0	0	0
118	14	38	4	2559078400	37814159	0	0	0
118	14	33	1	2214592512	0	0	0	0
118	14	49	1	3288383495	0	0	0	0
118	14	19	1	1275068418	0	0	0	0
118	14	1	1	67108867	0	0	0	0
118	17	6	1	402653184	0	0	0	0
118	17	1	1	67108866	0	0	0	0
118	19	11	1	738197504	0	0	0	0
118	19	11	1	738197505	0	0	0	0
118	19	38	4	2559078400	37814159	0	0	0
118	19	33	1	2214592512	0	0	0	0
118	19	49	1	3288383495	0	0	0	0
118	19	19	1	1275068418	0	0	0	0
118	19	1	1	67108867	0	0	0	0
118	22	6	1	402653184	0	0	0	0
118	22	1	1	67108866	0	0	0	0
118	24	11	1	738197504	0	0	0	0
118	24	11	1	738197505	0	0	0	0
118	24	38	4	2559078400	37814159	0	0	0
118	24	33	1	2214592512	0	0	0	0
118	24	1	1	67108867	0	0	0	0
118	27	6	1	402653184	0	0	0	0
118	27	1	1	67108866	0	0	0	0
118	29	3	5	201466225	22937600	8388608	335872003	21369856
118	29	3	5	209854833	22938176	0	335872003	21369856
118	29	38	4	2550156288	0	4283170816	0	0
118	29	49	1	3288383495	0	0	0	0
118	29	19	1	1275068418	0	0	0	0
118	29	1	1	67108866	0	0	0	0
118	31	6	1	402653184	0	0	0	0
118	31	0	1	0	0	0	0	0
119	0	43	1	2885681156	0	0	0	0
119	0	43	1	2886729732	0	0	0	0
119	0	48	1	3221225472	0	0	0	0
119	0	40	1	2693267460	0	0	0	0
119	0	14	1	939524360	0	0	0	0
119	0	2	1	134217736	0	0	0	0
119	8	38	4	2559081472	0	45875200	0	0
119	8	2	1	134217739	0	0	0	0
119	11	51	1	3423338496	0	0	0	0
119	11	2	1	134217740	0	0	0	0
119	12	22	1	1476395033	0	0	0	0
119	12	3	5	201466483	14417920	150	1514553347	4850304
119	12	3	5	209855091	14417920	350	1514553347	4850256
119	12	3	5	218243699	14417920	592	1514553347	4850256
119	12	19	1	1275068675	0	0	0	0
119	12	1	1	67108869	0	0	0	0
119	17	6	1	402653184	0	0	0	0
119	17	1	1	67108866	0	0	0	0
119	19	51	1	3422814207	0	0	0	0
119	19	22	1	1476395008	0	0	0	0
119	19	0	1	0	0	0	0	0
120	0	48	1	3221225472	0	0	0	0
120	0	40	1	2693267461	0	0	0	0
120	0	38	4	2559081472	65436	0	0	0
120	0	2	1	134217736	0	0	0	0
120	8	3	5	201392592	19399296	65423	252067843	4327936
120	8	3	5	209781200	8388864	65487	252067843	4327936
120	8	19	1	1275068457	0	0	0	0
120	8	54	1	3624960910	0	0	0	0
120	8	1	1	67108867	0	0	0	0
120	11	6	1	402653184	0	0	0	0
120	11	2	1	134217738	0	0	0	0
120	11	22	1	1476395009	0	0	0	0
120	11	0	1	0	0	0	0	0
121	0	43	1	2885681156	0	0	0	0
121	0	43	1	2886729734	0	0	0	0
121	0	48	1	3221225472	0	0	0	0
121	0	40	1	2693267459	0	0	0	0
121	0	2	1	134217737	0	0	0	0
121	9	38	4	2559078400	34406400	0	0	0
121	9	22	1	1476395028	0	0	0	0
121	9	3	5	201466001	19399076	0	4001775739	4587520
121	9	3	5	209854609	11796630	0	4001775739	4587520
121	9	49	1	3288391687	0	0	0	0
121	9	19	1	1275068418	0	0	0	0
121	9	32	1	2147483653	0	0	0	0
121	9	1	1	67108867	0	0	0	0
121	12	6	1	402653184	0	0	0	0
121	12	1	1	67108866	0	0	0	0
121	14	11	1	738197504	0	0	0	0
121	14	11	1	738197505	0	0	0	0
121	14	38	4	2559078400	34406400	0	0	0
121	14	49	1	3288391687	0	0	0	0
121	14	19	1	1275068418	0	0	0	0
121	14	33	1	2214592512	0	0	0	0
121	14	1	1	67108867	0	0	0	0
121	17	6	1	402653184	0	0	0	0
121	17	1	1	67108866	0	0	0	0
121	19	11	1	738197504	0	0	0	0
121	19	11	1	738197505	0	0	0	0
121	19	38	4	2559078400	34406400	0	0	0
121	19	49	1	3288391687	0	0	0	0
121	19	19	1	1275068418	0	0	0	0
121	19	33	1	2214592512	0	0	0	0
121	19	1	1	67108867	0	0	0	0
121	22	6	1	402653184	0	0	0	0
121	22	1	1	67108866	0	0	0	0
121	24	11	1	738197504	0	0	0	0
121	24	11	1	738197505	0	0	0	0
121	24	38	4	2559078400	34406400	0	0	0
121	24	49	1	3288391687	0	0	0	0
121	24	19	1	1275068418	0	0	0	0
121	24	33	1	2214592512	0	0	0	0
121	24	1	1	67108867	0	0	0	0
121	27	6	1	402653184	0	0	0	0
121	27	1	1	67108866	0	0	0	0
121	29	11	1	738197504	0	0	0	0
121	29	11	1	738197505	0	0	0	0
121	29	38	4	2559078400	34406400	0	0	0
121	29	49	1	3288391687	0	0	0	0
121	29	19	1	1275068418	0	0	0	0
121	29	33	1	2214592512	0	0	0	0
121	29	1	1	67108867	0	0	0	0
121	32	6	1	402653184	0	0	0	0
121	32	1	1	67108866	0	0	0	0
121	34	11	1	738197504	0	0	0	0
121	34	11	1	738197505	0	0	0	0
121	34	38	4	2559078400	34406400	0	0	0
121	34	49	1	3288391687	0	0	0	0
121	34	19	1	1275068418	0	0	0	0
121	34	33	1	2214592512	0	0	0	0
121	34	1	1	67108866	0	0	0	0
121	36	22	1	1476395008	0	0	0	0
121	36	6	1	402653184	0	0	0	0
121	36	0	1	0	0	0	0	0
122	0	48	1	3221225472	0	0	0	0
122	0	40	1	2693267461	0	0	0	0
122	0	38	4	2559081472	65436	0	0	0
122	0	2	1	134217733	0	0	0	0
122	5	22	1	1476395033	0	0	0	0
122	5	3	5	201466256	13107200	0	461848579	4327296
122	5	3	5	209854864	16384000	4268752896	461848579	4327296
122	5	19	1	1275068457	0	0	0	0
122	5	54	1	3624960910	0	0	0	0
122	5	1	1	67108867	0	0	0	0
122	8	3	5	201466160	13107200	0	231096323	2229504
122	8	3	5	209854768	16384000	4268752896	231096323	2229504
122	8	54	1	3624960921	0	0	0	0
122	8	1	1	67108870	0	0	0	0
122	14	6	1	402653184	0	0	0	0
122	14	2	1	134217744	0	0	0	0
122	16	22	1	1476395008	0	0	0	0
122	16	0	1	0	0	0	0	0
123	0	43	1	2885681159	0	0	0	0
123	0	43	1	2886729733	0	0	0	0
123	0	2	1	134217781	0	0	0	0
123	53	2	1	134217781	0	0	0	0
123	53	23	1	1543503873	0	0	0	0
123	53	2	1	134217783	0	0	0	0
123	55	43	1	2885681153	0	0	0	0
123	55	43	1	2886729731	0	0	0	0
123	55	2	1	134217800	0	0	0	0
123	72	43	1	2885681158	0	0	0	0
123	72	43	1	2886729732	0	0	0	0
123	72	0	1	0	0	0	0	0
124	0	49	1	3288580103	0	0	0	0
124	0	43	1	2886729735	0	0	0	0
124	0	29	1	1946157059	0	0	0	0
124	0	38	4	2550159360	0	0	0	0
124	0	1	1	67108867	0	0	0	0
124	3	22	1	1476395009	0	0	0	0
124	3	14	1	939524274	0	0	0	0
124	3	3	5	201564496	14417920	100	210125203	20971520
124	3	3	5	209953104	14417920	65336	210125203	20971520
124	3	3	5	218104144	23592960	16384050	210125203	20971520
124	3	1	1	67108865	0	0	0	0
124	4	5	1	335544322	0	0	0	0
124	4	29	1	1946157057	0	0	0	0
124	4	1	1	67108869	0	0	0	0
124	9	22	1	1476395010	0	0	0	0
124	9	1	1	67108866	0	0	0	0
124	11	32	1	2147483650	0	0	0	0
124	11	14	1	939524274	0	0	0	0
124	11	38	4	2550150144	0	0	0	0
124	11	1	1	67108871	0	0	0	0
124	18	33	1	2214592512	0	0	0	0
124	18	14	1	939524274	0	0	0	0
124	18	38	4	2550150144	0	0	0	0
124	18	1	1	67108871	0	0	0	0
124	25	33	1	2214592512	0	0	0	0
124	25	43	1	2885681159	0	0	0	0
124	25	43	1	2886729735	0	0	0	0
124	25	32	1	2147483653	0	0	0	0
124	25	14	1	939524274	0	0	0	0
124	25	3	5	202612880	14417920	100	230891523	16779776
124	25	3	5	211001488	14417920	65336	230891523	16779776
124	25	1	1	67108872	0	0	0	0
124	33	6	1	402653184	0	0	0	0
124	33	33	1	2214592512	0	0	0	0
124	33	14	1	939524274	0	0	0	0
124	33	3	5	202612880	14417920	100	230891523	16779776
124	33	3	5	211001488	14417920	65336	230891523	16779776
124	33	1	1	67108872	0	0	0	0
124	41	6	1	402653184	0	0	0	0
124	41	33	1	2214592512	0	0	0	0
124	41	14	1	939524274	0	0	0	0
124	41	3	5	202612880	14417920	100	230891523	16779776
124	41	3	5	211001488	14417920	65336	230891523	16779776
124	41	1	1	67108872	0	0	0	0
124	49	6	1	402653184	0	0	0	0
124	49	33	1	2214592512	0	0	0	0
124	49	14	1	939524274	0	0	0	0
124	49	3	5	202612880	14417920	100	230891523	16779776
124	49	3	5	211001488	14417920	65336	230891523	16779776
124	49	1	1	67108872	0	0	0	0
124	57	6	1	402653184	0	0	0	0
124	57	33	1	2214592512	0	0	0	0
124	57	14	1	939524274	0	0	0	0
124	57	3	5	202612880	14417920	100	230891523	16779776
124	57	3	5	211001488	14417920	65336	230891523	16779776
124	57	1	1	67108872	0	0	0	0
124	65	6	1	402653184	0	0	0	0
124	65	33	1	2214592512	0	0	0	0
124	65	0	1	0	0	0	0	0
125	0	49	1	3288580103	0	0	0	0
125	0	43	1	2886729735	0	0	0	0
125	0	29	1	1946157059	0	0	0	0
125	0	38	4	2550159360	0	0	0	0
125	0	1	1	67108867	0	0	0	0
125	3	14	1	939524274	0	0	0	0
125	3	3	5	201564496	14417920	100	210125203	20971520
125	3	3	5	209953104	14417920	65336	210125203	20971520
125	3	1	1	67108865	0	0	0	0
125	4	29	1	1946157057	0	0	0	0
125	4	1	1	67108871	0	0	0	0
125	11	32	1	2147483650	0	0	0	0
125	11	14	1	939524274	0	0	0	0
125	11	38	4	2550150144	0	0	0	0
125	11	1	1	67108871	0	0	0	0
125	18	33	1	2214592512	0	0	0	0
125	18	14	1	939524274	0	0	0	0
125	18	38	4	2550150144	0	0	0	0
125	18	1	1	67108871	0	0	0	0
125	25	33	1	2214592512	0	0	0	0
125	25	43	1	2885681159	0	0	0	0
125	25	43	1	2886729735	0	0	0	0
125	25	32	1	2147483653	0	0	0	0
125	25	14	1	939524274	0	0	0	0
125	25	3	5	202612880	14417920	100	230891523	16779776
125	25	3	5	211001488	14417920	65336	230891523	16779776
125	25	1	1	67108872	0	0	0	0
125	33	6	1	402653184	0	0	0	0
125	33	33	1	2214592512	0	0	0	0
125	33	14	1	939524274	0	0	0	0
125	33	3	5	202612880	14417920	100	230891523	16779776
125	33	3	5	211001488	14417920	65336	230891523	16779776
125	33	1	1	67108872	0	0	0	0
125	41	6	1	402653184	0	0	0	0
125	41	33	1	2214592512	0	0	0	0
125	41	14	1	939524274	0	0	0	0
125	41	3	5	202612880	14417920	100	230891523	16779776
125	41	3	5	211001488	14417920	65336	230891523	16779776
125	41	1	1	67108872	0	0	0	0
125	49	6	1	402653184	0	0	0	0
125	49	33	1	2214592512	0	0	0	0
125	49	14	1	939524274	0	0	0	0
125	49	3	5	202612880	14417920	100	230891523	16779776
125	49	3	5	211001488	14417920	65336	230891523	16779776
125	49	1	1	67108872	0	0	0	0
125	57	6	1	402653184	0	0	0	0
125	57	33	1	2214592512	0	0	0	0
125	57	14	1	939524274	0	0	0	0
125	57	3	5	202612880	14417920	100	230891523	16779776
125	57	3	5	211001488	14417920	65336	230891523	16779776
125	57	1	1	67108872	0	0	0	0
125	65	6	1	402653184	0	0	0	0
125	65	33	1	2214592512	0	0	0	0
125	65	0	1	0	0	0	0	0
126	0	43	1	2885681159	0	0	0	0
126	0	43	1	2886729731	0	0	0	0
126	0	1	1	67108879	0	0	0	0
126	15	14	1	939524274	0	0	0	0
127	0	43	1	2886729734	0	0	0	0
127	0	22	1	1476395008	0	0	0	0
127	0	38	4	2550156288	0	4283170816	0	0
127	0	47	1	3154116611	0	0	0	0
127	0	2	1	134217731	0	0	0	0
127	3	22	1	1476395010	0	0	0	0
127	3	2	1	134217745	0	0	0	0
127	17	21	1	1409286145	0	0	0	0
127	17	38	4	2558557184	3932160	0	0	0
127	17	14	1	939524153	0	0	0	0
127	17	49	1	3288334342	0	0	0	0
127	17	43	1	2886729728	0	0	0	0
127	17	0	1	0	0	0	0	0
128	0	43	1	2886729734	0	0	0	0
128	0	2	1	134217732	0	0	0	0
128	4	43	1	2886729731	0	0	0	0
128	4	2	1	134217741	0	0	0	0
128	13	43	1	2885681157	0	0	0	0
128	13	0	1	0	0	0	0	0
129	0	40	1	2690121729	0	0	0	0
129	0	43	1	2885681155	0	0	0	0
129	0	43	1	2886729729	0	0	0	0
129	0	14	1	939525533	0	0	0	0
129	0	2	1	134217791	0	0	0	0
129	63	14	1	939524384	0	0	0	0
129	63	40	1	2690121728	0	0	0	0
129	63	49	1	3288580103	0	0	0	0
129	63	23	1	1543503873	0	0	0	0
129	63	38	4	2550159360	0	0	0	0
129	63	2	1	134217817	0	0	0	0
129	89	14	1	939525534	0	0	0	0
129	89	0	1	0	0	0	0	0
130	0	14	1	939524213	0	0	0	0
130	0	14	1	939525509	0	0	0	0
130	0	38	4	2550156288	0	0	0	0
130	0	0	1	0	0	0	0	0
131	0	1	1	67108869	0	0	0	0
131	5	14	1	939524206	0	0	0	0
131	5	43	1	2885681157	0	0	0	0
131	5	1	1	67108874	0	0	0	0
131	15	43	1	2885681158	0	0	0	0
131	15	40	1	2689597441	0	0	0	0
131	15	40	1	2694840321	0	0	0	0
131	15	1	1	67108876	0	0	0	0
131	27	14	1	939524206	0	0	0	0
131	27	38	4	2550148096	0	3932160	0	0
131	27	1	1	67108880	0	0	0	0
131	43	14	1	939524206	0	0	0	0
131	43	38	4	2550148096	0	3932160	0	0
131	43	1	1	67108875	0	0	0	0
132	0	14	1	939524190	0	0	0	0
132	0	38	4	2550150144	0	0	0	0
132	0	0	1	0	0	0	0	0
133	0	14	1	939524179	0	0	0	0
133	0	32	1	2147483650	0	0	0	0
133	0	38	4	2550148096	0	100	6553700	0
133	0	1	1	67108870	0	0	0	0
133	6	33	1	2214592512	0	0	0	0
133	6	38	4	2550148096	0	100	6553700	0
133	6	1	1	67108870	0	0	0	0
133	12	33	1	2214592512	0	0	0	0
133	12	0	1	0	0	0	0	0
134	0	43	1	2885681157	0	0	0	0
134	0	47	1	3154116612	0	0	0	0
134	0	38	4	2550150144	0	0	0	0
134	0	38	4	2616755200	0	0	0	0
134	0	1	1	67108866	0	0	0	0
134	2	47	1	3154116608	0	0	0	0
134	2	2	1	134217752	0	0	0	0
134	24	47	1	3154116612	0	0	0	0
134	24	1	1	67108865	0	0	0	0
134	25	40	1	2690121729	0	0	0	0
134	25	43	1	2886729734	0	0	0	0
134	25	43	1	2885681158	0	0	0	0
134	25	0	1	0	0	0	0	0
135	0	52	1	3540008857	0	0	0	0
135	0	49	1	3288334343	0	0	0	0
135	0	38	4	2550180864	0	0	0	0
135	0	14	1	939524107	0	0	0	0
135	0	38	4	2550168576	0	0	0	0
135	0	29	1	1946157059	0	0	0	0
135	0	2	1	134217748	0	0	0	0
135	20	29	1	1946157057	0	0	0	0
135	20	50	1	3355443207	0	0	0	0
135	20	0	1	0	0	0	0	0
136	0	52	1	3540008861	0	0	0	0
136	0	14	1	939524107	0	0	0	0
136	0	38	4	2550148096	0	0	0	0
136	0	29	1	1946157059	0	0	0	0
136	0	2	1	134217748	0	0	0	0
136	20	29	1	1946157057	0	0	0	0
136	20	0	1	0	0	0	0	0
137	0	40	1	2690121729	0	0	0	0
137	0	43	1	2886729729	0	0	0	0
137	0	43	1	2885681155	0	0	0	0
137	0	29	1	1946157059	0	0	0	0
137	0	2	1	134217747	0	0	0	0
137	19	38	4	2550150144	0	0	0	0
137	19	3	5	201539776	13762560	0	1514553707	19005440
137	19	1	1	67108866	0	0	0	0
137	21	6	1	402653184	0	0	0	0
137	21	1	1	67108867	0	0	0	0
137	24	3	5	201539776	13762560	0	1514553707	19005440
137	24	29	1	1946157057	0	0	0	0
137	24	1	1	67108866	0	0	0	0
137	26	6	1	402653184	0	0	0	0
137	26	1	1	67108878	0	0	0	0
137	40	43	1	2886729728	0	0	0	0
137	40	40	1	2690121728	0	0	0	0
137	40	43	1	2885681152	0	0	0	0
137	40	0	1	0	0	0	0	0
138	0	40	1	2690121729	0	0	0	0
138	0	43	1	2886729729	0	0	0	0
138	0	43	1	2885681155	0	0	0	0
138	0	29	1	1946157059	0	0	0	0
138	0	2	1	134217747	0	0	0	0
138	19	38	4	2550150144	0	0	0	0
138	19	3	5	201408704	11796480	0	1514553707	18874368
138	19	1	1	67108866	0	0	0	0
138	21	6	1	402653184	0	0	0	0
138	21	1	1	67108869	0	0	0	0
138	26	3	5	201408704	11796480	0	1514553707	18874368
138	26	29	1	1946157057	0	0	0	0
138	26	1	1	67108866	0	0	0	0
138	28	6	1	402653184	0	0	0	0
138	28	43	1	2886729728	0	0	0	0
138	28	40	1	2690121728	0	0	0	0
138	28	43	1	2885681152	0	0	0	0
138	28	0	1	0	0	0	0	0
139	0	49	1	3288334345	0	0	0	0
139	0	38	4	2550180864	0	0	0	0
139	0	14	1	939524113	0	0	0	0
139	0	38	4	2550168576	0	0	0	0
139	0	29	1	1946157059	0	0	0	0
139	0	2	1	134217752	0	0	0	0
139	24	29	1	1946157057	0	0	0	0
139	24	0	1	0	0	0	0	0
140	0	43	1	2885681158	0	0	0	0
140	0	29	1	1946157059	0	0	0	0
140	0	14	1	939524115	0	0	0	0
140	0	0	1	0	0	0	0	0
141	0	40	1	2690121729	0	0	0	0
141	0	43	1	2886729734	0	0	0	0
141	0	43	1	2885681158	0	0	0	0
141	0	29	1	1946157059	0	0	0	0
141	0	1	1	67108924	0	0	0	0
141	60	29	1	1946157057	0	0	0	0
141	60	0	1	0	0	0	0	0
142	0	38	4	2550168576	0	0	0	0
142	0	29	1	1946157059	0	0	0	0
142	0	20	1	1342177280	0	0	0	0
142	0	2	1	134217730	0	0	0	0
142	2	3	5	201580736	18350096	0	1514553747	2228224
142	2	3	5	209756352	9830400	0	1514553747	2228224
142	2	19	1	1275068458	0	0	0	0
142	2	38	4	2550156288	65456	4283170816	0	0
142	2	1	1	67108866	0	0	0	0
142	4	29	1	1946157057	0	0	0	0
142	4	1	1	67108865	0	0	0	0
142	5	6	1	402653184	0	0	0	0
142	5	0	1	0	0	0	0	0
143	0	38	4	2550168576	0	0	0	0
143	0	29	1	1946157059	0	0	0	0
143	0	20	1	1342177280	0	0	0	0
143	0	2	1	134217729	0	0	0	0
143	1	3	5	201367744	18350080	15728640	1514553747	2228224
143	1	3	5	209756352	14417920	7340032	1514553747	2228224
143	1	38	4	2550156288	0	4285136896	0	0
143	1	19	1	1275068458	0	0	0	0
143	1	1	1	67108866	0	0	0	0
143	3	29	1	1946157057	0	0	0	0
143	3	1	1	67108869	0	0	0	0
143	8	6	1	402653184	0	0	0	0
143	8	0	1	0	0	0	0	0
144	0	14	1	939524107	0	0	0	0
144	0	38	4	2550153216	6553600	0	0	0
144	0	29	1	1946157059	0	0	0	0
144	0	1	1	67108899	0	0	0	0
144	35	29	1	1946157057	0	0	0	0
144	35	0	1	0	0	0	0	0
145	0	38	4	2616756224	0	0	0	0
145	0	17	1	1140852098	0	0	0	0
145	0	40	1	2690121729	0	0	0	0
145	0	43	1	2886729734	0	0	0	0
145	0	43	1	2885681155	0	0	0	0
145	0	29	1	1946157059	0	0	0	0
146	0	47	1	3154116611	0	0	0	0
146	0	17	1	1140852095	0	0	0	0
146	0	40	1	2690121729	0	0	0	0
146	0	43	1	2886729734	0	0	0	0
146	0	43	1	2885681155	0	0	0	0
146	0	32	1	2147483654	0	0	0	0
146	0	38	4	2550177792	130	200	17039560	0
146	0	1	1	67108884	0	0	0	0
146	20	33	1	2214592512	0	0	0	0
146	20	38	4	2550177792	130	200	17039560	0
146	20	1	1	67108884	0	0	0	0
146	40	33	1	2214592512	0	0	0	0
146	40	38	4	2550177792	130	200	17039560	0
146	40	1	1	67108884	0	0	0	0
146	60	33	1	2214592512	0	0	0	0
146	60	38	4	2550177792	130	200	17039560	0
146	60	1	1	67108884	0	0	0	0
146	80	33	1	2214592512	0	0	0	0
146	80	38	4	2550177792	130	200	17039560	0
146	80	1	1	67108884	0	0	0	0
146	100	33	1	2214592512	0	0	0	0
146	100	38	4	2550177792	130	200	17039560	0
146	100	1	1	67108884	0	0	0	0
146	120	33	1	2214592512	0	0	0	0
147	0	18	1	1207960992	0	0	0	0
147	0	40	1	2690121731	0	0	0	0
147	0	43	1	2886729732	0	0	0	0
147	0	43	1	2885681157	0	0	0	0
147	0	47	1	3154116611	0	0	0	0
147	0	38	4	2550228992	130	200	17039560	0
147	0	1	1	67108874	0	0	0	0
148	0	47	1	3154116611	0	0	0	0
148	0	38	4	2550148096	0	4287102976	3932160	0
148	0	2	1	134217734	0	0	0	0
148	6	3	5	201457712	19660960	0	1514553347	2097152
148	6	14	1	939524115	0	0	0	0
148	6	1	1	67108865	0	0	0	0
148	7	6	1	402653184	0	0	0	0
148	7	0	1	0	0	0	0	0
149	0	43	1	2885681157	0	0	0	0
149	0	43	1	2886729733	0	0	0	0
149	0	38	4	2556460032	0	7864320	0	0
149	0	2	1	134217736	0	0	0	0
149	8	29	1	1946157058	0	0	0	0
149	8	2	1	134217744	0	0	0	0
149	16	40	1	2690121730	0	0	0	0
149	16	43	1	2885681156	0	0	0	0
149	16	43	1	2886729730	0	0	0	0
149	16	20	1	1342177280	0	0	0	0
149	16	14	1	939524114	0	0	0	0
149	16	14	1	939524106	0	0	0	0
149	16	38	4	2616755200	0	0	0	0
149	16	2	1	134217750	0	0	0	0
149	22	38	4	2556460032	0	7864320	0	0
149	22	2	1	134217751	0	0	0	0
149	23	23	1	1543503873	0	0	0	0
149	23	29	1	1946157057	0	0	0	0
149	23	1	1	67108874	0	0	0	0
149	33	40	1	2684354560	0	0	0	0
149	33	0	1	0	0	0	0	0
150	0	20	1	1342177280	0	0	0	0
150	0	19	1	1275068434	0	0	0	0
150	0	2	1	134217732	0	0	0	0
150	4	29	1	1946157058	0	0	0	0
150	4	2	1	134217735	0	0	0	0
150	7	38	4	2566945792	0	0	0	0
150	7	2	1	134217738	0	0	0	0
150	10	14	1	939524106	0	0	0	0
150	10	38	4	2550152192	0	9830400	0	0
150	10	38	4	2550159360	0	4281860096	0	0
150	10	38	4	2616755200	0	0	0	0
150	10	29	1	1946157057	0	0	0	0
150	10	2	1	134217746	0	0	0	0
150	18	23	1	1543503874	0	0	0	0
150	18	0	1	0	0	0	0	0
151	0	2	1	134217732	0	0	0	0
151	4	3	5	201416976	22937600	720956	1514553347	2099072
151	4	3	5	209764624	10485760	0	1514553347	2099072
151	4	19	1	1275068459	0	0	0	0
151	4	1	1	67108866	0	0	0	0
151	6	6	1	402653184	0	0	0	0
151	6	2	1	134217738	0	0	0	0
151	10	22	1	1476395009	0	0	0	0
151	10	0	1	0	0	0	0	0
152	0	47	1	3154116612	0	0	0	0
152	0	40	1	2694840321	0	0	0	0
152	0	2	1	134217735	0	0	0	0
152	7	3	5	201490832	15073280	0	1514512387	20972800
152	7	3	5	209863056	15073280	0	1514512387	20972800
152	7	38	4	2550156288	0	0	0	0
152	7	19	1	1275068457	0	0	0	0
152	7	1	1	67108868	0	0	0	0
152	11	3	5	201490704	15073280	0	1514512387	20972800
152	11	3	5	209862928	15073280	0	1514512387	20972800
152	11	1	1	67108876	0	0	0	0
152	23	6	1	402653184	0	0	0	0
152	23	47	1	3154116608	0	0	0	0
152	23	0	1	0	0	0	0	0
153	0	40	1	2690121729	0	0	0	0
153	0	43	1	2886729729	0	0	0	0
153	0	2	1	134217737	0	0	0	0
153	9	3	5	201515440	11796500	0	294010883	2229504
153	9	3	5	209920432	20971520	110	294010883	2229504
153	9	19	1	1275068458	0	0	0	0
153	9	1	1	67108872	0	0	0	0
153	17	6	1	402653184	0	0	0	0
153	17	0	1	0	0	0	0	0
154	0	2	1	134217732	0	0	0	0
154	4	40	1	2689597441	0	0	0	0
154	4	3	5	201392464	10485760	0	315187203	2097152
154	4	3	5	209797456	14417920	0	315187203	2097152
154	4	19	1	1275068458	0	0	0	0
154	4	1	1	67108874	0	0	0	0
154	14	6	1	402653184	0	0	0	0
154	14	1	1	67108870	0	0	0	0
154	20	40	1	2689597440	0	0	0	0
154	20	0	1	0	0	0	0	0
155	0	47	1	3154116612	0	0	0	0
155	0	2	1	134217734	0	0	0	0
155	6	40	1	2690121729	0	0	0	0
155	6	43	1	2885681155	0	0	0	0
155	6	43	1	2886729732	0	0	0	0
155	6	3	5	201408848	12451840	0	168222723	69206016
155	6	3	5	209879376	12451840	0	168222723	69206016
155	6	3	5	218202448	12451840	0	168222723	69206016
155	6	19	1	1275068458	0	0	0	0
155	6	1	1	67108874	0	0	0	0
155	16	6	1	402653184	0	0	0	0
155	16	1	1	67108866	0	0	0	0
155	18	40	1	2690121728	0	0	0	0
155	18	0	1	0	0	0	0	0
156	0	47	1	3154116612	0	0	0	0
156	0	40	1	2690121730	0	0	0	0
156	0	43	1	2885681155	0	0	0	0
156	0	43	1	2886729729	0	0	0	0
156	0	1	1	67108868	0	0	0	0
156	4	38	4	2563800064	0	0	0	0
156	4	2	1	134217741	0	0	0	0
156	13	3	5	201523792	16449516	0	205991939	21105152
156	13	3	5	209912400	17039460	0	205991939	21105152
156	13	38	4	2561702912	7864320	0	0	0
156	13	38	4	2550156288	0	4283170816	0	0
156	13	19	1	1275068457	0	0	0	0
156	13	20	1	1342177280	0	0	0	0
156	13	1	1	67108868	0	0	0	0
156	17	3	5	201523600	14483436	0	205991939	21104128
156	17	3	5	209912208	16384100	0	205991939	21104128
156	17	1	1	67108874	0	0	0	0
156	27	6	1	402653184	0	0	0	0
156	27	2	1	134217758	0	0	0	0
156	30	47	1	3154116611	0	0	0	0
156	30	0	1	0	0	0	0	0
157	0	2	1	134217735	0	0	0	0
157	7	38	4	2566421504	4652906	0	0	0
157	7	3	5	201581104	21626880	0	348495875	4201984
157	7	3	5	209953328	18350080	0	348495875	4201984
157	7	38	4	2550156288	0	4285136896	0	0
157	7	19	1	1275068457	0	0	0	0
157	7	20	1	1342177280	0	0	0	0
157	7	1	1	67108868	0	0	0	0
157	11	3	5	201580848	21626880	0	1514553347	2229504
157	11	3	5	209953072	18350080	0	1514553347	2229504
157	11	1	1	67108872	0	0	0	0
157	19	6	1	402653184	0	0	0	0
157	19	1	1	67108872	0	0	0	0
157	27	38	4	2550148096	0	0	0	0
157	27	0	1	0	0	0	0	0
158	0	40	1	2690121729	0	0	0	0
158	0	43	1	2886729729	0	0	0	0
158	0	43	1	2885681155	0	0	0	0
158	0	47	1	3154116612	0	0	0	0
158	0	2	1	134217732	0	0	0	0
158	4	38	4	2563275776	7864320	0	0	0
158	4	2	1	134217738	0	0	0	0
158	10	20	1	1342177280	0	0	0	0
158	10	3	5	201581040	18350080	0	155598851	4327936
158	10	3	5	209920496	18350080	0	155598851	4327936
158	10	3	5	218104304	11796480	10485760	155598851	4327936
158	10	3	5	226492912	14417920	23592960	155598851	4327936
158	10	38	4	2550153216	0	0	0	0
158	10	19	1	1275068458	0	0	0	0
158	10	1	1	67108872	0	0	0	0
158	18	8	1	537198592	0	0	0	0
158	18	8	1	545587200	0	0	0	0
158	18	8	1	553975808	0	0	0	0
158	18	8	1	562364416	0	0	0	0
158	18	38	4	2550152192	0	0	0	0
158	18	19	1	1275068458	0	0	0	0
158	18	1	1	67108872	0	0	0	0
158	26	38	4	2550152192	0	0	0	0
158	26	19	1	1275068458	0	0	0	0
158	26	1	1	67108868	0	0	0	0
158	30	47	1	3154116608	0	0	0	0
158	30	6	1	402653184	0	0	0	0
158	30	0	1	0	0	0	0	0
159	0	2	1	134217733	0	0	0	0
159	5	22	1	1476395058	0	0	0	0
159	5	19	1	1275068458	0	0	0	0
159	5	3	5	201556176	16384000	0	251863043	4330496
159	5	3	5	209952976	17039520	0	251863043	4330496
159	5	3	5	218317008	13107200	0	251863043	4330496
159	5	1	1	67108870	0	0	0	0
159	11	6	1	402653184	0	0	0	0
159	11	1	1	67108868	0	0	0	0
159	15	19	1	1275068457	0	0	0	0
159	15	3	5	201515344	17039360	0	1514594307	4327936
159	15	3	5	209912144	18350230	0	1514594307	4327936
159	15	3	5	218358096	14680064	0	1514594307	4327936
159	15	1	1	67108876	0	0	0	0
159	27	22	1	1476395008	0	0	0	0
159	27	6	1	402653184	0	0	0	0
159	27	0	1	0	0	0	0	0
160	0	2	1	134217736	0	0	0	0
160	8	22	1	1476395009	0	0	0	0
160	8	3	5	201376240	19660800	0	1514553347	4326656
160	8	3	5	209969648	19660850	4291690496	1514553347	4326656
160	8	19	1	1275068457	0	0	0	0
160	8	1	1	67108868	0	0	0	0
160	12	3	5	201376016	19660800	0	1514553347	2229504
160	12	3	5	209969424	19660850	4291690496	1514553347	2229504
160	12	1	1	67108874	0	0	0	0
160	22	22	1	1476395008	0	0	0	0
160	22	6	1	402653184	0	0	0	0
160	22	0	1	0	0	0	0	0
161	0	2	1	134217738	0	0	0	0
161	10	22	1	1476395009	0	0	0	0
161	10	3	5	201384464	14417996	0	1514553347	4195584
161	10	3	5	209805840	16384000	0	1514553347	4195584
161	10	3	5	218202640	18350080	65486	1514553347	4195584
161	10	19	1	1275068457	0	0	0	0
161	10	1	1	67108868	0	0	0	0
161	14	3	5	201384272	14417996	0	1514553347	2097152
161	14	3	5	209805648	16384000	0	1514553347	2097152
161	14	3	5	218202448	18350080	65486	1514553347	2097152
161	14	1	1	67108876	0	0	0	0
161	26	22	1	1476395008	0	0	0	0
161	26	6	1	402653184	0	0	0	0
161	26	0	1	0	0	0	0	0
162	0	2	1	134217734	0	0	0	0
162	6	28	1	1885339651	0	0	0	0
162	6	3	5	201417200	23592960	1310770	335974403	4195584
162	6	38	4	2550148096	0	0	0	0
162	6	19	1	1275068457	0	0	0	0
162	6	1	1	67108868	0	0	0	0
162	10	27	1	1811939329	0	0	0	0
162	10	1	1	67108869	0	0	0	0
162	15	6	1	402653184	0	0	0	0
162	15	0	1	0	0	0	0	0
163	0	2	1	134217730	0	0	0	0
163	2	52	1	3489676928	0	0	0	0
163	2	2	1	134217732	0	0	0	0
163	4	52	1	3489677184	0	0	0	0
163	4	2	1	134217734	0	0	0	0
163	6	40	1	2690121730	0	0	0	0
163	6	43	1	2885681158	0	0	0	0
163	6	43	1	2886729729	0	0	0	0
163	6	22	1	1476395028	0	0	0	0
163	6	3	5	201531792	11796530	0	294010883	4327296
163	6	3	5	209969552	11796530	0	294010883	4327296
163	6	3	5	218153360	16384000	0	294010883	4327296
163	6	19	1	1275068457	0	0	0	0
163	6	1	1	67108868	0	0	0	0
163	10	8	1	537133056	0	0	0	0
163	10	8	1	545521664	0	0	0	0
163	10	8	1	553910272	0	0	0	0
163	10	1	1	67108892	0	0	0	0
163	38	40	1	2690121729	0	0	0	0
163	38	22	1	1476395008	0	0	0	0
163	38	6	1	402653184	0	0	0	0
163	38	0	1	0	0	0	0	0
164	0	38	4	2550148096	0	3932160	0	0
164	0	1	1	67108876	0	0	0	0
164	12	38	4	2550148096	0	3932160	0	0
164	12	37	1	2483027968	0	0	0	0
165	0	2	1	134217758	0	0	0	0
165	30	22	1	1476395009	0	0	0	0
165	30	0	1	0	0	0	0	0
166	0	14	1	939524107	0	0	0	0
166	0	2	1	134217732	0	0	0	0
166	4	38	4	2550148096	0	0	0	0
166	4	29	1	1946157059	0	0	0	0
166	4	2	1	134217748	0	0	0	0
166	20	29	1	1946157057	0	0	0	0
166	20	0	1	0	0	0	0	0
167	0	14	1	939524199	0	0	0	0
167	0	32	1	2147483650	0	0	0	0
167	0	38	4	2550148096	0	100	6553700	0
167	0	1	1	67108870	0	0	0	0
167	6	33	1	2214592512	0	0	0	0
167	6	38	4	2550148096	0	100	6553700	0
167	6	1	1	67108870	0	0	0	0
167	12	33	1	2214592512	0	0	0	0
167	12	0	1	0	0	0	0	0
168	0	40	1	2689597441	0	0	0	0
168	0	47	1	3154116611	0	0	0	0
168	0	2	1	134217732	0	0	0	0
168	4	3	5	201400400	11796600	0	1514553347	0
168	4	3	5	209780816	11796540	0	1514553347	0
168	4	3	5	218169424	11861956	0	1514553347	0
168	4	19	1	1275068459	0	0	0	0
168	4	1	1	67108866	0	0	0	0
168	6	6	1	402653184	0	0	0	0
168	6	2	1	134217740	0	0	0	0
168	12	22	1	1476395009	0	0	0	0
168	12	0	1	0	0	0	0	0
169	0	40	1	2689597441	0	0	0	0
169	0	38	4	2550168576	0	0	0	0
169	0	17	1	1140851261	0	0	0	0
169	0	29	1	1946157059	0	0	0	0
169	0	2	1	134217741	0	0	0	0
169	13	3	5	201367744	9830400	0	1514553747	2228224
169	13	3	5	209797312	18350080	0	1514553747	2228224
169	13	38	4	2550156288	0	4285136896	0	0
169	13	19	1	1275068458	0	0	0	0
169	13	1	1	67108866	0	0	0	0
169	15	29	1	1946157057	0	0	0	0
169	15	1	1	67108867	0	0	0	0
169	18	6	1	402653184	0	0	0	0
169	18	0	1	0	0	0	0	0
170	0	49	1	3288334343	0	0	0	0
170	0	38	4	2550180864	0	0	0	0
170	0	17	1	1140852170	0	0	0	0
170	0	14	1	939524107	0	0	0	0
170	0	38	4	2550168576	0	0	0	0
170	0	29	1	1946157059	0	0	0	0
170	0	2	1	134217748	0	0	0	0
170	20	29	1	1946157057	0	0	0	0
170	20	50	1	3355443207	0	0	0	0
170	20	0	1	0	0	0	0	0
171	0	49	1	3288334345	0	0	0	0
171	0	38	4	2550180864	0	0	0	0
171	0	17	1	1140852170	0	0	0	0
171	0	14	1	939524113	0	0	0	0
171	0	38	4	2550168576	0	0	0	0
171	0	29	1	1946157059	0	0	0	0
171	0	2	1	134217752	0	0	0	0
171	24	29	1	1946157057	0	0	0	0
171	24	0	1	0	0	0	0	0
172	0	2	1	134217734	0	0	0	0
172	6	3	5	201449872	14417936	0	1514553347	20972800
172	6	38	4	2550156288	0	0	0	0
172	6	19	1	1275068457	0	0	0	0
172	6	1	1	67108868	0	0	0	0
172	10	3	5	201449808	14417936	0	1514450947	20971520
172	10	1	1	67108880	0	0	0	0
172	26	6	1	402653184	0	0	0	0
172	26	47	1	3154116611	0	0	0	0
172	26	0	1	0	0	0	0	0
173	0	2	1	134217731	0	0	0	0
173	3	22	1	1476395009	0	0	0	0
173	3	44	1	2968518656	0	0	0	0
173	3	14	1	939524322	0	0	0	0
173	3	22	1	1476395038	0	0	0	0
173	3	3	5	201326640	24248320	21626880	3875946619	19398656
173	3	3	5	209715248	24248320	9175040	419840123	19398656
173	3	32	1	2147483656	0	0	0	0
173	3	19	1	1275068488	0	0	0	0
173	3	19	1	1275068488	0	0	0	0
173	3	1	1	67108866	0	0	0	0
173	5	6	1	402653184	0	0	0	0
173	5	1	1	67108865	0	0	0	0
173	6	11	1	738197504	0	0	0	0
173	6	11	1	738197505	0	0	0	0
173	6	33	1	2214592512	0	0	0	0
173	6	19	1	1275068488	0	0	0	0
173	6	19	1	1275068488	0	0	0	0
173	6	1	1	67108866	0	0	0	0
173	8	6	1	402653184	0	0	0	0
173	8	1	1	67108865	0	0	0	0
173	9	11	1	738197504	0	0	0	0
173	9	11	1	738197505	0	0	0	0
173	9	33	1	2214592512	0	0	0	0
173	9	19	1	1275068488	0	0	0	0
173	9	19	1	1275068488	0	0	0	0
173	9	1	1	67108866	0	0	0	0
173	11	6	1	402653184	0	0	0	0
173	11	1	1	67108865	0	0	0	0
173	12	11	1	738197504	0	0	0	0
173	12	11	1	738197505	0	0	0	0
173	12	33	1	2214592512	0	0	0	0
173	12	19	1	1275068488	0	0	0	0
173	12	19	1	1275068488	0	0	0	0
173	12	1	1	67108866	0	0	0	0
173	14	6	1	402653184	0	0	0	0
173	14	1	1	67108865	0	0	0	0
173	15	11	1	738197504	0	0	0	0
173	15	11	1	738197505	0	0	0	0
173	15	33	1	2214592512	0	0	0	0
173	15	19	1	1275068488	0	0	0	0
173	15	19	1	1275068488	0	0	0	0
173	15	1	1	67108866	0	0	0	0
173	17	6	1	402653184	0	0	0	0
173	17	1	1	67108865	0	0	0	0
173	18	11	1	738197504	0	0	0	0
173	18	11	1	738197505	0	0	0	0
173	18	33	1	2214592512	0	0	0	0
173	18	19	1	1275068488	0	0	0	0
173	18	19	1	1275068488	0	0	0	0
173	18	1	1	67108866	0	0	0	0
173	20	6	1	402653184	0	0	0	0
173	20	1	1	67108865	0	0	0	0
173	21	11	1	738197504	0	0	0	0
173	21	11	1	738197505	0	0	0	0
173	21	33	1	2214592512	0	0	0	0
173	21	19	1	1275068488	0	0	0	0
173	21	19	1	1275068488	0	0	0	0
173	21	1	1	67108866	0	0	0	0
173	23	6	1	402653184	0	0	0	0
173	23	1	1	67108865	0	0	0	0
173	24	11	1	738197504	0	0	0	0
173	24	11	1	738197505	0	0	0	0
173	24	33	1	2214592512	0	0	0	0
173	24	19	1	1275068488	0	0	0	0
173	24	19	1	1275068488	0	0	0	0
173	24	1	1	67108866	0	0	0	0
173	26	6	1	402653184	0	0	0	0
173	26	1	1	67108865	0	0	0	0
173	27	11	1	738197504	0	0	0	0
173	27	11	1	738197505	0	0	0	0
173	27	33	1	2214592512	0	0	0	0
173	27	19	1	1275068488	0	0	0	0
173	27	19	1	1275068488	0	0	0	0
173	27	1	1	67108866	0	0	0	0
173	29	6	1	402653184	0	0	0	0
173	29	44	1	2975334408	0	0	0	0
173	29	3	5	201326866	36044800	14417920	1514471427	21498368
173	29	1	1	67108866	0	0	0	0
173	31	6	1	402653184	0	0	0	0
173	31	22	1	1476395008	0	0	0	0
173	31	0	1	0	0	0	0	0
174	0	3	5	201326802	27525120	26869760	1514389507	52956928
174	0	1	1	67108866	0	0	0	0
174	2	6	1	402653184	0	0	0	0
174	2	0	1	0	0	0	0	0
175	0	2	1	134217736	0	0	0	0
175	8	22	1	1476395028	0	0	0	0
175	8	19	1	1275068418	0	0	0	0
175	8	38	4	2558619648	19660800	0	0	0
175	8	38	4	2550153216	5242880	0	0	0
175	8	38	4	2616759296	0	0	0	0
175	8	49	1	3288391687	0	0	0	0
175	8	3	5	201457986	17104786	0	1514553347	4591360
175	8	3	5	209846626	23593235	0	1514553347	4591360
175	8	1	1	67108866	0	0	0	0
175	10	6	1	402653184	0	0	0	0
175	10	22	1	1476395008	0	0	0	0
175	10	0	1	0	0	0	0	0
176	0	2	1	134217734	0	0	0	0
176	6	22	1	1476395009	0	0	0	0
176	6	17	1	1140851267	0	0	0	0
176	6	3	5	201556432	21037006	2949120	335994883	4326016
176	6	3	5	209945040	23593060	1966080	335994883	4326016
176	6	1	1	67108867	0	0	0	0
176	9	3	5	201556336	21037006	2949120	335994883	2228864
176	9	3	5	209944944	23593060	1966080	335994883	2228864
176	9	1	1	67108875	0	0	0	0
176	20	6	1	402653184	0	0	0	0
176	20	22	1	1476395008	0	0	0	0
176	20	0	1	0	0	0	0	0
177	0	2	1	134217735	0	0	0	0
177	7	19	1	1275068457	0	0	0	0
177	7	22	1	1476395009	0	0	0	0
177	7	3	5	201589088	14417920	0	1514553347	2229504
177	7	3	5	209986002	17039470	0	1514717187	4718592
177	7	1	1	67108870	0	0	0	0
177	13	3	5	201589088	14417920	0	1514553347	2229504
177	13	3	5	209985888	17039470	0	1514553347	2229504
177	13	1	1	67108870	0	0	0	0
177	19	22	1	1476395008	0	0	0	0
177	19	6	1	402653184	0	0	0	0
177	19	0	1	0	0	0	0	0
178	0	52	1	3489677216	0	0	0	0
178	0	2	1	134217735	0	0	0	0
178	7	19	1	1275068458	0	0	0	0
178	7	3	5	218366320	7208960	0	1514553347	2229504
178	7	3	5	209985904	13107200	0	1514553347	2229504
178	7	3	5	201597296	13107380	0	1514553347	2229504
178	7	1	1	67108869	0	0	0	0
178	12	52	1	3489677184	0	0	0	0
178	12	6	1	402653184	0	0	0	0
178	12	1	1	67108866	0	0	0	0
178	14	22	1	1476395009	0	0	0	0
178	14	0	1	0	0	0	0	0
179	0	52	1	3489677216	0	0	0	0
179	0	2	1	134217735	0	0	0	0
179	7	19	1	1275068458	0	0	0	0
179	7	3	5	218366288	7208960	0	1514553347	2229504
179	7	3	5	209985872	13107200	0	1514553347	2229504
179	7	3	5	201597264	13107380	0	1514553347	2229504
179	7	1	1	67108869	0	0	0	0
179	12	52	1	3489677184	0	0	0	0
179	12	6	1	402653184	0	0	0	0
179	12	1	1	67108866	0	0	0	0
179	14	22	1	1476395009	0	0	0	0
179	14	0	1	0	0	0	0	0
180	0	52	1	3489677216	0	0	0	0
180	0	2	1	134217735	0	0	0	0
180	7	19	1	1275068458	0	0	0	0
180	7	3	5	218366256	7208960	0	1514553347	2229504
180	7	3	5	209985840	13107200	0	1514553347	2229504
180	7	3	5	201597232	13107380	0	1514553347	2229504
180	7	1	1	67108869	0	0	0	0
180	12	52	1	3489677184	0	0	0	0
180	12	6	1	402653184	0	0	0	0
180	12	1	1	67108866	0	0	0	0
180	14	22	1	1476395009	0	0	0	0
180	14	0	1	0	0	0	0	0
181	0	52	1	3489677216	0	0	0	0
181	0	2	1	134217735	0	0	0	0
181	7	19	1	1275068458	0	0	0	0
181	7	3	5	218366224	7208960	0	1514553347	2229504
181	7	3	5	209985808	13107200	0	1514553347	2229504
181	7	3	5	201597200	13107380	0	1514553347	2229504
181	7	1	1	67108869	0	0	0	0
181	12	52	1	3489677184	0	0	0	0
181	12	6	1	402653184	0	0	0	0
181	12	1	1	67108866	0	0	0	0
181	14	22	1	1476395009	0	0	0	0
181	14	0	1	0	0	0	0	0
182	0	2	1	134217736	0	0	0	0
182	8	3	5	201597200	13172716	0	1514471427	2228224
182	8	3	5	209985808	13107380	0	1514471427	2228224
182	8	19	1	1275068458	0	0	0	0
182	8	1	1	67108881	0	0	0	0
182	25	6	1	402653184	0	0	0	0
182	25	3	5	201597328	19726316	0	1514553345	4326016
182	25	3	5	209985936	19660980	0	1514553345	4326016
182	25	3	5	218374576	19726316	0	1137065986	4331392
182	25	3	5	226763184	19660980	0	1137065986	4331392
182	25	19	1	1275068457	0	0	0	0
182	25	38	4	2567470080	6553600	0	0	0
182	25	1	1	67108869	0	0	0	0
182	30	6	1	402653184	0	0	0	0
182	30	0	1	0	0	0	0	0
183	0	2	1	134217738	0	0	0	0
183	10	19	1	1275068418	0	0	0	0
183	10	38	4	2550231040	64	32505856	0	0
183	10	3	5	201327010	28835840	8192395	356761603	52962048
183	10	19	1	1275068458	0	0	0	0
183	10	1	1	67108869	0	0	0	0
183	15	6	1	402653184	0	0	0	0
183	15	2	1	134217758	0	0	0	0
183	30	0	1	0	0	0	0	0
184	0	47	1	3154116611	0	0	0	0
184	0	17	1	1140852166	0	0	0	0
184	0	2	1	134217736	0	0	0	0
184	8	38	4	2558557184	3932160	0	0	0
184	8	2	1	134217742	0	0	0	0
184	14	3	5	201458320	12517296	0	335749123	20984064
184	14	3	5	209846928	26214600	0	335749123	21115136
184	14	19	1	1275068457	0	0	0	0
184	14	1	1	67108873	0	0	0	0
184	23	6	1	402653184	0	0	0	0
184	23	0	1	0	0	0	0	0
185	0	17	1	1140852166	0	0	0	0
185	0	2	1	134217738	0	0	0	0
185	10	44	1	2967470125	0	0	0	0
185	10	38	4	2558557184	7864320	0	0	0
185	10	1	1	67108879	0	0	0	0
185	25	14	1	939524271	0	0	0	0
185	25	38	4	2616757248	0	0	0	0
185	25	38	4	2616755200	0	0	0	0
185	25	3	5	201327282	28835840	10878791	377958403	373821440
185	25	3	5	209715890	28835840	10813765	377958403	373821440
185	25	38	4	2550239232	0	0	0	0
185	25	49	1	3288334345	0	0	0	0
185	25	1	1	67108873	0	0	0	0
185	34	6	1	402653184	0	0	0	0
185	34	0	1	0	0	0	0	0
186	0	47	1	3154116611	0	0	0	0
186	0	52	1	3489677223	0	0	0	0
186	0	2	1	134217736	0	0	0	0
186	8	52	1	3489677184	0	0	0	0
186	8	38	4	2558557184	7864320	0	0	0
186	8	2	1	134217740	0	0	0	0
186	12	38	4	2558619648	19660800	0	0	0
186	12	38	4	2550153216	5242880	0	0	0
186	12	38	4	2616759296	0	0	0	0
186	12	3	5	201458290	13762560	0	1514553347	4720512
186	12	3	5	209846898	15728910	0	1514553347	4720512
186	12	3	5	218169970	9895836	0	168181763	4720512
186	12	38	4	2550156288	0	4285136896	0	0
186	12	20	1	1342177280	0	0	0	0
186	12	19	1	1275068457	0	0	0	0
186	12	1	1	67108868	0	0	0	0
186	16	6	1	402653184	0	0	0	0
186	16	0	1	0	0	0	0	0
187	0	47	1	3154116611	0	0	0	0
187	0	52	1	3489677223	0	0	0	0
187	0	2	1	134217736	0	0	0	0
187	8	52	1	3489677184	0	0	0	0
187	8	38	4	2558557184	7864320	0	0	0
187	8	2	1	134217740	0	0	0	0
187	12	38	4	2558619648	19660800	0	0	0
187	12	38	4	2550153216	5242880	0	0	0
187	12	38	4	2616759296	0	0	0	0
187	12	3	5	201458258	13762560	0	1514553347	4720512
187	12	3	5	209846866	15728910	0	1514553347	4720512
187	12	3	5	218169938	9895836	0	168181763	4720512
187	12	38	4	2550156288	0	4285136896	0	0
187	12	20	1	1342177280	0	0	0	0
187	12	19	1	1275068457	0	0	0	0
187	12	1	1	67108868	0	0	0	0
187	16	6	1	402653184	0	0	0	0
187	16	0	1	0	0	0	0	0
188	0	47	1	3154116611	0	0	0	0
188	0	52	1	3489677223	0	0	0	0
188	0	2	1	134217736	0	0	0	0
188	8	52	1	3489677184	0	0	0	0
188	8	38	4	2558557184	7864320	0	0	0
188	8	2	1	134217740	0	0	0	0
188	12	38	4	2558619648	19660800	0	0	0
188	12	38	4	2550153216	5242880	0	0	0
188	12	38	4	2616759296	0	0	0	0
188	12	3	5	201458226	13762560	0	1514553347	4720512
188	12	3	5	209846834	15728910	0	1514553347	4720512
188	12	3	5	218169906	9895836	0	168181763	4720512
188	12	38	4	2550156288	0	4285136896	0	0
188	12	19	1	1275068457	0	0	0	0
188	12	20	1	1342177280	0	0	0	0
188	12	1	1	67108868	0	0	0	0
188	16	6	1	402653184	0	0	0	0
188	16	0	1	0	0	0	0	0
189	0	47	1	3154116611	0	0	0	0
189	0	52	1	3489677223	0	0	0	0
189	0	2	1	134217736	0	0	0	0
189	8	52	1	3489677184	0	0	0	0
189	8	38	4	2558557184	7864320	0	0	0
189	8	2	1	134217740	0	0	0	0
189	12	38	4	2558619648	19660800	0	0	0
189	12	38	4	2550153216	5242880	0	0	0
189	12	38	4	2616759296	0	0	0	0
189	12	3	5	201458194	13762560	0	1514553347	4720512
189	12	3	5	209846802	15728910	0	1514553347	4720512
189	12	3	5	218169874	9895836	0	168181763	4720512
189	12	38	4	2550156288	0	4285136896	0	0
189	12	19	1	1275068457	0	0	0	0
189	12	20	1	1342177280	0	0	0	0
189	12	1	1	67108868	0	0	0	0
189	16	6	1	402653184	0	0	0	0
189	16	0	1	0	0	0	0	0
190	0	47	1	3154116611	0	0	0	0
190	0	52	1	3489677223	0	0	0	0
190	0	2	1	134217736	0	0	0	0
190	8	52	1	3489677184	0	0	0	0
190	8	38	4	2558557184	7864320	0	0	0
190	8	2	1	134217740	0	0	0	0
190	12	38	4	2558619648	19660800	0	0	0
190	12	38	4	2550153216	5242880	0	0	0
190	12	38	4	2616759296	0	0	0	0
190	12	3	5	201458162	13762560	0	1514553347	4720512
190	12	3	5	209846770	15728910	0	1514553347	4720512
190	12	3	5	218169842	9895836	0	168181763	4720512
190	12	38	4	2550156288	0	4285136896	0	0
190	12	19	1	1275068457	0	0	0	0
190	12	20	1	1342177280	0	0	0	0
190	12	1	1	67108868	0	0	0	0
190	16	6	1	402653184	0	0	0	0
190	16	0	1	0	0	0	0	0
191	0	49	1	3288334342	0	0	0	0
191	0	38	4	2550239232	0	0	0	0
191	0	44	1	2967470125	0	0	0	0
191	0	14	1	939524330	0	0	0	0
191	0	0	1	0	0	0	0	0
192	0	17	1	1140851773	0	0	0	0
192	0	38	4	2550150144	0	0	0	0
192	0	0	1	0	0	0	0	0
193	0	14	1	939524212	0	0	0	0
193	0	32	1	2147483650	0	0	0	0
193	0	38	4	2550148096	0	4287102976	3932160	0
193	0	1	1	67108870	0	0	0	0
193	6	33	1	2214592512	0	0	0	0
193	6	38	4	2550148096	0	4287102976	3932160	0
193	6	1	1	67108870	0	0	0	0
193	12	33	1	2214592512	0	0	0	0
193	12	0	1	0	0	0	0	0
194	0	1	1	67108868	0	0	0	0
194	4	14	1	939524202	0	0	0	0
194	4	38	4	2550148096	0	3932160	0	0
194	4	1	1	67108874	0	0	0	0
194	14	14	1	939524202	0	0	0	0
194	14	38	4	2550148096	0	3932160	0	0
194	14	37	1	2483027968	0	0	0	0
195	0	2	1	134217734	0	0	0	0
195	6	22	1	1476395009	0	0	0	0
195	6	0	1	0	0	0	0	0
196	0	43	1	2886729733	0	0	0	0
196	0	17	1	1140851774	0	0	0	0
196	0	38	4	2550148096	0	100	6553700	0
196	0	2	1	134217756	0	0	0	0
196	28	22	1	1476395009	0	0	0	0
196	28	0	1	0	0	0	0	0
197	0	43	1	2885681156	0	0	0	0
197	0	43	1	2886729732	0	0	0	0
197	0	0	1	0	0	0	0	0
198	0	43	1	2886729732	0	0	0	0
198	0	43	1	2885681156	0	0	0	0
198	0	47	1	3154116609	0	0	0	0
198	0	0	1	0	0	0	0	0
199	0	43	1	2886729729	0	0	0	0
199	0	0	1	0	0	0	0	0
200	0	38	4	2550150144	0	0	0	0
200	0	2	1	134217730	0	0	0	0
200	2	17	1	1140851777	0	0	0	0
200	2	0	1	0	0	0	0	0
201	0	1	1	67108866	0	0	0	0
201	2	43	1	2885681154	0	0	0	0
201	2	1	1	67108869	0	0	0	0
201	7	43	1	2885681152	0	0	0	0
201	7	1	1	67108865	0	0	0	0
201	8	35	1	2348810240	0	0	0	0
202	0	43	1	2886729729	0	0	0	0
202	0	43	1	2885681154	0	0	0	0
202	0	29	1	1946157059	0	0	0	0
202	0	2	1	134217752	0	0	0	0
202	24	29	1	1946157057	0	0	0	0
202	24	1	1	67108866	0	0	0	0
202	26	22	1	1476395009	0	0	0	0
202	26	0	1	0	0	0	0	0
203	0	49	1	3288334343	0	0	0	0
203	0	38	4	2550180864	0	0	0	0
203	0	17	1	1140851784	0	0	0	0
203	0	14	1	939524107	0	0	0	0
203	0	38	4	2550168576	0	0	0	0
203	0	29	1	1946157059	0	0	0	0
203	0	2	1	134217748	0	0	0	0
203	20	29	1	1946157057	0	0	0	0
203	20	50	1	3355443207	0	0	0	0
203	20	0	1	0	0	0	0	0
204	0	29	1	1946157059	0	0	0	0
204	0	2	1	134217743	0	0	0	0
204	15	38	4	2550150144	0	0	0	0
204	15	3	5	201515200	23593024	6553600	1514553707	19005440
204	15	3	5	209903808	13172687	0	1514553707	19005440
204	15	1	1	67108867	0	0	0	0
204	18	6	1	402653184	0	0	0	0
204	18	1	1	67108871	0	0	0	0
204	25	3	5	201515200	23593024	6553664	1514553707	19005440
204	25	3	5	209903808	13172687	0	1514553707	19005440
204	25	29	1	1946157057	0	0	0	0
204	25	1	1	67108867	0	0	0	0
204	28	6	1	402653184	0	0	0	0
204	28	0	1	0	0	0	0	0
205	0	29	1	1946157059	0	0	0	0
205	0	2	1	134217743	0	0	0	0
205	15	38	4	2550150144	0	0	0	0
205	15	3	5	201515200	23593024	6553600	1514553667	19005440
205	15	3	5	209903808	13172687	0	1514553667	19005440
205	15	1	1	67108867	0	0	0	0
205	18	6	1	402653184	0	0	0	0
205	18	1	1	67108872	0	0	0	0
205	26	3	5	201547968	23592960	6553600	1514553667	19005440
205	26	3	5	209936576	13172687	0	1514553667	19005440
205	26	1	1	67108867	0	0	0	0
205	29	29	1	1946157057	0	0	0	0
205	29	6	1	402653184	0	0	0	0
205	29	0	1	0	0	0	0	0
206	0	49	1	3288334345	0	0	0	0
206	0	38	4	2550180864	0	0	0	0
206	0	17	1	1140851784	0	0	0	0
206	0	14	1	939524113	0	0	0	0
206	0	38	4	2550168576	0	0	0	0
206	0	29	1	1946157059	0	0	0	0
206	0	2	1	134217752	0	0	0	0
206	24	29	1	1946157057	0	0	0	0
206	24	0	1	0	0	0	0	0
207	0	38	4	2550168576	0	0	0	0
207	0	29	1	1946157059	0	0	0	0
207	0	2	1	134217730	0	0	0	0
207	2	3	5	201498816	19660800	0	1514553747	2228224
207	2	3	5	209903808	21626940	0	1514553747	2228224
207	2	19	1	1275068458	0	0	0	0
207	2	38	4	2550156288	65456	4283170816	0	0
207	2	1	1	67108866	0	0	0	0
207	4	29	1	1946157057	0	0	0	0
207	4	1	1	67108868	0	0	0	0
207	8	6	1	402653184	0	0	0	0
207	8	0	1	0	0	0	0	0
208	0	38	4	2550168576	0	0	0	0
208	0	29	1	1946157059	0	0	0	0
208	0	2	1	134217730	0	0	0	0
208	2	3	5	201474240	18350080	8453743	1514553747	2228224
208	2	3	5	209862848	18350080	4286643823	1514553747	2228224
208	2	3	5	218251456	18350080	65486	1514553747	2228224
208	2	38	4	2550156288	0	4285136896	0	0
208	2	19	1	1275068458	0	0	0	0
208	2	29	1	1946157057	0	0	0	0
208	2	1	1	67108868	0	0	0	0
208	6	29	1	1946157059	0	0	0	0
208	6	6	1	402653184	0	0	0	0
208	6	0	1	0	0	0	0	0
209	0	2	1	134217872	0	0	0	0
209	144	43	1	2885681155	0	0	0	0
209	144	0	1	0	0	0	0	0
210	0	38	4	2616756224	0	0	0	0
210	0	17	1	1140851780	0	0	0	0
210	0	29	1	1946157059	0	0	0	0
211	0	43	1	2885681155	0	0	0	0
211	0	43	1	2886729729	0	0	0	0
211	0	38	4	2550168576	0	7864520	13107400	0
211	0	32	1	2147483651	0	0	0	0
211	0	38	4	2550147072	0	7864520	13107400	0
211	0	1	1	67108868	0	0	0	0
211	4	33	1	2214592512	0	0	0	0
211	4	38	4	2550147072	0	7864520	13107400	0
211	4	1	1	67108868	0	0	0	0
211	8	33	1	2214592512	0	0	0	0
211	8	38	4	2550147072	0	7864520	13107400	0
211	8	1	1	67108868	0	0	0	0
211	12	33	1	2214592512	0	0	0	0
212	0	47	1	3154116611	0	0	0	0
212	0	17	1	1140851771	0	0	0	0
212	0	43	1	2885681155	0	0	0	0
212	0	43	1	2886729729	0	0	0	0
212	0	32	1	2147483660	0	0	0	0
212	0	38	4	2550177792	130	200	17039560	0
212	0	1	1	67108874	0	0	0	0
212	10	33	1	2214592512	0	0	0	0
212	10	38	4	2550177792	130	200	17039560	0
212	10	1	1	67108874	0	0	0	0
212	20	33	1	2214592512	0	0	0	0
212	20	38	4	2550177792	130	200	17039560	0
212	20	1	1	67108874	0	0	0	0
212	30	33	1	2214592512	0	0	0	0
212	30	38	4	2550177792	130	200	17039560	0
212	30	1	1	67108874	0	0	0	0
212	40	33	1	2214592512	0	0	0	0
212	40	38	4	2550177792	130	200	17039560	0
212	40	1	1	67108874	0	0	0	0
212	50	33	1	2214592512	0	0	0	0
212	50	38	4	2550177792	130	200	17039560	0
212	50	1	1	67108874	0	0	0	0
212	60	33	1	2214592512	0	0	0	0
212	60	38	4	2550177792	130	200	17039560	0
212	60	1	1	67108874	0	0	0	0
212	70	33	1	2214592512	0	0	0	0
212	70	38	4	2550177792	130	200	17039560	0
212	70	1	1	67108874	0	0	0	0
212	80	33	1	2214592512	0	0	0	0
212	80	38	4	2550177792	130	200	17039560	0
212	80	1	1	67108874	0	0	0	0
212	90	33	1	2214592512	0	0	0	0
212	90	38	4	2550177792	130	200	17039560	0
212	90	1	1	67108874	0	0	0	0
212	100	33	1	2214592512	0	0	0	0
212	100	38	4	2550177792	130	200	17039560	0
212	100	1	1	67108874	0	0	0	0
212	110	33	1	2214592512	0	0	0	0
212	110	38	4	2550177792	130	200	17039560	0
212	110	1	1	67108874	0	0	0	0
212	120	33	1	2214592512	0	0	0	0
213	0	18	1	1207960646	0	0	0	0
213	0	43	1	2885681154	0	0	0	0
213	0	47	1	3154116611	0	0	0	0
213	0	38	4	2550228992	150	240	19661040	0
213	0	1	1	67108874	0	0	0	0
214	0	43	1	2886729732	0	0	0	0
214	0	47	1	3154116611	0	0	0	0
214	0	38	4	2550148096	0	4287102976	3932160	0
214	0	2	1	134217734	0	0	0	0
214	6	3	5	201326640	22937600	19661280	1514553347	2097152
214	6	14	1	939524115	0	0	0	0
214	6	1	1	67108865	0	0	0	0
214	7	6	1	402653184	0	0	0	0
214	7	1	1	67108865	0	0	0	0
214	8	0	1	0	0	0	0	0
215	0	20	1	1342177280	0	0	0	0
215	0	2	1	134217732	0	0	0	0
215	4	29	1	1946157058	0	0	0	0
215	4	2	1	134217751	0	0	0	0
215	23	14	1	939524114	0	0	0	0
215	23	38	4	2565372928	0	0	0	0
215	23	38	4	2550156288	0	4285136896	0	0
215	23	38	4	2616755200	0	0	0	0
215	23	2	1	134217748	0	0	0	0
215	23	23	1	1543503873	0	0	0	0
215	23	47	1	3154116609	0	0	0	0
215	23	29	1	1946157057	0	0	0	0
215	23	0	1	0	0	0	0	0
216	0	1	1	67108867	0	0	0	0
216	3	29	1	1946157058	0	0	0	0
216	3	43	1	2886729732	0	0	0	0
216	3	1	1	67108872	0	0	0	0
216	11	22	1	1476395009	0	0	0	0
216	11	2	1	134217740	0	0	0	0
216	12	14	1	939524137	0	0	0	0
216	12	2	1	134217745	0	0	0	0
216	17	20	1	1342177280	0	0	0	0
216	17	14	1	939524127	0	0	0	0
216	17	29	1	1946157057	0	0	0	0
216	17	38	4	2550168576	200	4276617216	0	0
216	17	38	4	2550156288	0	9830400	0	0
216	17	38	4	2616755200	0	0	0	0
216	17	14	1	939524137	0	0	0	0
216	17	23	1	1543503873	0	0	0	0
216	17	0	1	0	0	0	0	0
217	0	43	1	2885681154	0	0	0	0
217	0	43	1	2886729729	0	0	0	0
217	0	17	1	1140851781	0	0	0	0
217	0	38	4	2550150144	0	0	0	0
217	0	17	1	1140850816	0	0	0	0
217	0	2	1	134217739	0	0	0	0
217	11	17	1	1140850996	0	0	0	0
217	11	2	1	134217752	0	0	0	0
217	24	2	1	134217780	0	0	0	0
217	52	17	1	1140850996	0	0	0	0
217	52	2	1	134217801	0	0	0	0
217	73	43	1	2885681152	0	0	0	0
217	73	43	1	2886729732	0	0	0	0
217	73	2	1	134217817	0	0	0	0
217	89	17	1	1140850996	0	0	0	0
217	89	2	1	134217827	0	0	0	0
217	99	22	1	1476395009	0	0	0	0
217	99	0	1	0	0	0	0	0
218	0	47	1	3154116611	0	0	0	0
218	0	2	1	134217731	0	0	0	0
218	3	51	1	3425697792	0	0	0	0
218	3	2	1	134217733	0	0	0	0
218	5	3	5	201474224	18350080	8453743	293806083	2229504
218	5	3	5	209862832	18350080	4286643823	293806083	2229504
218	5	3	5	218251440	18350080	65486	293806083	2229504
218	5	19	1	1275068459	0	0	0	0
218	5	1	1	67108868	0	0	0	0
218	9	6	1	402653184	0	0	0	0
218	9	2	1	134217740	0	0	0	0
218	12	22	1	1476395009	0	0	0	0
218	12	1	1	67108867	0	0	0	0
218	15	51	1	3422814207	0	0	0	0
218	15	0	1	0	0	0	0	0
219	0	47	1	3154116611	0	0	0	0
219	0	2	1	134217731	0	0	0	0
219	3	51	1	3425697792	0	0	0	0
219	3	2	1	134217734	0	0	0	0
219	6	3	5	201474224	18350080	8453743	293806083	2229504
219	6	3	5	209862832	18350080	4286643823	293806083	2229504
219	6	3	5	218251440	18350080	65486	293806083	2229504
219	6	19	1	1275068459	0	0	0	0
219	6	1	1	67108868	0	0	0	0
219	10	6	1	402653184	0	0	0	0
219	10	2	1	134217740	0	0	0	0
219	12	22	1	1476395009	0	0	0	0
219	12	1	1	67108867	0	0	0	0
219	15	51	1	3422814207	0	0	0	0
219	15	0	1	0	0	0	0	0
220	0	43	1	2885681155	0	0	0	0
220	0	43	1	2886729731	0	0	0	0
220	0	47	1	3154116611	0	0	0	0
220	0	2	1	134217731	0	0	0	0
220	3	51	1	3425697792	0	0	0	0
220	3	2	1	134217733	0	0	0	0
220	5	19	1	1275068457	0	0	0	0
220	5	3	5	201474320	20971520	8453743	293969923	4329216
220	5	3	5	209862928	20971520	4286643823	293969923	4329216
220	5	3	5	218251536	18350080	65486	293969923	4329216
220	5	1	1	67108868	0	0	0	0
220	9	6	1	402653184	0	0	0	0
220	9	1	1	67108867	0	0	0	0
220	12	51	1	3422814207	0	0	0	0
220	12	0	1	0	0	0	0	0
221	0	1	1	67108868	0	0	0	0
221	4	43	1	2886729729	0	0	0	0
221	4	47	1	3154116612	0	0	0	0
221	4	20	1	1342177280	0	0	0	0
221	4	19	1	1275068458	0	0	0	0
221	4	38	4	2550156288	65456	4283170816	0	0
221	4	1	1	67108880	0	0	0	0
221	20	43	1	2885681154	0	0	0	0
221	20	38	4	2550159360	0	5242880	0	0
221	20	38	4	2616755200	0	0	0	0
221	20	14	1	939524387	0	0	0	0
221	20	1	1	67108865	0	0	0	0
221	21	43	1	2886729728	0	0	0	0
221	21	3	5	201327120	23592960	5242960	1514614787	4329216
221	21	3	5	209715728	23592960	5308319	1514614787	4329216
221	21	3	5	218104336	23592960	5243136	1514614787	4329216
221	21	1	1	67108872	0	0	0	0
221	29	47	1	3154116608	0	0	0	0
221	29	6	1	402653184	0	0	0	0
221	29	2	1	134217786	0	0	0	0
221	58	43	1	2885681152	0	0	0	0
221	58	0	1	0	0	0	0	0
222	0	2	1	134217735	0	0	0	0
222	7	51	1	3425697792	0	0	0	0
222	7	3	5	201474544	14417920	96	1514553347	4326656
222	7	3	5	209863152	14417920	65423	1514553347	4326656
222	7	3	5	218251760	16384000	8453743	1514553347	4326656
222	7	3	5	226640368	16384000	4286643823	1514553347	4326656
222	7	19	1	1275068457	0	0	0	0
222	7	1	1	67108870	0	0	0	0
222	13	6	1	402653184	0	0	0	0
222	13	1	1	67108865	0	0	0	0
222	14	51	1	3422814207	0	0	0	0
222	14	0	1	0	0	0	0	0
223	0	2	1	134217734	0	0	0	0
223	6	43	1	2885681155	0	0	0	0
223	6	28	1	1885339651	0	0	0	0
223	6	3	5	201425296	27262976	9437184	315023363	2099712
223	6	3	5	209813904	17039360	4288413696	315023363	2099712
223	6	19	1	1275068458	0	0	0	0
223	6	1	1	67108868	0	0	0	0
223	10	27	1	1811939329	0	0	0	0
223	10	1	1	67108872	0	0	0	0
223	18	6	1	402653184	0	0	0	0
223	18	0	1	0	0	0	0	0
224	0	47	1	3154116612	0	0	0	0
224	0	2	1	134217731	0	0	0	0
224	3	3	5	201326928	26214400	19660850	1514553347	4196864
224	3	19	1	1275068458	0	0	0	0
224	3	1	1	67108879	0	0	0	0
224	18	6	1	402653184	0	0	0	0
224	18	1	1	67108872	0	0	0	0
224	26	43	1	2886729732	0	0	0	0
224	26	43	1	2885681156	0	0	0	0
224	26	47	1	3154116608	0	0	0	0
224	26	0	1	0	0	0	0	0
225	0	43	1	2885681155	0	0	0	0
225	0	2	1	134217738	0	0	0	0
225	10	43	1	2886729729	0	0	0	0
225	10	38	4	2559605760	6291456	4277075968	0	0
225	10	20	1	1342177280	0	0	0	0
225	10	2	1	134217754	0	0	0	0
225	26	51	1	3425697792	0	0	0	0
225	26	19	1	1275068457	0	0	0	0
225	26	3	5	201474704	16384000	96	1514553347	4329216
225	26	3	5	209863312	16384000	65423	1514553347	4329216
225	26	3	5	218251920	19660800	8453743	1514553347	4329216
225	26	3	5	226640528	19660800	4286643823	1514553347	4329216
225	26	38	4	2550156288	0	4285136896	0	0
225	26	1	1	67108871	0	0	0	0
225	33	43	1	2885681152	0	0	0	0
225	33	43	1	2886729728	0	0	0	0
225	33	38	4	2550159360	0	55050240	0	0
225	33	1	1	67108865	0	0	0	0
225	34	38	4	2616755200	0	0	0	0
225	34	38	4	2550150144	65456	49152000	0	0
225	34	14	1	939524393	0	0	0	0
225	34	1	1	67108865	0	0	0	0
225	35	51	1	3422814207	0	0	0	0
225	35	1	1	67108871	0	0	0	0
225	42	6	1	402653184	0	0	0	0
225	42	0	1	0	0	0	0	0
226	0	48	1	3221225472	0	0	0	0
226	0	43	1	2886729731	0	0	0	0
226	0	2	1	134217738	0	0	0	0
226	10	38	4	2559605760	6291456	4277075968	0	0
226	10	2	1	134217748	0	0	0	0
226	20	51	1	3425697792	0	0	0	0
226	20	3	5	201474672	10485760	96	419840003	4329216
226	20	3	5	209863280	10485760	65423	419840003	4329216
226	20	3	5	218251888	16384000	8453743	419840003	4329216
226	20	3	5	226640496	16384000	4287626863	419840003	4329216
226	20	38	4	2550156288	0	4285136896	0	0
226	20	19	1	1275068457	0	0	0	0
226	20	20	1	1342177280	0	0	0	0
226	20	1	1	67108868	0	0	0	0
226	24	3	5	201474608	10485760	96	3959832579	4327936
226	24	3	5	209863216	10485760	65423	3959832579	4327936
226	24	3	5	218251824	16384000	8453743	3959832579	4327936
226	24	3	5	226640432	16384000	4287626863	3959832579	4327936
226	24	1	1	67108867	0	0	0	0
226	27	43	1	2886729728	0	0	0	0
226	27	6	1	402653184	0	0	0	0
226	27	0	1	0	0	0	0	0
227	0	48	1	3221225472	0	0	0	0
227	0	43	1	2886729731	0	0	0	0
227	0	20	1	1342177280	0	0	0	0
227	0	2	1	134217732	0	0	0	0
227	4	38	4	2559605760	6291456	4277075968	0	0
227	4	2	1	134217737	0	0	0	0
227	9	51	1	3425697792	0	0	0	0
227	9	3	5	201474576	10485760	96	1514553347	4329856
227	9	3	5	209863184	10485760	65423	1514553347	4329856
227	9	3	5	218251792	16384000	8453743	1514553347	4329856
227	9	3	5	226640400	16384000	4287626863	1514553347	4329856
227	9	38	4	2550156288	0	4270784512	0	0
227	9	19	1	1275068457	0	0	0	0
227	9	1	1	67108870	0	0	0	0
227	15	8	1	537264128	0	0	0	0
227	15	8	1	545652736	0	0	0	0
227	15	8	1	554041344	0	0	0	0
227	15	8	1	562429952	0	0	0	0
227	15	1	1	67108872	0	0	0	0
227	23	6	1	402653184	0	0	0	0
227	23	1	1	67108867	0	0	0	0
227	26	51	1	3422814207	0	0	0	0
227	26	0	1	0	0	0	0	0
228	0	43	1	2886729729	0	0	0	0
228	0	28	1	1885339651	0	0	0	0
228	0	2	1	134217734	0	0	0	0
228	6	22	1	1476395058	0	0	0	0
228	6	3	5	201327056	32505856	16777216	272957443	4327936
228	6	19	1	1275068457	0	0	0	0
228	6	1	1	67108868	0	0	0	0
228	10	3	5	201326992	32505856	16777216	272957443	2229504
228	10	1	1	67108895	0	0	0	0
228	41	43	1	2886729728	0	0	0	0
228	41	22	1	1476395008	0	0	0	0
228	41	6	1	402653184	0	0	0	0
228	41	27	1	1811939329	0	0	0	0
228	41	0	1	0	0	0	0	0
229	0	48	1	3221225472	0	0	0	0
229	0	52	1	3489677312	0	0	0	0
229	0	2	1	134217733	0	0	0	0
229	5	38	4	2559605760	6291456	4277075968	0	0
229	5	2	1	134217736	0	0	0	0
229	8	52	1	3489677184	0	0	0	0
229	8	2	1	134217741	0	0	0	0
229	13	51	1	3425697792	0	0	0	0
229	13	2	1	134217742	0	0	0	0
229	14	22	1	1476395058	0	0	0	0
229	14	3	5	201474576	10485760	96	1514553347	4196224
229	14	3	5	209863184	10485760	65423	1514553347	4196224
229	14	3	5	218251792	16384000	8453743	1514553347	4196224
229	14	3	5	226640400	16384000	4287626863	1514553347	4196224
229	14	19	1	1275068457	0	0	0	0
229	14	1	1	67108870	0	0	0	0
229	20	6	1	402653184	0	0	0	0
229	20	22	1	1476395008	0	0	0	0
229	20	51	1	3422814207	0	0	0	0
229	20	0	1	0	0	0	0	0
230	0	43	1	2886729732	0	0	0	0
230	0	43	1	2885681156	0	0	0	0
230	0	2	1	134217738	0	0	0	0
230	10	43	1	2886729728	0	0	0	0
230	10	43	1	2885681152	0	0	0	0
230	10	22	1	1476395108	0	0	0	0
230	10	3	5	201548304	23592960	6553600	1514553347	4195584
230	10	3	5	209715728	18350080	11861836	1514553347	4195584
230	10	19	1	1275068457	0	0	0	0
230	10	1	1	67108868	0	0	0	0
230	14	3	5	201548112	17039360	4194304	1514553347	2098432
230	14	3	5	209715536	18350080	11861836	1514553347	2098432
230	14	1	1	67108877	0	0	0	0
230	27	6	1	402653184	0	0	0	0
230	27	1	1	67108874	0	0	0	0
230	37	22	1	1476395008	0	0	0	0
230	37	0	1	0	0	0	0	0
231	0	48	1	3221225472	0	0	0	0
231	0	43	1	2886729731	0	0	0	0
231	0	22	1	1476395058	0	0	0	0
231	0	2	1	134217739	0	0	0	0
231	11	19	1	1275068458	0	0	0	0
231	11	3	5	209715280	23592960	62259400	3917889659	4325376
231	11	3	5	201326672	23592960	36045000	377897083	4325376
231	11	32	1	2147483654	0	0	0	0
231	11	1	1	67108866	0	0	0	0
231	13	6	1	402653184	0	0	0	0
231	13	1	1	67108865	0	0	0	0
231	14	19	1	1275068458	0	0	0	0
231	14	11	1	738197504	0	0	0	0
231	14	11	1	738197505	0	0	0	0
231	14	33	1	2214592512	0	0	0	0
231	14	1	1	67108866	0	0	0	0
231	16	6	1	402653184	0	0	0	0
231	16	1	1	67108865	0	0	0	0
231	17	19	1	1275068458	0	0	0	0
231	17	11	1	738197504	0	0	0	0
231	17	11	1	738197505	0	0	0	0
231	17	33	1	2214592512	0	0	0	0
231	17	1	1	67108866	0	0	0	0
231	19	6	1	402653184	0	0	0	0
231	19	1	1	67108865	0	0	0	0
231	20	19	1	1275068458	0	0	0	0
231	20	11	1	738197504	0	0	0	0
231	20	11	1	738197505	0	0	0	0
231	20	33	1	2214592512	0	0	0	0
231	20	1	1	67108866	0	0	0	0
231	22	6	1	402653184	0	0	0	0
231	22	1	1	67108865	0	0	0	0
231	23	19	1	1275068458	0	0	0	0
231	23	11	1	738197504	0	0	0	0
231	23	11	1	738197505	0	0	0	0
231	23	33	1	2214592512	0	0	0	0
231	23	1	1	67108866	0	0	0	0
231	25	6	1	402653184	0	0	0	0
231	25	1	1	67108865	0	0	0	0
231	26	19	1	1275068458	0	0	0	0
231	26	11	1	738197504	0	0	0	0
231	26	11	1	738197505	0	0	0	0
231	26	33	1	2214592512	0	0	0	0
231	26	1	1	67108866	0	0	0	0
231	28	6	1	402653184	0	0	0	0
231	28	1	1	67108865	0	0	0	0
231	29	19	1	1275068458	0	0	0	0
231	29	11	1	738197504	0	0	0	0
231	29	11	1	738197505	0	0	0	0
231	29	33	1	2214592512	0	0	0	0
231	29	1	1	67108866	0	0	0	0
231	31	6	1	402653184	0	0	0	0
231	31	1	1	67108865	0	0	0	0
231	32	19	1	1275068457	0	0	0	0
231	32	3	5	201326864	26214400	62259400	336179203	4327936
231	32	3	5	209715472	26214400	36045000	336179203	4327936
231	32	1	1	67108867	0	0	0	0
231	35	43	1	2886729728	0	0	0	0
231	35	6	1	402653184	0	0	0	0
231	35	22	1	1476395008	0	0	0	0
231	35	0	1	0	0	0	0	0
232	0	48	1	3221225472	0	0	0	0
232	0	43	1	2886729731	0	0	0	0
232	0	2	1	134217731	0	0	0	0
232	3	38	4	2559605760	6291456	4277075968	0	0
232	3	2	1	134217733	0	0	0	0
232	5	51	1	3425697792	0	0	0	0
232	5	2	1	134217737	0	0	0	0
232	9	22	1	1476395048	0	0	0	0
232	9	3	5	201474544	16384000	96	3917889539	4326656
232	9	3	5	209863152	16384000	65423	3917889539	4326656
232	9	3	5	218251760	18350080	8453743	3917889539	4326656
232	9	3	5	226640368	18350080	4286643823	3917889539	4326656
232	9	19	1	1275068457	0	0	0	0
232	9	1	1	67108868	0	0	0	0
232	13	8	1	537264128	0	0	0	0
232	13	8	1	545652736	0	0	0	0
232	13	8	1	554041344	0	0	0	0
232	13	8	1	562429952	0	0	0	0
232	13	1	1	67108882	0	0	0	0
232	31	43	1	2886729728	0	0	0	0
232	31	22	1	1476395008	0	0	0	0
232	31	6	1	402653184	0	0	0	0
232	31	1	1	67108867	0	0	0	0
232	34	51	1	3422814207	0	0	0	0
232	34	0	1	0	0	0	0	0
233	0	43	1	2885681154	0	0	0	0
233	0	2	1	134217729	0	0	0	0
233	1	3	5	201326864	26214400	62259400	336035843	4329216
233	1	3	5	209715472	26214400	36045000	336035843	4329216
233	1	1	1	67108865	0	0	0	0
233	2	6	1	402653184	0	0	0	0
233	2	2	1	134217736	0	0	0	0
233	8	43	1	2885681152	0	0	0	0
233	8	0	1	0	0	0	0	0
234	0	47	1	3154116611	0	0	0	0
234	0	14	1	939524169	0	0	0	0
234	0	38	4	2550150144	0	0	0	0
234	0	52	1	3489677056	0	0	0	0
234	0	0	1	0	0	0	0	0
235	0	49	1	3288334342	0	0	0	0
235	0	43	1	2885681155	0	0	0	0
235	0	2	1	134217775	0	0	0	0
235	47	3	5	201506864	16711680	0	3917479943	5127168
235	47	1	1	67108867	0	0	0	0
235	50	6	1	402653184	0	0	0	0
235	50	2	1	134217788	0	0	0	0
235	60	22	1	1476395009	0	0	0	0
235	60	0	1	0	0	0	0	0
236	0	2	1	134217730	0	0	0	0
236	2	52	1	3489677056	0	0	0	0
236	2	3	5	201408656	10485760	0	1514266627	1024
236	2	3	5	209789072	10485760	0	1514266627	1024
236	2	19	1	1275068459	0	0	0	0
236	2	1	1	67108866	0	0	0	0
236	4	52	1	3489677184	0	0	0	0
236	4	6	1	402653184	0	0	0	0
236	4	2	1	134217738	0	0	0	0
236	10	22	1	1476395009	0	0	0	0
236	10	0	1	0	0	0	0	0
237	0	2	1	134217731	0	0	0	0
237	3	3	5	201457776	11796496	0	293806083	1024
237	3	3	5	209838192	11796480	0	293806083	1024
237	3	19	1	1275068459	0	0	0	0
237	3	1	1	67108867	0	0	0	0
237	6	6	1	402653184	0	0	0	0
237	6	2	1	134217736	0	0	0	0
237	8	22	1	1476395009	0	0	0	0
237	8	0	1	0	0	0	0	0
238	0	52	1	3540008864	0	0	0	0
238	0	43	1	2885681154	0	0	0	0
238	0	47	1	3154116612	0	0	0	0
238	0	20	1	1342177280	0	0	0	0
238	0	38	4	2550156288	0	0	0	0
238	0	19	1	1275068457	0	0	0	0
238	0	2	1	134217730	0	0	0	0
238	2	3	5	201457744	11796480	0	126238923	0
238	2	1	1	67108868	0	0	0	0
238	6	6	1	402653184	0	0	0	0
238	6	3	5	201408592	11796480	0	84295863	0
238	6	1	1	67108868	0	0	0	0
238	10	6	1	402653184	0	0	0	0
238	10	32	1	2147483650	0	0	0	0
238	10	3	5	201457744	11796480	0	42352679	0
238	10	1	1	67108871	0	0	0	0
238	17	6	1	402653184	0	0	0	0
238	17	3	5	201408592	11796480	0	42352679	0
238	17	1	1	67108870	0	0	0	0
238	23	6	1	402653184	0	0	0	0
238	23	33	1	2214592512	0	0	0	0
238	23	3	5	201457744	11796480	0	42352679	0
238	23	1	1	67108871	0	0	0	0
238	30	6	1	402653184	0	0	0	0
238	30	3	5	201408592	11796480	0	42352679	0
238	30	1	1	67108870	0	0	0	0
238	36	6	1	402653184	0	0	0	0
238	36	33	1	2214592512	0	0	0	0
238	36	1	1	67108867	0	0	0	0
238	39	43	1	2885681152	0	0	0	0
238	39	3	5	201425072	19660800	7864400	1514553347	2103552
238	39	1	1	67108870	0	0	0	0
238	45	6	1	402653184	0	0	0	0
238	45	0	1	0	0	0	0	0
239	0	52	1	3489677209	0	0	0	0
239	0	2	1	134217736	0	0	0	0
239	8	52	1	3489677136	0	0	0	0
239	8	3	5	201523504	11796500	0	1514553347	2229488
239	8	3	5	209920304	14418000	0	1514553347	2229488
239	8	19	1	1275068458	0	0	0	0
239	8	1	1	67108869	0	0	0	0
239	13	6	1	402653184	0	0	0	0
239	13	52	1	3489677209	0	0	0	0
239	13	0	1	0	0	0	0	0
240	0	47	1	3154116611	0	0	0	0
240	0	43	1	2885681154	0	0	0	0
240	0	2	1	134217734	0	0	0	0
240	6	3	5	201441680	11796480	0	335953923	2098432
240	6	3	5	209838480	19005500	0	335953923	2098432
240	6	19	1	1275068458	0	0	0	0
240	6	1	1	67108870	0	0	0	0
240	12	6	1	402653184	0	0	0	0
240	12	1	1	67108872	0	0	0	0
240	20	43	1	2885681155	0	0	0	0
240	20	0	1	0	0	0	0	0
241	0	47	1	3154116610	0	0	0	0
241	0	2	1	134217731	0	0	0	0
241	3	3	5	201482512	11796500	0	252067843	2228224
241	3	3	5	209871120	17039600	5242966	252067843	2228224
241	3	19	1	1275068458	0	0	0	0
241	3	1	1	67108868	0	0	0	0
241	7	6	1	402653184	0	0	0	0
241	7	52	1	3489677120	0	0	0	0
241	7	0	1	0	0	0	0	0
242	0	52	1	3489677145	0	0	0	0
242	0	44	1	2967470125	0	0	0	0
242	0	47	1	3154116611	0	0	0	0
242	0	2	1	134217732	0	0	0	0
242	4	52	1	3489677184	0	0	0	0
242	4	38	4	2558032896	3932160	0	0	0
242	4	2	1	134217744	0	0	0	0
242	16	20	1	1342177280	0	0	0	0
242	16	3	5	201441842	11796480	0	1514573827	4198400
242	16	3	5	209838642	15728700	0	1514573827	4198400
242	16	38	4	2550156288	0	4285136896	0	0
242	16	19	1	1275068457	0	0	0	0
242	16	1	1	67108869	0	0	0	0
242	21	6	1	402653184	0	0	0	0
242	21	0	1	0	0	0	0	0
243	0	52	1	3489677145	0	0	0	0
243	0	44	1	2967470125	0	0	0	0
243	0	47	1	3154116611	0	0	0	0
243	0	2	1	134217732	0	0	0	0
243	4	52	1	3489677184	0	0	0	0
243	4	38	4	2558032896	3932160	0	0	0
243	4	2	1	134217744	0	0	0	0
243	16	20	1	1342177280	0	0	0	0
243	16	3	5	201441842	11796480	0	1514573827	4198400
243	16	3	5	209838642	15728690	0	1514573827	4198400
243	16	38	4	2550156288	0	4285136896	0	0
243	16	19	1	1275068457	0	0	0	0
243	16	1	1	67108869	0	0	0	0
243	21	6	1	402653184	0	0	0	0
243	21	0	1	0	0	0	0	0
244	0	52	1	3489677145	0	0	0	0
244	0	44	1	2967470125	0	0	0	0
244	0	47	1	3154116611	0	0	0	0
244	0	2	1	134217732	0	0	0	0
244	4	52	1	3489677184	0	0	0	0
244	4	38	4	2558032896	3932160	0	0	0
244	4	2	1	134217744	0	0	0	0
244	16	20	1	1342177280	0	0	0	0
244	16	3	5	201441810	11796480	0	1514573827	4198400
244	16	3	5	209838610	15728690	0	1514573827	4198400
244	16	38	4	2550156288	0	4285136896	0	0
244	16	19	1	1275068457	0	0	0	0
244	16	1	1	67108869	0	0	0	0
244	21	6	1	402653184	0	0	0	0
244	21	0	1	0	0	0	0	0
245	0	52	1	3489677145	0	0	0	0
245	0	44	1	2967470125	0	0	0	0
245	0	47	1	3154116611	0	0	0	0
245	0	2	1	134217732	0	0	0	0
245	4	52	1	3489677184	0	0	0	0
245	4	38	4	2558032896	3932160	0	0	0
245	4	2	1	134217744	0	0	0	0
245	16	20	1	1342177280	0	0	0	0
245	16	3	5	201441778	11796480	0	1514573827	4198400
245	16	3	5	209838578	15728690	0	1514573827	4198400
245	16	38	4	2550156288	0	4285136896	0	0
245	16	19	1	1275068457	0	0	0	0
245	16	1	1	67108869	0	0	0	0
245	21	6	1	402653184	0	0	0	0
245	21	0	1	0	0	0	0	0
246	0	2	1	134217735	0	0	0	0
246	7	38	4	2550168576	300	4288413696	0	0
246	7	20	1	1342177280	0	0	0	0
246	7	28	1	1885339651	0	0	0	0
246	7	3	5	201425552	26214400	6553600	356925441	4197504
246	7	3	5	209814160	26214400	6553600	1137106946	4203520
246	7	38	4	2550150144	0	0	0	0
246	7	19	1	1275068457	0	0	0	0
246	7	1	1	67108868	0	0	0	0
246	11	27	1	1811939329	0	0	0	0
246	11	1	1	67108869	0	0	0	0
246	16	6	1	402653184	0	0	0	0
246	16	0	1	0	0	0	0	0
247	0	47	1	3154116612	0	0	0	0
247	0	2	1	134217732	0	0	0	0
247	4	38	4	2563275776	7864320	0	0	0
247	4	2	1	134217736	0	0	0	0
247	8	20	1	1342177280	0	0	0	0
247	8	3	5	201532016	11141120	20	1514553347	4328576
247	8	3	5	209920624	13762680	50	1514553347	4328576
247	8	3	5	218268272	11141120	20	1514553347	4328576
247	8	3	5	226656880	13762680	50	1514553347	4328576
247	8	38	4	2550153216	0	0	0	0
247	8	19	1	1275068458	0	0	0	0
247	8	1	1	67108879	0	0	0	0
247	23	38	4	2550152192	0	0	0	0
247	23	19	1	1275068458	0	0	0	0
247	23	1	1	67108871	0	0	0	0
247	30	47	1	3154116608	0	0	0	0
247	30	6	1	402653184	0	0	0	0
247	30	0	1	0	0	0	0	0
248	0	2	1	134217731	0	0	0	0
248	3	22	1	1476395058	0	0	0	0
248	3	3	5	201531760	15728650	0	335953923	4326656
248	3	3	5	209879408	15728650	0	335953923	4326656
248	3	3	5	218145136	17039360	0	335953923	4326656
248	3	19	1	1275068458	0	0	0	0
248	3	1	1	67108872	0	0	0	0
248	11	3	5	201531856	15728650	0	336015363	4327296
248	11	3	5	209879504	15728650	0	336015363	4327296
248	11	3	5	218145232	17039360	0	336015363	4327296
248	11	1	1	67108887	0	0	0	0
248	34	22	1	1476395008	0	0	0	0
248	34	6	1	402653184	0	0	0	0
248	34	0	1	0	0	0	0	0
249	0	43	1	2885681154	0	0	0	0
249	0	2	1	134217735	0	0	0	0
249	7	22	1	1476395048	0	0	0	0
249	7	19	1	1275068457	0	0	0	0
249	7	3	5	201408912	20316160	0	1514614787	20973568
249	7	3	5	209789328	18743365	0	1514614787	20973568
249	7	1	1	67108870	0	0	0	0
249	13	6	1	402653184	0	0	0	0
249	13	1	1	67108872	0	0	0	0
249	21	22	1	1476395008	0	0	0	0
249	21	1	1	67108873	0	0	0	0
249	30	43	1	2885681155	0	0	0	0
249	30	0	1	0	0	0	0	0
250	0	2	1	134217738	0	0	0	0
250	10	22	1	1476395009	0	0	0	0
250	10	52	1	3489677248	0	0	0	0
250	10	3	5	201531856	15794146	2949120	159711235	4327296
250	10	3	5	209920464	19005520	1966080	159711235	4327296
250	10	19	1	1275068457	0	0	0	0
250	10	1	1	67108867	0	0	0	0
250	13	3	5	201531728	14483426	2949120	1514438659	2228992
250	13	3	5	209920336	17694800	1966080	1514438659	2228992
250	13	1	1	67108872	0	0	0	0
250	21	52	1	3489677216	0	0	0	0
250	21	22	1	1476395008	0	0	0	0
250	21	6	1	402653184	0	0	0	0
250	21	0	1	0	0	0	0	0
251	0	2	1	134217730	0	0	0	0
251	2	22	1	1476395028	0	0	0	0
251	2	3	5	201531792	14417920	0	252149763	4325376
251	2	3	5	209936784	16384000	0	252149763	4325376
251	2	19	1	1275068457	0	0	0	0
251	2	1	1	67108867	0	0	0	0
251	5	3	5	201531696	14417920	0	1514553347	2229120
251	5	3	5	209936688	16384000	0	1514553347	2229120
251	5	1	1	67108871	0	0	0	0
251	12	22	1	1476395008	0	0	0	0
251	12	6	1	402653184	0	0	0	0
251	12	0	1	0	0	0	0	0
252	0	2	1	134217736	0	0	0	0
252	8	22	1	1476395028	0	0	0	0
252	8	3	5	201531856	23003106	2949120	3917889539	4325376
252	8	3	5	209920464	22937650	1966080	3917889539	4325376
252	8	19	1	1275068457	0	0	0	0
252	8	1	1	67108873	0	0	0	0
252	17	22	1	1476395008	0	0	0	0
252	17	6	1	402653184	0	0	0	0
252	17	0	1	0	0	0	0	0
253	0	17	1	1140851104	0	0	0	0
253	0	2	1	134217732	0	0	0	0
253	4	3	5	201384096	20971634	0	1514594307	2229504
253	4	19	1	1275068458	0	0	0	0
253	4	1	1	67108866	0	0	0	0
253	6	8	1	537001984	0	0	0	0
253	6	8	1	545390592	0	0	0	0
253	6	9	1	604008448	0	0	0	0
253	6	9	1	612404224	0	0	0	0
253	6	1	1	67108867	0	0	0	0
253	9	6	1	402653184	0	0	0	0
253	9	0	1	0	0	0	0	0
254	0	38	4	2550156288	0	4283170816	0	0
254	0	47	1	3154116611	0	0	0	0
254	0	2	1	134217743	0	0	0	0
254	15	44	1	2954100736	0	0	0	0
254	15	2	1	134217744	0	0	0	0
254	16	21	1	1409286145	0	0	0	0
254	16	38	4	2558557184	3932160	0	0	0
254	16	14	1	939524806	0	0	0	0
254	16	49	1	3288334342	0	0	0	0
254	16	0	1	0	0	0	0	0
255	0	38	4	2550153216	0	4285136896	0	0
255	0	2	1	134217743	0	0	0	0
255	15	44	1	2954100736	0	0	0	0
255	15	2	1	134217744	0	0	0	0
255	16	21	1	1409286145	0	0	0	0
255	16	38	4	2558557184	3932160	0	0	0
255	16	14	1	939524806	0	0	0	0
255	16	49	1	3288334342	0	0	0	0
255	16	0	1	0	0	0	0	0
256	0	49	1	3288334345	0	0	0	0
256	0	52	1	3489677120	0	0	0	0
256	0	2	1	134217730	0	0	0	0
256	2	52	1	3489677184	0	0	0	0
256	2	2	1	134217732	0	0	0	0
256	4	38	4	2550159360	0	0	0	0
256	4	3	5	201425490	18350080	0	377876483	4727808
256	4	3	5	209838674	7864480	0	377876483	4727808
256	4	38	4	2550156288	0	4285136896	0	0
256	4	1	1	67108865	0	0	0	0
256	5	38	4	2558032896	5242880	0	0	0
256	5	14	1	939524313	0	0	0	0
256	5	2	1	134217734	0	0	0	0
256	6	29	1	1946157057	0	0	0	0
256	6	26	1	1744830464	0	0	0	0
256	6	22	1	1476395009	0	0	0	0
256	6	23	1	1543503873	0	0	0	0
256	6	3	5	201425200	18022400	60	310583299	2105856
256	6	3	5	209838384	13107350	60	310583299	2105856
256	6	1	1	67108877	0	0	0	0
256	19	6	1	402653184	0	0	0	0
256	19	0	1	0	0	0	0	0
257	0	49	1	3288334345	0	0	0	0
257	0	52	1	3489677120	0	0	0	0
257	0	2	1	134217730	0	0	0	0
257	2	52	1	3489677184	0	0	0	0
257	2	2	1	134217732	0	0	0	0
257	4	38	4	2550159360	0	0	0	0
257	4	3	5	201425458	18350080	0	335933443	4727296
257	4	3	5	209838642	7864480	0	335933443	4727296
257	4	38	4	2550156288	0	4285136896	0	0
257	4	1	1	67108865	0	0	0	0
257	5	38	4	2558032896	5242880	0	0	0
257	5	14	1	939524313	0	0	0	0
257	5	2	1	134217734	0	0	0	0
257	6	29	1	1946157057	0	0	0	0
257	6	26	1	1744830464	0	0	0	0
257	6	22	1	1476395009	0	0	0	0
257	6	23	1	1543503873	0	0	0	0
257	6	3	5	201425200	18022400	60	310583299	2105856
257	6	3	5	209838384	13107350	60	310583299	2105856
257	6	1	1	67108877	0	0	0	0
257	19	6	1	402653184	0	0	0	0
257	19	0	1	0	0	0	0	0
258	0	43	1	2885681154	0	0	0	0
258	0	29	1	1946157059	0	0	0	0
258	0	49	1	3288580103	0	0	0	0
258	0	47	1	3154116612	0	0	0	0
258	0	24	1	1610612737	0	0	0	0
258	0	3	5	201326640	9175040	19660950	754974727	2237184
258	0	3	5	209715248	9175040	19726186	754974727	2237184
258	0	3	5	218103856	14417920	0	377487367	2229504
258	0	1	1	67108867	0	0	0	0
258	3	29	1	1946157057	0	0	0	0
258	3	1	1	67108867	0	0	0	0
258	6	32	1	2147483661	0	0	0	0
258	6	19	1	1275068634	0	0	0	0
258	6	3	5	201326640	10485760	18350230	754974727	2237184
258	6	3	5	209715248	10485760	18415466	754974727	2237184
258	6	1	1	67108865	0	0	0	0
258	7	6	1	402653184	0	0	0	0
258	7	1	1	67108866	0	0	0	0
258	9	33	1	2214592512	0	0	0	0
258	9	19	1	1275068634	0	0	0	0
258	9	3	5	201326640	10485760	18350230	754974727	2237184
258	9	3	5	209715248	10485760	18415466	754974727	2237184
258	9	1	1	67108865	0	0	0	0
258	10	6	1	402653184	0	0	0	0
258	10	1	1	67108866	0	0	0	0
258	12	33	1	2214592512	0	0	0	0
258	12	19	1	1275068634	0	0	0	0
258	12	3	5	201326640	10485760	18350230	754974727	2237184
258	12	3	5	209715248	10485760	18415466	754974727	2237184
258	12	1	1	67108865	0	0	0	0
258	13	6	1	402653184	0	0	0	0
258	13	1	1	67108866	0	0	0	0
258	15	33	1	2214592512	0	0	0	0
258	15	19	1	1275068634	0	0	0	0
258	15	3	5	201326640	10485760	18350230	754974727	2237184
258	15	3	5	209715248	10485760	18415466	754974727	2237184
258	15	1	1	67108865	0	0	0	0
258	16	6	1	402653184	0	0	0	0
258	16	1	1	67108866	0	0	0	0
258	18	33	1	2214592512	0	0	0	0
258	18	19	1	1275068634	0	0	0	0
258	18	3	5	201326640	10485760	18350230	754974727	2237184
258	18	3	5	209715248	10485760	18415466	754974727	2237184
258	18	1	1	67108865	0	0	0	0
258	19	6	1	402653184	0	0	0	0
258	19	1	1	67108866	0	0	0	0
258	21	33	1	2214592512	0	0	0	0
258	21	19	1	1275068634	0	0	0	0
258	21	3	5	201326640	10485760	18350230	754974727	2237184
258	21	3	5	209715248	10485760	18415466	754974727	2237184
258	21	1	1	67108865	0	0	0	0
258	22	6	1	402653184	0	0	0	0
258	22	1	1	67108866	0	0	0	0
258	24	33	1	2214592512	0	0	0	0
258	24	19	1	1275068634	0	0	0	0
258	24	3	5	201326640	10485760	18350230	754974727	2237184
258	24	3	5	209715248	10485760	18415466	754974727	2237184
258	24	1	1	67108865	0	0	0	0
258	25	6	1	402653184	0	0	0	0
258	25	1	1	67108866	0	0	0	0
258	27	33	1	2214592512	0	0	0	0
258	27	19	1	1275068634	0	0	0	0
258	27	3	5	201326640	10485760	18350230	754974727	2237184
258	27	3	5	209715248	10485760	18415466	754974727	2237184
258	27	1	1	67108865	0	0	0	0
258	28	6	1	402653184	0	0	0	0
258	28	1	1	67108866	0	0	0	0
258	30	33	1	2214592512	0	0	0	0
258	30	19	1	1275068634	0	0	0	0
258	30	3	5	201326640	10485760	18350230	754974727	2237184
258	30	3	5	209715248	10485760	18415466	754974727	2237184
258	30	1	1	67108865	0	0	0	0
258	31	6	1	402653184	0	0	0	0
258	31	1	1	67108866	0	0	0	0
258	33	33	1	2214592512	0	0	0	0
258	33	19	1	1275068634	0	0	0	0
258	33	3	5	201326640	10485760	18350230	754974727	2237184
258	33	3	5	209715248	10485760	18415466	754974727	2237184
258	33	1	1	67108865	0	0	0	0
258	34	6	1	402653184	0	0	0	0
258	34	1	1	67108866	0	0	0	0
258	36	33	1	2214592512	0	0	0	0
258	36	19	1	1275068634	0	0	0	0
258	36	3	5	201326640	10485760	18350230	754974727	2237184
258	36	3	5	209715248	10485760	18415466	754974727	2237184
258	36	1	1	67108865	0	0	0	0
258	37	6	1	402653184	0	0	0	0
258	37	1	1	67108866	0	0	0	0
258	39	33	1	2214592512	0	0	0	0
258	39	19	1	1275068634	0	0	0	0
258	39	3	5	201326640	10485760	18350230	754974727	2237184
258	39	3	5	209715248	10485760	18415466	754974727	2237184
258	39	1	1	67108865	0	0	0	0
258	40	6	1	402653184	0	0	0	0
258	40	1	1	67108866	0	0	0	0
258	42	33	1	2214592512	0	0	0	0
258	42	19	1	1275068634	0	0	0	0
258	42	3	5	201326640	10485760	18350230	754974727	2237184
258	42	3	5	209715248	10485760	18415466	754974727	2237184
258	42	1	1	67108865	0	0	0	0
258	43	6	1	402653184	0	0	0	0
258	43	1	1	67108866	0	0	0	0
258	45	33	1	2214592512	0	0	0	0
258	45	47	1	3154116611	0	0	0	0
258	45	3	5	201326912	13107200	19660950	294051843	4335616
258	45	3	5	209715520	13107200	19726186	294051843	4335616
258	45	22	1	1476395009	0	0	0	0
258	45	24	1	1610612736	0	0	0	0
258	45	1	1	67108866	0	0	0	0
258	47	6	1	402653184	0	0	0	0
258	47	1	1	67108884	0	0	0	0
258	67	43	1	2885681155	0	0	0	0
258	67	0	1	0	0	0	0	0
259	0	43	1	2885681154	0	0	0	0
259	0	29	1	1946157059	0	0	0	0
259	0	49	1	3288580103	0	0	0	0
259	0	24	1	1610612737	0	0	0	0
259	0	3	5	201326640	9175040	19660950	754974727	2237184
259	0	3	5	209715248	9175040	19726186	754974727	2237184
259	0	3	5	218103856	11796480	0	377487367	2229504
259	0	1	1	67108867	0	0	0	0
259	3	29	1	1946157057	0	0	0	0
259	3	1	1	67108867	0	0	0	0
259	6	32	1	2147483661	0	0	0	0
259	6	19	1	1275068634	0	0	0	0
259	6	3	5	201326640	9175040	17039510	754974727	2237184
259	6	3	5	209715248	9175040	17104746	754974727	2237184
259	6	3	5	218103856	10485760	5242880	377487367	2241024
259	6	3	5	226492464	6553600	27525120	3917479943	2237184
259	6	1	1	67108865	0	0	0	0
259	7	6	1	402653184	0	0	0	0
259	7	1	1	67108866	0	0	0	0
259	9	33	1	2214592512	0	0	0	0
259	9	19	1	1275068634	0	0	0	0
259	9	3	5	201326640	9175040	17039510	754974727	2237184
259	9	3	5	209715248	9175040	17104746	754974727	2237184
259	9	3	5	218103856	10485760	5242880	377487367	2241024
259	9	3	5	226492464	6553600	27525120	3917479943	2237184
259	9	1	1	67108865	0	0	0	0
259	10	6	1	402653184	0	0	0	0
259	10	1	1	67108866	0	0	0	0
259	12	33	1	2214592512	0	0	0	0
259	12	19	1	1275068634	0	0	0	0
259	12	3	5	201326640	9175040	17039510	754974727	2237184
259	12	3	5	209715248	9175040	17104746	754974727	2237184
259	12	3	5	218103856	10485760	5242880	377487367	2241024
259	12	3	5	226492464	6553600	27525120	3917479943	2237184
259	12	1	1	67108865	0	0	0	0
259	13	6	1	402653184	0	0	0	0
259	13	1	1	67108866	0	0	0	0
259	15	33	1	2214592512	0	0	0	0
259	15	19	1	1275068634	0	0	0	0
259	15	3	5	201326640	9175040	17039510	754974727	2237184
259	15	3	5	209715248	9175040	17104746	754974727	2237184
259	15	3	5	218103856	10485760	5242880	377487367	2241024
259	15	3	5	226492464	6553600	27525120	3917479943	2237184
259	15	1	1	67108865	0	0	0	0
259	16	6	1	402653184	0	0	0	0
259	16	1	1	67108866	0	0	0	0
259	18	33	1	2214592512	0	0	0	0
259	18	19	1	1275068634	0	0	0	0
259	18	3	5	201326640	9175040	17039510	754974727	2237184
259	18	3	5	209715248	9175040	17104746	754974727	2237184
259	18	3	5	218103856	10485760	5242880	377487367	2241024
259	18	3	5	226492464	6553600	27525120	3917479943	2237184
259	18	1	1	67108865	0	0	0	0
259	19	6	1	402653184	0	0	0	0
259	19	1	1	67108866	0	0	0	0
259	21	33	1	2214592512	0	0	0	0
259	21	19	1	1275068634	0	0	0	0
259	21	3	5	201326640	9175040	17039510	754974727	2237184
259	21	3	5	209715248	9175040	17104746	754974727	2237184
259	21	3	5	218103856	10485760	5242880	377487367	2241024
259	21	3	5	226492464	6553600	27525120	3917479943	2237184
259	21	1	1	67108865	0	0	0	0
259	22	6	1	402653184	0	0	0	0
259	22	1	1	67108866	0	0	0	0
259	24	33	1	2214592512	0	0	0	0
259	24	19	1	1275068634	0	0	0	0
259	24	3	5	201326640	9175040	17039510	754974727	2237184
259	24	3	5	209715248	9175040	17104746	754974727	2237184
259	24	3	5	218103856	10485760	5242880	377487367	2241024
259	24	3	5	226492464	6553600	27525120	3917479943	2237184
259	24	1	1	67108865	0	0	0	0
259	25	6	1	402653184	0	0	0	0
259	25	1	1	67108866	0	0	0	0
259	27	33	1	2214592512	0	0	0	0
259	27	19	1	1275068634	0	0	0	0
259	27	3	5	201326640	9175040	17039510	754974727	2237184
259	27	3	5	209715248	9175040	17104746	754974727	2237184
259	27	3	5	218103856	10485760	5242880	377487367	2241024
259	27	3	5	226492464	6553600	27525120	3917479943	2237184
259	27	1	1	67108865	0	0	0	0
259	28	6	1	402653184	0	0	0	0
259	28	1	1	67108866	0	0	0	0
259	30	33	1	2214592512	0	0	0	0
259	30	19	1	1275068634	0	0	0	0
259	30	3	5	201326640	9175040	17039510	754974727	2237184
259	30	3	5	209715248	9175040	17104746	754974727	2237184
259	30	3	5	218103856	10485760	5242880	377487367	2241024
259	30	3	5	226492464	6553600	27525120	3917479943	2237184
259	30	1	1	67108865	0	0	0	0
259	31	6	1	402653184	0	0	0	0
259	31	1	1	67108866	0	0	0	0
259	33	33	1	2214592512	0	0	0	0
259	33	19	1	1275068634	0	0	0	0
259	33	3	5	201326640	9175040	17039510	754974727	2237184
259	33	3	5	209715248	9175040	17104746	754974727	2237184
259	33	3	5	218103856	10485760	5242880	377487367	2241024
259	33	3	5	226492464	6553600	27525120	3917479943	2237184
259	33	1	1	67108865	0	0	0	0
259	34	6	1	402653184	0	0	0	0
259	34	1	1	67108866	0	0	0	0
259	36	33	1	2214592512	0	0	0	0
259	36	19	1	1275068634	0	0	0	0
259	36	3	5	201326640	9175040	17039510	754974727	2237184
259	36	3	5	209715248	9175040	17104746	754974727	2237184
259	36	3	5	218103856	10485760	5242880	377487367	2241024
259	36	3	5	226492464	6553600	27525120	3917479943	2237184
259	36	1	1	67108865	0	0	0	0
259	37	6	1	402653184	0	0	0	0
259	37	1	1	67108866	0	0	0	0
259	39	33	1	2214592512	0	0	0	0
259	39	19	1	1275068634	0	0	0	0
259	39	3	5	201326640	9175040	17039510	754974727	2237184
259	39	3	5	209715248	9175040	17104746	754974727	2237184
259	39	3	5	218103856	10485760	5242880	377487367	2241024
259	39	3	5	226492464	6553600	27525120	3917479943	2237184
259	39	1	1	67108865	0	0	0	0
259	40	6	1	402653184	0	0	0	0
259	40	1	1	67108866	0	0	0	0
259	42	33	1	2214592512	0	0	0	0
259	42	19	1	1275068634	0	0	0	0
259	42	3	5	201326640	9175040	17039510	754974727	2237184
259	42	3	5	209715248	9175040	17104746	754974727	2237184
259	42	3	5	218103856	10485760	5242880	377487367	2241024
259	42	3	5	226492464	6553600	27525120	3917479943	2237184
259	42	1	1	67108865	0	0	0	0
259	43	6	1	402653184	0	0	0	0
259	43	1	1	67108866	0	0	0	0
259	45	33	1	2214592512	0	0	0	0
259	45	3	5	201326912	13107200	19660950	294051843	4335616
259	45	3	5	209715520	13107200	19726186	294051843	4335616
259	45	3	5	218104128	14417920	5242880	294051843	4335616
259	45	3	5	226492736	5898240	27525120	294051843	4335616
259	45	22	1	1476395009	0	0	0	0
259	45	24	1	1610612736	0	0	0	0
259	45	23	1	1543503873	0	0	0	0
259	45	1	1	67108868	0	0	0	0
259	49	6	1	402653184	0	0	0	0
259	49	1	1	67108884	0	0	0	0
259	69	43	1	2885681155	0	0	0	0
259	69	0	1	0	0	0	0	0
260	0	19	1	1275068459	0	0	0	0
260	0	1	1	67108868	0	0	0	0
260	4	29	1	1946157058	0	0	0	0
260	4	2	1	134217742	0	0	0	0
260	14	17	1	1140851104	0	0	0	0
260	14	14	1	939524114	0	0	0	0
260	14	38	4	2550168576	200	18350080	0	0
260	14	38	4	2550156288	0	4285136896	0	0
260	14	38	4	2616755200	0	0	0	0
260	14	23	1	1543503873	0	0	0	0
260	14	29	1	1946157057	0	0	0	0
260	14	0	1	0	0	0	0	0
261	0	1	1	67108867	0	0	0	0
261	3	29	1	1946157058	0	0	0	0
261	3	43	1	2885681154	0	0	0	0
261	3	1	1	67108872	0	0	0	0
261	11	22	1	1476395009	0	0	0	0
261	11	2	1	134217754	0	0	0	0
261	26	20	1	1342177280	0	0	0	0
261	26	29	1	1946157057	0	0	0	0
261	26	38	4	2550168576	200	4276617216	0	0
261	26	38	4	2550156288	0	9830400	0	0
261	26	38	4	2616755200	0	0	0	0
261	26	14	1	939524137	0	0	0	0
261	26	23	1	1543503873	0	0	0	0
261	26	0	1	0	0	0	0	0
262	0	2	1	134217737	0	0	0	0
262	9	49	1	3288334342	0	0	0	0
262	9	38	4	2558032896	3932160	0	0	0
262	9	17	1	1140851129	0	0	0	0
262	9	40	1	2689597442	0	0	0	0
262	9	1	1	67108873	0	0	0	0
262	18	3	5	201408544	6553648	65504	1514553587	131072
262	18	1	1	67108867	0	0	0	0
262	21	6	1	402653184	0	0	0	0
262	21	1	1	67108917	0	0	0	0
262	74	40	1	2689597440	0	0	0	0
262	74	0	1	0	0	0	0	0
263	0	2	1	134217730	0	0	0	0
263	2	52	1	3489677056	0	0	0	0
263	2	3	5	201408656	10485760	0	1514348547	1024
263	2	3	5	209789072	10485760	0	1514348547	1024
263	2	19	1	1275068459	0	0	0	0
263	2	1	1	67108866	0	0	0	0
263	4	52	1	3489677184	0	0	0	0
263	4	6	1	402653184	0	0	0	0
263	4	2	1	134217738	0	0	0	0
263	10	22	1	1476395009	0	0	0	0
263	10	0	1	0	0	0	0	0
264	0	2	1	134217731	0	0	0	0
264	3	3	5	201457776	11796496	0	293806083	1024
264	3	3	5	209838192	11796480	0	293806083	1024
264	3	19	1	1275068459	0	0	0	0
264	3	1	1	67108867	0	0	0	0
264	6	6	1	402653184	0	0	0	0
264	6	2	1	134217736	0	0	0	0
264	8	22	1	1476395009	0	0	0	0
264	8	0	1	0	0	0	0	0
265	0	47	1	3154116612	0	0	0	0
265	0	20	1	1342177280	0	0	0	0
265	0	2	1	134217735	0	0	0	0
265	7	3	5	201367952	18350120	655360	335810563	21110016
265	7	38	4	2550156288	0	0	0	0
265	7	19	1	1275068457	0	0	0	0
265	7	1	1	67108868	0	0	0	0
265	11	3	5	201367952	18350120	655376	335810563	21108992
265	11	1	1	67108883	0	0	0	0
265	30	6	1	402653184	0	0	0	0
265	30	0	1	0	0	0	0	0
266	0	52	1	3489677209	0	0	0	0
266	0	2	1	134217736	0	0	0	0
266	8	52	1	3489677136	0	0	0	0
266	8	3	5	201523632	11796500	0	1514553347	2229488
266	8	3	5	209920432	15073370	0	1514553347	2229488
266	8	19	1	1275068458	0	0	0	0
266	8	1	1	67108874	0	0	0	0
266	18	6	1	402653184	0	0	0	0
266	18	52	1	3489677209	0	0	0	0
266	18	0	1	0	0	0	0	0
267	0	52	1	3489677209	0	0	0	0
267	0	2	1	134217736	0	0	0	0
267	8	52	1	3489677136	0	0	0	0
267	8	3	5	201523600	11796500	0	1514553347	2229488
267	8	3	5	209920400	15073370	0	1514553347	2229488
267	8	19	1	1275068458	0	0	0	0
267	8	1	1	67108874	0	0	0	0
267	18	6	1	402653184	0	0	0	0
267	18	52	1	3489677209	0	0	0	0
267	18	0	1	0	0	0	0	0
268	0	52	1	3489677209	0	0	0	0
268	0	2	1	134217736	0	0	0	0
268	8	52	1	3489677136	0	0	0	0
268	8	3	5	201523568	11796500	0	1514553347	2229488
268	8	3	5	209920368	15073370	0	1514553347	2229488
268	8	19	1	1275068458	0	0	0	0
268	8	1	1	67108874	0	0	0	0
268	18	6	1	402653184	0	0	0	0
268	18	52	1	3489677209	0	0	0	0
268	18	0	1	0	0	0	0	0
269	0	47	1	3154116611	0	0	0	0
269	0	2	1	134217733	0	0	0	0
269	5	3	5	201441648	11796480	0	361324547	2097152
269	5	3	5	209838448	19005500	0	361324547	2097152
269	5	19	1	1275068458	0	0	0	0
269	5	1	1	67108876	0	0	0	0
269	17	6	1	402653184	0	0	0	0
269	17	52	1	3489677145	0	0	0	0
269	17	0	1	0	0	0	0	0
270	0	47	1	3154116610	0	0	0	0
270	0	2	1	134217733	0	0	0	0
270	5	38	4	2550148096	0	4285792256	0	0
270	5	3	5	201523632	11796500	0	461742083	2230784
270	5	3	5	209920432	17039500	0	461742083	2230784
270	5	19	1	1275068458	0	0	0	0
270	5	1	1	67108871	0	0	0	0
270	12	6	1	402653184	0	0	0	0
270	12	52	1	3489677312	0	0	0	0
270	12	0	1	0	0	0	0	0
271	0	52	1	3489677145	0	0	0	0
271	0	44	1	2967470125	0	0	0	0
271	0	47	1	3154116611	0	0	0	0
271	0	2	1	134217732	0	0	0	0
271	4	52	1	3489677184	0	0	0	0
271	4	38	4	2558032896	3932160	0	0	0
271	4	2	1	134217744	0	0	0	0
271	16	20	1	1342177280	0	0	0	0
271	16	3	5	201441906	11796480	0	1514573827	4198400
271	16	3	5	209838706	15728700	0	1514573827	4198400
271	16	38	4	2550156288	0	4285136896	0	0
271	16	19	1	1275068457	0	0	0	0
271	16	1	1	67108869	0	0	0	0
271	21	6	1	402653184	0	0	0	0
271	21	0	1	0	0	0	0	0
272	0	52	1	3489677145	0	0	0	0
272	0	44	1	2967470125	0	0	0	0
272	0	47	1	3154116611	0	0	0	0
272	0	2	1	134217732	0	0	0	0
272	4	52	1	3489677184	0	0	0	0
272	4	38	4	2558032896	3932160	0	0	0
272	4	2	1	134217744	0	0	0	0
272	16	20	1	1342177280	0	0	0	0
272	16	3	5	201441906	11796480	0	1514573827	4198400
272	16	3	5	209838706	15728690	0	1514573827	4198400
272	16	38	4	2550156288	0	4285136896	0	0
272	16	19	1	1275068457	0	0	0	0
272	16	1	1	67108869	0	0	0	0
272	21	6	1	402653184	0	0	0	0
272	21	0	1	0	0	0	0	0
273	0	52	1	3489677145	0	0	0	0
273	0	44	1	2967470125	0	0	0	0
273	0	47	1	3154116611	0	0	0	0
273	0	2	1	134217732	0	0	0	0
273	4	52	1	3489677184	0	0	0	0
273	4	38	4	2558032896	3932160	0	0	0
273	4	2	1	134217744	0	0	0	0
273	16	20	1	1342177280	0	0	0	0
273	16	3	5	201441874	11796480	0	1514573827	4198400
273	16	3	5	209838674	15728690	0	1514573827	4198400
273	16	38	4	2550156288	0	4285136896	0	0
273	16	19	1	1275068457	0	0	0	0
273	16	1	1	67108869	0	0	0	0
273	21	6	1	402653184	0	0	0	0
273	21	0	1	0	0	0	0	0
274	0	52	1	3489677145	0	0	0	0
274	0	44	1	2967470125	0	0	0	0
274	0	47	1	3154116611	0	0	0	0
274	0	2	1	134217732	0	0	0	0
274	4	52	1	3489677184	0	0	0	0
274	4	38	4	2558032896	3932160	0	0	0
274	4	2	1	134217744	0	0	0	0
274	16	20	1	1342177280	0	0	0	0
274	16	3	5	201441842	11796480	0	1514573827	4198400
274	16	3	5	209838642	15728690	0	1514573827	4198400
274	16	38	4	2550156288	0	4285136896	0	0
274	16	19	1	1275068457	0	0	0	0
274	16	1	1	67108869	0	0	0	0
274	21	6	1	402653184	0	0	0	0
274	21	0	1	0	0	0	0	0
275	0	52	1	3489677145	0	0	0	0
275	0	44	1	2967470125	0	0	0	0
275	0	47	1	3154116611	0	0	0	0
275	0	2	1	134217732	0	0	0	0
275	4	52	1	3489677184	0	0	0	0
275	4	38	4	2558032896	3932160	0	0	0
275	4	2	1	134217744	0	0	0	0
275	16	20	1	1342177280	0	0	0	0
275	16	3	5	201441842	11796480	0	1514573827	4198400
275	16	3	5	209838642	15728690	0	1514573827	4198400
275	16	38	4	2550156288	0	4285136896	0	0
275	16	19	1	1275068457	0	0	0	0
275	16	1	1	67108869	0	0	0	0
275	21	6	1	402653184	0	0	0	0
275	21	0	1	0	0	0	0	0
276	0	2	1	134217735	0	0	0	0
276	7	38	4	2550168576	300	4288413696	0	0
276	7	20	1	1342177280	0	0	0	0
276	7	28	1	1885339651	0	0	0	0
276	7	3	5	201425552	24903680	6553600	356925441	4197504
276	7	3	5	209814160	24903680	6553600	1137106946	4203520
276	7	38	4	2550150144	0	0	0	0
276	7	19	1	1275068457	0	0	0	0
276	7	1	1	67108868	0	0	0	0
276	11	27	1	1811939329	0	0	0	0
276	11	1	1	67108869	0	0	0	0
276	16	6	1	402653184	0	0	0	0
276	16	0	1	0	0	0	0	0
277	0	47	1	3154116612	0	0	0	0
277	0	2	1	134217732	0	0	0	0
277	4	38	4	2563275776	7864320	0	0	0
277	4	2	1	134217736	0	0	0	0
277	8	20	1	1342177280	0	0	0	0
277	8	3	5	201532016	11141120	20	1514553347	4328576
277	8	3	5	209920624	13762680	50	1514553347	4328576
277	8	3	5	218268272	11141120	20	1514553347	4328576
277	8	3	5	226656880	13762680	50	1514553347	4328576
277	8	38	4	2550153216	0	0	0	0
277	8	19	1	1275068458	0	0	0	0
277	8	1	1	67108879	0	0	0	0
277	23	38	4	2550152192	0	0	0	0
277	23	19	1	1275068458	0	0	0	0
277	23	1	1	67108871	0	0	0	0
277	30	47	1	3154116608	0	0	0	0
277	30	6	1	402653184	0	0	0	0
277	30	0	1	0	0	0	0	0
278	0	2	1	134217731	0	0	0	0
278	3	22	1	1476395058	0	0	0	0
278	3	3	5	201531760	15728650	0	1514553347	2228224
278	3	3	5	209879408	15728650	0	1514553347	2228224
278	3	3	5	218145136	17039360	0	1514553347	2228224
278	3	19	1	1275068458	0	0	0	0
278	3	1	1	67108872	0	0	0	0
278	11	3	5	201531920	15728650	0	1514553347	4327296
278	11	3	5	209879568	15728650	0	1514553347	4327296
278	11	3	5	218145296	17039360	0	1514553347	4327296
278	11	1	1	67108890	0	0	0	0
278	37	22	1	1476395008	0	0	0	0
278	37	6	1	402653184	0	0	0	0
278	37	0	1	0	0	0	0	0
279	0	2	1	134217741	0	0	0	0
279	13	22	1	1476395009	0	0	0	0
279	13	19	1	1275068457	0	0	0	0
279	13	3	5	201409056	19660800	0	252170243	4196864
279	13	3	5	209789472	17694770	0	252170243	4196864
279	13	1	1	67108870	0	0	0	0
279	19	6	1	402653184	0	0	0	0
279	19	1	1	67108872	0	0	0	0
279	27	22	1	1476395008	0	0	0	0
279	27	0	1	0	0	0	0	0
280	0	2	1	134217738	0	0	0	0
280	10	22	1	1476395009	0	0	0	0
280	10	52	1	3489677248	0	0	0	0
280	10	3	5	201531856	15794146	2949120	159711235	4327296
280	10	3	5	209920464	19005520	1966080	159711235	4327296
280	10	19	1	1275068457	0	0	0	0
280	10	1	1	67108867	0	0	0	0
280	13	3	5	201531728	14483426	2949120	1514438659	2228992
280	13	3	5	209920336	17694800	1966080	1514438659	2228992
280	13	1	1	67108872	0	0	0	0
280	21	52	1	3489677216	0	0	0	0
280	21	22	1	1476395008	0	0	0	0
280	21	6	1	402653184	0	0	0	0
280	21	0	1	0	0	0	0	0
281	0	2	1	134217730	0	0	0	0
281	2	22	1	1476395028	0	0	0	0
281	2	3	5	201531792	14417920	0	239484931	4327296
281	2	3	5	209936784	16384000	0	239484931	4327296
281	2	19	1	1275068457	0	0	0	0
281	2	1	1	67108867	0	0	0	0
281	5	3	5	201531696	14417920	0	1514553347	2229120
281	5	3	5	209936688	16384000	0	1514553347	2229120
281	5	1	1	67108871	0	0	0	0
281	12	22	1	1476395008	0	0	0	0
281	12	6	1	402653184	0	0	0	0
281	12	0	1	0	0	0	0	0
282	0	2	1	134217736	0	0	0	0
282	8	22	1	1476395028	0	0	0	0
282	8	3	5	201327056	19660800	4291297312	3959832579	4325376
282	8	3	5	209715664	19660800	32	3959832579	4325376
282	8	3	5	218104144	13107200	8454048	1514553347	2228224
282	8	3	5	226492752	13107200	8388752	1514553347	2228224
282	8	19	1	1275068457	0	0	0	0
282	8	1	1	67108882	0	0	0	0
282	26	22	1	1476395008	0	0	0	0
282	26	6	1	402653184	0	0	0	0
282	26	0	1	0	0	0	0	0
283	0	17	1	1140851117	0	0	0	0
283	0	2	1	134217731	0	0	0	0
283	3	3	5	201531552	9830400	0	1514553347	2229504
283	3	3	5	209936544	18350080	0	1514553347	2229504
283	3	19	1	1275068458	0	0	0	0
283	3	1	1	67108866	0	0	0	0
283	5	8	1	537001984	0	0	0	0
283	5	8	1	545390592	0	0	0	0
283	5	9	1	604002816	0	0	0	0
283	5	9	1	612404224	0	0	0	0
283	5	1	1	67108867	0	0	0	0
283	8	6	1	402653184	0	0	0	0
283	8	52	1	3489677136	0	0	0	0
283	8	0	1	0	0	0	0	0
284	0	38	4	2550156288	0	4283170816	0	0
284	0	47	1	3154116611	0	0	0	0
284	0	2	1	134217743	0	0	0	0
284	15	44	1	2954100736	0	0	0	0
284	15	2	1	134217744	0	0	0	0
284	16	21	1	1409286145	0	0	0	0
284	16	38	4	2558557184	3932160	0	0	0
284	16	14	1	939524806	0	0	0	0
284	16	49	1	3288334342	0	0	0	0
284	16	0	1	0	0	0	0	0
285	0	38	4	2550153216	0	4285136896	0	0
285	0	2	1	134217743	0	0	0	0
285	15	44	1	2954100736	0	0	0	0
285	15	2	1	134217744	0	0	0	0
285	16	21	1	1409286145	0	0	0	0
285	16	38	4	2558557184	3932160	0	0	0
285	16	14	1	939524806	0	0	0	0
285	16	49	1	3288334342	0	0	0	0
285	16	0	1	0	0	0	0	0
286	0	49	1	3288334345	0	0	0	0
286	0	52	1	3489677056	0	0	0	0
286	0	2	1	134217730	0	0	0	0
286	2	52	1	3489677184	0	0	0	0
286	2	2	1	134217732	0	0	0	0
286	4	38	4	2550159360	0	0	0	0
286	4	3	5	201425408	29491200	60	210165763	4200192
286	4	3	5	209838592	11796630	60	210165763	4200192
286	4	38	4	2550156288	0	4285136896	0	0
286	4	1	1	67108865	0	0	0	0
286	5	38	4	2558032896	5242880	0	0	0
286	5	14	1	939524313	0	0	0	0
286	5	2	1	134217734	0	0	0	0
286	6	29	1	1946157057	0	0	0	0
286	6	26	1	1744830464	0	0	0	0
286	6	22	1	1476395009	0	0	0	0
286	6	23	1	1543503873	0	0	0	0
286	6	3	5	201425264	18022400	60	310583299	2107392
286	6	3	5	209838448	13107350	60	310583299	2107392
286	6	1	1	67108877	0	0	0	0
286	19	6	1	402653184	0	0	0	0
286	19	0	1	0	0	0	0	0
287	0	29	1	1946157059	0	0	0	0
287	0	49	1	3288580103	0	0	0	0
287	0	47	1	3154116612	0	0	0	0
287	0	24	1	1610612737	0	0	0	0
287	0	3	5	201326640	9175040	19660950	754974727	2237184
287	0	3	5	209715248	9175040	19726186	754974727	2237184
287	0	3	5	218103856	14417920	0	377487367	2229504
287	0	1	1	67108867	0	0	0	0
287	3	29	1	1946157057	0	0	0	0
287	3	1	1	67108867	0	0	0	0
287	6	32	1	2147483661	0	0	0	0
287	6	19	1	1275068634	0	0	0	0
287	6	3	5	201326640	10485760	18350230	754974727	2237184
287	6	3	5	209715248	10485760	18415466	754974727	2237184
287	6	1	1	67108865	0	0	0	0
287	7	6	1	402653184	0	0	0	0
287	7	1	1	67108866	0	0	0	0
287	9	33	1	2214592512	0	0	0	0
287	9	19	1	1275068634	0	0	0	0
287	9	3	5	201326640	10485760	18350230	754974727	2237184
287	9	3	5	209715248	10485760	18415466	754974727	2237184
287	9	1	1	67108865	0	0	0	0
287	10	6	1	402653184	0	0	0	0
287	10	1	1	67108866	0	0	0	0
287	12	33	1	2214592512	0	0	0	0
287	12	19	1	1275068634	0	0	0	0
287	12	3	5	201326640	10485760	18350230	754974727	2237184
287	12	3	5	209715248	10485760	18415466	754974727	2237184
287	12	1	1	67108865	0	0	0	0
287	13	6	1	402653184	0	0	0	0
287	13	1	1	67108866	0	0	0	0
287	15	33	1	2214592512	0	0	0	0
287	15	19	1	1275068634	0	0	0	0
287	15	3	5	201326640	10485760	18350230	754974727	2237184
287	15	3	5	209715248	10485760	18415466	754974727	2237184
287	15	1	1	67108865	0	0	0	0
287	16	6	1	402653184	0	0	0	0
287	16	1	1	67108866	0	0	0	0
287	18	33	1	2214592512	0	0	0	0
287	18	19	1	1275068634	0	0	0	0
287	18	3	5	201326640	10485760	18350230	754974727	2237184
287	18	3	5	209715248	10485760	18415466	754974727	2237184
287	18	1	1	67108865	0	0	0	0
287	19	6	1	402653184	0	0	0	0
287	19	1	1	67108866	0	0	0	0
287	21	33	1	2214592512	0	0	0	0
287	21	19	1	1275068634	0	0	0	0
287	21	3	5	201326640	10485760	18350230	754974727	2237184
287	21	3	5	209715248	10485760	18415466	754974727	2237184
287	21	1	1	67108865	0	0	0	0
287	22	6	1	402653184	0	0	0	0
287	22	1	1	67108866	0	0	0	0
287	24	33	1	2214592512	0	0	0	0
287	24	19	1	1275068634	0	0	0	0
287	24	3	5	201326640	10485760	18350230	754974727	2237184
287	24	3	5	209715248	10485760	18415466	754974727	2237184
287	24	1	1	67108865	0	0	0	0
287	25	6	1	402653184	0	0	0	0
287	25	1	1	67108866	0	0	0	0
287	27	33	1	2214592512	0	0	0	0
287	27	19	1	1275068634	0	0	0	0
287	27	3	5	201326640	10485760	18350230	754974727	2237184
287	27	3	5	209715248	10485760	18415466	754974727	2237184
287	27	1	1	67108865	0	0	0	0
287	28	6	1	402653184	0	0	0	0
287	28	1	1	67108866	0	0	0	0
287	30	33	1	2214592512	0	0	0	0
287	30	19	1	1275068634	0	0	0	0
287	30	3	5	201326640	10485760	18350230	754974727	2237184
287	30	3	5	209715248	10485760	18415466	754974727	2237184
287	30	1	1	67108865	0	0	0	0
287	31	6	1	402653184	0	0	0	0
287	31	1	1	67108866	0	0	0	0
287	33	33	1	2214592512	0	0	0	0
287	33	19	1	1275068634	0	0	0	0
287	33	3	5	201326640	10485760	18350230	754974727	2237184
287	33	3	5	209715248	10485760	18415466	754974727	2237184
287	33	1	1	67108865	0	0	0	0
287	34	6	1	402653184	0	0	0	0
287	34	1	1	67108866	0	0	0	0
287	36	33	1	2214592512	0	0	0	0
287	36	19	1	1275068634	0	0	0	0
287	36	3	5	201326640	10485760	18350230	754974727	2237184
287	36	3	5	209715248	10485760	18415466	754974727	2237184
287	36	1	1	67108865	0	0	0	0
287	37	6	1	402653184	0	0	0	0
287	37	1	1	67108866	0	0	0	0
287	39	33	1	2214592512	0	0	0	0
287	39	19	1	1275068634	0	0	0	0
287	39	3	5	201326640	10485760	18350230	754974727	2237184
287	39	3	5	209715248	10485760	18415466	754974727	2237184
287	39	1	1	67108865	0	0	0	0
287	40	6	1	402653184	0	0	0	0
287	40	1	1	67108866	0	0	0	0
287	42	33	1	2214592512	0	0	0	0
287	42	19	1	1275068634	0	0	0	0
287	42	3	5	201326640	10485760	18350230	754974727	2237184
287	42	3	5	209715248	10485760	18415466	754974727	2237184
287	42	1	1	67108865	0	0	0	0
287	43	6	1	402653184	0	0	0	0
287	43	1	1	67108866	0	0	0	0
287	45	33	1	2214592512	0	0	0	0
287	45	47	1	3154116611	0	0	0	0
287	45	3	5	201326912	13107200	19660950	1514553347	4334464
287	45	3	5	209715520	13107200	19726186	1514553347	4334464
287	45	22	1	1476395009	0	0	0	0
287	45	24	1	1610612736	0	0	0	0
287	45	1	1	67108866	0	0	0	0
287	47	6	1	402653184	0	0	0	0
287	47	0	1	0	0	0	0	0
288	0	29	1	1946157059	0	0	0	0
288	0	49	1	3288580103	0	0	0	0
288	0	24	1	1610612737	0	0	0	0
288	0	3	5	201326640	9175040	19660950	754974727	2237184
288	0	3	5	209715248	9175040	19726186	754974727	2237184
288	0	3	5	218103856	11796480	0	377487367	2229504
288	0	1	1	67108867	0	0	0	0
288	3	29	1	1946157057	0	0	0	0
288	3	1	1	67108867	0	0	0	0
288	6	32	1	2147483661	0	0	0	0
288	6	19	1	1275068634	0	0	0	0
288	6	3	5	201326640	9175040	17039510	754974727	2237184
288	6	3	5	209715248	9175040	17104746	754974727	2237184
288	6	3	5	218103856	10485760	5242880	377487367	2241024
288	6	3	5	226492464	6553600	27525120	3917479943	2237184
288	6	1	1	67108865	0	0	0	0
288	7	6	1	402653184	0	0	0	0
288	7	1	1	67108866	0	0	0	0
288	9	33	1	2214592512	0	0	0	0
288	9	19	1	1275068634	0	0	0	0
288	9	3	5	201326640	9175040	17039510	754974727	2237184
288	9	3	5	209715248	9175040	17104746	754974727	2237184
288	9	3	5	218103856	10485760	5242880	377487367	2241024
288	9	3	5	226492464	6553600	27525120	3917479943	2237184
288	9	1	1	67108865	0	0	0	0
288	10	6	1	402653184	0	0	0	0
288	10	1	1	67108866	0	0	0	0
288	12	33	1	2214592512	0	0	0	0
288	12	19	1	1275068634	0	0	0	0
288	12	3	5	201326640	9175040	17039510	754974727	2237184
288	12	3	5	209715248	9175040	17104746	754974727	2237184
288	12	3	5	218103856	10485760	5242880	377487367	2241024
288	12	3	5	226492464	6553600	27525120	3917479943	2237184
288	12	1	1	67108865	0	0	0	0
288	13	6	1	402653184	0	0	0	0
288	13	1	1	67108866	0	0	0	0
288	15	33	1	2214592512	0	0	0	0
288	15	19	1	1275068634	0	0	0	0
288	15	3	5	201326640	9175040	17039510	754974727	2237184
288	15	3	5	209715248	9175040	17104746	754974727	2237184
288	15	3	5	218103856	10485760	5242880	377487367	2241024
288	15	3	5	226492464	6553600	27525120	3917479943	2237184
288	15	1	1	67108865	0	0	0	0
288	16	6	1	402653184	0	0	0	0
288	16	1	1	67108866	0	0	0	0
288	18	33	1	2214592512	0	0	0	0
288	18	19	1	1275068634	0	0	0	0
288	18	3	5	201326640	9175040	17039510	754974727	2237184
288	18	3	5	209715248	9175040	17104746	754974727	2237184
288	18	3	5	218103856	10485760	5242880	377487367	2241024
288	18	3	5	226492464	6553600	27525120	3917479943	2237184
288	18	1	1	67108865	0	0	0	0
288	19	6	1	402653184	0	0	0	0
288	19	1	1	67108866	0	0	0	0
288	21	33	1	2214592512	0	0	0	0
288	21	19	1	1275068634	0	0	0	0
288	21	3	5	201326640	9175040	17039510	754974727	2237184
288	21	3	5	209715248	9175040	17104746	754974727	2237184
288	21	3	5	218103856	10485760	5242880	377487367	2241024
288	21	3	5	226492464	6553600	27525120	3917479943	2237184
288	21	1	1	67108865	0	0	0	0
288	22	6	1	402653184	0	0	0	0
288	22	1	1	67108866	0	0	0	0
288	24	33	1	2214592512	0	0	0	0
288	24	19	1	1275068634	0	0	0	0
288	24	3	5	201326640	9175040	17039510	754974727	2237184
288	24	3	5	209715248	9175040	17104746	754974727	2237184
288	24	3	5	218103856	10485760	5242880	377487367	2241024
288	24	3	5	226492464	6553600	27525120	3917479943	2237184
288	24	1	1	67108865	0	0	0	0
288	25	6	1	402653184	0	0	0	0
288	25	1	1	67108866	0	0	0	0
288	27	33	1	2214592512	0	0	0	0
288	27	19	1	1275068634	0	0	0	0
288	27	3	5	201326640	9175040	17039510	754974727	2237184
288	27	3	5	209715248	9175040	17104746	754974727	2237184
288	27	3	5	218103856	10485760	5242880	377487367	2241024
288	27	3	5	226492464	6553600	27525120	3917479943	2237184
288	27	1	1	67108865	0	0	0	0
288	28	6	1	402653184	0	0	0	0
288	28	1	1	67108866	0	0	0	0
288	30	33	1	2214592512	0	0	0	0
288	30	19	1	1275068634	0	0	0	0
288	30	3	5	201326640	9175040	17039510	754974727	2237184
288	30	3	5	209715248	9175040	17104746	754974727	2237184
288	30	3	5	218103856	10485760	5242880	377487367	2241024
288	30	3	5	226492464	6553600	27525120	3917479943	2237184
288	30	1	1	67108865	0	0	0	0
288	31	6	1	402653184	0	0	0	0
288	31	1	1	67108866	0	0	0	0
288	33	33	1	2214592512	0	0	0	0
288	33	19	1	1275068634	0	0	0	0
288	33	3	5	201326640	9175040	17039510	754974727	2237184
288	33	3	5	209715248	9175040	17104746	754974727	2237184
288	33	3	5	218103856	10485760	5242880	377487367	2241024
288	33	3	5	226492464	6553600	27525120	3917479943	2237184
288	33	1	1	67108865	0	0	0	0
288	34	6	1	402653184	0	0	0	0
288	34	1	1	67108866	0	0	0	0
288	36	33	1	2214592512	0	0	0	0
288	36	19	1	1275068634	0	0	0	0
288	36	3	5	201326640	9175040	17039510	754974727	2237184
288	36	3	5	209715248	9175040	17104746	754974727	2237184
288	36	3	5	218103856	10485760	5242880	377487367	2241024
288	36	3	5	226492464	6553600	27525120	3917479943	2237184
288	36	1	1	67108865	0	0	0	0
288	37	6	1	402653184	0	0	0	0
288	37	1	1	67108866	0	0	0	0
288	39	33	1	2214592512	0	0	0	0
288	39	19	1	1275068634	0	0	0	0
288	39	3	5	201326640	9175040	17039510	754974727	2237184
288	39	3	5	209715248	9175040	17104746	754974727	2237184
288	39	3	5	218103856	10485760	5242880	377487367	2241024
288	39	3	5	226492464	6553600	27525120	3917479943	2237184
288	39	1	1	67108865	0	0	0	0
288	40	6	1	402653184	0	0	0	0
288	40	1	1	67108866	0	0	0	0
288	42	33	1	2214592512	0	0	0	0
288	42	19	1	1275068634	0	0	0	0
288	42	3	5	201326640	9175040	17039510	754974727	2237184
288	42	3	5	209715248	9175040	17104746	754974727	2237184
288	42	3	5	218103856	10485760	5242880	377487367	2241024
288	42	3	5	226492464	6553600	27525120	3917479943	2237184
288	42	1	1	67108865	0	0	0	0
288	43	6	1	402653184	0	0	0	0
288	43	1	1	67108866	0	0	0	0
288	45	33	1	2214592512	0	0	0	0
288	45	3	5	201326912	13107200	19660950	1514553347	4334464
288	45	3	5	209715520	13107200	19726186	1514553347	4334464
288	45	3	5	218103856	14417920	5242880	1514553347	4334464
288	45	3	5	226492736	5898240	27525120	1514553347	4334464
288	45	22	1	1476395009	0	0	0	0
288	45	24	1	1610612736	0	0	0	0
288	45	23	1	1543503873	0	0	0	0
288	45	1	1	67108868	0	0	0	0
288	49	6	1	402653184	0	0	0	0
288	49	0	1	0	0	0	0	0
289	0	1	1	67108867	0	0	0	0
289	3	29	1	1946157058	0	0	0	0
289	3	43	1	2885681153	0	0	0	0
289	3	1	1	67108872	0	0	0	0
289	11	22	1	1476395009	0	0	0	0
289	11	2	1	134217754	0	0	0	0
289	26	20	1	1342177280	0	0	0	0
289	26	29	1	1946157057	0	0	0	0
289	26	38	4	2550168576	200	4276617216	0	0
289	26	38	4	2550156288	0	9830400	0	0
289	26	38	4	2616755200	0	0	0	0
289	26	14	1	939524137	0	0	0	0
289	26	23	1	1543503873	0	0	0	0
289	26	0	1	0	0	0	0	0
290	0	14	1	939524191	0	0	0	0
290	0	38	4	2550150144	0	0	0	0
290	0	1	1	67108894	0	0	0	0
290	30	0	1	0	0	0	0	0
291	0	14	1	939524180	0	0	0	0
291	0	32	1	2147483650	0	0	0	0
291	0	38	4	2550148096	0	100	6553700	0
291	0	1	1	67108870	0	0	0	0
291	6	33	1	2214592512	0	0	0	0
291	6	38	4	2550148096	0	100	6553700	0
291	6	1	1	67108870	0	0	0	0
291	12	33	1	2214592512	0	0	0	0
291	12	0	1	0	0	0	0	0
292	0	2	1	134217775	0	0	0	0
292	47	38	4	2550159360	0	0	0	0
292	47	14	1	939524384	0	0	0	0
292	47	20	1	1342177280	0	0	0	0
292	47	2	1	134217788	0	0	0	0
292	60	22	1	1476395009	0	0	0	0
292	60	0	1	0	0	0	0	0
293	0	38	4	2550168576	0	0	0	0
293	0	29	1	1946157059	0	0	0	0
293	0	17	1	1140852040	0	0	0	0
293	0	2	1	134217732	0	0	0	0
293	4	3	5	201556160	17694720	0	1514553747	2228224
293	4	3	5	209928384	15728640	0	1514553747	2228224
293	4	3	5	218144960	10485760	0	1514553747	2228224
293	4	19	1	1275068458	0	0	0	0
293	4	38	4	2550156288	65456	4283170816	0	0
293	4	1	1	67108866	0	0	0	0
293	6	29	1	1946157057	0	0	0	0
293	6	1	1	67108866	0	0	0	0
293	8	6	1	402653184	0	0	0	0
293	8	0	1	0	0	0	0	0
294	0	38	4	2550168576	0	0	0	0
294	0	29	1	1946157059	0	0	0	0
294	0	17	1	1140852040	0	0	0	0
294	0	2	1	134217737	0	0	0	0
294	9	3	5	201367680	9830400	0	1514553747	2228224
294	9	3	5	209797248	18350080	0	1514553747	2228224
294	9	38	4	2550156288	0	4285136896	0	0
294	9	19	1	1275068458	0	0	0	0
294	9	1	1	67108866	0	0	0	0
294	11	29	1	1946157057	0	0	0	0
294	11	1	1	67108868	0	0	0	0
294	15	6	1	402653184	0	0	0	0
294	15	0	1	0	0	0	0	0
295	0	38	4	2616756224	0	0	0	0
295	0	17	1	1140852043	0	0	0	0
295	0	29	1	1946157059	0	0	0	0
296	0	47	1	3154116611	0	0	0	0
296	0	17	1	1140852064	0	0	0	0
296	0	43	1	2885681158	0	0	0	0
296	0	32	1	2147483660	0	0	0	0
296	0	38	4	2550177792	130	200	17039560	0
296	0	1	1	67108874	0	0	0	0
296	10	33	1	2214592512	0	0	0	0
296	10	38	4	2550177792	130	200	17039560	0
296	10	1	1	67108874	0	0	0	0
296	20	33	1	2214592512	0	0	0	0
296	20	38	4	2550177792	130	200	17039560	0
296	20	1	1	67108874	0	0	0	0
296	30	33	1	2214592512	0	0	0	0
296	30	38	4	2550177792	130	200	17039560	0
296	30	1	1	67108874	0	0	0	0
296	40	33	1	2214592512	0	0	0	0
296	40	38	4	2550177792	130	200	17039560	0
296	40	1	1	67108874	0	0	0	0
296	50	33	1	2214592512	0	0	0	0
296	50	38	4	2550177792	130	200	17039560	0
296	50	1	1	67108874	0	0	0	0
296	60	33	1	2214592512	0	0	0	0
296	60	38	4	2550177792	130	200	17039560	0
296	60	1	1	67108874	0	0	0	0
296	70	33	1	2214592512	0	0	0	0
296	70	38	4	2550177792	130	200	17039560	0
296	70	1	1	67108874	0	0	0	0
296	80	33	1	2214592512	0	0	0	0
296	80	38	4	2550177792	130	200	17039560	0
296	80	1	1	67108874	0	0	0	0
296	90	33	1	2214592512	0	0	0	0
296	90	38	4	2550177792	130	200	17039560	0
296	90	1	1	67108874	0	0	0	0
296	100	33	1	2214592512	0	0	0	0
296	100	38	4	2550177792	130	200	17039560	0
296	100	1	1	67108874	0	0	0	0
296	110	33	1	2214592512	0	0	0	0
296	110	38	4	2550177792	130	200	17039560	0
296	110	1	1	67108874	0	0	0	0
296	120	33	1	2214592512	0	0	0	0
297	0	18	1	1207960929	0	0	0	0
297	0	43	1	2885681158	0	0	0	0
297	0	47	1	3154116611	0	0	0	0
297	0	38	4	2550228992	150	240	19661040	0
297	0	1	1	67108874	0	0	0	0
298	0	49	1	3288334345	0	0	0	0
298	0	38	4	2550180864	0	0	0	0
298	0	14	1	939524113	0	0	0	0
298	0	38	4	2550168576	0	0	0	0
298	0	29	1	1946157059	0	0	0	0
298	0	2	1	134217752	0	0	0	0
298	24	29	1	1946157057	0	0	0	0
298	24	0	1	0	0	0	0	0
299	0	49	1	3288334343	0	0	0	0
299	0	38	4	2550180864	0	0	0	0
299	0	14	1	939524107	0	0	0	0
299	0	38	4	2550168576	0	0	0	0
299	0	29	1	1946157059	0	0	0	0
299	0	2	1	134217748	0	0	0	0
299	20	29	1	1946157057	0	0	0	0
299	20	50	1	3355443207	0	0	0	0
299	20	0	1	0	0	0	0	0
300	0	52	1	3489742742	0	0	0	0
300	0	14	1	939524107	0	0	0	0
300	0	38	4	2550168576	120	0	0	0
300	0	2	1	134217732	0	0	0	0
300	4	38	4	2550153216	6553600	0	0	0
300	4	29	1	1946157059	0	0	0	0
300	4	2	1	134217748	0	0	0	0
300	20	29	1	1946157057	0	0	0	0
300	20	22	1	1476395009	0	0	0	0
300	20	0	1	0	0	0	0	0
301	0	52	1	3489742742	0	0	0	0
301	0	14	1	939524107	0	0	0	0
301	0	38	4	2550168576	120	0	0	0
301	0	2	1	134217732	0	0	0	0
301	4	38	4	2550152192	4288413696	0	0	0
301	4	29	1	1946157059	0	0	0	0
301	4	2	1	134217748	0	0	0	0
301	20	29	1	1946157057	0	0	0	0
301	20	0	1	0	0	0	0	0
302	0	48	1	3221225472	0	0	0	0
302	0	2	1	134217734	0	0	0	0
302	6	29	1	1946157058	0	0	0	0
302	6	20	1	1342177280	0	0	0	0
302	6	2	1	134217748	0	0	0	0
302	20	14	1	939524127	0	0	0	0
302	20	38	4	2565372928	0	0	0	0
302	20	38	4	2550156288	0	4285136896	0	0
302	20	38	4	2616755200	0	0	0	0
302	20	2	1	134217760	0	0	0	0
302	32	23	1	1543503873	0	0	0	0
302	32	29	1	1946157057	0	0	0	0
302	32	0	1	0	0	0	0	0
303	0	20	1	1342177280	0	0	0	0
303	0	19	1	1275068434	0	0	0	0
303	0	2	1	134217732	0	0	0	0
303	4	29	1	1946157058	0	0	0	0
303	4	2	1	134217749	0	0	0	0
303	21	14	1	939524106	0	0	0	0
303	21	38	4	2565372928	0	0	0	0
303	21	38	4	2550152192	0	9830400	0	0
303	21	38	4	2550159360	0	4255645696	0	0
303	21	38	4	2616755200	0	0	0	0
303	21	2	1	134217748	0	0	0	0
303	21	29	1	1946157057	0	0	0	0
303	21	2	1	134217759	0	0	0	0
303	31	23	1	1543503874	0	0	0	0
303	31	2	1	134217760	0	0	0	0
303	32	22	1	1476395009	0	0	0	0
303	32	0	1	0	0	0	0	0
304	0	47	1	3154116611	0	0	0	0
304	0	2	1	134217733	0	0	0	0
304	5	3	5	201400432	16384120	0	294010883	0
304	5	3	5	209780848	16384060	0	294010883	0
304	5	19	1	1275068459	0	0	0	0
304	5	1	1	67108868	0	0	0	0
304	9	6	1	402653184	0	0	0	0
304	9	2	1	134217737	0	0	0	0
304	9	22	1	1476395009	0	0	0	0
304	9	0	1	0	0	0	0	0
305	0	47	1	3154116611	0	0	0	0
305	0	2	1	134217732	0	0	0	0
305	4	3	5	201449584	14418040	0	294010883	2097152
305	4	3	5	209830000	14417950	0	294010883	2097152
305	4	19	1	1275068459	0	0	0	0
305	4	1	1	67108868	0	0	0	0
305	8	6	1	402653184	0	0	0	0
305	8	2	1	134217739	0	0	0	0
305	11	22	1	1476395009	0	0	0	0
305	11	0	1	0	0	0	0	0
306	0	47	1	3154116612	0	0	0	0
306	0	20	1	1342177280	0	0	0	0
306	0	2	1	134217735	0	0	0	0
306	7	3	5	201326992	16384000	6553636	1514553347	21104640
306	7	3	5	209715600	16384000	6553728	1514553347	21104640
306	7	38	4	2550156288	0	0	0	0
306	7	19	1	1275068457	0	0	0	0
306	7	1	1	67108868	0	0	0	0
306	11	3	5	201326928	16384050	6553636	1514553347	21103872
306	11	3	5	209715600	16384000	6553728	1514553347	21104640
306	11	1	1	67108881	0	0	0	0
306	28	6	1	402653184	0	0	0	0
306	28	0	1	0	0	0	0	0
307	0	2	1	134217736	0	0	0	0
307	8	19	1	1275068458	0	0	0	0
307	8	3	5	201540080	14418120	0	1514553347	2228992
307	8	3	5	209928688	13107200	0	1514553347	2228992
307	8	3	5	218300912	9175040	0	1514553347	2228992
307	8	1	1	67108871	0	0	0	0
307	15	6	1	402653184	0	0	0	0
307	15	0	1	0	0	0	0	0
308	0	2	1	134217736	0	0	0	0
308	8	19	1	1275068458	0	0	0	0
308	8	3	5	201540048	14418120	0	1514553347	2228992
308	8	3	5	209928656	13107200	0	1514553347	2228992
308	8	3	5	218300880	9175040	0	1514553347	2228992
308	8	1	1	67108871	0	0	0	0
308	15	6	1	402653184	0	0	0	0
308	15	0	1	0	0	0	0	0
309	0	2	1	134217736	0	0	0	0
309	8	19	1	1275068458	0	0	0	0
309	8	3	5	201540016	14418120	0	1514553347	2228992
309	8	3	5	209928624	13107200	0	1514553347	2228992
309	8	3	5	218300848	9175040	0	1514553347	2228992
309	8	1	1	67108871	0	0	0	0
309	15	6	1	402653184	0	0	0	0
309	15	0	1	0	0	0	0	0
310	0	2	1	134217736	0	0	0	0
310	8	19	1	1275068458	0	0	0	0
310	8	3	5	201540048	14418120	0	1514553347	2228992
310	8	3	5	209928656	13107200	0	1514553347	2228992
310	8	3	5	218300880	9175040	0	1514553347	2228992
310	8	1	1	67108871	0	0	0	0
310	15	6	1	402653184	0	0	0	0
310	15	0	1	0	0	0	0	0
311	0	2	1	134217736	0	0	0	0
311	8	19	1	1275068458	0	0	0	0
311	8	3	5	201539952	14418120	0	1514553355	2228224
311	8	3	5	209928560	13107200	0	1514553355	2228224
311	8	3	5	218300784	9175040	0	1514553347	2228992
311	8	1	1	67108871	0	0	0	0
311	15	6	1	402653184	0	0	0	0
311	15	0	1	0	0	0	0	0
312	0	2	1	134217732	0	0	0	0
312	4	3	5	201490768	14483396	0	419840523	2228224
312	4	3	5	209879376	20971740	2097152	419840523	2228224
312	4	19	1	1275068458	0	0	0	0
312	4	1	1	67108868	0	0	0	0
312	8	3	5	201490704	14483396	0	419840523	2228224
312	8	3	5	209879312	20971740	2097152	419840523	2228224
312	8	1	1	67108871	0	0	0	0
312	15	6	1	402653184	0	0	0	0
312	15	0	1	0	0	0	0	0
313	0	47	1	3154116609	0	0	0	0
313	0	2	1	134217737	0	0	0	0
313	9	47	1	3154116612	0	0	0	0
313	9	3	5	201498992	14483416	0	126156803	2231424
313	9	3	5	209895792	16384000	11796580	126156803	2231424
313	9	19	1	1275068458	0	0	0	0
313	9	1	1	67108872	0	0	0	0
313	17	6	1	402653184	0	0	0	0
313	17	2	1	134217750	0	0	0	0
313	22	47	1	3154116609	0	0	0	0
313	22	0	1	0	0	0	0	0
314	0	28	1	1885339651	0	0	0	0
314	0	2	1	134217734	0	0	0	0
314	6	3	5	201523792	13107200	0	335974403	4330496
314	6	3	5	209928784	18350150	0	335974403	4330496
314	6	38	4	2563275776	7208960	0	0	0
314	6	38	4	2550156288	0	4283170816	0	0
314	6	19	1	1275068457	0	0	0	0
314	6	20	1	1342177280	0	0	0	0
314	6	1	1	67108867	0	0	0	0
314	9	27	1	1811939329	0	0	0	0
314	9	3	5	201523696	13107200	0	1514553347	4327936
314	9	3	5	209928688	18350150	0	1514553347	4327936
314	9	1	1	67108868	0	0	0	0
314	13	3	5	201523696	13107200	0	84295683	4327936
314	13	3	5	209928688	18350150	0	84295683	4327936
314	13	1	1	67108873	0	0	0	0
314	22	6	1	402653184	0	0	0	0
314	22	1	1	67108870	0	0	0	0
314	28	52	1	3489677254	0	0	0	0
314	28	1	1	67108866	0	0	0	0
314	30	38	4	2550148096	0	0	0	0
314	30	0	1	0	0	0	0	0
315	0	47	1	3154116612	0	0	0	0
315	0	2	1	134217732	0	0	0	0
315	4	38	4	2563275776	7864320	0	0	0
315	4	2	1	134217736	0	0	0	0
315	8	20	1	1342177280	0	0	0	0
315	8	3	5	201499184	13631488	65476	1514553347	4327936
315	8	3	5	209904176	16711680	4288479152	1514553347	4327936
315	8	3	5	218268208	11141120	0	1514553347	4327936
315	8	38	4	2550153216	0	0	0	0
315	8	19	1	1275068458	0	0	0	0
315	8	1	1	67108879	0	0	0	0
315	23	38	4	2550152192	0	0	0	0
315	23	19	1	1275068458	0	0	0	0
315	23	1	1	67108871	0	0	0	0
315	30	47	1	3154116608	0	0	0	0
315	30	6	1	402653184	0	0	0	0
315	30	0	1	0	0	0	0	0
316	0	47	1	3154116611	0	0	0	0
316	0	2	1	134217736	0	0	0	0
316	8	38	4	2558557184	7864320	0	0	0
316	8	2	1	134217743	0	0	0	0
316	15	3	5	201450000	13828016	0	1514553347	4198144
316	15	3	5	209838608	15728760	0	1514553347	4198144
316	15	3	5	218169872	9830400	0	168181763	4198144
316	15	38	4	2550156288	0	4285136896	0	0
316	15	19	1	1275068457	0	0	0	0
316	15	20	1	1342177280	0	0	0	0
316	15	1	1	67108868	0	0	0	0
316	19	6	1	402653184	0	0	0	0
316	19	0	1	0	0	0	0	0
317	0	47	1	3154116611	0	0	0	0
317	0	2	1	134217736	0	0	0	0
317	8	38	4	2558557184	7864320	0	0	0
317	8	2	1	134217743	0	0	0	0
317	15	3	5	201450032	13828016	0	1514553347	4198144
317	15	3	5	209838640	15728760	0	1514553347	4198144
317	15	3	5	218169904	9830400	0	168181763	4198144
317	15	38	4	2550156288	0	4285136896	0	0
317	15	19	1	1275068457	0	0	0	0
317	15	20	1	1342177280	0	0	0	0
317	15	1	1	67108868	0	0	0	0
317	19	6	1	402653184	0	0	0	0
317	19	0	1	0	0	0	0	0
318	0	47	1	3154116611	0	0	0	0
318	0	2	1	134217736	0	0	0	0
318	8	38	4	2558557184	7864320	0	0	0
318	8	2	1	134217743	0	0	0	0
318	15	3	5	201450064	13828016	0	1514553347	4198144
318	15	3	5	209838672	15728760	0	1514553347	4198144
318	15	3	5	218169936	9830400	0	168181763	4198144
318	15	38	4	2550156288	0	4285136896	0	0
318	15	19	1	1275068457	0	0	0	0
318	15	20	1	1342177280	0	0	0	0
318	15	1	1	67108868	0	0	0	0
318	19	6	1	402653184	0	0	0	0
318	19	0	1	0	0	0	0	0
319	0	47	1	3154116611	0	0	0	0
319	0	2	1	134217736	0	0	0	0
319	8	38	4	2558557184	7864320	0	0	0
319	8	2	1	134217743	0	0	0	0
319	15	3	5	201450032	13828016	0	1514553347	4198144
319	15	3	5	209838640	15728760	0	1514553347	4198144
319	15	3	5	218169904	9830400	0	168181763	4198144
319	15	38	4	2550156288	0	4285136896	0	0
319	15	19	1	1275068457	0	0	0	0
319	15	20	1	1342177280	0	0	0	0
319	15	1	1	67108868	0	0	0	0
319	19	6	1	402653184	0	0	0	0
319	19	0	1	0	0	0	0	0
320	0	47	1	3154116611	0	0	0	0
320	0	2	1	134217736	0	0	0	0
320	8	38	4	2558557184	7864320	0	0	0
320	8	2	1	134217743	0	0	0	0
320	15	3	5	201450000	13828016	0	1514553347	4198144
320	15	3	5	209838608	15728760	0	1514553347	4198144
320	15	3	5	218169872	9830400	0	168181763	4198144
320	15	38	4	2550156288	0	4285136896	0	0
320	15	19	1	1275068457	0	0	0	0
320	15	20	1	1342177280	0	0	0	0
320	15	1	1	67108868	0	0	0	0
320	19	6	1	402653184	0	0	0	0
320	19	0	1	0	0	0	0	0
321	0	2	1	134217732	0	0	0	0
321	4	22	1	1476395058	0	0	0	0
321	4	3	5	201490960	15794146	0	1514553347	4327936
321	4	3	5	209887760	18350185	3276800	1514553347	4327936
321	4	19	1	1275068457	0	0	0	0
321	4	1	1	67108868	0	0	0	0
321	8	3	5	201490864	15794146	0	1514553347	4326656
321	8	3	5	209887664	18350185	3276800	1514553347	4326656
321	8	1	1	67108884	0	0	0	0
321	28	22	1	1476395008	0	0	0	0
321	28	6	1	402653184	0	0	0	0
321	28	0	1	0	0	0	0	0
322	0	2	1	134217734	0	0	0	0
322	6	22	1	1476395009	0	0	0	0
322	6	3	5	201490832	20316450	0	1514553347	4325376
322	6	3	5	209879440	20316160	0	1514553347	4325376
322	6	19	1	1275068457	0	0	0	0
322	6	1	1	67108868	0	0	0	0
322	10	3	5	201490704	18350370	0	1514553347	2228224
322	10	3	5	209879312	18350080	0	1514553347	2228224
322	10	1	1	67108878	0	0	0	0
322	24	22	1	1476395008	0	0	0	0
322	24	6	1	402653184	0	0	0	0
322	24	0	1	0	0	0	0	0
323	0	2	1	134217737	0	0	0	0
323	9	22	1	1476395009	0	0	0	0
323	9	3	5	201540112	15794080	2949120	1514553347	4326656
323	9	3	5	209928720	19005568	1966080	1514553347	4326656
323	9	3	5	218153488	15728640	0	1514553347	4326656
323	9	19	1	1275068457	0	0	0	0
323	9	1	1	67108868	0	0	0	0
323	13	3	5	201539920	14483360	2949120	1514553347	2228224
323	13	3	5	209928528	17694848	1966080	1514553347	2228224
323	13	3	5	218153296	14483360	2949120	1514553347	2228224
323	13	1	1	67108870	0	0	0	0
323	19	22	1	1476395008	0	0	0	0
323	19	6	1	402653184	0	0	0	0
323	19	0	1	0	0	0	0	0
324	0	2	1	134217730	0	0	0	0
324	2	22	1	1476395058	0	0	0	0
324	2	3	5	201540032	14483396	0	315043843	4325376
324	2	3	5	209928640	16384160	0	315043843	4325376
324	2	19	1	1275068457	0	0	0	0
324	2	1	1	67108869	0	0	0	0
324	7	3	5	201539920	14483396	0	1514614787	4325376
324	7	3	5	209928528	16384160	0	1514614787	4325376
324	7	1	1	67108866	0	0	0	0
324	9	3	5	201539856	14483396	0	84295683	2228224
324	9	3	5	209928464	16384160	0	84295683	2228224
324	9	1	1	67108870	0	0	0	0
324	15	22	1	1476395008	0	0	0	0
324	15	6	1	402653184	0	0	0	0
324	15	0	1	0	0	0	0	0
325	0	2	1	134217735	0	0	0	0
325	7	22	1	1476395048	0	0	0	0
325	7	3	5	201499088	21036856	2949120	3959832579	4325376
325	7	3	5	209887696	23593060	1966080	3959832579	4325376
325	7	19	1	1275068457	0	0	0	0
325	7	1	1	67108882	0	0	0	0
325	25	22	1	1476395008	0	0	0	0
325	25	6	1	402653184	0	0	0	0
325	25	0	1	0	0	0	0	0
326	0	2	1	134217755	0	0	0	0
326	27	23	1	1543503873	0	0	0	0
326	27	0	1	0	0	0	0	0
327	0	47	1	3154116611	0	0	0	0
327	0	44	1	2956984320	0	0	0	0
327	0	14	1	939524230	0	0	0	0
327	0	38	4	2550159360	0	0	0	0
327	0	1	1	67108870	0	0	0	0
327	6	38	4	2558598144	11861966	0	0	0
327	6	1	1	67108885	0	0	0	0
327	27	21	1	1409286145	0	0	0	0
327	27	1	1	67108866	0	0	0	0
327	29	22	1	1476395009	0	0	0	0
327	29	38	4	2616755200	0	0	0	0
327	29	14	1	939524280	0	0	0	0
327	29	14	1	939524267	0	0	0	0
327	29	20	1	1342177280	0	0	0	0
327	29	38	4	2550156288	0	4281860096	0	0
327	29	32	1	2147483652	0	0	0	0
327	29	3	5	201450002	16384050	0	1514635267	4329216
327	29	3	5	209838466	39321950	0	1514635267	4722432
327	29	49	1	3288334345	0	0	0	0
327	29	50	1	3355443207	0	0	0	0
327	29	1	1	67108868	0	0	0	0
327	33	6	1	402653184	0	0	0	0
327	33	1	1	67108866	0	0	0	0
327	35	33	1	2214592512	0	0	0	0
327	35	3	5	201450002	16384050	0	1514635267	4329216
327	35	3	5	209838466	39321950	0	1514635267	4722432
327	35	49	1	3288334345	0	0	0	0
327	35	50	1	3355443207	0	0	0	0
327	35	1	1	67108868	0	0	0	0
327	39	6	1	402653184	0	0	0	0
327	39	1	1	67108866	0	0	0	0
327	41	33	1	2214592512	0	0	0	0
327	41	3	5	201450002	16384050	0	1514635267	4329216
327	41	3	5	209838466	39321950	0	1514635267	4722432
327	41	49	1	3288334345	0	0	0	0
327	41	50	1	3355443207	0	0	0	0
327	41	1	1	67108868	0	0	0	0
327	45	6	1	402653184	0	0	0	0
327	45	1	1	67108866	0	0	0	0
327	47	33	1	2214592512	0	0	0	0
327	47	3	5	201450002	16384050	0	1514635267	4329216
327	47	3	5	209838466	39321950	0	1514635267	4722432
327	47	49	1	3288334345	0	0	0	0
327	47	50	1	3355443207	0	0	0	0
327	47	1	1	67108868	0	0	0	0
327	51	6	1	402653184	0	0	0	0
327	51	1	1	67108866	0	0	0	0
327	53	33	1	2214592512	0	0	0	0
327	53	22	1	1476395008	0	0	0	0
327	53	11	1	738197504	0	0	0	0
327	53	11	1	738197505	0	0	0	0
327	53	1	1	67108868	0	0	0	0
327	57	6	1	402653184	0	0	0	0
327	57	1	1	67108866	0	0	0	0
327	59	0	1	0	0	0	0	0
328	0	1	1	67108867	0	0	0	0
328	3	38	4	2550168576	544	4268752896	0	0
328	3	1	1	67108874	0	0	0	0
328	13	20	1	1342177280	0	0	0	0
328	13	1	1	67108871	0	0	0	0
328	20	49	1	3288334346	0	0	0	0
328	20	38	4	2550159360	0	0	0	0
328	20	38	4	2550171648	0	0	0	0
328	20	14	1	939524271	0	0	0	0
328	20	14	1	939524383	0	0	0	0
328	20	14	1	939524385	0	0	0	0
328	20	3	5	201326912	26214400	65036	377897562	4232183808
328	20	3	5	209715520	26214400	65436	377897562	4232183808
328	20	3	5	218104128	26214400	300	377897562	4232183808
328	20	3	5	226492736	26214400	700	377897562	4232183808
328	20	1	1	67108872	0	0	0	0
328	28	6	1	402653184	0	0	0	0
328	28	0	1	0	0	0	0	0
329	0	3	5	201368016	22937600	8388608	1216708611	71440640
329	0	32	1	2147483698	0	0	0	0
329	0	38	4	2564840448	0	180	11796660	0
329	0	1	1	67108866	0	0	0	0
329	2	33	1	2214592512	0	0	0	0
329	2	38	4	2564840448	0	180	11796660	0
329	2	1	1	67108866	0	0	0	0
329	4	33	1	2214592512	0	0	0	0
329	4	38	4	2564840448	0	180	11796660	0
329	4	1	1	67108866	0	0	0	0
329	6	33	1	2214592512	0	0	0	0
329	6	38	4	2564840448	0	180	11796660	0
329	6	1	1	67108866	0	0	0	0
329	8	33	1	2214592512	0	0	0	0
329	8	38	4	2564840448	0	180	11796660	0
329	8	1	1	67108866	0	0	0	0
329	10	33	1	2214592512	0	0	0	0
329	10	38	4	2564840448	0	180	11796660	0
329	10	1	1	67108866	0	0	0	0
329	12	33	1	2214592512	0	0	0	0
329	12	38	4	2564840448	0	180	11796660	0
329	12	1	1	67108866	0	0	0	0
329	14	33	1	2214592512	0	0	0	0
329	14	38	4	2564840448	0	180	11796660	0
329	14	1	1	67108866	0	0	0	0
329	16	33	1	2214592512	0	0	0	0
329	16	38	4	2564840448	0	180	11796660	0
329	16	1	1	67108866	0	0	0	0
329	18	33	1	2214592512	0	0	0	0
329	18	38	4	2564840448	0	180	11796660	0
329	18	1	1	67108866	0	0	0	0
329	20	33	1	2214592512	0	0	0	0
329	20	38	4	2564840448	0	180	11796660	0
329	20	1	1	67108866	0	0	0	0
329	22	33	1	2214592512	0	0	0	0
329	22	38	4	2564840448	0	180	11796660	0
329	22	1	1	67108866	0	0	0	0
329	24	33	1	2214592512	0	0	0	0
329	24	38	4	2564840448	0	180	11796660	0
329	24	1	1	67108866	0	0	0	0
329	26	33	1	2214592512	0	0	0	0
329	26	38	4	2564840448	0	180	11796660	0
329	26	1	1	67108866	0	0	0	0
329	28	33	1	2214592512	0	0	0	0
329	28	38	4	2564840448	0	180	11796660	0
329	28	1	1	67108866	0	0	0	0
329	30	33	1	2214592512	0	0	0	0
329	30	38	4	2564840448	0	180	11796660	0
329	30	1	1	67108866	0	0	0	0
329	32	33	1	2214592512	0	0	0	0
329	32	38	4	2564840448	0	180	11796660	0
329	32	1	1	67108866	0	0	0	0
329	34	33	1	2214592512	0	0	0	0
329	34	38	4	2564840448	0	180	11796660	0
329	34	1	1	67108866	0	0	0	0
329	36	33	1	2214592512	0	0	0	0
329	36	38	4	2564840448	0	180	11796660	0
329	36	1	1	67108866	0	0	0	0
329	38	33	1	2214592512	0	0	0	0
329	38	38	4	2564840448	0	180	11796660	0
329	38	1	1	67108866	0	0	0	0
329	40	33	1	2214592512	0	0	0	0
329	40	38	4	2564840448	0	180	11796660	0
329	40	1	1	67108866	0	0	0	0
329	42	33	1	2214592512	0	0	0	0
329	42	38	4	2564840448	0	180	11796660	0
329	42	1	1	67108866	0	0	0	0
329	44	33	1	2214592512	0	0	0	0
329	44	38	4	2564840448	0	180	11796660	0
329	44	1	1	67108866	0	0	0	0
329	46	33	1	2214592512	0	0	0	0
329	46	38	4	2564840448	0	180	11796660	0
329	46	1	1	67108866	0	0	0	0
329	48	33	1	2214592512	0	0	0	0
329	48	38	4	2564840448	0	180	11796660	0
329	48	1	1	67108866	0	0	0	0
329	50	33	1	2214592512	0	0	0	0
329	50	38	4	2564840448	0	180	11796660	0
329	50	1	1	67108866	0	0	0	0
329	52	33	1	2214592512	0	0	0	0
329	52	38	4	2564840448	0	180	11796660	0
329	52	1	1	67108866	0	0	0	0
329	54	33	1	2214592512	0	0	0	0
329	54	38	4	2564840448	0	180	11796660	0
329	54	1	1	67108866	0	0	0	0
329	56	33	1	2214592512	0	0	0	0
329	56	38	4	2564840448	0	180	11796660	0
329	56	1	1	67108866	0	0	0	0
329	58	33	1	2214592512	0	0	0	0
329	58	38	4	2564840448	0	180	11796660	0
329	58	1	1	67108866	0	0	0	0
329	60	33	1	2214592512	0	0	0	0
329	60	38	4	2564840448	0	180	11796660	0
329	60	1	1	67108866	0	0	0	0
329	62	33	1	2214592512	0	0	0	0
329	62	38	4	2564840448	0	180	11796660	0
329	62	1	1	67108866	0	0	0	0
329	64	33	1	2214592512	0	0	0	0
329	64	38	4	2564840448	0	180	11796660	0
329	64	1	1	67108866	0	0	0	0
329	66	33	1	2214592512	0	0	0	0
329	66	38	4	2564840448	0	180	11796660	0
329	66	1	1	67108866	0	0	0	0
329	68	33	1	2214592512	0	0	0	0
329	68	38	4	2564840448	0	180	11796660	0
329	68	1	1	67108866	0	0	0	0
329	70	33	1	2214592512	0	0	0	0
329	70	38	4	2564840448	0	180	11796660	0
329	70	1	1	67108866	0	0	0	0
329	72	33	1	2214592512	0	0	0	0
329	72	38	4	2564840448	0	180	11796660	0
329	72	1	1	67108866	0	0	0	0
329	74	33	1	2214592512	0	0	0	0
329	74	38	4	2564840448	0	180	11796660	0
329	74	1	1	67108866	0	0	0	0
329	76	33	1	2214592512	0	0	0	0
329	76	38	4	2564840448	0	180	11796660	0
329	76	1	1	67108866	0	0	0	0
329	78	33	1	2214592512	0	0	0	0
329	78	38	4	2564840448	0	180	11796660	0
329	78	1	1	67108866	0	0	0	0
329	80	33	1	2214592512	0	0	0	0
329	80	38	4	2564840448	0	180	11796660	0
329	80	1	1	67108866	0	0	0	0
329	82	33	1	2214592512	0	0	0	0
329	82	38	4	2564840448	0	180	11796660	0
329	82	1	1	67108866	0	0	0	0
329	84	33	1	2214592512	0	0	0	0
329	84	38	4	2564840448	0	180	11796660	0
329	84	1	1	67108866	0	0	0	0
329	86	33	1	2214592512	0	0	0	0
329	86	38	4	2564840448	0	180	11796660	0
329	86	1	1	67108866	0	0	0	0
329	88	33	1	2214592512	0	0	0	0
329	88	38	4	2564840448	0	180	11796660	0
329	88	1	1	67108866	0	0	0	0
329	90	33	1	2214592512	0	0	0	0
329	90	38	4	2564840448	0	180	11796660	0
329	90	1	1	67108866	0	0	0	0
329	92	33	1	2214592512	0	0	0	0
329	92	38	4	2564840448	0	180	11796660	0
329	92	1	1	67108866	0	0	0	0
329	94	33	1	2214592512	0	0	0	0
329	94	38	4	2564840448	0	180	11796660	0
329	94	1	1	67108866	0	0	0	0
329	96	33	1	2214592512	0	0	0	0
329	96	38	4	2564840448	0	180	11796660	0
329	96	1	1	67108866	0	0	0	0
329	98	33	1	2214592512	0	0	0	0
329	98	38	4	2564840448	0	180	11796660	0
329	98	1	1	67108866	0	0	0	0
329	100	33	1	2214592512	0	0	0	0
329	100	0	1	0	0	0	0	0
330	0	49	1	3288334346	0	0	0	0
330	0	38	4	2550159360	65436	17825792	0	0
330	0	38	4	2550170624	65436	17825792	0	0
330	0	14	1	939524271	0	0	0	0
330	0	14	1	939524383	0	0	0	0
330	0	14	1	939524385	0	0	0	0
330	0	3	5	201326912	26214400	65036	377897562	4232183808
330	0	3	5	209715520	26214400	65436	377897562	4232183808
330	0	3	5	218104128	26214400	300	377897562	4232183808
330	0	3	5	226492736	26214400	700	377897562	4232183808
330	0	1	1	67108872	0	0	0	0
330	8	6	1	402653184	0	0	0	0
330	8	0	1	0	0	0	0	0
331	0	38	4	2550148096	0	4287102976	0	0
331	0	2	1	134217731	0	0	0	0
331	3	38	4	2550168576	544	4268752896	0	0
331	3	14	1	939524179	0	0	0	0
331	3	2	1	134217737	0	0	0	0
331	9	38	4	2550209536	140	0	0	0
331	9	20	1	1342177280	0	0	0	0
331	9	2	1	134217744	0	0	0	0
331	16	22	1	1476395009	0	0	0	0
331	16	23	1	1543503874	0	0	0	0
331	16	19	1	1275068457	0	0	0	0
331	16	1	1	67108894	0	0	0	0
331	46	1	1	67108872	0	0	0	0
331	54	23	1	1543503872	0	0	0	0
331	54	6	1	402653184	0	0	0	0
331	54	0	1	0	0	0	0	0
332	0	20	1	1342177280	0	0	0	0
332	0	47	1	3154116611	0	0	0	0
332	0	2	1	134217733	0	0	0	0
332	5	38	4	2555935744	0	11796480	0	0
332	5	2	1	134217743	0	0	0	0
332	15	51	1	3422552064	0	0	0	0
332	15	2	1	134217744	0	0	0	0
332	16	3	5	201417491	18350080	270	210124803	2756352
332	16	3	5	209806099	18350080	130	210124803	2756352
332	16	3	5	218186515	13107200	0	210124803	2756352
332	16	19	1	1275068674	0	0	0	0
332	16	2	1	134217745	0	0	0	0
332	17	47	1	3154116612	0	0	0	0
332	17	1	1	67108867	0	0	0	0
332	20	38	4	2550156288	0	4288413696	0	0
332	20	3	5	201417171	15728640	270	1514553347	2755072
332	20	3	5	209805779	15728640	130	1514553347	2755072
332	20	3	5	218186195	11796480	0	1514553347	2755072
332	20	1	1	67108870	0	0	0	0
332	26	6	1	402653184	0	0	0	0
332	26	1	1	67108866	0	0	0	0
332	28	51	1	3422814207	0	0	0	0
332	28	2	1	134217765	0	0	0	0
332	37	47	1	3154116611	0	0	0	0
332	37	0	1	0	0	0	0	0
333	0	22	1	1476395009	0	0	0	0
333	0	38	4	2550168576	200	0	0	0
333	0	44	1	2967470105	0	0	0	0
333	0	2	1	134217736	0	0	0	0
333	8	14	1	939524323	0	0	0	0
333	8	3	5	201417170	21626880	4259855	1514553347	4721152
333	8	3	5	209756626	18350080	0	1514553347	4721152
333	8	1	1	67108882	0	0	0	0
333	26	6	1	402653184	0	0	0	0
333	26	22	1	1476395008	0	0	0	0
333	26	0	1	0	0	0	0	0
334	0	43	1	2885681159	0	0	0	0
334	0	20	1	1342177280	0	0	0	0
334	0	44	1	2967470125	0	0	0	0
334	0	32	1	2147483657	0	0	0	0
334	0	43	1	2886729736	0	0	0	0
334	0	1	1	67108865	0	0	0	0
334	1	43	1	2886729737	0	0	0	0
334	1	1	1	67108865	0	0	0	0
334	2	33	1	2214592512	0	0	0	0
334	2	43	1	2886729736	0	0	0	0
334	2	1	1	67108865	0	0	0	0
334	3	43	1	2886729737	0	0	0	0
334	3	1	1	67108865	0	0	0	0
334	4	33	1	2214592512	0	0	0	0
334	4	43	1	2886729736	0	0	0	0
334	4	1	1	67108865	0	0	0	0
334	5	43	1	2886729737	0	0	0	0
334	5	1	1	67108865	0	0	0	0
334	6	33	1	2214592512	0	0	0	0
334	6	43	1	2886729736	0	0	0	0
334	6	1	1	67108865	0	0	0	0
334	7	43	1	2886729737	0	0	0	0
334	7	1	1	67108865	0	0	0	0
334	8	33	1	2214592512	0	0	0	0
334	8	43	1	2886729736	0	0	0	0
334	8	1	1	67108865	0	0	0	0
334	9	43	1	2886729737	0	0	0	0
334	9	1	1	67108865	0	0	0	0
334	10	33	1	2214592512	0	0	0	0
334	10	43	1	2886729736	0	0	0	0
334	10	1	1	67108865	0	0	0	0
334	11	43	1	2886729737	0	0	0	0
334	11	1	1	67108865	0	0	0	0
334	12	33	1	2214592512	0	0	0	0
334	12	43	1	2886729736	0	0	0	0
334	12	1	1	67108865	0	0	0	0
334	13	43	1	2886729737	0	0	0	0
334	13	1	1	67108865	0	0	0	0
334	14	33	1	2214592512	0	0	0	0
334	14	43	1	2886729736	0	0	0	0
334	14	1	1	67108865	0	0	0	0
334	15	43	1	2886729737	0	0	0	0
334	15	1	1	67108865	0	0	0	0
334	16	33	1	2214592512	0	0	0	0
334	16	43	1	2886729736	0	0	0	0
334	16	1	1	67108865	0	0	0	0
334	17	43	1	2886729737	0	0	0	0
334	17	1	1	67108865	0	0	0	0
334	18	33	1	2214592512	0	0	0	0
334	18	47	1	3154116612	0	0	0	0
334	18	2	1	134217749	0	0	0	0
334	21	3	5	201327170	10485760	6553800	1514553347	4721152
334	21	2	1	134217753	0	0	0	0
334	25	3	5	201327234	15728640	6553800	1514553347	4721152
334	25	3	5	209715842	17039360	6554025	1514553347	4721152
334	25	3	5	218104450	20971520	6554350	1514553347	4721152
334	25	32	1	2147483656	0	0	0	0
334	25	43	1	2886729736	0	0	0	0
334	25	1	1	67108865	0	0	0	0
334	26	43	1	2886729737	0	0	0	0
334	26	1	1	67108865	0	0	0	0
334	27	33	1	2214592512	0	0	0	0
334	27	43	1	2886729736	0	0	0	0
334	27	1	1	67108865	0	0	0	0
334	28	43	1	2886729737	0	0	0	0
334	28	1	1	67108865	0	0	0	0
334	29	33	1	2214592512	0	0	0	0
334	29	43	1	2886729736	0	0	0	0
334	29	1	1	67108865	0	0	0	0
334	30	43	1	2886729737	0	0	0	0
334	30	1	1	67108865	0	0	0	0
334	31	33	1	2214592512	0	0	0	0
334	31	43	1	2886729736	0	0	0	0
334	31	1	1	67108865	0	0	0	0
334	32	43	1	2886729737	0	0	0	0
334	32	1	1	67108865	0	0	0	0
334	33	33	1	2214592512	0	0	0	0
334	33	43	1	2886729736	0	0	0	0
334	33	1	1	67108865	0	0	0	0
334	34	43	1	2886729737	0	0	0	0
334	34	1	1	67108865	0	0	0	0
334	35	33	1	2214592512	0	0	0	0
334	35	43	1	2886729736	0	0	0	0
334	35	1	1	67108865	0	0	0	0
334	36	43	1	2886729737	0	0	0	0
334	36	1	1	67108865	0	0	0	0
334	37	33	1	2214592512	0	0	0	0
334	37	43	1	2886729736	0	0	0	0
334	37	1	1	67108865	0	0	0	0
334	38	43	1	2886729737	0	0	0	0
334	38	1	1	67108865	0	0	0	0
334	39	33	1	2214592512	0	0	0	0
334	39	43	1	2886729736	0	0	0	0
334	39	1	1	67108865	0	0	0	0
334	40	43	1	2886729737	0	0	0	0
334	40	1	1	67108865	0	0	0	0
334	41	33	1	2214592512	0	0	0	0
334	41	1	1	67108866	0	0	0	0
334	43	6	1	402653184	0	0	0	0
334	43	1	1	67108869	0	0	0	0
334	48	47	1	3154116608	0	0	0	0
334	48	1	1	67108877	0	0	0	0
334	61	43	1	2885681152	0	0	0	0
334	61	43	1	2886729728	0	0	0	0
334	61	0	1	0	0	0	0	0
335	0	2	1	134217733	0	0	0	0
335	5	3	5	201564528	10485760	0	365314051	2230144
335	5	3	5	209953136	19660915	11861956	365314051	2230144
335	5	38	4	2550148096	0	0	0	0
335	5	19	1	1275068458	0	0	0	0
335	5	1	1	67108874	0	0	0	0
335	15	6	1	402653184	0	0	0	0
335	15	0	1	0	0	0	0	0
336	0	49	1	3288334346	0	0	0	0
336	0	43	1	2885681157	0	0	0	0
336	0	43	1	2886729733	0	0	0	0
336	0	47	1	3154116611	0	0	0	0
336	0	38	4	2550208512	0	0	0	0
336	0	38	4	2550150144	0	0	0	0
336	0	38	4	2616755200	0	0	0	0
336	0	44	1	2968518656	0	0	0	0
336	0	3	5	201327170	48496640	19660800	1514389507	38285824
336	0	1	1	67108874	0	0	0	0
336	10	6	1	402653184	0	0	0	0
336	10	1	1	67108884	0	0	0	0
336	30	6	1	402653184	0	0	0	0
336	30	22	1	1476395009	0	0	0	0
336	30	1	1	67108894	0	0	0	0
336	60	43	1	2885681152	0	0	0	0
336	60	43	1	2886729728	0	0	0	0
336	60	0	1	0	0	0	0	0
337	0	2	1	134217732	0	0	0	0
337	4	22	1	1476395058	0	0	0	0
337	4	3	5	201326704	22282240	4287103076	3917889659	2097152
337	4	3	5	209715312	22282240	60	3917889659	2097152
337	4	32	1	2147483657	0	0	0	0
337	4	19	1	1275068635	0	0	0	0
337	4	1	1	67108866	0	0	0	0
337	6	6	1	402653184	0	0	0	0
337	6	1	1	67108865	0	0	0	0
337	7	11	1	738197504	0	0	0	0
337	7	11	1	738197505	0	0	0	0
337	7	33	1	2214592512	0	0	0	0
337	7	19	1	1275068635	0	0	0	0
337	7	1	1	67108866	0	0	0	0
337	9	6	1	402653184	0	0	0	0
337	9	1	1	67108865	0	0	0	0
337	10	11	1	738197504	0	0	0	0
337	10	11	1	738197505	0	0	0	0
337	10	33	1	2214592512	0	0	0	0
337	10	19	1	1275068635	0	0	0	0
337	10	1	1	67108866	0	0	0	0
337	12	6	1	402653184	0	0	0	0
337	12	1	1	67108865	0	0	0	0
337	13	11	1	738197504	0	0	0	0
337	13	11	1	738197505	0	0	0	0
337	13	33	1	2214592512	0	0	0	0
337	13	19	1	1275068635	0	0	0	0
337	13	1	1	67108866	0	0	0	0
337	15	6	1	402653184	0	0	0	0
337	15	1	1	67108865	0	0	0	0
337	16	11	1	738197504	0	0	0	0
337	16	11	1	738197505	0	0	0	0
337	16	33	1	2214592512	0	0	0	0
337	16	19	1	1275068635	0	0	0	0
337	16	1	1	67108866	0	0	0	0
337	18	6	1	402653184	0	0	0	0
337	18	1	1	67108865	0	0	0	0
337	19	11	1	738197504	0	0	0	0
337	19	11	1	738197505	0	0	0	0
337	19	33	1	2214592512	0	0	0	0
337	19	19	1	1275068635	0	0	0	0
337	19	1	1	67108866	0	0	0	0
337	21	6	1	402653184	0	0	0	0
337	21	1	1	67108865	0	0	0	0
337	22	11	1	738197504	0	0	0	0
337	22	11	1	738197505	0	0	0	0
337	22	33	1	2214592512	0	0	0	0
337	22	19	1	1275068635	0	0	0	0
337	22	1	1	67108866	0	0	0	0
337	24	6	1	402653184	0	0	0	0
337	24	1	1	67108865	0	0	0	0
337	25	11	1	738197504	0	0	0	0
337	25	11	1	738197505	0	0	0	0
337	25	33	1	2214592512	0	0	0	0
337	25	19	1	1275068635	0	0	0	0
337	25	1	1	67108866	0	0	0	0
337	27	6	1	402653184	0	0	0	0
337	27	1	1	67108865	0	0	0	0
337	28	11	1	738197504	0	0	0	0
337	28	11	1	738197505	0	0	0	0
337	28	33	1	2214592512	0	0	0	0
337	28	19	1	1275068635	0	0	0	0
337	28	1	1	67108866	0	0	0	0
337	30	6	1	402653184	0	0	0	0
337	30	1	1	67108865	0	0	0	0
337	31	11	1	738197504	0	0	0	0
337	31	11	1	738197505	0	0	0	0
337	31	33	1	2214592512	0	0	0	0
337	31	19	1	1275068635	0	0	0	0
337	31	1	1	67108866	0	0	0	0
337	33	6	1	402653184	0	0	0	0
337	33	1	1	67108871	0	0	0	0
337	40	22	1	1476395008	0	0	0	0
337	40	6	1	402653184	0	0	0	0
337	40	0	1	0	0	0	0	0
338	0	38	4	2616756224	0	0	0	0
338	0	17	1	1140852087	0	0	0	0
338	0	29	1	1946157059	0	0	0	0
339	0	43	1	2885681156	0	0	0	0
339	0	43	1	2886729732	0	0	0	0
339	0	47	1	3154116611	0	0	0	0
339	0	17	1	1140852088	0	0	0	0
339	0	32	1	2147483768	0	0	0	0
339	0	38	4	2550177792	130	240	15728880	0
339	0	1	1	67108874	0	0	0	0
339	10	33	1	2214592512	0	0	0	0
339	10	38	4	2550177792	130	240	15728880	0
339	10	1	1	67108874	0	0	0	0
339	20	33	1	2214592512	0	0	0	0
339	20	38	4	2550177792	130	240	15728880	0
339	20	1	1	67108874	0	0	0	0
339	30	33	1	2214592512	0	0	0	0
339	30	38	4	2550177792	130	240	15728880	0
339	30	1	1	67108874	0	0	0	0
339	40	33	1	2214592512	0	0	0	0
339	40	38	4	2550177792	130	240	15728880	0
339	40	1	1	67108874	0	0	0	0
339	50	33	1	2214592512	0	0	0	0
339	50	38	4	2550177792	130	240	15728880	0
339	50	1	1	67108874	0	0	0	0
339	60	33	1	2214592512	0	0	0	0
339	60	38	4	2550177792	130	240	15728880	0
339	60	1	1	67108874	0	0	0	0
339	70	33	1	2214592512	0	0	0	0
339	70	38	4	2550177792	130	240	15728880	0
339	70	1	1	67108874	0	0	0	0
339	80	33	1	2214592512	0	0	0	0
339	80	38	4	2550177792	130	240	15728880	0
339	80	1	1	67108874	0	0	0	0
339	90	33	1	2214592512	0	0	0	0
339	90	38	4	2550177792	130	240	15728880	0
339	90	1	1	67108874	0	0	0	0
339	100	33	1	2214592512	0	0	0	0
339	100	38	4	2550177792	130	240	15728880	0
339	100	1	1	67108874	0	0	0	0
339	110	33	1	2214592512	0	0	0	0
339	110	38	4	2550177792	130	240	15728880	0
339	110	1	1	67108874	0	0	0	0
339	120	33	1	2214592512	0	0	0	0
339	120	38	4	2550177792	130	240	15728880	0
339	120	1	1	67108874	0	0	0	0
339	130	33	1	2214592512	0	0	0	0
339	130	38	4	2550177792	130	240	15728880	0
339	130	1	1	67108874	0	0	0	0
339	140	33	1	2214592512	0	0	0	0
339	140	38	4	2550177792	130	240	15728880	0
339	140	1	1	67108874	0	0	0	0
339	150	33	1	2214592512	0	0	0	0
339	150	38	4	2550177792	130	240	15728880	0
339	150	1	1	67108874	0	0	0	0
339	160	33	1	2214592512	0	0	0	0
339	160	38	4	2550177792	130	240	15728880	0
339	160	1	1	67108874	0	0	0	0
339	170	33	1	2214592512	0	0	0	0
339	170	38	4	2550177792	130	240	15728880	0
339	170	1	1	67108874	0	0	0	0
339	180	33	1	2214592512	0	0	0	0
339	180	38	4	2550177792	130	240	15728880	0
339	180	1	1	67108874	0	0	0	0
339	190	33	1	2214592512	0	0	0	0
339	190	38	4	2550177792	130	240	15728880	0
339	190	1	1	67108874	0	0	0	0
339	200	33	1	2214592512	0	0	0	0
339	200	38	4	2550177792	130	240	15728880	0
339	200	1	1	67108874	0	0	0	0
339	210	33	1	2214592512	0	0	0	0
339	210	38	4	2550177792	130	240	15728880	0
339	210	1	1	67108874	0	0	0	0
339	220	33	1	2214592512	0	0	0	0
339	220	38	4	2550177792	130	240	15728880	0
339	220	1	1	67108874	0	0	0	0
339	230	33	1	2214592512	0	0	0	0
339	230	38	4	2550177792	130	240	15728880	0
339	230	1	1	67108874	0	0	0	0
339	240	33	1	2214592512	0	0	0	0
339	240	38	4	2550177792	130	240	15728880	0
339	240	1	1	67108874	0	0	0	0
339	250	33	1	2214592512	0	0	0	0
339	250	38	4	2550177792	130	240	15728880	0
339	250	1	1	67108874	0	0	0	0
339	260	33	1	2214592512	0	0	0	0
339	260	38	4	2550177792	130	240	15728880	0
339	260	1	1	67108874	0	0	0	0
339	270	33	1	2214592512	0	0	0	0
339	270	38	4	2550177792	130	240	15728880	0
339	270	1	1	67108874	0	0	0	0
339	280	33	1	2214592512	0	0	0	0
339	280	38	4	2550177792	130	240	15728880	0
339	280	1	1	67108874	0	0	0	0
339	290	33	1	2214592512	0	0	0	0
339	290	38	4	2550177792	130	240	15728880	0
339	290	1	1	67108874	0	0	0	0
339	300	33	1	2214592512	0	0	0	0
339	300	38	4	2550177792	130	240	15728880	0
339	300	1	1	67108874	0	0	0	0
339	310	33	1	2214592512	0	0	0	0
339	310	38	4	2550177792	130	240	15728880	0
339	310	1	1	67108874	0	0	0	0
339	320	33	1	2214592512	0	0	0	0
339	320	38	4	2550177792	130	240	15728880	0
339	320	1	1	67108874	0	0	0	0
339	330	33	1	2214592512	0	0	0	0
339	330	38	4	2550177792	130	240	15728880	0
339	330	1	1	67108874	0	0	0	0
339	340	33	1	2214592512	0	0	0	0
339	340	38	4	2550177792	130	240	15728880	0
339	340	1	1	67108874	0	0	0	0
339	350	33	1	2214592512	0	0	0	0
339	350	38	4	2550177792	130	240	15728880	0
339	350	1	1	67108874	0	0	0	0
339	360	33	1	2214592512	0	0	0	0
339	360	38	4	2550177792	130	240	15728880	0
339	360	1	1	67108874	0	0	0	0
339	370	33	1	2214592512	0	0	0	0
339	370	38	4	2550177792	130	240	15728880	0
339	370	1	1	67108874	0	0	0	0
339	380	33	1	2214592512	0	0	0	0
339	380	38	4	2550177792	130	240	15728880	0
339	380	1	1	67108874	0	0	0	0
339	390	33	1	2214592512	0	0	0	0
339	390	38	4	2550177792	130	240	15728880	0
339	390	1	1	67108874	0	0	0	0
339	400	33	1	2214592512	0	0	0	0
339	400	38	4	2550177792	130	240	15728880	0
339	400	1	1	67108874	0	0	0	0
339	410	33	1	2214592512	0	0	0	0
339	410	38	4	2550177792	130	240	15728880	0
339	410	1	1	67108874	0	0	0	0
339	420	33	1	2214592512	0	0	0	0
339	420	38	4	2550177792	130	240	15728880	0
339	420	1	1	67108874	0	0	0	0
339	430	33	1	2214592512	0	0	0	0
339	430	38	4	2550177792	130	240	15728880	0
339	430	1	1	67108874	0	0	0	0
339	440	33	1	2214592512	0	0	0	0
339	440	38	4	2550177792	130	240	15728880	0
339	440	1	1	67108874	0	0	0	0
339	450	33	1	2214592512	0	0	0	0
339	450	38	4	2550177792	130	240	15728880	0
339	450	1	1	67108874	0	0	0	0
339	460	33	1	2214592512	0	0	0	0
339	460	38	4	2550177792	130	240	15728880	0
339	460	1	1	67108874	0	0	0	0
339	470	33	1	2214592512	0	0	0	0
339	470	38	4	2550177792	130	240	15728880	0
339	470	1	1	67108874	0	0	0	0
339	480	33	1	2214592512	0	0	0	0
339	480	38	4	2550177792	130	240	15728880	0
339	480	1	1	67108874	0	0	0	0
339	490	33	1	2214592512	0	0	0	0
339	490	38	4	2550177792	130	240	15728880	0
339	490	1	1	67108874	0	0	0	0
339	500	33	1	2214592512	0	0	0	0
339	500	38	4	2550177792	130	240	15728880	0
339	500	1	1	67108874	0	0	0	0
339	510	33	1	2214592512	0	0	0	0
339	510	38	4	2550177792	130	240	15728880	0
339	510	1	1	67108874	0	0	0	0
339	520	33	1	2214592512	0	0	0	0
339	520	38	4	2550177792	130	240	15728880	0
339	520	1	1	67108874	0	0	0	0
339	530	33	1	2214592512	0	0	0	0
339	530	38	4	2550177792	130	240	15728880	0
339	530	1	1	67108874	0	0	0	0
339	540	33	1	2214592512	0	0	0	0
339	540	38	4	2550177792	130	240	15728880	0
339	540	1	1	67108874	0	0	0	0
339	550	33	1	2214592512	0	0	0	0
339	550	38	4	2550177792	130	240	15728880	0
339	550	1	1	67108874	0	0	0	0
339	560	33	1	2214592512	0	0	0	0
339	560	38	4	2550177792	130	240	15728880	0
339	560	1	1	67108874	0	0	0	0
339	570	33	1	2214592512	0	0	0	0
339	570	38	4	2550177792	130	240	15728880	0
339	570	1	1	67108874	0	0	0	0
339	580	33	1	2214592512	0	0	0	0
339	580	38	4	2550177792	130	240	15728880	0
339	580	1	1	67108874	0	0	0	0
339	590	33	1	2214592512	0	0	0	0
339	590	38	4	2550177792	130	240	15728880	0
339	590	1	1	67108874	0	0	0	0
339	600	33	1	2214592512	0	0	0	0
339	600	38	4	2550177792	130	240	15728880	0
339	600	1	1	67108874	0	0	0	0
339	610	33	1	2214592512	0	0	0	0
339	610	38	4	2550177792	130	240	15728880	0
339	610	1	1	67108874	0	0	0	0
339	620	33	1	2214592512	0	0	0	0
339	620	38	4	2550177792	130	240	15728880	0
339	620	1	1	67108874	0	0	0	0
339	630	33	1	2214592512	0	0	0	0
339	630	38	4	2550177792	130	240	15728880	0
339	630	1	1	67108874	0	0	0	0
339	640	33	1	2214592512	0	0	0	0
339	640	38	4	2550177792	130	240	15728880	0
339	640	1	1	67108874	0	0	0	0
339	650	33	1	2214592512	0	0	0	0
339	650	38	4	2550177792	130	240	15728880	0
339	650	1	1	67108874	0	0	0	0
339	660	33	1	2214592512	0	0	0	0
339	660	38	4	2550177792	130	240	15728880	0
339	660	1	1	67108874	0	0	0	0
339	670	33	1	2214592512	0	0	0	0
339	670	38	4	2550177792	130	240	15728880	0
339	670	1	1	67108874	0	0	0	0
339	680	33	1	2214592512	0	0	0	0
339	680	38	4	2550177792	130	240	15728880	0
339	680	1	1	67108874	0	0	0	0
339	690	33	1	2214592512	0	0	0	0
339	690	38	4	2550177792	130	240	15728880	0
339	690	1	1	67108874	0	0	0	0
339	700	33	1	2214592512	0	0	0	0
339	700	38	4	2550177792	130	240	15728880	0
339	700	1	1	67108874	0	0	0	0
339	710	33	1	2214592512	0	0	0	0
339	710	38	4	2550177792	130	240	15728880	0
339	710	1	1	67108874	0	0	0	0
339	720	33	1	2214592512	0	0	0	0
339	720	38	4	2550177792	130	240	15728880	0
339	720	1	1	67108874	0	0	0	0
339	730	33	1	2214592512	0	0	0	0
339	730	38	4	2550177792	130	240	15728880	0
339	730	1	1	67108874	0	0	0	0
339	740	33	1	2214592512	0	0	0	0
339	740	38	4	2550177792	130	240	15728880	0
339	740	1	1	67108874	0	0	0	0
339	750	33	1	2214592512	0	0	0	0
339	750	38	4	2550177792	130	240	15728880	0
339	750	1	1	67108874	0	0	0	0
339	760	33	1	2214592512	0	0	0	0
339	760	38	4	2550177792	130	240	15728880	0
339	760	1	1	67108874	0	0	0	0
339	770	33	1	2214592512	0	0	0	0
339	770	38	4	2550177792	130	240	15728880	0
339	770	1	1	67108874	0	0	0	0
339	780	33	1	2214592512	0	0	0	0
339	780	38	4	2550177792	130	240	15728880	0
339	780	1	1	67108874	0	0	0	0
339	790	33	1	2214592512	0	0	0	0
339	790	38	4	2550177792	130	240	15728880	0
339	790	1	1	67108874	0	0	0	0
339	800	33	1	2214592512	0	0	0	0
339	800	38	4	2550177792	130	240	15728880	0
339	800	1	1	67108874	0	0	0	0
339	810	33	1	2214592512	0	0	0	0
339	810	38	4	2550177792	130	240	15728880	0
339	810	1	1	67108874	0	0	0	0
339	820	33	1	2214592512	0	0	0	0
339	820	38	4	2550177792	130	240	15728880	0
339	820	1	1	67108874	0	0	0	0
339	830	33	1	2214592512	0	0	0	0
339	830	38	4	2550177792	130	240	15728880	0
339	830	1	1	67108874	0	0	0	0
339	840	33	1	2214592512	0	0	0	0
339	840	38	4	2550177792	130	240	15728880	0
339	840	1	1	67108874	0	0	0	0
339	850	33	1	2214592512	0	0	0	0
339	850	38	4	2550177792	130	240	15728880	0
339	850	1	1	67108874	0	0	0	0
339	860	33	1	2214592512	0	0	0	0
339	860	38	4	2550177792	130	240	15728880	0
339	860	1	1	67108874	0	0	0	0
339	870	33	1	2214592512	0	0	0	0
339	870	38	4	2550177792	130	240	15728880	0
339	870	1	1	67108874	0	0	0	0
339	880	33	1	2214592512	0	0	0	0
339	880	38	4	2550177792	130	240	15728880	0
339	880	1	1	67108874	0	0	0	0
339	890	33	1	2214592512	0	0	0	0
339	890	38	4	2550177792	130	240	15728880	0
339	890	1	1	67108874	0	0	0	0
339	900	33	1	2214592512	0	0	0	0
339	900	38	4	2550177792	130	240	15728880	0
339	900	1	1	67108874	0	0	0	0
339	910	33	1	2214592512	0	0	0	0
339	910	38	4	2550177792	130	240	15728880	0
339	910	1	1	67108874	0	0	0	0
339	920	33	1	2214592512	0	0	0	0
339	920	38	4	2550177792	130	240	15728880	0
339	920	1	1	67108874	0	0	0	0
339	930	33	1	2214592512	0	0	0	0
339	930	38	4	2550177792	130	240	15728880	0
339	930	1	1	67108874	0	0	0	0
339	940	33	1	2214592512	0	0	0	0
339	940	38	4	2550177792	130	240	15728880	0
339	940	1	1	67108874	0	0	0	0
339	950	33	1	2214592512	0	0	0	0
339	950	38	4	2550177792	130	240	15728880	0
339	950	1	1	67108874	0	0	0	0
339	960	33	1	2214592512	0	0	0	0
339	960	38	4	2550177792	130	240	15728880	0
339	960	1	1	67108874	0	0	0	0
339	970	33	1	2214592512	0	0	0	0
339	970	38	4	2550177792	130	240	15728880	0
339	970	1	1	67108874	0	0	0	0
339	980	33	1	2214592512	0	0	0	0
339	980	38	4	2550177792	130	240	15728880	0
339	980	1	1	67108874	0	0	0	0
339	990	33	1	2214592512	0	0	0	0
339	990	38	4	2550177792	130	240	15728880	0
339	990	1	1	67108874	0	0	0	0
339	1000	33	1	2214592512	0	0	0	0
339	1000	38	4	2550177792	130	240	15728880	0
339	1000	1	1	67108874	0	0	0	0
339	1010	33	1	2214592512	0	0	0	0
339	1010	38	4	2550177792	130	240	15728880	0
339	1010	1	1	67108874	0	0	0	0
339	1020	33	1	2214592512	0	0	0	0
339	1020	38	4	2550177792	130	240	15728880	0
339	1020	1	1	67108874	0	0	0	0
339	1030	33	1	2214592512	0	0	0	0
339	1030	38	4	2550177792	130	240	15728880	0
339	1030	1	1	67108874	0	0	0	0
339	1040	33	1	2214592512	0	0	0	0
339	1040	38	4	2550177792	130	240	15728880	0
339	1040	1	1	67108874	0	0	0	0
339	1050	33	1	2214592512	0	0	0	0
339	1050	38	4	2550177792	130	240	15728880	0
339	1050	1	1	67108874	0	0	0	0
339	1060	33	1	2214592512	0	0	0	0
339	1060	38	4	2550177792	130	240	15728880	0
339	1060	1	1	67108874	0	0	0	0
339	1070	33	1	2214592512	0	0	0	0
339	1070	38	4	2550177792	130	240	15728880	0
339	1070	1	1	67108874	0	0	0	0
339	1080	33	1	2214592512	0	0	0	0
339	1080	38	4	2550177792	130	240	15728880	0
339	1080	1	1	67108874	0	0	0	0
339	1090	33	1	2214592512	0	0	0	0
339	1090	38	4	2550177792	130	240	15728880	0
339	1090	1	1	67108874	0	0	0	0
339	1100	33	1	2214592512	0	0	0	0
339	1100	38	4	2550177792	130	240	15728880	0
339	1100	1	1	67108874	0	0	0	0
339	1110	33	1	2214592512	0	0	0	0
339	1110	38	4	2550177792	130	240	15728880	0
339	1110	1	1	67108874	0	0	0	0
339	1120	33	1	2214592512	0	0	0	0
339	1120	38	4	2550177792	130	240	15728880	0
339	1120	1	1	67108874	0	0	0	0
339	1130	33	1	2214592512	0	0	0	0
339	1130	38	4	2550177792	130	240	15728880	0
339	1130	1	1	67108874	0	0	0	0
339	1140	33	1	2214592512	0	0	0	0
339	1140	38	4	2550177792	130	240	15728880	0
339	1140	1	1	67108874	0	0	0	0
339	1150	33	1	2214592512	0	0	0	0
339	1150	38	4	2550177792	130	240	15728880	0
339	1150	1	1	67108874	0	0	0	0
339	1160	33	1	2214592512	0	0	0	0
339	1160	38	4	2550177792	130	240	15728880	0
339	1160	1	1	67108874	0	0	0	0
339	1170	33	1	2214592512	0	0	0	0
339	1170	38	4	2550177792	130	240	15728880	0
339	1170	1	1	67108874	0	0	0	0
339	1180	33	1	2214592512	0	0	0	0
339	1180	38	4	2550177792	130	240	15728880	0
339	1180	1	1	67108874	0	0	0	0
339	1190	33	1	2214592512	0	0	0	0
339	1190	38	4	2550177792	130	240	15728880	0
339	1190	1	1	67108874	0	0	0	0
339	1200	33	1	2214592512	0	0	0	0
340	0	18	1	1207960947	0	0	0	0
340	0	43	1	2885681157	0	0	0	0
340	0	43	1	2886729733	0	0	0	0
340	0	47	1	3154116611	0	0	0	0
340	0	38	4	2550228992	130	240	15728880	0
340	0	1	1	67108874	0	0	0	0
341	0	49	1	3288334345	0	0	0	0
341	0	38	4	2550180864	0	0	0	0
341	0	17	1	1140852079	0	0	0	0
341	0	14	1	939524113	0	0	0	0
341	0	38	4	2550168576	0	0	0	0
341	0	29	1	1946157059	0	0	0	0
341	0	2	1	134217752	0	0	0	0
341	24	29	1	1946157057	0	0	0	0
341	24	0	1	0	0	0	0	0
342	0	49	1	3288334343	0	0	0	0
342	0	38	4	2550180864	0	0	0	0
342	0	17	1	1140852079	0	0	0	0
342	0	14	1	939524107	0	0	0	0
342	0	38	4	2550168576	0	0	0	0
342	0	29	1	1946157059	0	0	0	0
342	0	2	1	134217748	0	0	0	0
342	20	29	1	1946157057	0	0	0	0
342	20	50	1	3355443207	0	0	0	0
342	20	0	1	0	0	0	0	0
343	0	17	1	1140852086	0	0	0	0
343	0	49	1	3288334342	0	0	0	0
343	0	1	1	67108874	0	0	0	0
344	0	2	1	134217732	0	0	0	0
344	4	17	1	1140852078	0	0	0	0
344	4	3	5	201326928	17039360	9830600	1514553347	21103872
344	4	38	4	2550156288	0	0	0	0
344	4	19	1	1275068457	0	0	0	0
344	4	1	1	67108868	0	0	0	0
344	8	8	1	537133056	0	0	0	0
344	8	2	1	134217746	0	0	0	0
344	18	6	1	402653184	0	0	0	0
344	18	47	1	3154116612	0	0	0	0
344	18	38	4	2550153216	0	0	0	0
344	18	32	1	2147483650	0	0	0	0
344	18	1	1	67108872	0	0	0	0
344	26	38	4	2550148096	0	4287102976	3932160	0
344	26	33	1	2214592512	0	0	0	0
344	26	1	1	67108872	0	0	0	0
344	34	38	4	2550148096	0	4287102976	3932160	0
344	34	33	1	2214592512	0	0	0	0
344	34	47	1	3154116608	0	0	0	0
344	34	0	1	0	0	0	0	0
345	0	2	1	134217740	0	0	0	0
345	12	14	1	939524273	0	0	0	0
345	12	17	1	1140852077	0	0	0	0
345	12	22	1	1476395009	0	0	0	0
345	12	23	1	1543503873	0	0	0	0
345	12	38	4	2558032896	0	0	0	0
345	12	38	4	2550153216	0	4287102976	0	0
345	12	3	5	201449904	20381646	0	503623683	340527616
345	12	3	5	209838512	20316230	0	503623683	340527616
345	12	49	1	3288334342	0	0	0	0
345	12	2	1	134217756	0	0	0	0
345	28	6	1	402653184	0	0	0	0
345	28	2	1	134217758	0	0	0	0
345	30	23	1	1543503874	0	0	0	0
345	30	0	1	0	0	0	0	0
346	0	14	1	939524330	0	0	0	0
346	0	17	1	1140852081	0	0	0	0
346	0	43	1	2885681156	0	0	0	0
346	0	43	1	2886729732	0	0	0	0
346	0	22	1	1476395009	0	0	0	0
346	0	2	1	134217756	0	0	0	0
346	28	3	5	201375750	39321600	4587520	1514553346	0
346	28	49	1	3288416263	0	0	0	0
346	28	43	1	2885681157	0	0	0	0
346	28	43	1	2886729733	0	0	0	0
346	28	1	1	67108872	0	0	0	0
346	36	9	1	603987456	0	0	0	0
346	36	2	1	134217797	0	0	0	0
346	69	9	1	604056576	0	0	0	0
346	69	49	1	3288416263	0	0	0	0
346	69	1	1	67108872	0	0	0	0
346	77	9	1	603987456	0	0	0	0
346	77	2	1	134217841	0	0	0	0
346	113	9	1	604077056	0	0	0	0
346	113	49	1	3288416263	0	0	0	0
346	113	43	1	2885681156	0	0	0	0
346	113	43	1	2886729732	0	0	0	0
346	113	1	1	67108869	0	0	0	0
346	118	43	1	2885681152	0	0	0	0
346	118	43	1	2886729728	0	0	0	0
346	118	1	1	67108872	0	0	0	0
346	126	6	1	402653184	0	0	0	0
346	126	0	1	0	0	0	0	0
347	0	49	1	3288580103	0	0	0	0
347	0	14	1	939524329	0	0	0	0
347	0	17	1	1140852082	0	0	0	0
347	0	29	1	1946157059	0	0	0	0
347	0	1	1	67108865	0	0	0	0
347	1	3	5	201327232	7864320	9830400	1514635267	5119488
347	1	1	1	67108865	0	0	0	0
347	2	6	1	402653184	0	0	0	0
347	2	43	1	2885681156	0	0	0	0
347	2	43	1	2886729732	0	0	0	0
347	2	2	1	134217755	0	0	0	0
347	27	43	1	2885681157	0	0	0	0
347	27	43	1	2886729733	0	0	0	0
347	27	2	1	134217758	0	0	0	0
347	30	29	1	1946157057	0	0	0	0
347	30	2	1	134217908	0	0	0	0
347	180	43	1	2885681156	0	0	0	0
347	180	43	1	2886729732	0	0	0	0
347	180	2	1	134217938	0	0	0	0
347	210	43	1	2885681152	0	0	0	0
347	210	43	1	2886729728	0	0	0	0
347	210	17	1	1140852084	0	0	0	0
347	210	1	1	67108884	0	0	0	0
348	0	2	1	134217733	0	0	0	0
348	5	22	1	1476395009	0	0	0	0
348	5	3	5	201597392	15794146	0	1514676227	4325376
348	5	3	5	209986000	17039470	0	1514676227	4325376
348	5	19	1	1275068457	0	0	0	0
348	5	1	1	67108868	0	0	0	0
348	9	3	5	201597264	15794146	0	1514676227	2228224
348	9	3	5	209985872	17039470	0	1514676227	2228224
348	9	19	1	1275068458	0	0	0	0
348	9	1	1	67108872	0	0	0	0
348	17	22	1	1476395008	0	0	0	0
348	17	6	1	402653184	0	0	0	0
348	17	0	1	0	0	0	0	0
349	0	2	1	134217732	0	0	0	0
349	4	22	1	1476395028	0	0	0	0
349	4	3	5	201458128	14483396	0	3917889539	4194304
349	4	3	5	209846736	16384120	0	3917889539	4194304
349	4	19	1	1275068457	0	0	0	0
349	4	1	1	67108873	0	0	0	0
349	13	22	1	1476395008	0	0	0	0
349	13	6	1	402653184	0	0	0	0
349	13	0	1	0	0	0	0	0
350	0	17	1	1140851999	0	0	0	0
350	0	14	1	939524190	0	0	0	0
350	0	38	4	2550150144	0	0	0	0
350	0	0	1	0	0	0	0	0
351	0	14	1	939524189	0	0	0	0
351	0	32	1	2147483650	0	0	0	0
351	0	38	4	2550148096	0	100	6553700	0
351	0	1	1	67108870	0	0	0	0
351	6	33	1	2214592512	0	0	0	0
351	6	38	4	2550148096	0	100	6553700	0
351	6	1	1	67108870	0	0	0	0
351	12	33	1	2214592512	0	0	0	0
351	12	0	1	0	0	0	0	0
352	0	2	1	134217732	0	0	0	0
352	4	38	4	2550153216	0	0	0	0
352	4	14	1	939524107	0	0	0	0
352	4	29	1	1946157059	0	0	0	0
352	4	2	1	134217748	0	0	0	0
352	20	29	1	1946157057	0	0	0	0
352	20	22	1	1476395009	0	0	0	0
352	20	0	1	0	0	0	0	0
353	0	49	1	3288334343	0	0	0	0
353	0	38	4	2550180864	0	0	0	0
353	0	17	1	1140852002	0	0	0	0
353	0	14	1	939524107	0	0	0	0
353	0	38	4	2550168576	0	0	0	0
353	0	29	1	1946157059	0	0	0	0
353	0	2	1	134217748	0	0	0	0
353	20	29	1	1946157057	0	0	0	0
353	20	50	1	3355443207	0	0	0	0
353	20	0	1	0	0	0	0	0
354	0	2	1	134217732	0	0	0	0
354	4	38	4	2550152192	0	0	0	0
354	4	14	1	939524107	0	0	0	0
354	4	29	1	1946157059	0	0	0	0
354	4	2	1	134217748	0	0	0	0
354	20	29	1	1946157057	0	0	0	0
354	20	0	1	0	0	0	0	0
355	0	49	1	3288334345	0	0	0	0
355	0	38	4	2550180864	0	0	0	0
355	0	17	1	1140852002	0	0	0	0
355	0	14	1	939524113	0	0	0	0
355	0	38	4	2550168576	0	0	0	0
355	0	29	1	1946157059	0	0	0	0
355	0	2	1	134217752	0	0	0	0
355	24	29	1	1946157057	0	0	0	0
355	24	0	1	0	0	0	0	0
356	0	38	4	2616756224	0	0	0	0
356	0	14	1	939525412	0	0	0	0
356	0	17	1	1140852001	0	0	0	0
356	0	43	1	2885681159	0	0	0	0
356	0	29	1	1946157059	0	0	0	0
357	0	47	1	3154116611	0	0	0	0
357	0	17	1	1140852000	0	0	0	0
357	0	43	1	2885681159	0	0	0	0
357	0	32	1	2147483654	0	0	0	0
357	0	38	4	2550177792	130	200	17039560	0
357	0	1	1	67108884	0	0	0	0
357	20	33	1	2214592512	0	0	0	0
357	20	38	4	2550177792	130	200	17039560	0
357	20	1	1	67108884	0	0	0	0
357	40	33	1	2214592512	0	0	0	0
357	40	38	4	2550177792	130	200	17039560	0
357	40	1	1	67108884	0	0	0	0
357	60	33	1	2214592512	0	0	0	0
357	60	38	4	2550177792	130	200	17039560	0
357	60	1	1	67108884	0	0	0	0
357	80	33	1	2214592512	0	0	0	0
357	80	38	4	2550177792	130	200	17039560	0
357	80	1	1	67108884	0	0	0	0
357	100	33	1	2214592512	0	0	0	0
357	100	38	4	2550177792	130	200	17039560	0
357	100	1	1	67108884	0	0	0	0
357	120	33	1	2214592512	0	0	0	0
358	0	29	1	1946157059	0	0	0	0
358	0	38	4	2550168576	0	0	0	0
358	0	20	1	1342177280	0	0	0	0
358	0	2	1	134217730	0	0	0	0
358	2	48	1	3221225472	0	0	0	0
358	2	51	1	3425959936	0	0	0	0
358	2	2	1	134217732	0	0	0	0
358	4	3	5	201466048	11796480	9830400	1514553747	21102592
358	4	3	5	209854656	11796480	0	1514553747	21102592
358	4	19	1	1275068457	0	0	0	0
358	4	38	4	2550156288	65456	4283170816	0	0
358	4	1	1	67108866	0	0	0	0
358	6	29	1	1946157057	0	0	0	0
358	6	1	1	67108867	0	0	0	0
358	9	6	1	402653184	0	0	0	0
358	9	1	1	67108866	0	0	0	0
358	11	51	1	3422814207	0	0	0	0
358	11	0	1	0	0	0	0	0
359	0	38	4	2550168576	0	0	0	0
359	0	29	1	1946157059	0	0	0	0
359	0	20	1	1342177280	0	0	0	0
359	0	2	1	134217730	0	0	0	0
359	2	48	1	3221225472	0	0	0	0
359	2	51	1	3425959936	0	0	0	0
359	2	2	1	134217732	0	0	0	0
359	4	3	5	201466048	11796480	9830400	1514553747	19005440
359	4	3	5	209854656	11796480	0	1514553747	19005440
359	4	19	1	1275068457	0	0	0	0
359	4	38	4	2550156288	65456	4283170816	0	0
359	4	1	1	67108865	0	0	0	0
359	5	29	1	1946157057	0	0	0	0
359	5	1	1	67108868	0	0	0	0
359	9	6	1	402653184	0	0	0	0
359	9	29	1	1946157059	0	0	0	0
359	9	1	1	67108867	0	0	0	0
359	12	51	1	3422814207	0	0	0	0
359	12	0	1	0	0	0	0	0
360	0	48	1	3221225472	0	0	0	0
360	0	51	1	3425959936	0	0	0	0
360	0	29	1	1946157059	0	0	0	0
360	0	2	1	134217748	0	0	0	0
360	20	38	4	2550150144	0	0	0	0
360	20	3	5	201466048	11796480	9830400	1514553707	19005440
360	20	3	5	209854656	11796480	0	1514553707	19005440
360	20	1	1	67108866	0	0	0	0
360	22	6	1	402653184	0	0	0	0
360	22	1	1	67108867	0	0	0	0
360	25	11	1	738197504	0	0	0	0
360	25	11	1	738197505	0	0	0	0
360	25	29	1	1946157057	0	0	0	0
360	25	1	1	67108867	0	0	0	0
360	28	6	1	402653184	0	0	0	0
360	28	1	1	67108878	0	0	0	0
360	42	51	1	3422814207	0	0	0	0
360	42	0	1	0	0	0	0	0
361	0	48	1	3221225472	0	0	0	0
361	0	51	1	3425959936	0	0	0	0
361	0	29	1	1946157059	0	0	0	0
361	0	2	1	134217748	0	0	0	0
361	20	38	4	2550150144	0	0	0	0
361	20	3	5	201466048	11796480	9830400	1514553707	19005440
361	20	3	5	209854656	11796480	0	1514553707	19005440
361	20	1	1	67108866	0	0	0	0
361	22	6	1	402653184	0	0	0	0
361	22	1	1	67108867	0	0	0	0
361	25	11	1	738197504	0	0	0	0
361	25	11	1	738197505	0	0	0	0
361	25	29	1	1946157057	0	0	0	0
361	25	1	1	67108867	0	0	0	0
361	28	6	1	402653184	0	0	0	0
361	28	51	1	3422814207	0	0	0	0
361	28	0	1	0	0	0	0	0
362	0	47	1	3154116612	0	0	0	0
362	0	20	1	1342177280	0	0	0	0
362	0	2	1	134217735	0	0	0	0
362	7	3	5	201326992	11141120	18350230	1514553347	21104640
362	7	3	5	209715536	11141170	18415466	1514553347	21103872
362	7	3	5	218104208	11141120	5242880	1514553347	21104640
362	7	38	4	2550156288	0	0	0	0
362	7	19	1	1275068457	0	0	0	0
362	7	1	1	67108868	0	0	0	0
362	11	1	1	67108881	0	0	0	0
362	28	6	1	402653184	0	0	0	0
362	28	0	1	0	0	0	0	0
363	0	48	1	3221225472	0	0	0	0
363	0	2	1	134217733	0	0	0	0
363	5	51	1	3425959936	0	0	0	0
363	5	2	1	134217737	0	0	0	0
363	9	47	1	3154116612	0	0	0	0
363	9	3	5	201466352	16384000	9830400	1514553347	4326656
363	9	3	5	209854960	16384000	0	1514553347	4326656
363	9	19	1	1275068457	0	0	0	0
363	9	2	1	134217739	0	0	0	0
363	11	2	1	134217743	0	0	0	0
363	15	52	1	3489677248	0	0	0	0
363	15	6	1	402653184	0	0	0	0
363	15	2	1	134217748	0	0	0	0
363	20	51	1	3422814207	0	0	0	0
363	20	2	1	134217768	0	0	0	0
363	40	47	1	3154116611	0	0	0	0
363	40	38	4	2550148096	0	4287102976	3932160	0
363	40	0	1	0	0	0	0	0
364	0	48	1	3221225472	0	0	0	0
364	0	2	1	134217730	0	0	0	0
364	2	47	1	3154116612	0	0	0	0
364	2	51	1	3425959936	0	0	0	0
364	2	2	1	134217733	0	0	0	0
364	5	3	5	201466192	16384000	9830400	3959832579	4325376
364	5	3	5	209854800	16384000	0	3959832579	4325376
364	5	19	1	1275068459	0	0	0	0
364	5	1	1	67108870	0	0	0	0
364	11	6	1	402653184	0	0	0	0
364	11	2	1	134217743	0	0	0	0
364	15	51	1	3422814207	0	0	0	0
364	15	47	1	3154116608	0	0	0	0
364	15	0	1	0	0	0	0	0
365	0	48	1	3221225472	0	0	0	0
365	0	20	1	1342177280	0	0	0	0
365	0	2	1	134217733	0	0	0	0
365	5	38	4	2559081472	0	11796480	0	0
365	5	51	1	3425959936	0	0	0	0
365	5	2	1	134217737	0	0	0	0
365	9	38	4	2550156288	0	4285136896	0	0
365	9	47	1	3154116612	0	0	0	0
365	9	3	5	201466448	18350080	9830400	1514553347	4327936
365	9	3	5	209855056	18350080	0	1514553347	4327936
365	9	19	1	1275068457	0	0	0	0
365	9	2	1	134217739	0	0	0	0
365	11	14	1	939524395	0	0	0	0
365	11	2	1	134217743	0	0	0	0
365	15	6	1	402653184	0	0	0	0
365	15	2	1	134217748	0	0	0	0
365	20	51	1	3422814207	0	0	0	0
365	20	2	1	134217768	0	0	0	0
365	40	47	1	3154116611	0	0	0	0
365	40	14	1	939524173	0	0	0	0
365	40	38	4	2550148096	0	4287102976	3932160	0
365	40	0	1	0	0	0	0	0
366	0	48	1	3221225472	0	0	0	0
366	0	2	1	134217732	0	0	0	0
366	4	51	1	3425959936	0	0	0	0
366	4	38	4	2558032896	3932160	0	0	0
366	4	2	1	134217740	0	0	0	0
366	12	38	4	2550150144	0	0	0	0
366	12	20	1	1342177280	0	0	0	0
366	12	3	5	201326672	16384000	23593080	482754643	2228224
366	12	3	5	209715280	16384000	23658376	482754643	2228224
366	12	3	5	218103888	19660800	10485760	377897043	2228224
366	12	19	1	1275068458	0	0	0	0
366	12	1	1	67108866	0	0	0	0
366	14	6	1	402653184	0	0	0	0
366	14	1	1	67108866	0	0	0	0
366	16	32	1	2147483651	0	0	0	0
366	16	11	1	738197504	0	0	0	0
366	16	11	1	738197505	0	0	0	0
366	16	11	1	738197506	0	0	0	0
366	16	19	1	1275068458	0	0	0	0
366	16	1	1	67108866	0	0	0	0
366	18	6	1	402653184	0	0	0	0
366	18	1	1	67108866	0	0	0	0
366	20	33	1	2214592512	0	0	0	0
366	20	11	1	738197504	0	0	0	0
366	20	11	1	738197505	0	0	0	0
366	20	11	1	738197506	0	0	0	0
366	20	19	1	1275068458	0	0	0	0
366	20	1	1	67108866	0	0	0	0
366	22	6	1	402653184	0	0	0	0
366	22	1	1	67108866	0	0	0	0
366	24	33	1	2214592512	0	0	0	0
366	24	11	1	738197504	0	0	0	0
366	24	11	1	738197505	0	0	0	0
366	24	11	1	738197506	0	0	0	0
366	24	19	1	1275068458	0	0	0	0
366	24	1	1	67108866	0	0	0	0
366	26	6	1	402653184	0	0	0	0
366	26	1	1	67108866	0	0	0	0
366	28	33	1	2214592512	0	0	0	0
366	28	3	5	201326928	18350080	29491320	335994883	4334336
366	28	3	5	209715536	18350080	29556616	335994883	4334336
366	28	3	5	218104144	19660800	10485760	335994883	4334336
366	28	19	1	1275068457	0	0	0	0
366	28	38	4	2550150144	0	0	0	0
366	28	1	1	67108868	0	0	0	0
366	32	6	1	402653184	0	0	0	0
366	32	1	1	67108868	0	0	0	0
366	36	51	1	3422814207	0	0	0	0
366	36	0	1	0	0	0	0	0
367	0	48	1	3221225472	0	0	0	0
367	0	47	1	3154116611	0	0	0	0
367	0	2	1	134217732	0	0	0	0
367	4	47	1	3154116612	0	0	0	0
367	4	2	1	134217732	0	0	0	0
367	4	51	1	3425959936	0	0	0	0
367	4	2	1	134217735	0	0	0	0
367	7	38	4	2555935744	0	11796570	5898330	0
367	7	38	4	2550152192	0	9830400	0	0
367	7	20	1	1342177280	0	0	0	0
367	7	19	1	1275068457	0	0	0	0
367	7	3	5	201466384	18350080	9830400	168181763	4327936
367	7	3	5	209854992	18350080	0	168181763	4327936
367	7	1	1	67108869	0	0	0	0
367	12	6	1	402653184	0	0	0	0
367	12	1	1	67108866	0	0	0	0
367	14	51	1	3422814207	0	0	0	0
367	14	2	1	134217744	0	0	0	0
367	16	51	1	3425959936	0	0	0	0
367	16	2	1	134217745	0	0	0	0
367	17	38	4	2550153216	0	4285136896	0	0
367	17	38	4	2555935744	0	11796570	5898330	0
367	17	19	1	1275068458	0	0	0	0
367	17	11	1	738197504	0	0	0	0
367	17	11	1	738197505	0	0	0	0
367	17	1	1	67108867	0	0	0	0
367	20	6	1	402653184	0	0	0	0
367	20	1	1	67108866	0	0	0	0
367	22	51	1	3422814207	0	0	0	0
367	22	2	1	134217770	0	0	0	0
367	42	47	1	3154116611	0	0	0	0
367	42	0	1	0	0	0	0	0
368	0	2	1	134217731	0	0	0	0
368	3	22	1	1476395058	0	0	0	0
368	3	3	5	201597392	15728650	0	1514553347	4325376
368	3	3	5	209945040	15728650	0	1514553347	4325376
368	3	3	5	218145232	17039360	0	1514553347	4325376
368	3	19	1	1275068458	0	0	0	0
368	3	1	1	67108872	0	0	0	0
368	11	3	5	201597264	15728650	0	1514553347	2228224
368	11	3	5	209944912	15728650	0	1514553347	2228224
368	11	3	5	218145136	17039360	0	1514553347	2228224
368	11	1	1	67108894	0	0	0	0
368	41	22	1	1476395008	0	0	0	0
368	41	6	1	402653184	0	0	0	0
368	41	0	1	0	0	0	0	0
369	0	48	1	3221225472	0	0	0	0
369	0	2	1	134217732	0	0	0	0
369	4	51	1	3425959936	0	0	0	0
369	4	2	1	134217735	0	0	0	0
369	7	22	1	1476395028	0	0	0	0
369	7	3	5	201466256	16384000	9830400	461783043	4982016
369	7	3	5	209854864	13107200	0	461783043	4982016
369	7	19	1	1275068457	0	0	0	0
369	7	1	1	67108882	0	0	0	0
369	25	22	1	1476395008	0	0	0	0
369	25	6	1	402653184	0	0	0	0
369	25	1	1	67108866	0	0	0	0
369	27	51	1	3422814207	0	0	0	0
369	27	0	1	0	0	0	0	0
370	0	48	1	3221225472	0	0	0	0
370	0	2	1	134217733	0	0	0	0
370	5	51	1	3425959936	0	0	0	0
370	5	2	1	134217734	0	0	0	0
370	6	22	1	1476395028	0	0	0	0
370	6	3	5	201466352	14417940	9830400	335953923	4327936
370	6	3	5	209854960	14417940	0	335953923	4327936
370	6	19	1	1275068457	0	0	0	0
370	6	1	1	67108865	0	0	0	0
370	7	9	1	604015616	0	0	0	0
370	7	9	1	612404224	0	0	0	0
370	7	1	1	67108865	0	0	0	0
370	8	3	5	201466192	16384000	9895896	335953923	2229504
370	8	3	5	209854800	16384000	65496	335953923	2229504
370	8	1	1	67108880	0	0	0	0
370	24	6	1	402653184	0	0	0	0
370	24	1	1	67108866	0	0	0	0
370	26	22	1	1476395008	0	0	0	0
370	26	51	1	3422814207	0	0	0	0
370	26	0	1	0	0	0	0	0
371	0	48	1	3221225472	0	0	0	0
371	0	2	1	134217736	0	0	0	0
371	8	51	1	3425959936	0	0	0	0
371	8	2	1	134217738	0	0	0	0
371	10	22	1	1476395028	0	0	0	0
371	10	3	5	201466320	14417920	9830400	3917889539	4325376
371	10	3	5	209854928	14417920	0	3917889539	4325376
371	10	19	1	1275068457	0	0	0	0
371	10	1	1	67108880	0	0	0	0
371	26	6	1	402653184	0	0	0	0
371	26	22	1	1476395008	0	0	0	0
371	26	1	1	67108868	0	0	0	0
371	30	51	1	3422814207	0	0	0	0
371	30	0	1	0	0	0	0	0
372	0	38	4	2550168576	0	7864520	13107400	0
372	0	32	1	2147483651	0	0	0	0
372	0	38	4	2550147072	0	7864520	13107400	0
372	0	1	1	67108868	0	0	0	0
372	4	33	1	2214592512	0	0	0	0
372	4	38	4	2550147072	0	7864520	13107400	0
372	4	1	1	67108868	0	0	0	0
372	8	33	1	2214592512	0	0	0	0
372	8	38	4	2550147072	0	7864520	13107400	0
372	8	1	1	67108868	0	0	0	0
372	12	33	1	2214592512	0	0	0	0
373	0	47	1	3154116611	0	0	0	0
373	0	38	4	2550148096	0	4287102976	3932160	0
373	0	2	1	134217734	0	0	0	0
373	6	3	5	201408560	19660800	0	1514553347	2097152
373	6	14	1	939524115	0	0	0	0
373	6	1	1	67108865	0	0	0	0
373	7	6	1	402653184	0	0	0	0
373	7	0	1	0	0	0	0	0
374	0	2	1	134217738	0	0	0	0
374	10	29	1	1946157058	0	0	0	0
374	10	2	1	134217747	0	0	0	0
374	19	19	1	1275068457	0	0	0	0
374	19	17	1	1140852006	0	0	0	0
374	19	38	4	2550156288	0	4285136896	0	0
374	19	1	1	67108866	0	0	0	0
374	21	14	1	939524114	0	0	0	0
374	21	38	4	2550168576	340	9830400	0	0
374	21	38	4	2616755200	0	0	0	0
374	21	23	1	1543503873	0	0	0	0
374	21	29	1	1946157057	0	0	0	0
374	21	0	1	0	0	0	0	0
375	0	1	1	67108867	0	0	0	0
375	3	29	1	1946157058	0	0	0	0
375	3	1	1	67108872	0	0	0	0
375	11	22	1	1476395009	0	0	0	0
375	11	2	1	134217754	0	0	0	0
375	26	20	1	1342177280	0	0	0	0
375	26	29	1	1946157057	0	0	0	0
375	26	38	4	2550168576	200	4276617216	0	0
375	26	38	4	2550156288	0	9830400	0	0
375	26	38	4	2616755200	0	0	0	0
375	26	14	1	939524137	0	0	0	0
375	26	23	1	1543503873	0	0	0	0
375	26	0	1	0	0	0	0	0
376	0	52	1	3489677120	0	0	0	0
376	0	2	1	134217730	0	0	0	0
376	2	14	1	939524203	0	0	0	0
376	2	38	4	2550148096	0	3932160	0	0
376	2	1	1	67108874	0	0	0	0
376	12	14	1	939524203	0	0	0	0
376	12	38	4	2550148096	0	3932160	0	0
376	12	37	1	2483027968	0	0	0	0
377	0	52	1	3489742680	0	0	0	0
377	0	14	1	939524214	0	0	0	0
377	0	32	1	2147483650	0	0	0	0
377	0	38	4	2550148096	0	4287102976	3932160	0
377	0	1	1	67108870	0	0	0	0
377	6	33	1	2214592512	0	0	0	0
377	6	38	4	2550148096	0	4287102976	3932160	0
377	6	1	1	67108870	0	0	0	0
377	12	33	1	2214592512	0	0	0	0
377	12	1	1	67108866	0	0	0	0
377	14	52	1	3489677208	0	0	0	0
377	14	0	1	0	0	0	0	0
378	0	14	1	939524181	0	0	0	0
378	0	17	1	1140851407	0	0	0	0
378	0	32	1	2147483650	0	0	0	0
378	0	38	4	2550148096	0	100	6553700	0
378	0	1	1	67108870	0	0	0	0
378	6	33	1	2214592512	0	0	0	0
378	6	38	4	2550148096	0	100	6553700	0
378	6	1	1	67108870	0	0	0	0
378	12	33	1	2214592512	0	0	0	0
378	12	0	1	0	0	0	0	0
379	0	47	1	3154116611	0	0	0	0
379	0	2	1	134217734	0	0	0	0
379	6	3	5	201572400	18415576	0	1514553347	2097152
379	6	14	1	939524115	0	0	0	0
379	6	1	1	67108865	0	0	0	0
379	7	6	1	402653184	0	0	0	0
379	7	0	1	0	0	0	0	0
380	0	17	1	1140851406	0	0	0	0
380	0	2	1	134217732	0	0	0	0
380	4	29	1	1946157058	0	0	0	0
380	4	2	1	134217738	0	0	0	0
380	10	38	4	2550168576	380	20971520	0	0
380	10	38	4	2550156288	0	4285136896	0	0
380	10	38	4	2616755200	0	0	0	0
380	10	23	1	1543503873	0	0	0	0
380	10	14	1	939524114	0	0	0	0
380	10	2	1	134217740	0	0	0	0
380	12	29	1	1946157057	0	0	0	0
380	12	0	1	0	0	0	0	0
381	0	17	1	1140851406	0	0	0	0
381	0	2	1	134217732	0	0	0	0
381	4	29	1	1946157058	0	0	0	0
381	4	2	1	134217739	0	0	0	0
381	11	3	5	201490752	15073420	0	1514512387	21103872
381	11	3	5	209879360	15073280	0	1514512387	21103872
381	11	38	4	2550168576	320	4272685056	0	0
381	11	38	4	2550156288	0	4285136896	0	0
381	11	38	4	2616755200	0	0	0	0
381	11	2	1	134217741	0	0	0	0
381	13	29	1	1946157057	0	0	0	0
381	13	1	1	67108870	0	0	0	0
381	19	23	1	1543503874	0	0	0	0
381	19	14	1	939524114	0	0	0	0
381	19	6	1	402653184	0	0	0	0
381	19	0	1	0	0	0	0	0
382	0	2	1	134217732	0	0	0	0
382	4	38	4	2550153216	0	0	0	0
382	4	14	1	939524107	0	0	0	0
382	4	17	1	1140851401	0	0	0	0
382	4	29	1	1946157059	0	0	0	0
382	4	2	1	134217748	0	0	0	0
382	20	29	1	1946157057	0	0	0	0
382	20	22	1	1476395009	0	0	0	0
382	20	0	1	0	0	0	0	0
383	0	2	1	134217732	0	0	0	0
383	4	38	4	2550152192	0	0	0	0
383	4	14	1	939524107	0	0	0	0
383	4	17	1	1140851401	0	0	0	0
383	4	29	1	1946157059	0	0	0	0
383	4	2	1	134217748	0	0	0	0
383	20	29	1	1946157057	0	0	0	0
383	20	0	1	0	0	0	0	0
384	0	49	1	3288334343	0	0	0	0
384	0	38	4	2550180864	0	0	0	0
384	0	17	1	1140851401	0	0	0	0
384	0	14	1	939524107	0	0	0	0
384	0	38	4	2550168576	0	0	0	0
384	0	29	1	1946157059	0	0	0	0
384	0	2	1	134217748	0	0	0	0
384	20	29	1	1946157057	0	0	0	0
384	20	50	1	3355443207	0	0	0	0
384	20	0	1	0	0	0	0	0
385	0	17	1	1140851401	0	0	0	0
385	0	14	1	939524113	0	0	0	0
385	0	38	4	2550168576	0	0	0	0
385	0	29	1	1946157059	0	0	0	0
385	0	2	1	134217752	0	0	0	0
385	24	29	1	1946157057	0	0	0	0
385	24	0	1	0	0	0	0	0
386	0	17	1	1140851404	0	0	0	0
386	0	0	1	0	0	0	0	0
387	0	17	1	1140851402	0	0	0	0
387	0	43	1	2885681153	0	0	0	0
387	0	43	1	2886729729	0	0	0	0
387	0	38	4	2616756224	0	0	0	0
387	0	29	1	1946157059	0	0	0	0
388	0	47	1	3154116611	0	0	0	0
388	0	17	1	1140851410	0	0	0	0
388	0	43	1	2885681153	0	0	0	0
388	0	43	1	2886729729	0	0	0	0
388	0	32	1	2147483657	0	0	0	0
388	0	38	4	2550177792	130	200	17039560	0
388	0	1	1	67108874	0	0	0	0
388	10	33	1	2214592512	0	0	0	0
388	10	38	4	2550177792	130	200	17039560	0
388	10	1	1	67108874	0	0	0	0
388	20	33	1	2214592512	0	0	0	0
388	20	38	4	2550177792	130	200	17039560	0
388	20	1	1	67108874	0	0	0	0
388	30	33	1	2214592512	0	0	0	0
388	30	38	4	2550177792	130	200	17039560	0
388	30	1	1	67108874	0	0	0	0
388	40	33	1	2214592512	0	0	0	0
388	40	38	4	2550177792	130	200	17039560	0
388	40	1	1	67108874	0	0	0	0
388	50	33	1	2214592512	0	0	0	0
388	50	38	4	2550177792	130	200	17039560	0
388	50	1	1	67108874	0	0	0	0
388	60	33	1	2214592512	0	0	0	0
388	60	38	4	2550177792	130	200	17039560	0
388	60	1	1	67108874	0	0	0	0
388	70	33	1	2214592512	0	0	0	0
388	70	38	4	2550177792	130	200	17039560	0
388	70	1	1	67108874	0	0	0	0
388	80	33	1	2214592512	0	0	0	0
388	80	38	4	2550177792	130	200	17039560	0
388	80	1	1	67108874	0	0	0	0
388	90	33	1	2214592512	0	0	0	0
389	0	18	1	1207960275	0	0	0	0
389	0	43	1	2885681153	0	0	0	0
389	0	47	1	3154116611	0	0	0	0
389	0	38	4	2550228992	130	240	15728880	0
389	0	1	1	67108874	0	0	0	0
390	0	47	1	3154116611	0	0	0	0
390	0	49	1	3288334342	0	0	0	0
390	0	17	1	1140851409	0	0	0	0
390	0	1	1	67108876	0	0	0	0
390	12	19	1	1275068676	0	0	0	0
390	12	1	1	67108900	0	0	0	0
390	48	19	1	1275068675	0	0	0	0
390	48	2	1	134217788	0	0	0	0
390	60	22	1	1476395009	0	0	0	0
390	60	0	1	0	0	0	0	0
391	0	47	1	3154116611	0	0	0	0
391	0	2	1	134217731	0	0	0	0
391	3	3	5	201392272	13107340	0	294010883	655360
391	3	3	5	209780880	13107200	0	294010883	655360
391	3	19	1	1275068459	0	0	0	0
391	3	1	1	67108866	0	0	0	0
391	5	6	1	402653184	0	0	0	0
391	5	2	1	134217738	0	0	0	0
391	10	22	1	1476395009	0	0	0	0
391	10	0	1	0	0	0	0	0
392	0	47	1	3154116611	0	0	0	0
392	0	2	1	134217732	0	0	0	0
392	4	3	5	201441424	13107340	0	294010883	655360
392	4	3	5	209830032	13107200	0	294010883	655360
392	4	19	1	1275068459	0	0	0	0
392	4	1	1	67108867	0	0	0	0
392	7	6	1	402653184	0	0	0	0
392	7	2	1	134217738	0	0	0	0
392	10	22	1	1476395009	0	0	0	0
392	10	0	1	0	0	0	0	0
393	0	47	1	3154116612	0	0	0	0
393	0	2	1	134217732	0	0	0	0
393	4	3	5	201490768	15073420	0	252026883	21106432
393	4	3	5	209879376	15073280	0	252026883	21106432
393	4	38	4	2550156288	0	0	0	0
393	4	19	1	1275068457	0	0	0	0
393	4	1	1	67108868	0	0	0	0
393	8	3	5	201490672	15073420	0	252026883	21105152
393	8	3	5	209879280	15073280	0	252026883	21105152
393	8	1	1	67108880	0	0	0	0
393	24	6	1	402653184	0	0	0	0
393	24	47	1	3154116608	0	0	0	0
393	24	1	1	67108879	0	0	0	0
393	39	52	1	3539992576	0	0	0	0
393	39	0	1	0	0	0	0	0
394	0	47	1	3154116609	0	0	0	0
394	0	2	1	134217734	0	0	0	0
394	6	3	5	201523568	13107220	0	1514553347	2229504
394	6	3	5	209920368	13107340	0	1514553347	2229504
394	6	19	1	1275068458	0	0	0	0
394	6	1	1	67108872	0	0	0	0
394	14	6	1	402653184	0	0	0	0
394	14	0	1	0	0	0	0	0
395	0	47	1	3154116609	0	0	0	0
395	0	2	1	134217734	0	0	0	0
395	6	3	5	201523536	13107220	0	1514553347	2229504
395	6	3	5	209920336	13107340	0	1514553347	2229504
395	6	19	1	1275068458	0	0	0	0
395	6	1	1	67108872	0	0	0	0
395	14	6	1	402653184	0	0	0	0
395	14	0	1	0	0	0	0	0
396	0	47	1	3154116609	0	0	0	0
396	0	2	1	134217734	0	0	0	0
396	6	3	5	201523504	13107220	0	1514553347	2229504
396	6	3	5	209920304	13107340	0	1514553347	2229504
396	6	19	1	1275068458	0	0	0	0
396	6	1	1	67108872	0	0	0	0
396	14	6	1	402653184	0	0	0	0
396	14	0	1	0	0	0	0	0
397	0	47	1	3154116609	0	0	0	0
397	0	2	1	134217734	0	0	0	0
397	6	3	5	201523472	13107220	0	1514553347	2229504
397	6	3	5	209920272	13107340	0	1514553347	2229504
397	6	19	1	1275068458	0	0	0	0
397	6	1	1	67108872	0	0	0	0
397	14	6	1	402653184	0	0	0	0
397	14	0	1	0	0	0	0	0
398	0	47	1	3154116609	0	0	0	0
398	0	2	1	134217734	0	0	0	0
398	6	3	5	201359440	21626880	0	478560275	659200
398	6	3	5	209829968	22937680	0	604389393	657920
398	6	3	5	218218576	22937680	0	541474834	659200
398	6	19	1	1275068459	0	0	0	0
398	6	1	1	67108868	0	0	0	0
398	10	6	1	402653184	0	0	0	0
398	10	1	1	67108866	0	0	0	0
398	12	3	5	201392464	23593080	0	335994883	2756992
398	12	3	5	209748304	21626880	0	335994883	2756992
398	12	19	1	1275068458	0	0	0	0
398	12	1	1	67108870	0	0	0	0
398	18	6	1	402653184	0	0	0	0
398	18	0	1	0	0	0	0	0
399	0	47	1	3154116611	0	0	0	0
399	0	2	1	134217732	0	0	0	0
399	4	47	1	3154116612	0	0	0	0
399	4	2	1	134217734	0	0	0	0
399	6	3	5	201564624	17694720	65476	310931459	2755712
399	6	3	5	209953232	14483416	60	310931459	2755712
399	6	19	1	1275068458	0	0	0	0
399	6	1	1	67108868	0	0	0	0
399	10	6	1	402653184	0	0	0	0
399	10	2	1	134217732	0	0	0	0
399	10	47	1	3154116611	0	0	0	0
399	10	0	1	0	0	0	0	0
400	0	52	1	3540008858	0	0	0	0
400	0	2	1	134217737	0	0	0	0
400	9	47	1	3154116612	0	0	0	0
400	9	2	1	134217742	0	0	0	0
400	14	3	5	201327184	24248320	18350280	1514573827	4327936
400	14	38	4	2560654336	7864320	0	0	0
400	14	38	4	2550156288	0	4283170816	0	0
400	14	19	1	1275068457	0	0	0	0
400	14	20	1	1342177280	0	0	0	0
400	14	1	1	67108868	0	0	0	0
400	18	3	5	201327024	22937600	11796680	1514573827	2230784
400	18	1	1	67108869	0	0	0	0
400	23	6	1	402653184	0	0	0	0
400	23	2	1	134217756	0	0	0	0
400	28	38	4	2550148096	0	4283170816	0	0
400	28	2	1	134217766	0	0	0	0
400	38	47	1	3154116611	0	0	0	0
400	38	0	1	0	0	0	0	0
401	0	28	1	1885339651	0	0	0	0
401	0	2	1	134217734	0	0	0	0
401	6	3	5	201531856	13107200	0	336035843	4328064
401	6	3	5	209920464	18350150	0	336035843	4328064
401	6	38	4	2563275776	7208960	0	0	0
401	6	38	4	2550156288	0	4283170816	0	0
401	6	19	1	1275068457	0	0	0	0
401	6	20	1	1342177280	0	0	0	0
401	6	1	1	67108868	0	0	0	0
401	10	27	1	1811939329	0	0	0	0
401	10	3	5	201531664	13107200	0	1514553347	2229504
401	10	3	5	209920272	15073350	0	1514553347	2229504
401	10	1	1	67108876	0	0	0	0
401	22	6	1	402653184	0	0	0	0
401	22	1	1	67108870	0	0	0	0
401	28	52	1	3489677312	0	0	0	0
401	28	1	1	67108866	0	0	0	0
401	30	38	4	2550148096	0	0	0	0
401	30	0	1	0	0	0	0	0
402	0	52	1	3489677056	0	0	0	0
402	0	1	1	67108866	0	0	0	0
402	2	52	1	3489677184	0	0	0	0
402	2	1	1	67108866	0	0	0	0
402	4	22	1	1476395009	0	0	0	0
402	4	3	5	201531920	19660895	0	1514553347	4326656
402	4	3	5	209879312	13107260	0	1514553347	2228224
402	4	3	5	218145296	14417920	0	1514553347	4326656
402	4	19	1	1275068457	0	0	0	0
402	4	1	1	67108868	0	0	0	0
402	8	3	5	201531664	15728735	0	1514553347	2228224
402	8	3	5	209879312	13107260	0	1514553347	2228224
402	8	52	1	3489677216	0	0	0	0
402	8	3	5	218145040	13107200	0	1514553347	2228224
402	8	1	1	67108884	0	0	0	0
402	28	22	1	1476395008	0	0	0	0
402	28	6	1	402653184	0	0	0	0
402	28	52	1	3489677184	0	0	0	0
402	28	0	1	0	0	0	0	0
403	0	2	1	134217734	0	0	0	0
403	6	22	1	1476395028	0	0	0	0
403	6	3	5	201367728	20971520	0	377610243	660480
403	6	1	1	67108870	0	0	0	0
403	12	3	5	202416464	22282240	0	294154243	2753792
403	12	3	5	210968912	24248430	0	294154243	2753792
403	12	19	1	1275068457	0	0	0	0
403	12	1	1	67108866	0	0	0	0
403	14	22	1	1476395008	0	0	0	0
403	14	6	1	402653184	0	0	0	0
403	14	0	1	0	0	0	0	0
404	0	2	1	134217732	0	0	0	0
404	4	22	1	1476395028	0	0	0	0
404	4	3	5	201490896	20381656	2949120	4001775619	4325376
404	4	3	5	209879504	23592990	1966080	4001775619	4325376
404	4	14	1	939524291	0	0	0	0
404	4	1	1	67108868	0	0	0	0
404	8	3	5	201490736	20381656	2949120	4001693699	2228224
404	8	3	5	209879344	23592990	1966080	4001693699	2228224
404	8	1	1	67108882	0	0	0	0
404	26	22	1	1476395008	0	0	0	0
404	26	6	1	402653184	0	0	0	0
404	26	0	1	0	0	0	0	0
405	0	49	1	3288334345	0	0	0	0
405	0	14	1	939524108	0	0	0	0
405	0	1	1	67108867	0	0	0	0
405	3	52	1	3489742592	0	0	0	0
405	3	38	4	2559081472	0	0	0	0
405	3	38	4	2550156288	0	4280549376	0	0
405	3	1	1	67108874	0	0	0	0
405	13	52	1	3489742848	0	0	0	0
405	13	1	1	67108867	0	0	0	0
405	16	51	1	3426484224	0	0	0	0
405	16	38	4	2550148096	175	50	3276850	0
405	16	1	1	67108865	0	0	0	0
405	17	52	1	3489726464	0	0	0	0
405	17	44	1	2978480128	0	0	0	0
405	17	23	1	1543503874	0	0	0	0
405	17	17	1	1140851412	0	0	0	0
405	17	14	1	939524355	0	0	0	0
405	17	14	1	939524288	0	0	0	0
405	17	3	5	201326816	15073280	13107300	356720643	2762752
405	17	32	1	2147483650	0	0	0	0
405	17	38	4	2550148096	175	50	3276850	0
405	17	1	1	67108866	0	0	0	0
405	19	33	1	2214592512	0	0	0	0
405	19	38	4	2550148096	175	50	3276850	0
405	19	1	1	67108866	0	0	0	0
405	21	33	1	2214592512	0	0	0	0
405	21	52	1	3489677184	0	0	0	0
405	21	23	1	1543503875	0	0	0	0
405	21	1	1	67108872	0	0	0	0
405	29	52	1	3489742656	0	0	0	0
405	29	2	1	134217750	0	0	0	0
405	29	51	1	3422814207	0	0	0	0
405	29	0	1	0	0	0	0	0
406	0	49	1	3288334345	0	0	0	0
406	0	14	1	939524108	0	0	0	0
406	0	1	1	67108867	0	0	0	0
406	3	23	1	1543503874	0	0	0	0
406	3	38	4	2559081472	0	0	0	0
406	3	38	4	2550156288	0	4280549376	0	0
406	3	1	1	67108877	0	0	0	0
406	16	51	1	3426222080	0	0	0	0
406	16	38	4	2550148096	175	50	3276850	0
406	16	1	1	67108865	0	0	0	0
406	17	44	1	2978480128	0	0	0	0
406	17	23	1	1543503875	0	0	0	0
406	17	17	1	1140851412	0	0	0	0
406	17	14	1	939524355	0	0	0	0
406	17	14	1	939524288	0	0	0	0
406	17	22	1	1476395009	0	0	0	0
406	17	3	5	201326816	15073280	9895886	3917848577	2756352
406	17	3	5	209715424	15073280	9895886	3917848578	2757632
406	17	32	1	2147483650	0	0	0	0
406	17	38	4	2550148096	175	50	3276850	0
406	17	1	1	67108866	0	0	0	0
406	19	33	1	2214592512	0	0	0	0
406	19	38	4	2550148096	175	50	3276850	0
406	19	1	1	67108866	0	0	0	0
406	21	33	1	2214592512	0	0	0	0
406	21	23	1	1543503876	0	0	0	0
406	21	2	1	134217750	0	0	0	0
406	22	51	1	3422814207	0	0	0	0
406	22	0	1	0	0	0	0	0
407	0	49	1	3288334345	0	0	0	0
407	0	17	1	1140851408	0	0	0	0
407	0	44	1	2964062208	0	0	0	0
407	0	3	5	201425425	11796480	0	335810563	88221696
407	0	38	4	2550169600	0	0	0	0
407	0	38	4	2550166528	0	0	0	0
407	0	14	1	939524283	0	0	0	0
408	0	17	1	1140851408	0	0	0	0
408	0	44	1	2964062208	0	0	0	0
408	0	3	5	201425425	11796480	0	335810563	88221696
408	0	38	4	2550169600	0	0	0	0
408	0	38	4	2550166528	0	0	0	0
408	0	14	1	939524283	0	0	0	0
409	0	49	1	3288334345	0	0	0	0
409	0	47	1	3154116611	0	0	0	0
409	0	29	1	1946157059	0	0	0	0
409	0	38	4	2550156288	0	4283170816	0	0
409	0	38	4	2550168576	240	13107200	0	0
409	0	14	1	939524285	0	0	0	0
409	0	3	5	201326754	23592960	15728640	335810563	10752
409	0	1	1	67108866	0	0	0	0
409	2	29	1	1946157057	0	0	0	0
409	2	6	1	402653184	0	0	0	0
409	2	0	1	0	0	0	0	0
410	0	49	1	3288334345	0	0	0	0
410	0	47	1	3154116611	0	0	0	0
410	0	29	1	1946157059	0	0	0	0
410	0	38	4	2550156288	0	4283170816	0	0
410	0	38	4	2550168576	240	13107200	0	0
410	0	14	1	939524285	0	0	0	0
410	0	3	5	201326754	23592960	15728640	335810563	10752
410	0	1	1	67108866	0	0	0	0
410	2	29	1	1946157057	0	0	0	0
410	2	6	1	402653184	0	0	0	0
410	2	0	1	0	0	0	0	0
411	0	2	1	134217744	0	0	0	0
411	16	14	1	939524968	0	0	0	0
411	16	38	4	2616754176	0	0	0	0
411	16	2	1	134217775	0	0	0	0
411	47	14	1	939524968	0	0	0	0
411	47	38	4	2616754176	0	0	0	0
411	47	37	1	2483027968	0	0	0	0
412	0	2	1	134217744	0	0	0	0
412	16	14	1	939524968	0	0	0	0
412	16	38	4	2616754176	0	0	0	0
412	16	2	1	134217766	0	0	0	0
412	38	14	1	939524968	0	0	0	0
412	38	38	4	2616754176	0	0	0	0
412	38	37	1	2483027968	0	0	0	0
413	0	47	1	3154116612	0	0	0	0
413	0	29	1	1946157059	0	0	0	0
413	0	2	1	134217748	0	0	0	0
413	20	38	4	2550150144	0	0	0	0
413	20	3	5	201449696	36700160	0	1514553707	19006208
413	20	3	5	209854688	50331648	0	1514553707	19006208
413	20	1	1	67108867	0	0	0	0
413	23	6	1	402653184	0	0	0	0
413	23	2	1	134217754	0	0	0	0
413	26	11	1	738197504	0	0	0	0
413	26	11	1	738197505	0	0	0	0
413	26	29	1	1946157057	0	0	0	0
413	26	1	1	67108868	0	0	0	0
413	30	6	1	402653184	0	0	0	0
413	30	47	1	3154116611	0	0	0	0
413	30	0	1	0	0	0	0	0
414	0	29	1	1946157059	0	0	0	0
414	0	2	1	134217749	0	0	0	0
414	21	38	4	2550150144	0	0	0	0
414	21	38	4	2550168576	96	4270784512	0	0
414	21	2	1	134217750	0	0	0	0
414	22	3	5	201449696	39321600	0	1514553707	19006208
414	22	3	5	209854688	39321600	0	1514553707	19006208
414	22	3	5	218259680	13107200	0	1514553707	19006208
414	22	3	5	226656480	26214400	0	1514553707	19006208
414	22	1	1	67108868	0	0	0	0
414	26	29	1	1946157057	0	0	0	0
414	26	1	1	67108866	0	0	0	0
414	28	6	1	402653184	0	0	0	0
414	28	0	1	0	0	0	0	0
415	0	29	1	1946157059	0	0	0	0
415	0	0	1	0	0	0	0	0
416	0	29	1	1946157059	0	0	0	0
416	0	38	4	2550168576	0	0	0	0
416	0	20	1	1342177280	0	0	0	0
416	0	29	1	1946157059	0	0	0	0
416	0	3	5	201359584	23592960	160	1514553747	4194816
416	0	3	5	209748192	23592960	65376	1514553747	4194816
416	0	19	1	1275068458	0	0	0	0
416	0	38	4	2550156288	65456	4283170816	0	0
416	0	1	1	67108895	0	0	0	0
416	31	6	1	402653184	0	0	0	0
416	31	29	1	1946157057	0	0	0	0
416	31	0	1	0	0	0	0	0
417	0	29	1	1946157059	0	0	0	0
417	0	0	1	0	0	0	0	0
418	0	38	4	2550168576	0	0	0	0
418	0	29	1	1946157059	0	0	0	0
418	0	1	1	67108866	0	0	0	0
418	2	20	1	1342177280	0	0	0	0
418	2	3	5	201466080	45875200	0	1514553747	4194816
418	2	3	5	209838304	32505856	0	1514553747	4194816
418	2	19	1	1275068458	0	0	0	0
418	2	38	4	2550156288	65456	4283170816	0	0
418	2	29	1	1946157057	0	0	0	0
418	2	1	1	67108868	0	0	0	0
418	6	1	1	67108867	0	0	0	0
418	9	29	1	1946157057	0	0	0	0
418	9	6	1	402653184	0	0	0	0
418	9	0	1	0	0	0	0	0
419	0	43	1	2885681163	0	0	0	0
419	0	43	1	2886729739	0	0	0	0
419	0	2	1	134217736	0	0	0	0
419	8	22	1	1476395009	0	0	0	0
419	8	43	1	2885681152	0	0	0	0
419	8	43	1	2886729728	0	0	0	0
419	8	0	1	0	0	0	0	0
420	0	52	1	3489676979	0	0	0	0
420	0	47	1	3154116611	0	0	0	0
420	0	2	1	134217734	0	0	0	0
420	6	52	1	3489677184	0	0	0	0
420	6	3	5	201449680	33554432	0	272834563	3840
420	6	3	5	209854672	33554432	0	272834563	3840
420	6	19	1	1275068459	0	0	0	0
420	6	1	1	67108868	0	0	0	0
420	10	6	1	402653184	0	0	0	0
420	10	2	1	134217740	0	0	0	0
420	12	22	1	1476395009	0	0	0	0
420	12	52	1	3489676928	0	0	0	0
420	12	0	1	0	0	0	0	0
421	0	52	1	3489677056	0	0	0	0
421	0	47	1	3154116611	0	0	0	0
421	0	2	1	134217736	0	0	0	0
421	8	52	1	3489677184	0	0	0	0
421	8	3	5	201433296	33554432	0	440606723	3840
421	8	3	5	209805520	33554432	0	440606723	3840
421	8	19	1	1275068459	0	0	0	0
421	8	1	1	67108868	0	0	0	0
421	12	6	1	402653184	0	0	0	0
421	12	2	1	134217740	0	0	0	0
421	12	52	1	3489676928	0	0	0	0
421	12	22	1	1476395009	0	0	0	0
421	12	0	1	0	0	0	0	0
422	0	47	1	3154116612	0	0	0	0
422	0	52	1	3489676928	0	0	0	0
422	0	52	1	3506455152	0	0	0	0
422	0	1	1	67108870	0	0	0	0
422	6	52	1	3489677184	0	0	0	0
422	6	3	5	201458067	39321728	4194320	273039443	2756352
422	6	3	5	209838483	39321600	0	1514553427	2756352
422	6	19	1	1275068457	0	0	0	0
422	6	38	4	2550153216	65456	4283170816	0	0
422	6	1	1	67108869	0	0	0	0
422	11	6	1	402653184	0	0	0	0
422	11	52	1	3489677056	0	0	0	0
422	11	1	1	67108872	0	0	0	0
422	19	52	1	3489677088	0	0	0	0
422	19	3	5	201425395	39321728	0	1514553347	4853504
422	19	3	5	209805811	39321600	0	1514553347	4853504
422	19	19	1	1275068457	0	0	0	0
422	19	38	4	2550153216	65456	4283170816	0	0
422	19	1	1	67108868	0	0	0	0
422	23	6	1	402653184	0	0	0	0
422	23	52	1	3489676928	0	0	0	0
422	23	52	1	3506438144	0	0	0	0
422	23	0	1	0	0	0	0	0
423	0	2	1	134217742	0	0	0	0
423	14	22	1	1476395058	0	0	0	0
423	14	3	5	201564688	36700160	0	1514553347	4329216
423	14	3	5	209904144	32505866	0	1514553347	4329216
423	14	3	5	218145296	45940686	3932160	1514553347	4329216
423	14	19	1	1275068457	0	0	0	0
423	14	1	1	67108868	0	0	0	0
423	18	3	5	201564560	33161216	0	1514553347	4326656
423	18	3	5	209904016	32505866	0	1514553347	4326656
423	18	3	5	218145168	45940686	3932160	1514553347	4326656
423	18	1	1	67108866	0	0	0	0
423	20	1	1	67108888	0	0	0	0
423	44	22	1	1476395008	0	0	0	0
423	44	6	1	402653184	0	0	0	0
423	44	0	1	0	0	0	0	0
424	0	52	1	3489677004	0	0	0	0
424	0	2	1	134217737	0	0	0	0
424	9	22	1	1476395048	0	0	0	0
424	9	19	1	1275068457	0	0	0	0
424	9	52	1	3489677184	0	0	0	0
424	9	3	5	201433683	40370208	2097184	1514635267	4851456
424	9	3	5	209805907	39321600	0	1514635267	4851456
424	9	1	1	67108870	0	0	0	0
424	15	6	1	402653184	0	0	0	0
424	15	52	1	3489676979	0	0	0	0
424	15	22	1	1476395008	0	0	0	0
424	15	0	1	0	0	0	0	0
425	0	47	1	3154116611	0	0	0	0
425	0	38	4	2550148096	0	4287102976	3932160	0
425	0	2	1	134217746	0	0	0	0
425	18	3	5	201327920	32768000	10486144	1514553347	2097152
425	18	3	5	209716528	32768000	10485984	1514553347	2097152
425	18	14	1	939524115	0	0	0	0
425	18	1	1	67108865	0	0	0	0
425	19	6	1	402653184	0	0	0	0
425	19	0	1	0	0	0	0	0
426	0	52	1	3489677056	0	0	0	0
426	0	2	1	134217732	0	0	0	0
426	4	52	1	3506455648	0	0	0	0
426	4	2	1	134217741	0	0	0	0
426	13	43	1	2885681163	0	0	0	0
426	13	43	1	2886729739	0	0	0	0
426	13	2	1	134217752	0	0	0	0
426	24	52	1	3489677184	0	0	0	0
426	24	38	4	2616756224	0	0	0	0
426	24	2	1	134217754	0	0	0	0
426	26	43	1	2885681152	0	0	0	0
426	26	43	1	2886729728	0	0	0	0
426	26	20	1	1342177280	0	0	0	0
426	26	14	1	939524097	0	0	0	0
426	26	28	1	1882718211	0	0	0	0
426	26	3	5	201384720	40370176	2621480	1514553347	4329984
426	26	3	5	209765136	31457280	0	1514553347	4329984
426	26	19	1	1275068457	0	0	0	0
426	26	1	1	67108866	0	0	0	0
426	28	49	1	3288334346	0	0	0	0
426	28	38	4	2554337280	168	11010048	0	0
426	28	38	4	2554360832	168	11010048	0	0
426	28	3	5	218170161	27525120	9830575	1514573827	172365056
426	28	1	1	67108871	0	0	0	0
426	35	52	1	3506438144	0	0	0	0
426	35	27	1	1811939329	0	0	0	0
426	35	6	1	402653184	0	0	0	0
426	35	11	1	738197506	0	0	0	0
426	35	52	1	3489677056	0	0	0	0
426	35	1	1	67108874	0	0	0	0
426	45	6	1	402653184	0	0	0	0
426	45	0	1	0	0	0	0	0
427	0	20	1	1342177280	0	0	0	0
427	0	1	1	67108892	0	0	0	0
427	28	38	4	2616755200	0	0	0	0
427	28	1	1	67108865	0	0	0	0
427	29	43	1	2885681163	0	0	0	0
427	29	43	1	2886729739	0	0	0	0
427	29	47	1	3154116612	0	0	0	0
427	29	3	5	201483027	39321600	0	147230723	4853504
427	29	3	5	209879827	34078720	0	147230723	4853504
427	29	19	1	1275068457	0	0	0	0
427	29	38	4	2560654336	0	4293853184	0	0
427	29	38	4	2550152192	0	9830400	0	0
427	29	1	1	67108868	0	0	0	0
427	33	6	1	402653184	0	0	0	0
427	33	1	1	67108880	0	0	0	0
427	49	43	1	2885681162	0	0	0	0
427	49	43	1	2886729738	0	0	0	0
427	49	1	1	67108875	0	0	0	0
427	60	20	1	1342177280	0	0	0	0
427	60	1	1	67108867	0	0	0	0
427	63	38	4	2616755200	0	0	0	0
427	63	1	1	67108865	0	0	0	0
427	64	3	5	201483027	39321600	0	147230723	4852736
427	64	3	5	209879827	34078720	0	147230723	4853504
427	64	19	1	1275068457	0	0	0	0
427	64	38	4	2560654336	0	4293853184	0	0
427	64	38	4	2550153216	0	4285136896	0	0
427	64	1	1	67108868	0	0	0	0
427	68	6	1	402653184	0	0	0	0
427	68	47	1	3154116608	0	0	0	0
427	68	1	1	67108916	0	0	0	0
427	120	43	1	2885681152	0	0	0	0
427	120	43	1	2886729728	0	0	0	0
427	120	0	1	0	0	0	0	0
428	0	2	1	134217732	0	0	0	0
428	4	29	1	1946157058	0	0	0	0
428	4	2	1	134217760	0	0	0	0
428	32	20	1	1342177280	0	0	0	0
428	32	14	1	939524098	0	0	0	0
428	32	38	4	2566421504	0	0	0	0
428	32	38	4	2550156288	0	4285136896	0	0
428	32	38	4	2616755200	0	0	0	0
428	32	23	1	1543503873	0	0	0	0
428	32	2	1	134217740	0	0	0	0
428	32	29	1	1946157057	0	0	0	0
428	32	2	1	134217748	0	0	0	0
428	32	22	1	1476395009	0	0	0	0
428	32	0	1	0	0	0	0	0
429	0	52	1	3506455240	0	0	0	0
429	0	2	1	134217733	0	0	0	0
429	5	38	4	2550156288	0	4284481536	0	0
429	5	17	1	1140851561	0	0	0	0
429	5	2	1	134217736	0	0	0	0
429	8	3	5	201326768	30146560	10485920	314982787	4325376
429	8	2	1	134217740	0	0	0	0
429	12	6	1	402653184	0	0	0	0
429	12	2	1	134217747	0	0	0	0
429	19	38	4	2550209536	140	0	0	0
429	19	22	1	1476395009	0	0	0	0
429	19	2	1	134217764	0	0	0	0
429	36	3	5	201327120	60293120	10485760	3917889539	5118208
429	36	2	1	134217732	0	0	0	0
429	36	2	1	134217768	0	0	0	0
429	40	3	5	201327424	60293120	10485760	210124803	4332032
429	40	1	1	67108964	0	0	0	0
429	140	0	1	0	0	0	0	0
430	0	49	1	3288334346	0	0	0	0
430	0	38	4	2550159360	0	0	0	0
430	0	38	4	2616755200	0	0	0	0
430	0	14	1	939524387	0	0	0	0
430	0	3	5	201327408	60293120	10485888	210124802	4332032
430	0	3	5	209716016	60293120	10551183	210124802	4332032
430	0	3	5	218103840	379584512	10551183	377896962	135808
430	0	1	1	67108868	0	0	0	0
430	4	6	1	402653184	0	0	0	0
430	4	0	1	0	0	0	0	0
431	0	52	1	3506455240	0	0	0	0
431	0	2	1	134217733	0	0	0	0
431	5	22	1	1476395009	0	0	0	0
431	5	38	4	2550150144	0	4284481536	0	0
431	5	17	1	1140851561	0	0	0	0
431	5	2	1	134217738	0	0	0	0
431	10	38	4	2550209536	140	0	0	0
431	10	2	1	134217752	0	0	0	0
431	24	3	5	201327120	60293120	10485760	3917889539	5118208
431	24	2	1	134217756	0	0	0	0
431	28	3	5	201327248	60293120	10485760	210124803	4332032
431	28	2	1	134217757	0	0	0	0
431	29	8	1	537722880	0	0	0	0
431	29	1	1	67108964	0	0	0	0
431	129	0	1	0	0	0	0	0
432	0	43	1	2885681158	0	0	0	0
432	0	20	1	1342177280	0	0	0	0
432	0	19	1	1275068424	0	0	0	0
432	0	2	1	134217732	0	0	0	0
432	4	29	1	1946157058	0	0	0	0
432	4	38	4	2550159360	0	0	0	0
432	4	32	1	2147483658	0	0	0	0
432	4	1	1	67108866	0	0	0	0
432	6	38	4	2550168576	0	200	400	0
432	6	33	1	2214592512	0	0	0	0
432	6	1	1	67108866	0	0	0	0
432	8	38	4	2550168576	0	200	400	0
432	8	33	1	2214592512	0	0	0	0
432	8	1	1	67108866	0	0	0	0
432	10	38	4	2550168576	0	200	400	0
432	10	33	1	2214592512	0	0	0	0
432	10	1	1	67108866	0	0	0	0
432	12	38	4	2550168576	0	200	400	0
432	12	33	1	2214592512	0	0	0	0
432	12	1	1	67108866	0	0	0	0
432	14	38	4	2550168576	0	200	400	0
432	14	33	1	2214592512	0	0	0	0
432	14	1	1	67108866	0	0	0	0
432	16	38	4	2550168576	0	200	400	0
432	16	33	1	2214592512	0	0	0	0
432	16	1	1	67108866	0	0	0	0
432	18	38	4	2550168576	0	200	400	0
432	18	33	1	2214592512	0	0	0	0
432	18	1	1	67108866	0	0	0	0
432	20	38	4	2550168576	0	200	400	0
432	20	33	1	2214592512	0	0	0	0
432	20	1	1	67108866	0	0	0	0
432	22	38	4	2550168576	0	200	400	0
432	22	33	1	2214592512	0	0	0	0
432	22	1	1	67108866	0	0	0	0
432	24	38	4	2550168576	0	200	400	0
432	24	33	1	2214592512	0	0	0	0
432	24	1	1	67108914	0	0	0	0
432	74	0	1	0	0	0	0	0
433	0	29	1	1946157058	0	0	0	0
433	0	1	1	67108912	0	0	0	0
433	48	0	1	0	0	0	0	0
434	0	3	5	201326881	66584576	13107200	1516503043	4199680
434	0	14	1	939524097	0	0	0	0
434	0	38	4	2550166528	200	18350080	0	0
434	0	38	4	2550150144	0	4285136896	0	0
434	0	38	4	2616756224	0	0	0	0
434	0	2	1	134217736	0	0	0	0
434	8	6	1	402653184	0	0	0	0
434	8	23	1	1543503873	0	0	0	0
434	8	43	1	2885681152	0	0	0	0
434	8	2	1	134217737	0	0	0	0
434	9	25	1	1677721600	0	0	0	0
434	9	0	1	0	0	0	0	0
435	0	14	1	939524974	0	0	0	0
435	0	29	1	1946157059	0	0	0	0
435	0	1	1	67108869	0	0	0	0
435	5	29	1	1946157057	0	0	0	0
435	5	3	5	201359843	32505856	160	356950019	4857344
435	5	3	5	209748451	32505856	65376	356950019	4857344
435	5	38	4	2550159360	0	0	0	0
435	5	1	1	67108872	0	0	0	0
435	13	32	1	2147483650	0	0	0	0
435	13	38	4	2550150144	0	0	0	0
435	13	3	5	201359683	28573696	160	314818563	2760192
435	13	3	5	209748291	28573696	65376	314818563	2760192
435	13	33	1	2214592512	0	0	0	0
435	13	38	4	2550150144	0	0	0	0
435	13	3	5	201359683	28573696	160	314818563	2760192
435	13	3	5	209748291	28573696	65376	314818563	2760192
435	13	33	1	2214592512	0	0	0	0
435	13	27	1	1811939329	0	0	0	0
435	13	1	1	67108872	0	0	0	0
435	21	32	1	2147483650	0	0	0	0
435	21	1	1	67108870	0	0	0	0
435	27	3	5	201359587	28573696	160	272834563	660224
435	27	3	5	209748195	28573696	65376	272834563	660224
435	27	2	1	134217778	0	0	0	0
435	50	6	1	402653184	0	0	0	0
435	50	22	1	1476395009	0	0	0	0
435	50	0	1	0	0	0	0	0
436	0	14	1	939524974	0	0	0	0
436	0	2	1	134217733	0	0	0	0
436	5	22	1	1476395010	0	0	0	0
436	5	3	5	201326931	32505856	10485900	335953927	2760192
436	5	3	5	209715539	32505856	10551156	335953927	2760192
436	5	38	4	2550159360	0	0	0	0
436	5	1	1	67108868	0	0	0	0
436	9	6	1	402653184	0	0	0	0
436	9	2	1	134217739	0	0	0	0
436	11	32	1	2147483654	0	0	0	0
436	11	3	5	201326707	32505856	10485900	356925523	659200
436	11	3	5	209715315	32505856	10551156	356925523	659200
436	11	38	4	2550150144	0	0	0	0
436	11	1	1	67108867	0	0	0	0
436	14	6	1	402653184	0	0	0	0
436	14	1	1	67108865	0	0	0	0
436	15	33	1	2214592512	0	0	0	0
436	15	3	5	201326707	32505856	10485900	356925523	659200
436	15	3	5	209715315	32505856	10551156	356925523	659200
436	15	38	4	2550150144	0	0	0	0
436	15	1	1	67108867	0	0	0	0
436	18	6	1	402653184	0	0	0	0
436	18	1	1	67108865	0	0	0	0
436	19	33	1	2214592512	0	0	0	0
436	19	3	5	201326707	32505856	10485900	356925523	659200
436	19	3	5	209715315	32505856	10551156	356925523	659200
436	19	38	4	2550150144	0	0	0	0
436	19	1	1	67108867	0	0	0	0
436	22	6	1	402653184	0	0	0	0
436	22	1	1	67108865	0	0	0	0
436	23	33	1	2214592512	0	0	0	0
436	23	3	5	201326707	32505856	10485900	356925523	659200
436	23	3	5	209715315	32505856	10551156	356925523	659200
436	23	38	4	2550150144	0	0	0	0
436	23	1	1	67108867	0	0	0	0
436	26	6	1	402653184	0	0	0	0
436	26	1	1	67108865	0	0	0	0
436	27	33	1	2214592512	0	0	0	0
436	27	3	5	201326707	32505856	10485900	356925523	659200
436	27	3	5	209715315	32505856	10551156	356925523	659200
436	27	38	4	2550150144	0	0	0	0
436	27	1	1	67108867	0	0	0	0
436	30	6	1	402653184	0	0	0	0
436	30	1	1	67108865	0	0	0	0
436	31	33	1	2214592512	0	0	0	0
436	31	3	5	201326707	32505856	10485900	356925523	659200
436	31	3	5	209715315	32505856	10551156	356925523	659200
436	31	38	4	2550150144	0	0	0	0
436	31	1	1	67108867	0	0	0	0
436	34	6	1	402653184	0	0	0	0
436	34	1	1	67108865	0	0	0	0
436	35	33	1	2214592512	0	0	0	0
436	35	27	1	1811939329	0	0	0	0
436	35	32	1	2147483654	0	0	0	0
436	35	3	5	201326739	32505856	10485900	294010963	660480
436	35	3	5	209715347	32505856	10551156	294010963	660480
436	35	1	1	67108867	0	0	0	0
436	38	6	1	402653184	0	0	0	0
436	38	1	1	67108865	0	0	0	0
436	39	33	1	2214592512	0	0	0	0
436	39	3	5	201326739	32505856	10485900	294010963	660480
436	39	3	5	209715347	32505856	10551156	294010963	660480
436	39	1	1	67108867	0	0	0	0
436	42	6	1	402653184	0	0	0	0
436	42	1	1	67108865	0	0	0	0
436	43	33	1	2214592512	0	0	0	0
436	43	3	5	201326739	32505856	10485900	294010963	660480
436	43	3	5	209715347	32505856	10551156	294010963	660480
436	43	1	1	67108867	0	0	0	0
436	46	6	1	402653184	0	0	0	0
436	46	1	1	67108865	0	0	0	0
436	47	33	1	2214592512	0	0	0	0
436	47	3	5	201326739	32505856	10485900	294010963	660480
436	47	3	5	209715347	32505856	10551156	294010963	660480
436	47	1	1	67108867	0	0	0	0
436	50	6	1	402653184	0	0	0	0
436	50	1	1	67108865	0	0	0	0
436	51	33	1	2214592512	0	0	0	0
436	51	3	5	201326739	32505856	10485900	294010963	660480
436	51	3	5	209715347	32505856	10551156	294010963	660480
436	51	1	1	67108867	0	0	0	0
436	54	6	1	402653184	0	0	0	0
436	54	1	1	67108865	0	0	0	0
436	55	33	1	2214592512	0	0	0	0
436	55	3	5	201326739	32505856	10485900	294010963	660480
436	55	3	5	209715347	32505856	10551156	294010963	660480
436	55	1	1	67108867	0	0	0	0
436	58	6	1	402653184	0	0	0	0
436	58	1	1	67108865	0	0	0	0
436	59	33	1	2214592512	0	0	0	0
436	59	0	1	0	0	0	0	0
437	0	38	4	2553838592	65404	9437184	0	0
437	0	2	1	134217748	0	0	0	0
437	20	21	1	1409286145	0	0	0	0
437	20	0	1	0	0	0	0	0
438	0	52	1	3489677056	0	0	0	0
438	0	47	1	3154116611	0	0	0	0
438	0	2	1	134217736	0	0	0	0
438	8	52	1	3489677184	0	0	0	0
438	8	19	1	1275068457	0	0	0	0
438	8	28	1	1882718211	0	0	0	0
438	8	52	1	3489677184	0	0	0	0
438	8	3	5	201384275	43778048	4293001286	105185283	340401664
438	8	1	1	67108868	0	0	0	0
438	12	38	4	2616754176	0	0	0	0
438	12	14	1	939524106	0	0	0	0
438	12	27	1	1811939329	0	0	0	0
438	12	6	1	402653184	0	0	0	0
438	12	52	1	3489676928	0	0	0	0
438	12	0	1	0	0	0	0	0
439	0	52	1	3489677056	0	0	0	0
439	0	2	1	134217738	0	0	0	0
439	10	52	1	3489677184	0	0	0	0
439	10	22	1	1476395058	0	0	0	0
439	10	3	5	201515600	32571362	3014623	1514594307	4327168
439	10	3	5	209945168	32571362	2949152	1514594307	4327168
439	10	3	5	218333776	39321710	2621472	1514594307	4327168
439	10	3	5	226681424	39321710	2686943	1514594307	4327168
439	10	19	1	1275068457	0	0	0	0
439	10	1	1	67108868	0	0	0	0
439	14	3	5	201515408	32571362	3014623	1514594307	2229376
439	14	3	5	209944976	32571362	2949152	1514594307	2229376
439	14	3	5	218292624	32505966	2686959	1514594307	2229376
439	14	3	5	226722192	32505966	2621440	1514594307	2229376
439	14	1	1	67108872	0	0	0	0
439	22	22	1	1476395008	0	0	0	0
439	22	6	1	402653184	0	0	0	0
439	22	0	1	0	0	0	0	0
440	0	2	1	134217741	0	0	0	0
440	13	22	1	1476395030	0	0	0	0
440	13	19	1	1275068457	0	0	0	0
440	13	28	1	1882718211	0	0	0	0
440	13	3	5	201392432	45940636	4259791	440545283	4335616
440	13	1	1	67108866	0	0	0	0
440	15	3	5	201392432	45940636	4259791	440504323	4334336
440	15	1	1	67108869	0	0	0	0
440	20	27	1	1811939329	0	0	0	0
440	20	6	1	402653184	0	0	0	0
440	20	2	1	134217753	0	0	0	0
440	25	43	1	2885681158	0	0	0	0
440	25	43	1	2886729734	0	0	0	0
440	25	2	1	134217755	0	0	0	0
440	27	14	1	939524097	0	0	0	0
440	27	19	1	1275068416	0	0	0	0
440	27	28	1	1882718211	0	0	0	0
440	27	3	5	201327089	62914560	18350080	378023939	4589824
440	27	32	1	2147483651	0	0	0	0
440	27	38	4	2554360832	0	3276800	0	0
440	27	1	1	67108870	0	0	0	0
440	33	6	1	402653184	0	0	0	0
440	33	1	1	67108866	0	0	0	0
440	35	11	1	738197504	0	0	0	0
440	35	19	1	1275068416	0	0	0	0
440	35	33	1	2214592512	0	0	0	0
440	35	38	4	2554360832	0	3276800	0	0
440	35	1	1	67108870	0	0	0	0
440	41	6	1	402653184	0	0	0	0
440	41	1	1	67108866	0	0	0	0
440	43	11	1	738197504	0	0	0	0
440	43	19	1	1275068416	0	0	0	0
440	43	33	1	2214592512	0	0	0	0
440	43	38	4	2554360832	0	3276800	0	0
440	43	1	1	67108870	0	0	0	0
440	49	6	1	402653184	0	0	0	0
440	49	1	1	67108866	0	0	0	0
440	51	11	1	738197504	0	0	0	0
440	51	19	1	1275068416	0	0	0	0
440	51	33	1	2214592512	0	0	0	0
440	51	22	1	1476395008	0	0	0	0
440	51	43	1	2885681152	0	0	0	0
440	51	43	1	2886729728	0	0	0	0
440	51	27	1	1811939329	0	0	0	0
440	51	6	1	402653184	0	0	0	0
440	51	0	1	0	0	0	0	0
441	0	2	1	134217741	0	0	0	0
441	13	22	1	1476395058	0	0	0	0
441	13	3	5	201326771	45875200	80	3917889659	655360
441	13	3	5	209715379	45875200	65439	3917889659	655360
441	13	32	1	2147483667	0	0	0	0
441	13	19	1	1275068635	0	0	0	0
441	13	1	1	67108865	0	0	0	0
441	14	6	1	402653184	0	0	0	0
441	14	1	1	67108865	0	0	0	0
441	15	11	1	738197504	0	0	0	0
441	15	11	1	738197505	0	0	0	0
441	15	33	1	2214592512	0	0	0	0
441	15	19	1	1275068635	0	0	0	0
441	15	1	1	67108865	0	0	0	0
441	16	6	1	402653184	0	0	0	0
441	16	1	1	67108865	0	0	0	0
441	17	11	1	738197504	0	0	0	0
441	17	11	1	738197505	0	0	0	0
441	17	33	1	2214592512	0	0	0	0
441	17	19	1	1275068635	0	0	0	0
441	17	1	1	67108865	0	0	0	0
441	18	6	1	402653184	0	0	0	0
441	18	1	1	67108865	0	0	0	0
441	19	11	1	738197504	0	0	0	0
441	19	11	1	738197505	0	0	0	0
441	19	33	1	2214592512	0	0	0	0
441	19	19	1	1275068635	0	0	0	0
441	19	1	1	67108865	0	0	0	0
441	20	6	1	402653184	0	0	0	0
441	20	1	1	67108865	0	0	0	0
441	21	11	1	738197504	0	0	0	0
441	21	11	1	738197505	0	0	0	0
441	21	33	1	2214592512	0	0	0	0
441	21	19	1	1275068635	0	0	0	0
441	21	1	1	67108865	0	0	0	0
441	22	6	1	402653184	0	0	0	0
441	22	1	1	67108865	0	0	0	0
441	23	11	1	738197504	0	0	0	0
441	23	11	1	738197505	0	0	0	0
441	23	33	1	2214592512	0	0	0	0
441	23	19	1	1275068635	0	0	0	0
441	23	1	1	67108865	0	0	0	0
441	24	6	1	402653184	0	0	0	0
441	24	1	1	67108865	0	0	0	0
441	25	11	1	738197504	0	0	0	0
441	25	11	1	738197505	0	0	0	0
441	25	33	1	2214592512	0	0	0	0
441	25	19	1	1275068635	0	0	0	0
441	25	1	1	67108865	0	0	0	0
441	26	6	1	402653184	0	0	0	0
441	26	1	1	67108865	0	0	0	0
441	27	11	1	738197504	0	0	0	0
441	27	11	1	738197505	0	0	0	0
441	27	33	1	2214592512	0	0	0	0
441	27	19	1	1275068635	0	0	0	0
441	27	1	1	67108865	0	0	0	0
441	28	6	1	402653184	0	0	0	0
441	28	1	1	67108865	0	0	0	0
441	29	11	1	738197504	0	0	0	0
441	29	11	1	738197505	0	0	0	0
441	29	33	1	2214592512	0	0	0	0
441	29	19	1	1275068635	0	0	0	0
441	29	1	1	67108865	0	0	0	0
441	30	6	1	402653184	0	0	0	0
441	30	1	1	67108865	0	0	0	0
441	31	11	1	738197504	0	0	0	0
441	31	11	1	738197505	0	0	0	0
441	31	33	1	2214592512	0	0	0	0
441	31	19	1	1275068635	0	0	0	0
441	31	1	1	67108865	0	0	0	0
441	32	6	1	402653184	0	0	0	0
441	32	1	1	67108865	0	0	0	0
441	33	11	1	738197504	0	0	0	0
441	33	11	1	738197505	0	0	0	0
441	33	33	1	2214592512	0	0	0	0
441	33	19	1	1275068635	0	0	0	0
441	33	1	1	67108865	0	0	0	0
441	34	6	1	402653184	0	0	0	0
441	34	1	1	67108865	0	0	0	0
441	35	11	1	738197504	0	0	0	0
441	35	11	1	738197505	0	0	0	0
441	35	33	1	2214592512	0	0	0	0
441	35	19	1	1275068635	0	0	0	0
441	35	1	1	67108865	0	0	0	0
441	36	6	1	402653184	0	0	0	0
441	36	1	1	67108865	0	0	0	0
441	37	11	1	738197504	0	0	0	0
441	37	11	1	738197505	0	0	0	0
441	37	33	1	2214592512	0	0	0	0
441	37	19	1	1275068635	0	0	0	0
441	37	1	1	67108865	0	0	0	0
441	38	6	1	402653184	0	0	0	0
441	38	1	1	67108865	0	0	0	0
441	39	11	1	738197504	0	0	0	0
441	39	11	1	738197505	0	0	0	0
441	39	33	1	2214592512	0	0	0	0
441	39	19	1	1275068635	0	0	0	0
441	39	1	1	67108865	0	0	0	0
441	40	6	1	402653184	0	0	0	0
441	40	1	1	67108865	0	0	0	0
441	41	11	1	738197504	0	0	0	0
441	41	11	1	738197505	0	0	0	0
441	41	33	1	2214592512	0	0	0	0
441	41	19	1	1275068635	0	0	0	0
441	41	1	1	67108865	0	0	0	0
441	42	6	1	402653184	0	0	0	0
441	42	1	1	67108865	0	0	0	0
441	43	11	1	738197504	0	0	0	0
441	43	11	1	738197505	0	0	0	0
441	43	33	1	2214592512	0	0	0	0
441	43	19	1	1275068635	0	0	0	0
441	43	1	1	67108865	0	0	0	0
441	44	6	1	402653184	0	0	0	0
441	44	1	1	67108865	0	0	0	0
441	45	11	1	738197504	0	0	0	0
441	45	11	1	738197505	0	0	0	0
441	45	33	1	2214592512	0	0	0	0
441	45	19	1	1275068635	0	0	0	0
441	45	1	1	67108865	0	0	0	0
441	46	6	1	402653184	0	0	0	0
441	46	1	1	67108865	0	0	0	0
441	47	11	1	738197504	0	0	0	0
441	47	11	1	738197505	0	0	0	0
441	47	33	1	2214592512	0	0	0	0
441	47	19	1	1275068635	0	0	0	0
441	47	1	1	67108865	0	0	0	0
441	48	6	1	402653184	0	0	0	0
441	48	1	1	67108865	0	0	0	0
441	49	11	1	738197504	0	0	0	0
441	49	11	1	738197505	0	0	0	0
441	49	33	1	2214592512	0	0	0	0
441	49	19	1	1275068635	0	0	0	0
441	49	1	1	67108865	0	0	0	0
441	50	6	1	402653184	0	0	0	0
441	50	1	1	67108865	0	0	0	0
441	51	11	1	738197504	0	0	0	0
441	51	11	1	738197505	0	0	0	0
441	51	33	1	2214592512	0	0	0	0
441	51	22	1	1476395008	0	0	0	0
441	51	6	1	402653184	0	0	0	0
441	51	0	1	0	0	0	0	0
442	0	14	1	939524388	0	0	0	0
442	0	38	4	2550159360	0	0	0	0
442	0	38	4	2616756224	0	0	0	0
442	0	3	5	201326928	47185920	100	3959586818	4865024
442	0	3	5	209715536	47185920	65386	3959586818	4865024
442	0	38	4	2550150144	0	0	0	0
442	0	2	1	134217730	0	0	0	0
442	2	2	1	134217736	0	0	0	0
442	8	6	1	402653184	0	0	0	0
442	8	2	1	134217752	0	0	0	0
442	24	52	1	3489677056	0	0	0	0
442	24	0	1	0	0	0	0	0
443	0	1	1	67108891	0	0	0	0
443	27	28	1	1882718211	0	0	0	0
443	27	3	5	201458179	39321680	0	419758083	4857344
443	27	3	5	209838595	39321600	0	419758083	4857344
443	27	19	1	1275068457	0	0	0	0
443	27	1	1	67108875	0	0	0	0
443	38	27	1	1811939329	0	0	0	0
443	38	6	1	402653184	0	0	0	0
443	38	0	1	0	0	0	0	0
444	0	43	1	2885681163	0	0	0	0
444	0	43	1	2886729739	0	0	0	0
444	0	2	1	134217748	0	0	0	0
444	20	1	1	67108866	0	0	0	0
444	22	38	4	2550159360	0	0	0	0
444	22	1	1	67108866	0	0	0	0
444	24	29	1	1946157059	0	0	0	0
444	24	1	1	67108872	0	0	0	0
444	32	20	1	1342177280	0	0	0	0
444	32	19	1	1275068457	0	0	0	0
444	32	3	5	201450258	65536000	6553600	356925443	4722432
444	32	1	1	67108867	0	0	0	0
444	35	29	1	1946157057	0	0	0	0
444	35	1	1	67108872	0	0	0	0
444	43	43	1	2885681152	0	0	0	0
444	43	43	1	2886729728	0	0	0	0
444	43	6	1	402653184	0	0	0	0
444	43	38	4	2550150144	65471	0	0	0
444	43	52	1	3489677184	0	0	0	0
444	43	1	1	67108868	0	0	0	0
444	47	14	1	939524388	0	0	0	0
444	47	49	1	3288334346	0	0	0	0
444	47	38	4	2550159360	0	0	0	0
444	47	38	4	2616756224	0	0	0	0
444	47	3	5	201326928	47185920	5308319	3959586818	4340736
444	47	3	5	209715536	47185920	5243136	3959586818	4340736
444	47	38	4	2550150144	0	0	0	0
444	47	1	1	67108874	0	0	0	0
444	57	6	1	402653184	0	0	0	0
444	57	0	1	0	0	0	0	0
445	0	43	1	2885681163	0	0	0	0
445	0	43	1	2886729739	0	0	0	0
445	0	2	1	134217749	0	0	0	0
445	21	43	1	2885681152	0	0	0	0
445	21	43	1	2886729728	0	0	0	0
445	21	2	1	134217752	0	0	0	0
445	24	3	5	201425431	39321632	2097152	1514553347	172102016
445	24	3	5	209805847	39321600	0	1514553347	172102016
445	24	38	4	2557065216	0	0	0	0
445	24	19	1	1275068457	0	0	0	0
445	24	1	1	67108868	0	0	0	0
445	28	6	1	402653184	0	0	0	0
445	28	0	1	0	0	0	0	0
446	0	43	1	2885681163	0	0	0	0
446	0	43	1	2886729739	0	0	0	0
446	0	2	1	134217749	0	0	0	0
446	21	43	1	2885681152	0	0	0	0
446	21	43	1	2886729728	0	0	0	0
446	21	2	1	134217752	0	0	0	0
446	24	3	5	201425399	39321632	2097152	1514553347	172102016
446	24	3	5	209805815	39321600	0	1514553347	172102016
446	24	38	4	2557065216	0	0	0	0
446	24	19	1	1275068457	0	0	0	0
446	24	1	1	67108868	0	0	0	0
446	28	6	1	402653184	0	0	0	0
446	28	0	1	0	0	0	0	0
447	0	43	1	2885681163	0	0	0	0
447	0	43	1	2886729739	0	0	0	0
447	0	2	1	134217749	0	0	0	0
447	21	43	1	2885681152	0	0	0	0
447	21	43	1	2886729728	0	0	0	0
447	21	2	1	134217752	0	0	0	0
447	24	3	5	201425367	39321632	2097152	1514553347	172102016
447	24	3	5	209805783	39321600	0	1514553347	172102016
447	24	38	4	2557065216	0	0	0	0
447	24	19	1	1275068457	0	0	0	0
447	24	1	1	67108868	0	0	0	0
447	28	6	1	402653184	0	0	0	0
447	28	0	1	0	0	0	0	0
448	0	14	1	939524968	0	0	0	0
448	0	38	4	2550148096	0	3932160	0	0
448	0	32	1	2147483650	0	0	0	0
448	0	38	4	2616754176	0	0	0	0
448	0	1	1	67108870	0	0	0	0
448	6	33	1	2214592512	0	0	0	0
448	6	38	4	2616754176	0	0	0	0
448	6	1	1	67108870	0	0	0	0
448	12	33	1	2214592512	0	0	0	0
448	12	0	1	0	0	0	0	0
449	0	47	1	3154116612	0	0	0	0
449	0	2	1	134217730	0	0	0	0
449	2	38	4	2616754176	0	0	0	0
449	2	14	1	939524968	0	0	0	0
449	2	38	4	2550148096	0	3932160	0	0
449	2	1	1	67108885	0	0	0	0
449	23	38	4	2616754176	0	0	0	0
449	23	14	1	939524968	0	0	0	0
449	23	38	4	2550148096	0	3932160	0	0
449	23	37	1	2483027968	0	0	0	0
450	0	52	1	3489677120	0	0	0	0
450	0	1	1	67108876	0	0	0	0
450	12	47	1	3154116612	0	0	0	0
450	12	28	1	1882718211	0	0	0	0
450	12	20	1	1342177280	0	0	0	0
450	12	52	1	3540008727	0	0	0	0
450	12	52	1	3489677184	0	0	0	0
450	12	3	5	201384144	36700160	8	335954083	2228224
450	12	3	5	209715408	26214400	11796510	335954083	2228224
450	12	19	1	1275068458	0	0	0	0
450	12	38	4	2550156288	65456	4283170816	0	0
450	12	1	1	67108873	0	0	0	0
450	21	27	1	1811939329	0	0	0	0
450	21	8	1	537133056	0	0	0	0
450	21	8	1	545521664	0	0	0	0
450	21	1	1	67108868	0	0	0	0
450	25	6	1	402653184	0	0	0	0
450	25	1	1	67108868	0	0	0	0
450	29	38	4	2550159360	0	5242880	0	0
450	29	38	4	2616755200	0	0	0	0
450	29	14	1	939524387	0	0	0	0
450	29	1	1	67108865	0	0	0	0
450	30	3	5	201327217	36700160	5242960	314900483	4332032
450	30	3	5	209715825	47185920	5308319	314900483	4332032
450	30	3	5	218104433	47185920	5243136	314900483	4332032
450	30	1	1	67108870	0	0	0	0
450	36	2	1	134217755	0	0	0	0
450	36	47	1	3154116608	0	0	0	0
450	36	52	1	3540008766	0	0	0	0
450	36	6	1	402653184	0	0	0	0
450	36	52	1	3489677056	0	0	0	0
450	36	0	1	0	0	0	0	0
451	0	2	1	134217729	0	0	0	0
451	1	23	1	1543503873	0	0	0	0
451	1	2	1	134217750	0	0	0	0
451	22	38	4	2550159360	0	0	0	0
451	22	38	4	2616754176	0	0	0	0
451	22	14	1	939524968	0	0	0	0
451	22	38	4	2550148096	0	3932160	0	0
451	22	2	1	134217751	0	0	0	0
451	23	0	1	0	0	0	0	0
452	0	52	1	3489677069	0	0	0	0
452	0	47	1	3154116611	0	0	0	0
452	0	1	1	67108868	0	0	0	0
452	4	14	1	939524202	0	0	0	0
452	4	38	4	2550148096	0	3932160	0	0
452	4	1	1	67108874	0	0	0	0
452	14	14	1	939524202	0	0	0	0
452	14	38	4	2550148096	0	3932160	0	0
452	14	37	1	2483027968	0	0	0	0
453	0	17	1	1140851384	0	0	0	0
453	0	14	1	939524180	0	0	0	0
453	0	32	1	2147483650	0	0	0	0
453	0	38	4	2550148096	0	100	6553700	0
453	0	1	1	67108870	0	0	0	0
453	6	33	1	2214592512	0	0	0	0
453	6	38	4	2550148096	0	100	6553700	0
453	6	1	1	67108870	0	0	0	0
453	12	33	1	2214592512	0	0	0	0
453	12	0	1	0	0	0	0	0
454	0	43	1	2885681158	0	0	0	0
454	0	29	1	1946157059	0	0	0	0
454	0	2	1	134217752	0	0	0	0
454	24	29	1	1946157057	0	0	0	0
454	24	1	1	67108866	0	0	0	0
454	26	22	1	1476395009	0	0	0	0
454	26	0	1	0	0	0	0	0
455	0	49	1	3288334343	0	0	0	0
455	0	38	4	2550180864	0	0	0	0
455	0	17	1	1140851384	0	0	0	0
455	0	14	1	939524107	0	0	0	0
455	0	38	4	2550168576	0	0	0	0
455	0	29	1	1946157059	0	0	0	0
455	0	2	1	134217748	0	0	0	0
455	20	29	1	1946157057	0	0	0	0
455	20	50	1	3355443207	0	0	0	0
455	20	0	1	0	0	0	0	0
456	0	49	1	3288334345	0	0	0	0
456	0	38	4	2550180864	0	0	0	0
456	0	17	1	1140851384	0	0	0	0
456	0	14	1	939524113	0	0	0	0
456	0	38	4	2550168576	0	0	0	0
456	0	29	1	1946157059	0	0	0	0
456	0	2	1	134217752	0	0	0	0
456	24	29	1	1946157057	0	0	0	0
456	24	0	1	0	0	0	0	0
457	0	38	4	2550168576	0	0	0	0
457	0	29	1	1946157059	0	0	0	0
457	0	17	1	1140851384	0	0	0	0
457	0	2	1	134217732	0	0	0	0
457	4	3	5	201556160	17694720	0	1514553747	2228224
457	4	3	5	209928384	15728640	0	1514553747	2228224
457	4	3	5	218144960	10485760	0	1514553747	2228224
457	4	19	1	1275068458	0	0	0	0
457	4	38	4	2550156288	65456	4283170816	0	0
457	4	1	1	67108866	0	0	0	0
457	6	29	1	1946157057	0	0	0	0
457	6	1	1	67108866	0	0	0	0
457	8	6	1	402653184	0	0	0	0
457	8	0	1	0	0	0	0	0
458	0	38	4	2550168576	0	0	0	0
458	0	29	1	1946157059	0	0	0	0
458	0	17	1	1140851384	0	0	0	0
458	0	2	1	134217737	0	0	0	0
458	9	3	5	201367680	9830400	0	1514553747	2228224
458	9	3	5	209797248	18350080	0	1514553747	2228224
458	9	38	4	2550156288	0	4285136896	0	0
458	9	19	1	1275068458	0	0	0	0
458	9	1	1	67108866	0	0	0	0
458	11	29	1	1946157057	0	0	0	0
458	11	1	1	67108868	0	0	0	0
458	15	6	1	402653184	0	0	0	0
458	15	0	1	0	0	0	0	0
459	0	17	1	1140851394	0	0	0	0
459	0	43	1	2885681153	0	0	0	0
459	0	2	1	134217776	0	0	0	0
459	48	43	1	2885681159	0	0	0	0
459	48	49	1	3288334345	0	0	0	0
459	48	38	4	2550159360	0	0	0	0
459	48	44	1	2967470125	0	0	0	0
459	48	0	1	0	0	0	0	0
460	0	38	4	2616756224	0	0	0	0
460	0	17	1	1140851385	0	0	0	0
460	0	29	1	1946157059	0	0	0	0
461	0	47	1	3154116611	0	0	0	0
461	0	17	1	1140851433	0	0	0	0
461	0	43	1	2885681154	0	0	0	0
461	0	32	1	2147483660	0	0	0	0
461	0	38	4	2550177792	130	200	17039560	0
461	0	1	1	67108874	0	0	0	0
461	10	33	1	2214592512	0	0	0	0
461	10	38	4	2550177792	130	200	17039560	0
461	10	1	1	67108874	0	0	0	0
461	20	33	1	2214592512	0	0	0	0
461	20	38	4	2550177792	130	200	17039560	0
461	20	1	1	67108874	0	0	0	0
461	30	33	1	2214592512	0	0	0	0
461	30	38	4	2550177792	130	200	17039560	0
461	30	1	1	67108874	0	0	0	0
461	40	33	1	2214592512	0	0	0	0
461	40	38	4	2550177792	130	200	17039560	0
461	40	1	1	67108874	0	0	0	0
461	50	33	1	2214592512	0	0	0	0
461	50	38	4	2550177792	130	200	17039560	0
461	50	1	1	67108874	0	0	0	0
461	60	33	1	2214592512	0	0	0	0
461	60	38	4	2550177792	130	200	17039560	0
461	60	1	1	67108874	0	0	0	0
461	70	33	1	2214592512	0	0	0	0
461	70	38	4	2550177792	130	200	17039560	0
461	70	1	1	67108874	0	0	0	0
461	80	33	1	2214592512	0	0	0	0
461	80	38	4	2550177792	130	200	17039560	0
461	80	1	1	67108874	0	0	0	0
461	90	33	1	2214592512	0	0	0	0
461	90	38	4	2550177792	130	200	17039560	0
461	90	1	1	67108874	0	0	0	0
461	100	33	1	2214592512	0	0	0	0
461	100	38	4	2550177792	130	200	17039560	0
461	100	1	1	67108874	0	0	0	0
461	110	33	1	2214592512	0	0	0	0
461	110	38	4	2550177792	130	200	17039560	0
461	110	1	1	67108874	0	0	0	0
461	120	33	1	2214592512	0	0	0	0
462	0	18	1	1207960927	0	0	0	0
462	0	43	1	2885681154	0	0	0	0
462	0	47	1	3154116611	0	0	0	0
462	0	38	4	2550228992	150	240	19661040	0
462	0	1	1	67108874	0	0	0	0
463	0	52	1	3489677196	0	0	0	0
463	0	47	1	3154116611	0	0	0	0
463	0	2	1	134217733	0	0	0	0
463	5	3	5	201400626	14614648	65506	1514553347	2099105
463	5	3	5	209781042	14614588	65506	1514553347	2099104
463	5	3	5	218169650	14680004	65506	1514553347	2099104
463	5	44	1	2967470105	0	0	0	0
463	5	19	1	1275068457	0	0	0	0
463	5	1	1	67108868	0	0	0	0
463	9	6	1	402653184	0	0	0	0
463	9	2	1	134217737	0	0	0	0
463	9	22	1	1476395009	0	0	0	0
463	9	0	1	0	0	0	0	0
464	0	52	1	3489677158	0	0	0	0
464	0	20	1	1342177280	0	0	0	0
464	0	2	1	134217734	0	0	0	0
464	6	3	5	201441776	14417936	0	1514594307	20972288
464	6	38	4	2550156288	0	0	0	0
464	6	19	1	1275068457	0	0	0	0
464	6	1	1	67108868	0	0	0	0
464	10	8	1	537165824	0	0	0	0
464	10	1	1	67108880	0	0	0	0
464	26	6	1	402653184	0	0	0	0
464	26	0	1	0	0	0	0	0
465	0	52	1	3489742694	0	0	0	0
465	0	47	1	3154116610	0	0	0	0
465	0	2	1	134217738	0	0	0	0
465	10	19	1	1275068458	0	0	0	0
465	10	3	5	201499184	14418120	0	1514553347	2229760
465	10	3	5	209887792	13107200	0	1514553347	2229760
465	10	3	5	218268208	9175040	0	1514553347	2229760
465	10	1	1	67108871	0	0	0	0
465	17	6	1	402653184	0	0	0	0
465	17	0	1	0	0	0	0	0
466	0	52	1	3489742694	0	0	0	0
466	0	47	1	3154116610	0	0	0	0
466	0	2	1	134217738	0	0	0	0
466	10	19	1	1275068458	0	0	0	0
466	10	3	5	201499152	14418120	0	1514553347	2229760
466	10	3	5	209887760	13107200	0	1514553347	2229760
466	10	3	5	218268176	9175040	0	1514553347	2229760
466	10	1	1	67108871	0	0	0	0
466	17	6	1	402653184	0	0	0	0
466	17	0	1	0	0	0	0	0
467	0	52	1	3489742694	0	0	0	0
467	0	47	1	3154116610	0	0	0	0
467	0	2	1	134217738	0	0	0	0
467	10	19	1	1275068458	0	0	0	0
467	10	3	5	201499120	14418120	0	1514553347	2229760
467	10	3	5	209887728	13107200	0	1514553347	2229760
467	10	3	5	218268144	9175040	0	1514553347	2229760
467	10	1	1	67108871	0	0	0	0
467	17	6	1	402653184	0	0	0	0
467	17	0	1	0	0	0	0	0
468	0	52	1	3489742694	0	0	0	0
468	0	47	1	3154116610	0	0	0	0
468	0	2	1	134217738	0	0	0	0
468	10	19	1	1275068458	0	0	0	0
468	10	3	5	201499088	14418120	0	1514553347	2229760
468	10	3	5	209887696	13107200	0	1514553347	2229760
468	10	3	5	218268112	9175040	0	1514553347	2229760
468	10	1	1	67108871	0	0	0	0
468	17	6	1	402653184	0	0	0	0
468	17	0	1	0	0	0	0	0
469	0	52	1	3489742694	0	0	0	0
469	0	47	1	3154116610	0	0	0	0
469	0	2	1	134217738	0	0	0	0
469	10	19	1	1275068458	0	0	0	0
469	10	3	5	201499056	14418120	0	1514553347	2229760
469	10	3	5	209887664	13107200	0	1514553347	2229760
469	10	3	5	218268080	9175040	0	1514553347	2229760
469	10	1	1	67108871	0	0	0	0
469	17	6	1	402653184	0	0	0	0
469	17	0	1	0	0	0	0	0
470	0	17	1	1140851395	0	0	0	0
470	0	2	1	134217739	0	0	0	0
470	11	52	1	3489742400	0	0	0	0
470	11	32	1	2147483654	0	0	0	0
470	11	38	4	2550153216	600	4285136996	6553700	0
470	11	1	1	67108866	0	0	0	0
470	13	33	1	2214592512	0	0	0	0
470	13	38	4	2550153216	600	4285136996	6553700	0
470	13	1	1	67108866	0	0	0	0
470	15	33	1	2214592512	0	0	0	0
470	15	38	4	2550153216	600	4285136996	6553700	0
470	15	1	1	67108866	0	0	0	0
470	17	33	1	2214592512	0	0	0	0
470	17	38	4	2550153216	600	4285136996	6553700	0
470	17	1	1	67108866	0	0	0	0
470	19	33	1	2214592512	0	0	0	0
470	19	38	4	2550153216	600	4285136996	6553700	0
470	19	1	1	67108866	0	0	0	0
470	21	33	1	2214592512	0	0	0	0
470	21	38	4	2550153216	600	4285136996	6553700	0
470	21	1	1	67108866	0	0	0	0
470	23	33	1	2214592512	0	0	0	0
470	23	52	1	3489677120	0	0	0	0
470	23	14	1	939524138	0	0	0	0
470	23	1	1	67108872	0	0	0	0
470	31	3	5	201327313	26214400	8192380	1514553347	423760896
470	31	14	1	939524097	0	0	0	0
470	31	38	4	2550166528	0	27262976	0	0
470	31	38	4	2550170624	0	0	0	0
470	31	52	1	3489677184	0	0	0	0
470	31	1	1	67108871	0	0	0	0
470	38	6	1	402653184	0	0	0	0
470	38	0	1	0	0	0	0	0
471	0	47	1	3154116609	0	0	0	0
471	0	2	1	134217736	0	0	0	0
471	8	47	1	3154116612	0	0	0	0
471	8	3	5	201498992	13172696	0	335974403	2232816
471	8	3	5	209887600	13107380	0	335974403	2232816
471	8	19	1	1275068458	0	0	0	0
471	8	1	1	67108872	0	0	0	0
471	16	6	1	402653184	0	0	0	0
471	16	2	1	134217750	0	0	0	0
471	22	47	1	3154116609	0	0	0	0
471	22	0	1	0	0	0	0	0
472	0	48	1	3221225472	0	0	0	0
472	0	47	1	3154116609	0	0	0	0
472	0	52	1	3489677099	0	0	0	0
472	0	2	1	134217735	0	0	0	0
472	7	14	1	939524138	0	0	0	0
472	7	40	1	2692743169	0	0	0	0
472	7	2	1	134217742	0	0	0	0
472	14	52	1	3489677184	0	0	0	0
472	14	20	1	1342177280	0	0	0	0
472	14	38	4	2558557184	65236	0	0	0
472	14	1	1	67108867	0	0	0	0
472	17	14	1	939524137	0	0	0	0
472	17	3	5	202359507	19660800	26214400	1514532867	256513024
472	17	3	5	210747984	13107200	11468800	1514532867	155325440
472	17	3	5	219136592	13107200	0	1514532867	155325440
472	17	38	4	2550156288	0	4285136896	0	0
472	17	1	1	67108869	0	0	0	0
472	22	14	1	939524393	0	0	0	0
472	22	49	1	3288334345	0	0	0	0
472	22	38	4	2616755200	0	0	0	0
472	22	38	4	2550150144	65456	49152000	0	0
472	22	1	1	67108866	0	0	0	0
472	24	8	1	545587200	0	0	0	0
472	24	8	1	553975808	0	0	0	0
472	24	1	1	67108867	0	0	0	0
472	27	52	1	3489677120	0	0	0	0
472	27	6	1	402653184	0	0	0	0
472	27	1	1	67108886	0	0	0	0
472	49	40	1	2692743168	0	0	0	0
472	49	0	1	0	0	0	0	0
473	0	48	1	3221225472	0	0	0	0
473	0	40	1	2692743169	0	0	0	0
473	0	2	1	134217734	0	0	0	0
473	6	38	4	2558032896	7864320	0	0	0
473	6	2	1	134217747	0	0	0	0
473	19	3	5	209830579	17039648	65136	398868483	474616832
473	19	3	5	218219027	16384250	112	398868483	172626944
473	19	3	5	226607571	16384250	300	1514553347	172624384
473	19	38	4	2550156288	0	4285136896	0	0
473	19	19	1	1275068674	0	0	0	0
473	19	20	1	1342177280	0	0	0	0
473	19	1	1	67108879	0	0	0	0
473	34	6	1	402653184	0	0	0	0
473	34	1	1	67108875	0	0	0	0
473	45	40	1	2692743168	0	0	0	0
473	45	0	1	0	0	0	0	0
474	0	48	1	3221225472	0	0	0	0
474	0	40	1	2692743169	0	0	0	0
474	0	47	1	3154116611	0	0	0	0
474	0	20	1	1342177280	0	0	0	0
474	0	2	1	134217742	0	0	0	0
474	14	38	4	2550150144	65471	0	0	0
474	14	2	1	134217744	0	0	0	0
474	16	47	1	3154116612	0	0	0	0
474	16	38	4	2558032896	7864320	0	0	0
474	16	3	5	201449795	25100693	0	629145855	4860416
474	16	3	5	209838403	15728640	0	671088703	2761472
474	16	19	1	1275068675	0	0	0	0
474	16	1	1	67108866	0	0	0	0
474	18	6	1	402653184	0	0	0	0
474	18	1	1	67108879	0	0	0	0
474	33	3	5	201449955	19661256	0	252112899	4856320
474	33	3	5	209838563	15728640	4288413696	252112899	4856320
474	33	19	1	1275068674	0	0	0	0
474	33	1	1	67108865	0	0	0	0
474	34	38	4	2558032896	7864320	0	0	0
474	34	1	1	67108866	0	0	0	0
474	36	6	1	402653184	0	0	0	0
474	36	2	1	134217759	0	0	0	0
474	36	47	1	3154116611	0	0	0	0
474	36	1	1	67108878	0	0	0	0
474	50	40	1	2692743168	0	0	0	0
474	50	0	1	0	0	0	0	0
475	0	52	1	3489677158	0	0	0	0
475	0	2	1	134217735	0	0	0	0
475	7	22	1	1476395058	0	0	0	0
475	7	3	5	201540016	13828036	0	251985923	4326672
475	7	3	5	209928624	15728860	0	251985923	4326672
475	7	19	1	1275068457	0	0	0	0
475	7	1	1	67108870	0	0	0	0
475	13	6	1	402653184	0	0	0	0
475	13	1	1	67108872	0	0	0	0
475	21	3	5	202547632	13828036	0	1514471427	4329216
475	21	3	5	210936240	15728860	0	1514471427	4329216
475	21	19	1	1275068458	0	0	0	0
475	21	1	1	67108872	0	0	0	0
475	29	6	1	402653184	0	0	0	0
475	29	22	1	1476395008	0	0	0	0
475	29	0	1	0	0	0	0	0
476	0	52	1	3489677248	0	0	0	0
476	0	2	1	134217740	0	0	0	0
476	12	52	1	3489677184	0	0	0	0
476	12	22	1	1476395058	0	0	0	0
476	12	3	5	201450064	20447402	0	1514553347	4329456
476	12	3	5	209830480	20447402	0	1514553347	4329456
476	12	19	1	1275068457	0	0	0	0
476	12	1	1	67108876	0	0	0	0
476	24	6	1	402653184	0	0	0	0
476	24	1	1	67108869	0	0	0	0
476	29	22	1	1476395008	0	0	0	0
476	29	0	1	0	0	0	0	0
477	0	2	1	134217735	0	0	0	0
477	7	22	1	1476395108	0	0	0	0
477	7	3	5	201392688	18350260	0	1514553347	4196352
477	7	3	5	209781296	15728640	0	1514553347	4196352
477	7	19	1	1275068457	0	0	0	0
477	7	1	1	67108866	0	0	0	0
477	9	3	5	201392688	16384150	0	1514553347	4196352
477	9	3	5	209781296	13107200	0	1514553347	4196352
477	9	1	1	67108874	0	0	0	0
477	19	6	1	402653184	0	0	0	0
477	19	1	1	67108874	0	0	0	0
477	29	22	1	1476395008	0	0	0	0
477	29	0	1	0	0	0	0	0
478	0	22	1	1476395058	0	0	0	0
478	0	52	1	3489677132	0	0	0	0
478	0	2	1	134217733	0	0	0	0
478	5	19	1	1275068457	0	0	0	0
478	5	3	5	201499152	14483396	0	335953923	4329216
478	5	3	5	209887760	17039580	0	335953923	4329216
478	5	1	1	67108867	0	0	0	0
478	8	3	5	201499152	14483396	0	1514553347	4329216
478	8	3	5	209887760	17039580	0	1514553347	4329216
478	8	1	1	67108866	0	0	0	0
478	10	3	5	201499152	14483396	0	84295683	4329216
478	10	3	5	209887760	17039580	0	84295683	4329216
478	10	1	1	67108868	0	0	0	0
478	14	6	1	402653184	0	0	0	0
478	14	1	1	67108869	0	0	0	0
478	19	22	1	1476395008	0	0	0	0
478	19	0	1	0	0	0	0	0
479	0	52	1	3489677056	0	0	0	0
479	0	2	1	134217735	0	0	0	0
479	7	52	1	3489677280	0	0	0	0
479	7	22	1	1476395048	0	0	0	0
479	7	3	5	201540242	24707055	5242880	3917848579	4329856
479	7	3	5	209756818	12451840	1966080	3917848579	4329856
479	7	19	1	1275068457	0	0	0	0
479	7	1	1	67108882	0	0	0	0
479	25	52	1	3489677120	0	0	0	0
479	25	22	1	1476395008	0	0	0	0
479	25	6	1	402653184	0	0	0	0
479	25	0	1	0	0	0	0	0
480	0	2	1	134217729	0	0	0	0
480	1	14	1	939524802	0	0	0	0
480	1	2	1	134217743	0	0	0	0
480	15	23	1	1543503873	0	0	0	0
480	15	2	1	134217777	0	0	0	0
480	49	14	1	939524391	0	0	0	0
480	49	38	4	2616755200	0	0	0	0
480	49	38	4	2550159360	0	0	0	0
481	0	0	1	0	0	0	0	0
482	0	52	1	3489677158	0	0	0	0
482	0	43	1	2885681158	0	0	0	0
482	0	49	1	3288334343	0	0	0	0
482	0	47	1	3154116611	0	0	0	0
482	0	17	1	1140851390	0	0	0	0
482	0	32	1	2147483651	0	0	0	0
482	0	38	4	2550159360	0	0	0	0
482	0	1	1	67108869	0	0	0	0
482	5	52	1	3506455673	0	0	0	0
482	5	1	1	67108871	0	0	0	0
482	12	44	1	2967470125	0	0	0	0
482	12	33	1	2214592512	0	0	0	0
482	12	38	4	2550159360	0	0	0	0
482	12	1	1	67108869	0	0	0	0
482	17	52	1	3506455673	0	0	0	0
482	17	1	1	67108871	0	0	0	0
482	24	44	1	2967470125	0	0	0	0
482	24	33	1	2214592512	0	0	0	0
482	24	38	4	2550159360	0	0	0	0
482	24	1	1	67108869	0	0	0	0
482	29	52	1	3506455673	0	0	0	0
482	29	1	1	67108871	0	0	0	0
482	36	44	1	2967470125	0	0	0	0
482	36	33	1	2214592512	0	0	0	0
482	36	2	1	134217768	0	0	0	0
482	40	38	4	2558557184	3932160	0	0	0
482	40	2	1	134217770	0	0	0	0
482	42	21	1	1409286145	0	0	0	0
482	42	38	4	2616755200	0	0	0	0
482	42	38	4	2550156288	0	4283170816	0	0
482	42	52	1	3506438144	0	0	0	0
482	42	3	5	201458679	16384100	0	1514635267	4329968
482	42	3	5	209830871	13107260	0	1514635267	4329968
482	42	3	5	218219447	11861956	0	1514635267	4329968
482	42	14	1	939524280	0	0	0	0
482	42	44	1	2967470125	0	0	0	0
482	42	50	1	3355443207	0	0	0	0
482	42	1	1	67108869	0	0	0	0
482	47	6	1	402653184	0	0	0	0
482	47	1	1	67108872	0	0	0	0
482	55	21	1	1409286145	0	0	0	0
482	55	0	1	0	0	0	0	0
483	0	52	1	3489677158	0	0	0	0
483	0	43	1	2885681158	0	0	0	0
483	0	49	1	3288334343	0	0	0	0
483	0	17	1	1140851390	0	0	0	0
483	0	38	4	2550159360	0	0	0	0
483	0	32	1	2147483651	0	0	0	0
483	0	1	1	67108869	0	0	0	0
483	5	52	1	3506455673	0	0	0	0
483	5	1	1	67108871	0	0	0	0
483	12	44	1	2967470125	0	0	0	0
483	12	38	4	2550153216	0	0	0	0
483	12	33	1	2214592512	0	0	0	0
483	12	1	1	67108869	0	0	0	0
483	17	52	1	3506455673	0	0	0	0
483	17	1	1	67108871	0	0	0	0
483	24	44	1	2967470125	0	0	0	0
483	24	38	4	2550153216	0	0	0	0
483	24	33	1	2214592512	0	0	0	0
483	24	1	1	67108869	0	0	0	0
483	29	52	1	3506455673	0	0	0	0
483	29	1	1	67108871	0	0	0	0
483	36	44	1	2967470125	0	0	0	0
483	36	38	4	2550153216	0	0	0	0
483	36	33	1	2214592512	0	0	0	0
483	36	2	1	134217768	0	0	0	0
483	40	22	1	1476395009	0	0	0	0
483	40	23	1	1543503873	0	0	0	0
483	40	38	4	2558557184	3932160	0	0	0
483	40	2	1	134217770	0	0	0	0
483	42	21	1	1409286145	0	0	0	0
483	42	38	4	2616755200	0	0	0	0
483	42	38	4	2550153216	0	4283170816	0	0
483	42	52	1	3506438144	0	0	0	0
483	42	3	5	201458679	20971620	0	1514635267	71440112
483	42	3	5	209830871	17694780	0	1514635267	71440112
483	42	3	5	218219447	15794116	0	1514635267	71440112
483	42	14	1	939524280	0	0	0	0
483	42	49	1	3288334345	0	0	0	0
483	42	50	1	3355443207	0	0	0	0
483	42	1	1	67108869	0	0	0	0
483	47	6	1	402653184	0	0	0	0
483	47	1	1	67108872	0	0	0	0
483	55	21	1	1409286145	0	0	0	0
483	55	23	1	1543503874	0	0	0	0
483	55	0	1	0	0	0	0	0
484	0	52	1	3489677120	0	0	0	0
484	0	49	1	3288334345	0	0	0	0
484	0	17	1	1140851392	0	0	0	0
484	0	38	4	2550159360	0	0	0	0
484	0	14	1	939524137	0	0	0	0
484	0	2	1	134217740	0	0	0	0
484	12	52	1	3489677152	0	0	0	0
484	12	22	1	1476395009	0	0	0	0
484	12	23	1	1543503873	0	0	0	0
484	12	14	1	939524279	0	0	0	0
484	12	38	4	2550156288	0	4285792256	0	0
484	12	3	5	201499127	14418120	0	1514553347	71439872
484	12	3	5	209887735	13107200	0	1514553347	71439872
484	12	3	5	218268151	9175040	0	1514553347	71439872
484	12	49	1	3288498183	0	0	0	0
484	12	32	1	2147483653	0	0	0	0
484	12	38	4	2558628864	200	0	0	0
484	12	1	1	67108868	0	0	0	0
484	16	33	1	2214592512	0	0	0	0
484	16	38	4	2558628864	200	0	0	0
484	16	1	1	67108868	0	0	0	0
484	20	33	1	2214592512	0	0	0	0
484	20	38	4	2558628864	200	0	0	0
484	20	1	1	67108868	0	0	0	0
484	24	33	1	2214592512	0	0	0	0
484	24	38	4	2558628864	200	0	0	0
484	24	1	1	67108868	0	0	0	0
484	28	33	1	2214592512	0	0	0	0
484	28	38	4	2558628864	200	0	0	0
484	28	1	1	67108868	0	0	0	0
484	32	33	1	2214592512	0	0	0	0
484	32	22	1	1476395010	0	0	0	0
484	32	23	1	1543503874	0	0	0	0
484	32	6	1	402653184	0	0	0	0
484	32	1	1	67108868	0	0	0	0
484	36	21	1	1409286145	0	0	0	0
484	36	24	1	1610612737	0	0	0	0
484	36	2	1	134217768	0	0	0	0
484	40	38	4	2550156288	0	4285792256	0	0
484	40	14	1	939524224	0	0	0	0
484	40	32	1	2147483651	0	0	0	0
484	40	38	4	2550148096	0	4288413696	0	0
484	40	1	1	67108868	0	0	0	0
484	44	33	1	2214592512	0	0	0	0
484	44	38	4	2550148096	0	4288413696	0	0
484	44	1	1	67108868	0	0	0	0
484	48	33	1	2214592512	0	0	0	0
484	48	38	4	2550148096	0	4288413696	0	0
484	48	1	1	67108868	0	0	0	0
484	52	33	1	2214592512	0	0	0	0
484	52	0	1	0	0	0	0	0
485	0	47	1	3154116611	0	0	0	0
485	0	38	4	2550156288	0	4283170816	0	0
485	0	2	1	134217744	0	0	0	0
485	16	24	1	1610612737	0	0	0	0
485	16	21	1	1409286145	0	0	0	0
485	16	0	1	0	0	0	0	0
486	0	3	5	201327127	13107200	140	440483843	37887488
486	0	3	5	209715735	13107200	65396	440483843	37887488
486	0	38	4	2550159360	0	0	0	0
486	0	14	1	939524395	0	0	0	0
486	0	1	1	67108865	0	0	0	0
486	1	6	1	402653184	0	0	0	0
486	1	0	1	0	0	0	0	0
487	0	49	1	3288334345	0	0	0	0
487	0	17	1	1140851392	0	0	0	0
487	0	38	4	2550159360	0	0	0	0
487	0	14	1	939524137	0	0	0	0
487	0	2	1	134217740	0	0	0	0
487	12	22	1	1476395009	0	0	0	0
487	12	23	1	1543503873	0	0	0	0
487	12	14	1	939524279	0	0	0	0
487	12	38	4	2550156288	0	4285792256	0	0
487	12	3	5	201499127	14418120	0	1216708611	71441408
487	12	3	5	209887735	13107200	0	1216708611	71441408
487	12	3	5	218268151	9175040	0	1216708611	71441408
487	12	49	1	3288498183	0	0	0	0
487	12	32	1	2147483653	0	0	0	0
487	12	38	4	2558628864	200	0	0	0
487	12	1	1	67108868	0	0	0	0
487	16	33	1	2214592512	0	0	0	0
487	16	38	4	2558628864	200	0	0	0
487	16	1	1	67108868	0	0	0	0
487	20	33	1	2214592512	0	0	0	0
487	20	38	4	2558628864	200	0	0	0
487	20	1	1	67108868	0	0	0	0
487	24	33	1	2214592512	0	0	0	0
487	24	38	4	2558628864	200	0	0	0
487	24	1	1	67108868	0	0	0	0
487	28	33	1	2214592512	0	0	0	0
487	28	38	4	2558628864	200	0	0	0
487	28	1	1	67108868	0	0	0	0
487	32	33	1	2214592512	0	0	0	0
487	32	22	1	1476395010	0	0	0	0
487	32	23	1	1543503874	0	0	0	0
487	32	6	1	402653184	0	0	0	0
487	32	1	1	67108868	0	0	0	0
487	36	21	1	1409286145	0	0	0	0
487	36	24	1	1610612737	0	0	0	0
487	36	2	1	134217768	0	0	0	0
487	40	38	4	2550156288	0	4285792256	0	0
487	40	14	1	939524224	0	0	0	0
487	40	32	1	2147483651	0	0	0	0
487	40	38	4	2550148096	0	4288413696	0	0
487	40	1	1	67108868	0	0	0	0
487	44	33	1	2214592512	0	0	0	0
487	44	38	4	2550148096	0	4288413696	0	0
487	44	1	1	67108868	0	0	0	0
487	48	33	1	2214592512	0	0	0	0
487	48	38	4	2550148096	0	4288413696	0	0
487	48	1	1	67108868	0	0	0	0
487	52	33	1	2214592512	0	0	0	0
487	52	0	1	0	0	0	0	0
488	0	52	1	3489677136	0	0	0	0
488	0	38	4	2550209536	180	0	0	0
488	0	38	4	2550159360	0	0	0	0
488	0	49	1	3288334345	0	0	0	0
488	0	2	1	134217731	0	0	0	0
488	3	29	1	1946157059	0	0	0	0
488	3	2	1	134217740	0	0	0	0
488	12	29	1	1946157057	0	0	0	0
488	12	2	1	134217729	0	0	0	0
488	12	22	1	1476395009	0	0	0	0
488	12	14	1	939524278	0	0	0	0
488	12	44	1	2969042944	0	0	0	0
488	12	3	5	201326642	13107200	17039540	1514553347	2097152
488	12	3	5	209715250	19660800	17039760	1514553346	2097152
488	12	38	4	2550156288	0	4281204736	0	0
488	12	1	1	67108865	0	0	0	0
488	13	5	1	335544321	0	0	0	0
488	13	52	1	3506438144	0	0	0	0
488	13	32	1	2147483658	0	0	0	0
488	13	38	4	2564840448	0	180	11796660	0
488	13	1	1	67108866	0	0	0	0
488	15	33	1	2214592512	0	0	0	0
488	15	38	4	2564840448	0	180	11796660	0
488	15	1	1	67108866	0	0	0	0
488	17	33	1	2214592512	0	0	0	0
488	17	38	4	2564840448	0	180	11796660	0
488	17	1	1	67108866	0	0	0	0
488	19	33	1	2214592512	0	0	0	0
488	19	38	4	2564840448	0	180	11796660	0
488	19	1	1	67108866	0	0	0	0
488	21	33	1	2214592512	0	0	0	0
488	21	38	4	2564840448	0	180	11796660	0
488	21	1	1	67108866	0	0	0	0
488	23	33	1	2214592512	0	0	0	0
488	23	38	4	2564840448	0	180	11796660	0
488	23	1	1	67108866	0	0	0	0
488	25	33	1	2214592512	0	0	0	0
488	25	38	4	2564840448	0	180	11796660	0
488	25	1	1	67108866	0	0	0	0
488	27	33	1	2214592512	0	0	0	0
488	27	38	4	2564840448	0	180	11796660	0
488	27	1	1	67108866	0	0	0	0
488	29	33	1	2214592512	0	0	0	0
488	29	38	4	2564840448	0	180	11796660	0
488	29	1	1	67108866	0	0	0	0
488	31	33	1	2214592512	0	0	0	0
488	31	38	4	2564840448	0	180	11796660	0
488	31	1	1	67108866	0	0	0	0
488	33	33	1	2214592512	0	0	0	0
488	33	2	1	134217773	0	0	0	0
488	45	6	1	402653184	0	0	0	0
488	45	38	4	2550168576	260	11796480	0	0
488	45	0	1	0	0	0	0	0
489	0	49	1	3288334346	0	0	0	0
489	0	52	1	3489677120	0	0	0	0
489	0	44	1	2968518656	0	0	0	0
489	0	38	4	2559088640	0	0	0	0
489	0	14	1	939524324	0	0	0	0
489	0	14	1	939524115	0	0	0	0
489	0	2	1	134217748	0	0	0	0
489	20	21	1	1409286145	0	0	0	0
489	20	0	1	0	0	0	0	0
490	0	49	1	3288334345	0	0	0	0
490	0	44	1	2967470105	0	0	0	0
490	0	38	4	2550166528	0	0	0	0
490	0	38	4	2616755200	0	0	0	0
490	0	38	4	2550159360	0	0	0	0
490	0	14	1	939524106	0	0	0	0
490	0	14	1	939524118	0	0	0	0
490	0	17	1	1140851395	0	0	0	0
490	0	0	1	0	0	0	0	0
491	0	52	1	3489677136	0	0	0	0
491	0	38	4	2550209536	180	0	0	0
491	0	38	4	2550159360	0	0	0	0
491	0	49	1	3288334345	0	0	0	0
491	0	2	1	134217741	0	0	0	0
491	13	52	1	3489677158	0	0	0	0
491	13	22	1	1476395009	0	0	0	0
491	13	14	1	939524278	0	0	0	0
491	13	44	1	2969042944	0	0	0	0
491	13	3	5	201326642	13107200	17039540	1514553347	2097152
491	13	3	5	209715250	19660800	17039760	1514553346	2097152
491	13	38	4	2550156288	0	4281204736	0	0
491	13	1	1	67108865	0	0	0	0
491	14	5	1	335544321	0	0	0	0
491	14	32	1	2147483658	0	0	0	0
491	14	38	4	2564840448	0	180	11796660	0
491	14	1	1	67108866	0	0	0	0
491	16	33	1	2214592512	0	0	0	0
491	16	38	4	2564840448	0	180	11796660	0
491	16	1	1	67108866	0	0	0	0
491	18	33	1	2214592512	0	0	0	0
491	18	38	4	2564840448	0	180	11796660	0
491	18	1	1	67108866	0	0	0	0
491	20	33	1	2214592512	0	0	0	0
491	20	38	4	2564840448	0	180	11796660	0
491	20	1	1	67108866	0	0	0	0
491	22	33	1	2214592512	0	0	0	0
491	22	38	4	2564840448	0	180	11796660	0
491	22	1	1	67108866	0	0	0	0
491	24	33	1	2214592512	0	0	0	0
491	24	38	4	2564840448	0	180	11796660	0
491	24	1	1	67108866	0	0	0	0
491	26	33	1	2214592512	0	0	0	0
491	26	38	4	2564840448	0	180	11796660	0
491	26	1	1	67108866	0	0	0	0
491	28	33	1	2214592512	0	0	0	0
491	28	38	4	2564840448	0	180	11796660	0
491	28	1	1	67108866	0	0	0	0
491	30	33	1	2214592512	0	0	0	0
491	30	38	4	2564840448	0	180	11796660	0
491	30	1	1	67108866	0	0	0	0
491	32	33	1	2214592512	0	0	0	0
491	32	38	4	2564840448	0	180	11796660	0
491	32	1	1	67108866	0	0	0	0
491	34	33	1	2214592512	0	0	0	0
491	34	2	1	134217773	0	0	0	0
491	45	6	1	402653184	0	0	0	0
491	45	38	4	2550168576	260	11796480	0	0
491	45	0	1	0	0	0	0	0
492	0	2	1	134217729	0	0	0	0
492	1	23	1	1543503873	0	0	0	0
492	1	0	1	0	0	0	0	0
493	0	14	1	939524190	0	0	0	0
493	0	38	4	2550150144	0	0	0	0
493	0	0	1	0	0	0	0	0
494	0	17	1	1140851775	0	0	0	0
494	0	14	1	939524189	0	0	0	0
494	0	32	1	2147483650	0	0	0	0
494	0	38	4	2550148096	0	100	6553700	0
494	0	1	1	67108870	0	0	0	0
494	6	33	1	2214592512	0	0	0	0
494	6	38	4	2550148096	0	100	6553700	0
494	6	1	1	67108870	0	0	0	0
494	12	33	1	2214592512	0	0	0	0
494	12	0	1	0	0	0	0	0
495	0	14	1	939524107	0	0	0	0
495	0	38	4	2550153216	6553600	0	0	0
495	0	29	1	1946157059	0	0	0	0
495	0	1	1	67108899	0	0	0	0
495	35	29	1	1946157057	0	0	0	0
495	35	0	1	0	0	0	0	0
496	0	49	1	3288334343	0	0	0	0
496	0	38	4	2550180864	0	0	0	0
496	0	17	1	1140851917	0	0	0	0
496	0	14	1	939524107	0	0	0	0
496	0	38	4	2550168576	0	0	0	0
496	0	29	1	1946157059	0	0	0	0
496	0	2	1	134217748	0	0	0	0
496	20	29	1	1946157057	0	0	0	0
496	20	50	1	3355443207	0	0	0	0
496	20	0	1	0	0	0	0	0
497	0	49	1	3288334345	0	0	0	0
497	0	38	4	2550180864	0	0	0	0
497	0	17	1	1140851917	0	0	0	0
497	0	14	1	939524113	0	0	0	0
497	0	38	4	2550168576	0	0	0	0
497	0	29	1	1946157059	0	0	0	0
497	0	2	1	134217752	0	0	0	0
497	24	29	1	1946157057	0	0	0	0
497	24	0	1	0	0	0	0	0
498	0	38	4	2616756224	0	0	0	0
498	0	17	1	1140851921	0	0	0	0
498	0	43	1	2885681159	0	0	0	0
498	0	29	1	1946157059	0	0	0	0
499	0	47	1	3154116611	0	0	0	0
499	0	17	1	1140851918	0	0	0	0
499	0	43	1	2885681159	0	0	0	0
499	0	32	1	2147483654	0	0	0	0
499	0	38	4	2550177792	130	200	17039560	0
499	0	1	1	67108884	0	0	0	0
499	20	33	1	2214592512	0	0	0	0
499	20	38	4	2550177792	130	200	17039560	0
499	20	1	1	67108884	0	0	0	0
499	40	33	1	2214592512	0	0	0	0
499	40	38	4	2550177792	130	200	17039560	0
499	40	1	1	67108884	0	0	0	0
499	60	33	1	2214592512	0	0	0	0
499	60	38	4	2550177792	130	200	17039560	0
499	60	1	1	67108884	0	0	0	0
499	80	33	1	2214592512	0	0	0	0
499	80	38	4	2550177792	130	200	17039560	0
499	80	1	1	67108884	0	0	0	0
499	100	33	1	2214592512	0	0	0	0
499	100	38	4	2550177792	130	200	17039560	0
499	100	1	1	67108884	0	0	0	0
499	120	33	1	2214592512	0	0	0	0
500	0	18	1	1207960892	0	0	0	0
500	0	43	1	2885681158	0	0	0	0
500	0	47	1	3154116611	0	0	0	0
500	0	38	4	2550228992	130	200	17039560	0
500	0	1	1	67108874	0	0	0	0
501	0	29	1	1946157059	0	0	0	0
501	0	38	4	2550168576	0	0	0	0
501	0	20	1	1342177280	0	0	0	0
501	0	2	1	134217730	0	0	0	0
501	2	48	1	3221225472	0	0	0	0
501	2	51	1	3425959936	0	0	0	0
501	2	2	1	134217732	0	0	0	0
501	4	3	5	201466048	11796480	9830400	1514553747	21102592
501	4	3	5	209854656	11796480	0	1514553747	21102592
501	4	19	1	1275068457	0	0	0	0
501	4	38	4	2550156288	65456	4283170816	0	0
501	4	1	1	67108866	0	0	0	0
501	6	29	1	1946157057	0	0	0	0
501	6	1	1	67108867	0	0	0	0
501	9	6	1	402653184	0	0	0	0
501	9	1	1	67108866	0	0	0	0
501	11	51	1	3422814207	0	0	0	0
501	11	0	1	0	0	0	0	0
502	0	38	4	2550168576	0	0	0	0
502	0	29	1	1946157059	0	0	0	0
502	0	20	1	1342177280	0	0	0	0
502	0	2	1	134217730	0	0	0	0
502	2	48	1	3221225472	0	0	0	0
502	2	51	1	3425959936	0	0	0	0
502	2	2	1	134217732	0	0	0	0
502	4	3	5	201466048	11796480	9830400	1514553747	19005440
502	4	3	5	209854656	11796480	0	1514553747	19005440
502	4	19	1	1275068457	0	0	0	0
502	4	38	4	2550156288	65456	4283170816	0	0
502	4	1	1	67108865	0	0	0	0
502	5	29	1	1946157057	0	0	0	0
502	5	1	1	67108868	0	0	0	0
502	9	6	1	402653184	0	0	0	0
502	9	29	1	1946157059	0	0	0	0
502	9	1	1	67108867	0	0	0	0
502	12	51	1	3422814207	0	0	0	0
502	12	0	1	0	0	0	0	0
503	0	48	1	3221225472	0	0	0	0
503	0	51	1	3425959936	0	0	0	0
503	0	29	1	1946157059	0	0	0	0
503	0	2	1	134217748	0	0	0	0
503	20	38	4	2550150144	0	0	0	0
503	20	3	5	201466048	11796480	9830400	1514553707	19005440
503	20	3	5	209854656	11796480	0	1514553707	19005440
503	20	1	1	67108866	0	0	0	0
503	22	6	1	402653184	0	0	0	0
503	22	1	1	67108867	0	0	0	0
503	25	11	1	738197504	0	0	0	0
503	25	11	1	738197505	0	0	0	0
503	25	29	1	1946157057	0	0	0	0
503	25	1	1	67108867	0	0	0	0
503	28	6	1	402653184	0	0	0	0
503	28	1	1	67108878	0	0	0	0
503	42	51	1	3422814207	0	0	0	0
503	42	0	1	0	0	0	0	0
504	0	48	1	3221225472	0	0	0	0
504	0	51	1	3425959936	0	0	0	0
504	0	29	1	1946157059	0	0	0	0
504	0	2	1	134217748	0	0	0	0
504	20	38	4	2550150144	0	0	0	0
504	20	3	5	201466048	11796480	9830400	1514553707	19005440
504	20	3	5	209854656	11796480	0	1514553707	19005440
504	20	1	1	67108866	0	0	0	0
504	22	6	1	402653184	0	0	0	0
504	22	1	1	67108867	0	0	0	0
504	25	11	1	738197504	0	0	0	0
504	25	11	1	738197505	0	0	0	0
504	25	29	1	1946157057	0	0	0	0
504	25	1	1	67108867	0	0	0	0
504	28	6	1	402653184	0	0	0	0
504	28	51	1	3422814207	0	0	0	0
504	28	0	1	0	0	0	0	0
505	0	48	1	3221225472	0	0	0	0
505	0	2	1	134217729	0	0	0	0
505	1	51	1	3425959936	0	0	0	0
505	1	2	1	134217731	0	0	0	0
505	3	3	5	201465936	16384000	9830400	1514348547	2229248
505	3	3	5	209854544	16384000	0	1514348547	2098176
505	3	19	1	1275068459	0	0	0	0
505	3	2	1	134217734	0	0	0	0
505	6	6	1	402653184	0	0	0	0
505	6	2	1	134217737	0	0	0	0
505	9	22	1	1476395009	0	0	0	0
505	9	2	1	134217740	0	0	0	0
505	12	51	1	3422814207	0	0	0	0
505	12	0	1	0	0	0	0	0
506	0	48	1	3221225472	0	0	0	0
506	0	2	1	134217729	0	0	0	0
506	1	51	1	3425959936	0	0	0	0
506	1	2	1	134217731	0	0	0	0
506	3	3	5	201465936	16384000	9830400	293806083	2229248
506	3	3	5	209854544	16384000	0	293806083	2098176
506	3	19	1	1275068459	0	0	0	0
506	3	2	1	134217734	0	0	0	0
506	6	6	1	402653184	0	0	0	0
506	6	2	1	134217737	0	0	0	0
506	9	22	1	1476395009	0	0	0	0
506	9	2	1	134217740	0	0	0	0
506	12	51	1	3422814207	0	0	0	0
506	12	0	1	0	0	0	0	0
507	0	47	1	3154116612	0	0	0	0
507	0	20	1	1342177280	0	0	0	0
507	0	2	1	134217735	0	0	0	0
507	7	3	5	201326992	16384000	6553650	1514553347	21104640
507	7	38	4	2550156288	0	0	0	0
507	7	19	1	1275068457	0	0	0	0
507	7	1	1	67108868	0	0	0	0
507	11	3	5	201326928	16384050	6553650	1514553347	21103872
507	11	1	1	67108881	0	0	0	0
507	28	6	1	402653184	0	0	0	0
507	28	0	1	0	0	0	0	0
508	0	48	1	3221225472	0	0	0	0
508	0	2	1	134217740	0	0	0	0
508	12	14	1	939524291	0	0	0	0
508	12	38	4	2569042944	0	100	6553700	0
508	12	3	5	201621872	11796480	0	1514635267	2752512
508	12	1	1	67108884	0	0	0	0
508	32	6	1	402653184	0	0	0	0
508	32	14	1	939524136	0	0	0	0
508	32	0	1	0	0	0	0	0
509	0	48	1	3221225472	0	0	0	0
509	0	2	1	134217740	0	0	0	0
509	12	14	1	939524291	0	0	0	0
509	12	38	4	2569042944	0	100	6553700	0
509	12	3	5	201621840	11796480	0	1514635267	2752512
509	12	1	1	67108884	0	0	0	0
509	32	6	1	402653184	0	0	0	0
509	32	14	1	939524136	0	0	0	0
509	32	0	1	0	0	0	0	0
510	0	48	1	3221225472	0	0	0	0
510	0	2	1	134217740	0	0	0	0
510	12	14	1	939524291	0	0	0	0
510	12	38	4	2569042944	0	100	6553700	0
510	12	3	5	201621808	11796480	0	1514635267	2752512
510	12	1	1	67108884	0	0	0	0
510	32	6	1	402653184	0	0	0	0
510	32	14	1	939524136	0	0	0	0
510	32	0	1	0	0	0	0	0
511	0	48	1	3221225472	0	0	0	0
511	0	2	1	134217730	0	0	0	0
511	2	51	1	3425959936	0	0	0	0
511	2	2	1	134217733	0	0	0	0
511	5	3	5	201466256	15073280	9830400	335953923	2098432
511	5	3	5	209854864	15073280	0	335953923	2098432
511	5	19	1	1275068459	0	0	0	0
511	5	1	1	67108870	0	0	0	0
511	11	6	1	402653184	0	0	0	0
511	11	2	1	134217743	0	0	0	0
511	15	51	1	3422814207	0	0	0	0
511	15	0	1	0	0	0	0	0
512	0	48	1	3221225472	0	0	0	0
512	0	2	1	134217730	0	0	0	0
512	2	47	1	3154116612	0	0	0	0
512	2	51	1	3425959936	0	0	0	0
512	2	2	1	134217733	0	0	0	0
512	5	3	5	201466192	16384000	9830400	126238723	2228224
512	5	3	5	209854800	16384000	0	126238723	2228224
512	5	19	1	1275068459	0	0	0	0
512	5	1	1	67108870	0	0	0	0
512	11	6	1	402653184	0	0	0	0
512	11	2	1	134217743	0	0	0	0
512	15	51	1	3422814207	0	0	0	0
512	15	47	1	3154116608	0	0	0	0
512	15	0	1	0	0	0	0	0
513	0	48	1	3221225472	0	0	0	0
513	0	20	1	1342177280	0	0	0	0
513	0	2	1	134217733	0	0	0	0
513	5	38	4	2559081472	0	11796480	0	0
513	5	51	1	3425959936	0	0	0	0
513	5	2	1	134217737	0	0	0	0
513	9	38	4	2550156288	0	4285136896	0	0
513	9	47	1	3154116612	0	0	0	0
513	9	3	5	201466448	18350080	9830400	1514553347	4327936
513	9	3	5	209855056	18350080	0	1514553347	4327936
513	9	19	1	1275068457	0	0	0	0
513	9	2	1	134217739	0	0	0	0
513	11	14	1	939524395	0	0	0	0
513	11	2	1	134217743	0	0	0	0
513	15	6	1	402653184	0	0	0	0
513	15	2	1	134217748	0	0	0	0
513	20	51	1	3422814207	0	0	0	0
513	20	2	1	134217768	0	0	0	0
513	40	47	1	3154116611	0	0	0	0
513	40	14	1	939524173	0	0	0	0
513	40	38	4	2550148096	0	4287102976	3932160	0
513	40	0	1	0	0	0	0	0
514	0	48	1	3221225472	0	0	0	0
514	0	2	1	134217732	0	0	0	0
514	4	51	1	3425959936	0	0	0	0
514	4	38	4	2558032896	3932160	0	0	0
514	4	2	1	134217740	0	0	0	0
514	12	38	4	2550150144	0	0	0	0
514	12	20	1	1342177280	0	0	0	0
514	12	3	5	201326672	16384000	23593080	482754643	2228224
514	12	3	5	209715280	16384000	23658376	482754643	2228224
514	12	3	5	218103888	19660800	10485760	377897043	2228224
514	12	19	1	1275068458	0	0	0	0
514	12	1	1	67108866	0	0	0	0
514	14	6	1	402653184	0	0	0	0
514	14	1	1	67108866	0	0	0	0
514	16	32	1	2147483651	0	0	0	0
514	16	11	1	738197504	0	0	0	0
514	16	11	1	738197505	0	0	0	0
514	16	11	1	738197506	0	0	0	0
514	16	19	1	1275068458	0	0	0	0
514	16	1	1	67108866	0	0	0	0
514	18	6	1	402653184	0	0	0	0
514	18	1	1	67108866	0	0	0	0
514	20	33	1	2214592512	0	0	0	0
514	20	11	1	738197504	0	0	0	0
514	20	11	1	738197505	0	0	0	0
514	20	11	1	738197506	0	0	0	0
514	20	19	1	1275068458	0	0	0	0
514	20	1	1	67108866	0	0	0	0
514	22	6	1	402653184	0	0	0	0
514	22	1	1	67108866	0	0	0	0
514	24	33	1	2214592512	0	0	0	0
514	24	11	1	738197504	0	0	0	0
514	24	11	1	738197505	0	0	0	0
514	24	11	1	738197506	0	0	0	0
514	24	19	1	1275068458	0	0	0	0
514	24	1	1	67108866	0	0	0	0
514	26	6	1	402653184	0	0	0	0
514	26	1	1	67108866	0	0	0	0
514	28	33	1	2214592512	0	0	0	0
514	28	3	5	201326928	18350080	29491320	335994883	4334336
514	28	3	5	209715536	18350080	29556616	335994883	4334336
514	28	3	5	218104144	19660800	10485760	335994883	4334336
514	28	19	1	1275068457	0	0	0	0
514	28	38	4	2550150144	0	0	0	0
514	28	1	1	67108868	0	0	0	0
514	32	6	1	402653184	0	0	0	0
514	32	1	1	67108868	0	0	0	0
514	36	51	1	3422814207	0	0	0	0
514	36	0	1	0	0	0	0	0
515	0	48	1	3221225472	0	0	0	0
515	0	47	1	3154116611	0	0	0	0
515	0	2	1	134217732	0	0	0	0
515	4	47	1	3154116612	0	0	0	0
515	4	2	1	134217732	0	0	0	0
515	4	51	1	3425959936	0	0	0	0
515	4	2	1	134217735	0	0	0	0
515	7	38	4	2555935744	0	11796570	5898330	0
515	7	38	4	2550152192	0	9830400	0	0
515	7	20	1	1342177280	0	0	0	0
515	7	19	1	1275068457	0	0	0	0
515	7	3	5	201466384	18350080	9830400	168181763	4327936
515	7	3	5	209854992	18350080	0	168181763	4327936
515	7	1	1	67108869	0	0	0	0
515	12	6	1	402653184	0	0	0	0
515	12	1	1	67108866	0	0	0	0
515	14	51	1	3422814207	0	0	0	0
515	14	2	1	134217744	0	0	0	0
515	16	51	1	3425959936	0	0	0	0
515	16	2	1	134217745	0	0	0	0
515	17	38	4	2550153216	0	4285136896	0	0
515	17	38	4	2555935744	0	11796570	5898330	0
515	17	19	1	1275068458	0	0	0	0
515	17	11	1	738197504	0	0	0	0
515	17	11	1	738197505	0	0	0	0
515	17	1	1	67108867	0	0	0	0
515	20	6	1	402653184	0	0	0	0
515	20	1	1	67108866	0	0	0	0
515	22	51	1	3422814207	0	0	0	0
515	22	2	1	134217770	0	0	0	0
515	42	47	1	3154116611	0	0	0	0
515	42	0	1	0	0	0	0	0
516	0	2	1	134217731	0	0	0	0
516	3	22	1	1476395058	0	0	0	0
516	3	3	5	201597392	15728650	0	1514553347	4327296
516	3	3	5	209945040	15728650	0	1514553347	4327296
516	3	3	5	218145232	17039360	0	1514553347	4327296
516	3	19	1	1275068458	0	0	0	0
516	3	1	1	67108872	0	0	0	0
516	11	3	5	201597264	15728650	0	1514553347	2228224
516	11	3	5	209944912	15728650	0	1514553347	2228224
516	11	3	5	218145136	17039360	0	1514553347	2228224
516	11	1	1	67108890	0	0	0	0
516	37	22	1	1476395008	0	0	0	0
516	37	6	1	402653184	0	0	0	0
516	37	0	1	0	0	0	0	0
517	0	48	1	3221225472	0	0	0	0
517	0	2	1	134217732	0	0	0	0
517	4	51	1	3425959936	0	0	0	0
517	4	2	1	134217735	0	0	0	0
517	7	22	1	1476395028	0	0	0	0
517	7	3	5	201466256	16384000	9830400	1514553347	4326656
517	7	3	5	209854864	13107200	0	1514553347	4326656
517	7	19	1	1275068457	0	0	0	0
517	7	1	1	67108869	0	0	0	0
517	12	3	5	201466128	11796480	9830400	1514553347	2228224
517	12	3	5	209854736	11796480	0	1514553347	2228224
517	12	1	1	67108878	0	0	0	0
517	26	22	1	1476395008	0	0	0	0
517	26	6	1	402653184	0	0	0	0
517	26	1	1	67108866	0	0	0	0
517	28	51	1	3422814207	0	0	0	0
517	28	0	1	0	0	0	0	0
518	0	48	1	3221225472	0	0	0	0
518	0	2	1	134217736	0	0	0	0
518	8	51	1	3425959936	0	0	0	0
518	8	2	1	134217738	0	0	0	0
518	10	22	1	1476395028	0	0	0	0
518	10	3	5	201466384	18350080	9830400	1514553347	4326656
518	10	3	5	209854992	14417920	0	1514553347	4326656
518	10	19	1	1275068457	0	0	0	0
518	10	1	1	67108872	0	0	0	0
518	18	6	1	402653184	0	0	0	0
518	18	1	1	67108868	0	0	0	0
518	22	22	1	1476395008	0	0	0	0
518	22	51	1	3422814207	0	0	0	0
518	22	0	1	0	0	0	0	0
519	0	48	1	3221225472	0	0	0	0
519	0	2	1	134217733	0	0	0	0
519	5	51	1	3425959936	0	0	0	0
519	5	2	1	134217734	0	0	0	0
519	6	22	1	1476395028	0	0	0	0
519	6	3	5	201466352	14417940	9830400	335953923	4327936
519	6	3	5	209854960	14417940	0	335953923	4327936
519	6	19	1	1275068457	0	0	0	0
519	6	1	1	67108865	0	0	0	0
519	7	9	1	604015616	0	0	0	0
519	7	9	1	612404224	0	0	0	0
519	7	1	1	67108865	0	0	0	0
519	8	3	5	201466192	16384000	9895896	335953923	2229504
519	8	3	5	209854800	16384000	65496	335953923	2229504
519	8	1	1	67108880	0	0	0	0
519	24	6	1	402653184	0	0	0	0
519	24	1	1	67108866	0	0	0	0
519	26	22	1	1476395008	0	0	0	0
519	26	51	1	3422814207	0	0	0	0
519	26	0	1	0	0	0	0	0
520	0	48	1	3221225472	0	0	0	0
520	0	2	1	134217736	0	0	0	0
520	8	51	1	3425959936	0	0	0	0
520	8	2	1	134217738	0	0	0	0
520	10	22	1	1476395028	0	0	0	0
520	10	3	5	201466320	14417920	9830400	3917889539	4325376
520	10	3	5	209854928	14417920	0	3917889539	4325376
520	10	19	1	1275068457	0	0	0	0
520	10	1	1	67108880	0	0	0	0
520	26	6	1	402653184	0	0	0	0
520	26	22	1	1476395008	0	0	0	0
520	26	1	1	67108868	0	0	0	0
520	30	51	1	3422814207	0	0	0	0
520	30	0	1	0	0	0	0	0
521	0	38	4	2550168576	0	7864520	13107400	0
521	0	32	1	2147483651	0	0	0	0
521	0	38	4	2550147072	0	7864520	13107400	0
521	0	1	1	67108868	0	0	0	0
521	4	33	1	2214592512	0	0	0	0
521	4	38	4	2550147072	0	7864520	13107400	0
521	4	1	1	67108868	0	0	0	0
521	8	33	1	2214592512	0	0	0	0
521	8	38	4	2550147072	0	7864520	13107400	0
521	8	1	1	67108868	0	0	0	0
521	12	33	1	2214592512	0	0	0	0
522	0	47	1	3154116611	0	0	0	0
522	0	38	4	2550148096	0	4287102976	3932160	0
522	0	2	1	134217734	0	0	0	0
522	6	3	5	201408560	19660800	0	1514553347	2097152
522	6	14	1	939524115	0	0	0	0
522	6	1	1	67108865	0	0	0	0
522	7	6	1	402653184	0	0	0	0
522	7	0	1	0	0	0	0	0
523	0	2	1	134217738	0	0	0	0
523	10	29	1	1946157058	0	0	0	0
523	10	2	1	134217747	0	0	0	0
523	19	19	1	1275068457	0	0	0	0
523	19	17	1	1140851913	0	0	0	0
523	19	38	4	2550156288	0	4285136896	0	0
523	19	1	1	67108866	0	0	0	0
523	21	14	1	939524114	0	0	0	0
523	21	38	4	2550168576	340	9830400	0	0
523	21	38	4	2616755200	0	0	0	0
523	21	23	1	1543503873	0	0	0	0
523	21	29	1	1946157057	0	0	0	0
523	21	0	1	0	0	0	0	0
524	0	20	1	1342177280	0	0	0	0
524	0	14	1	939524114	0	0	0	0
524	0	2	1	134217732	0	0	0	0
524	4	29	1	1946157058	0	0	0	0
524	4	2	1	134217744	0	0	0	0
524	16	14	1	939524106	0	0	0	0
524	16	38	4	2568518656	0	0	0	0
524	16	38	4	2550152192	0	9830400	0	0
524	16	38	4	2550159360	0	4285136896	0	0
524	16	38	4	2616756224	0	0	0	0
524	16	2	1	134217746	0	0	0	0
524	18	23	1	1543503874	0	0	0	0
524	18	47	1	3154116609	0	0	0	0
524	18	29	1	1946157057	0	0	0	0
524	18	1	1	67108865	0	0	0	0
524	19	22	1	1476395009	0	0	0	0
524	19	0	1	0	0	0	0	0
525	0	2	1	134217736	0	0	0	0
525	8	22	1	1476395009	0	0	0	0
525	8	3	5	201327088	22282240	13172366	1514553347	4325376
525	8	3	5	209715696	18350080	9240406	1514553347	4325376
525	8	19	1	1275068457	0	0	0	0
525	8	1	1	67108870	0	0	0	0
525	14	3	5	201326928	22282240	13172366	1514553347	2228224
525	14	3	5	209715536	18350080	9240406	1514553347	2228224
525	14	1	1	67108886	0	0	0	0
525	36	22	1	1476395008	0	0	0	0
525	36	6	1	402653184	0	0	0	0
525	36	0	1	0	0	0	0	0
526	0	2	1	134217734	0	0	0	0
526	6	22	1	1476395028	0	0	0	0
526	6	3	5	201540016	21626960	0	3917807619	4326656
526	6	3	5	209887664	21626960	0	3917807619	4326656
526	6	3	5	218317232	18415536	0	3917807619	4326656
526	6	3	5	226664880	18415536	0	3917807619	4326656
526	6	19	1	1275068457	0	0	0	0
526	6	1	1	67108870	0	0	0	0
526	12	8	1	537198592	0	0	0	0
526	12	8	1	545587200	0	0	0	0
526	12	8	1	553975808	0	0	0	0
526	12	8	1	562364416	0	0	0	0
526	12	9	1	604018176	0	0	0	0
526	12	9	1	612406784	0	0	0	0
526	12	9	1	620790272	0	0	0	0
526	12	9	1	629178880	0	0	0	0
526	12	1	1	67108882	0	0	0	0
526	30	22	1	1476395008	0	0	0	0
526	30	6	1	402653184	0	0	0	0
526	30	0	1	0	0	0	0	0
527	0	47	1	3154116611	0	0	0	0
527	0	2	1	134217732	0	0	0	0
527	4	3	5	201449584	14418040	0	1514471427	4194304
527	4	3	5	209830000	14417950	0	1514471427	4194304
527	4	19	1	1275068459	0	0	0	0
527	4	1	1	67108868	0	0	0	0
527	8	6	1	402653184	0	0	0	0
527	8	2	1	134217739	0	0	0	0
527	11	22	1	1476395009	0	0	0	0
527	11	0	1	0	0	0	0	0
528	0	47	1	3154116609	0	0	0	0
528	0	2	1	134217733	0	0	0	0
528	5	3	5	201539728	17694840	0	335667203	4199424
528	5	19	1	1275068457	0	0	0	0
528	5	1	1	67108869	0	0	0	0
528	10	6	1	402653184	0	0	0	0
528	10	2	1	134217744	0	0	0	0
528	16	22	1	1476395009	0	0	0	0
528	16	0	1	0	0	0	0	0
529	0	49	1	3288334345	0	0	0	0
529	0	17	1	1140851050	0	0	0	0
529	0	44	1	2964062208	0	0	0	0
529	0	3	5	201425329	11796480	0	1514348547	88219776
529	0	38	4	2550169600	0	0	0	0
529	0	38	4	2550166528	0	0	0	0
529	0	14	1	939524283	0	0	0	0
529	0	32	1	2147483650	0	0	0	0
529	0	1	1	67108868	0	0	0	0
529	4	38	4	2553311232	0	0	0	0
529	4	33	1	2214592512	0	0	0	0
529	4	1	1	67108868	0	0	0	0
529	8	38	4	2553311232	0	0	0	0
529	8	33	1	2214592512	0	0	0	0
529	8	37	1	2483027968	0	0	0	0
530	0	17	1	1140851050	0	0	0	0
530	0	44	1	2964062208	0	0	0	0
530	0	3	5	201425329	11796480	0	1514348547	88219776
530	0	38	4	2550169600	0	0	0	0
530	0	38	4	2550166528	0	0	0	0
530	0	14	1	939524283	0	0	0	0
531	0	2	1	134217730	0	0	0	0
531	2	3	5	201482288	13107220	0	335872003	132352
531	2	3	5	209879088	13107420	0	335872003	132352
531	2	19	1	1275068459	0	0	0	0
531	2	1	1	67108866	0	0	0	0
531	4	6	1	402653184	0	0	0	0
531	4	22	1	1476395009	0	0	0	0
531	4	2	1	134217737	0	0	0	0
531	9	6	1	402653184	0	0	0	0
531	9	3	5	201482288	13107220	0	335872003	2229504
531	9	3	5	209879088	13107420	0	335872003	2229504
531	9	19	1	1275068459	0	0	0	0
531	9	1	1	67108866	0	0	0	0
531	11	6	1	402653184	0	0	0	0
531	11	22	1	1476395009	0	0	0	0
531	11	2	1	134217744	0	0	0	0
531	16	6	1	402653184	0	0	0	0
531	16	3	5	201482288	13107220	0	335872003	2229504
531	16	3	5	209879088	13107420	0	335872003	2229504
531	16	19	1	1275068459	0	0	0	0
531	16	1	1	67108866	0	0	0	0
531	18	6	1	402653184	0	0	0	0
531	18	22	1	1476395009	0	0	0	0
531	18	2	1	134217751	0	0	0	0
531	23	6	1	402653184	0	0	0	0
531	23	3	5	201482288	13107220	0	335872003	2229504
531	23	3	5	209879088	13107420	0	335872003	2229504
531	23	19	1	1275068459	0	0	0	0
531	23	1	1	67108866	0	0	0	0
531	25	6	1	402653184	0	0	0	0
531	25	22	1	1476395009	0	0	0	0
531	25	2	1	134217758	0	0	0	0
531	30	3	5	201482288	13107220	0	251985923	2229504
531	30	3	5	209879088	13107420	0	251985923	2229504
531	30	19	1	1275068459	0	0	0	0
531	30	1	1	67108866	0	0	0	0
531	32	6	1	402653184	0	0	0	0
531	32	22	1	1476395009	0	0	0	0
531	32	37	1	2483027968	0	0	0	0
531	32	22	1	1476395009	0	0	0	0
532	0	47	1	3154116611	0	0	0	0
532	0	28	1	1892155395	0	0	0	0
532	0	28	1	1889533955	0	0	0	0
532	0	28	1	1891631107	0	0	0	0
532	0	28	1	1889009667	0	0	0	0
532	0	2	1	134217732	0	0	0	0
532	4	47	1	3154116612	0	0	0	0
532	4	2	1	134217734	0	0	0	0
532	6	3	5	201531856	17039450	0	294010883	4329216
532	6	3	5	209879504	17039450	0	294010883	4329216
532	6	38	4	2563275776	5898240	0	0	0
532	6	38	4	2560654336	5898240	0	0	0
532	6	38	4	2550150144	0	0	0	0
532	6	19	1	1275068457	0	0	0	0
532	6	20	1	1342177280	0	0	0	0
532	6	1	1	67108865	0	0	0	0
532	7	27	1	1811939329	0	0	0	0
532	7	1	1	67108868	0	0	0	0
532	11	6	1	402653184	0	0	0	0
532	11	2	1	134217756	0	0	0	0
532	28	47	1	3154116611	0	0	0	0
532	28	0	1	0	0	0	0	0
533	0	47	1	3154116611	0	0	0	0
533	0	2	1	134217732	0	0	0	0
533	4	47	1	3154116612	0	0	0	0
533	4	2	1	134217734	0	0	0	0
533	6	3	5	201564496	15073280	65476	294113283	2097152
533	6	3	5	209953104	15073280	65336	377999363	2097152
533	6	19	1	1275068458	0	0	0	0
533	6	1	1	67108868	0	0	0	0
533	10	6	1	402653184	0	0	0	0
533	10	2	1	134217744	0	0	0	0
533	16	47	1	3154116611	0	0	0	0
533	16	0	1	0	0	0	0	0
534	0	32	1	2147483650	0	0	0	0
534	0	38	4	2550159360	0	0	0	0
534	0	1	1	67108875	0	0	0	0
534	11	33	1	2214592512	0	0	0	0
534	11	38	4	2550159360	0	0	0	0
534	11	1	1	67108875	0	0	0	0
534	22	33	1	2214592512	0	0	0	0
534	22	29	1	1946157058	0	0	0	0
534	22	32	1	2147483650	0	0	0	0
534	22	38	4	2550159360	0	0	0	0
534	22	1	1	67108875	0	0	0	0
534	33	33	1	2214592512	0	0	0	0
534	33	38	4	2550159360	0	0	0	0
534	33	1	1	67108875	0	0	0	0
534	44	33	1	2214592512	0	0	0	0
534	44	0	1	0	0	0	0	0
535	0	2	1	134217731	0	0	0	0
535	3	3	5	201457808	13828046	0	293806083	2098176
535	3	3	5	209846416	13762630	0	293806083	2098176
535	3	19	1	1275068458	0	0	0	0
535	3	1	1	67108867	0	0	0	0
535	6	6	1	402653184	0	0	0	0
535	6	2	1	134217736	0	0	0	0
535	8	22	1	1476395009	0	0	0	0
535	8	0	1	0	0	0	0	0
536	0	2	1	134217735	0	0	0	0
536	7	47	1	3154116612	0	0	0	0
536	7	28	1	1894252547	0	0	0	0
536	7	28	1	1891631107	0	0	0	0
536	7	20	1	1342177280	0	0	0	0
536	7	3	5	201564816	19660980	0	142913539	4330496
536	7	3	5	209912464	19660980	0	142913539	4330496
536	7	3	5	218145424	11796480	0	147107843	4330496
536	7	38	4	2564324352	5898240	0	0	0
536	7	38	4	2561702912	5898240	0	0	0
536	7	38	4	2550150144	0	0	0	0
536	7	19	1	1275068457	0	0	0	0
536	7	1	1	67108868	0	0	0	0
536	11	8	1	537198592	0	0	0	0
536	11	8	1	545587200	0	0	0	0
536	11	8	1	553975808	0	0	0	0
536	11	1	1	67108880	0	0	0	0
536	27	27	1	1811939329	0	0	0	0
536	27	6	1	402653184	0	0	0	0
536	27	2	1	134217762	0	0	0	0
536	34	47	1	3154116608	0	0	0	0
536	34	0	1	0	0	0	0	0
537	0	2	1	134217742	0	0	0	0
537	14	20	1	1342177280	0	0	0	0
537	14	3	5	201564752	20971660	0	377978883	4328448
537	14	3	5	209936976	18350080	0	377978883	4328448
537	14	38	4	2564324352	7208960	0	0	0
537	14	38	4	2550156288	0	4283170816	0	0
537	14	19	1	1275068457	0	0	0	0
537	14	1	1	67108868	0	0	0	0
537	18	3	5	201564560	13107340	0	1514553347	2229504
537	18	3	5	209936784	15073280	0	1514553347	2229504
537	18	1	1	67108870	0	0	0	0
537	24	6	1	402653184	0	0	0	0
537	24	1	1	67108872	0	0	0	0
537	32	38	4	2550148096	0	0	0	0
537	32	0	1	0	0	0	0	0
538	0	2	1	134217738	0	0	0	0
538	10	43	1	2885681157	0	0	0	0
538	10	14	1	939524291	0	0	0	0
538	10	22	1	1476395048	0	0	0	0
538	10	3	5	201368080	19660800	3932160	1514553747	2098432
538	10	2	1	134217736	0	0	0	0
538	10	8	1	537264128	0	0	0	0
538	10	2	1	134217746	0	0	0	0
538	18	8	1	537165824	0	0	0	0
538	18	2	1	134217758	0	0	0	0
538	30	8	1	537067520	0	0	0	0
538	30	1	1	67108880	0	0	0	0
538	46	22	1	1476395008	0	0	0	0
538	46	43	1	2885681152	0	0	0	0
538	46	0	1	0	0	0	0	0
539	0	43	1	2885681158	0	0	0	0
540	0	43	1	2885681158	0	0	0	0
540	0	20	1	1342177280	0	0	0	0
540	0	19	1	1275068424	0	0	0	0
540	0	2	1	134217732	0	0	0	0
540	4	29	1	1946157058	0	0	0	0
540	4	38	4	2550159360	0	0	0	0
540	4	32	1	2147483658	0	0	0	0
540	4	1	1	67108866	0	0	0	0
540	6	38	4	2550168576	0	200	400	0
540	6	33	1	2214592512	0	0	0	0
540	6	1	1	67108866	0	0	0	0
540	8	38	4	2550168576	0	200	400	0
540	8	33	1	2214592512	0	0	0	0
540	8	1	1	67108866	0	0	0	0
540	10	38	4	2550168576	0	200	400	0
540	10	33	1	2214592512	0	0	0	0
540	10	1	1	67108866	0	0	0	0
540	12	38	4	2550168576	0	200	400	0
540	12	33	1	2214592512	0	0	0	0
540	12	1	1	67108866	0	0	0	0
540	14	38	4	2550168576	0	200	400	0
540	14	33	1	2214592512	0	0	0	0
540	14	1	1	67108866	0	0	0	0
540	16	38	4	2550168576	0	200	400	0
540	16	33	1	2214592512	0	0	0	0
540	16	1	1	67108866	0	0	0	0
540	18	38	4	2550168576	0	200	400	0
540	18	33	1	2214592512	0	0	0	0
540	18	1	1	67108866	0	0	0	0
540	20	38	4	2550168576	0	200	400	0
540	20	33	1	2214592512	0	0	0	0
540	20	1	1	67108866	0	0	0	0
540	22	38	4	2550168576	0	200	400	0
540	22	33	1	2214592512	0	0	0	0
540	22	1	1	67108866	0	0	0	0
540	24	38	4	2550168576	0	200	400	0
540	24	33	1	2214592512	0	0	0	0
540	24	29	1	1946157057	0	0	0	0
540	24	0	1	0	0	0	0	0
541	0	14	1	939524097	0	0	0	0
541	0	38	4	2550166528	200	18350080	0	0
541	0	38	4	2550150144	0	4285136896	0	0
541	0	38	4	2616756224	0	0	0	0
541	0	2	1	134217734	0	0	0	0
541	6	23	1	1543503873	0	0	0	0
541	6	43	1	2885681152	0	0	0	0
541	6	2	1	134217735	0	0	0	0
541	7	25	1	1677721600	0	0	0	0
541	7	0	1	0	0	0	0	0
542	0	21	1	1409286145	0	0	0	0
542	0	49	1	3288334343	0	0	0	0
542	0	3	5	201326640	19005440	15728840	1514553347	0
542	0	3	5	209715248	23592960	15729000	1514553347	0
542	0	0	1	0	0	0	0	0
543	0	38	4	2550150144	0	0	0	0
543	0	42	1	2818572288	0	0	0	0
543	0	40	1	2687500290	0	0	0	0
543	0	22	1	1476395009	0	0	0	0
543	0	3	5	201327312	26214400	0	210034691	4334336
543	0	37	1	2483027968	0	0	0	0
543	0	0	1	0	0	0	0	0
544	0	49	1	3288334346	0	0	0	0
544	0	14	1	939524290	0	0	0	0
544	0	38	4	2616756224	0	0	0	0
544	0	38	4	2550150144	0	0	0	0
544	0	38	4	2550159360	0	0	0	0
544	0	0	1	0	0	0	0	0
545	0	3	5	201327312	26214400	0	210034691	4334336
545	0	0	1	0	0	0	0	0
546	0	47	1	3154116611	0	0	0	0
546	0	2	1	134217735	0	0	0	0
546	7	51	1	3422552064	0	0	0	0
546	7	2	1	134217736	0	0	0	0
546	8	3	5	201417203	15728640	260	377896963	4852224
546	8	3	5	209797619	11796480	0	377896963	4852224
546	8	19	1	1275068675	0	0	0	0
546	8	1	1	67108873	0	0	0	0
546	17	38	4	2550168576	60	4271374336	0	0
546	17	6	1	402653184	0	0	0	0
546	17	1	1	67108866	0	0	0	0
546	19	51	1	3422814207	0	0	0	0
546	19	0	1	0	0	0	0	0
547	0	47	1	3154116611	0	0	0	0
547	0	2	1	134217738	0	0	0	0
547	10	38	4	2555935744	0	11796480	0	0
547	10	51	1	3422552064	0	0	0	0
547	10	2	1	134217739	0	0	0	0
547	11	17	1	1140851089	0	0	0	0
547	11	19	1	1275068674	0	0	0	0
547	11	38	4	2550150144	0	0	0	0
547	11	3	5	201416979	15728640	180	503726403	655360
547	11	3	5	209797395	15728640	0	419840323	655360
547	11	1	1	67108866	0	0	0	0
547	13	3	5	201416979	14417920	180	335954043	655360
547	13	3	5	209797395	10485760	0	335954043	655360
547	13	1	1	67108868	0	0	0	0
547	17	6	1	402653184	0	0	0	0
547	17	1	1	67108866	0	0	0	0
547	19	51	1	3422814207	0	0	0	0
547	19	1	1	67108865	0	0	0	0
547	20	51	1	3422552064	0	0	0	0
547	20	1	1	67108865	0	0	0	0
547	21	19	1	1275068674	0	0	0	0
547	21	38	4	2550150144	0	0	0	0
547	21	38	4	2555935744	0	11796570	5898330	0
547	21	3	5	201416851	24903680	180	335954023	655360
547	21	3	5	209797267	13107200	0	335954023	655360
547	21	1	1	67108869	0	0	0	0
547	26	6	1	402653184	0	0	0	0
547	26	1	1	67108866	0	0	0	0
547	28	51	1	3422814207	0	0	0	0
547	28	1	1	67108866	0	0	0	0
547	30	51	1	3422552064	0	0	0	0
547	30	1	1	67108865	0	0	0	0
547	31	20	1	1342177280	0	0	0	0
547	31	19	1	1275068674	0	0	0	0
547	31	38	4	2550150144	0	0	0	0
547	31	38	4	2555935744	0	11796570	5898330	0
547	31	3	5	201417107	24903680	180	377856003	4853504
547	31	3	5	209797523	13107200	0	377856003	4853504
547	31	1	1	67108869	0	0	0	0
547	36	6	1	402653184	0	0	0	0
547	36	1	1	67108866	0	0	0	0
547	38	51	1	3422814207	0	0	0	0
547	38	0	1	0	0	0	0	0
548	0	22	1	1476395058	0	0	0	0
548	0	2	1	134217734	0	0	0	0
548	6	38	4	2555935744	0	11796570	5898330	0
548	6	3	5	201548112	18350090	0	1514553347	2228224
548	6	3	5	209936720	18350170	0	1514553347	2228224
548	6	3	5	218145104	20316160	0	1514553347	2228224
548	6	19	1	1275068458	0	0	0	0
548	6	1	1	67108872	0	0	0	0
548	14	6	1	402653184	0	0	0	0
548	14	1	1	67108868	0	0	0	0
548	18	3	5	201589072	18350090	0	1514553347	4327296
548	18	3	5	209977680	18350170	0	1514553347	4327296
548	18	3	5	218145104	20316160	0	1514553347	4327296
548	18	19	1	1275068458	0	0	0	0
548	18	1	1	67108873	0	0	0	0
548	27	22	1	1476395008	0	0	0	0
548	27	6	1	402653184	0	0	0	0
548	27	0	1	0	0	0	0	0
549	0	2	1	134217732	0	0	0	0
549	4	22	1	1476395058	0	0	0	0
549	4	3	5	201589072	15728650	0	1514553347	2230144
549	4	3	5	209936720	15728700	0	1514553347	2230144
549	4	3	5	218145104	17039360	0	1514553347	2230144
549	4	19	1	1275068459	0	0	0	0
549	4	1	1	67108866	0	0	0	0
549	6	3	5	201589008	15728650	0	1514553347	132352
549	6	3	5	209936656	15728700	0	1514553347	132352
549	6	3	5	218145040	17039360	0	1514553347	132352
549	6	1	1	67108888	0	0	0	0
549	30	22	1	1476395008	0	0	0	0
549	30	6	1	402653184	0	0	0	0
549	30	0	1	0	0	0	0	0
550	0	22	1	1476395058	0	0	0	0
550	0	2	1	134217742	0	0	0	0
550	14	51	1	3422552064	0	0	0	0
550	14	2	1	134217743	0	0	0	0
550	15	38	4	2555935744	0	11796570	5898330	0
550	15	3	5	201417363	18350080	250	1514553347	4850304
550	15	3	5	209797779	14417920	0	1514553347	4850304
550	15	19	1	1275068674	0	0	0	0
550	15	1	1	67108867	0	0	0	0
550	18	3	5	201417107	11796480	250	1514553347	4849664
550	18	3	5	209797523	9830400	0	1514553347	4849664
550	18	19	1	1275068674	0	0	0	0
550	18	1	1	67108881	0	0	0	0
550	35	22	1	1476395008	0	0	0	0
550	35	6	1	402653184	0	0	0	0
550	35	1	1	67108866	0	0	0	0
550	37	51	1	3422814207	0	0	0	0
550	37	0	1	0	0	0	0	0
551	0	2	1	134217732	0	0	0	0
551	4	51	1	3422552064	0	0	0	0
551	4	2	1	134217733	0	0	0	0
551	5	22	1	1476395038	0	0	0	0
551	5	38	4	2555935744	0	11796570	5898330	0
551	5	3	5	201417299	23592960	100	1514553347	4853504
551	5	3	5	209797715	13107200	0	1514553347	4853504
551	5	19	1	1275068674	0	0	0	0
551	5	2	1	134217735	0	0	0	0
551	7	40	1	2695364608	0	0	0	0
551	7	40	1	2694840319	0	0	0	0
551	7	48	1	3221225472	0	0	0	0
551	7	2	1	134217793	0	0	0	0
551	65	6	1	402653184	0	0	0	0
551	65	22	1	1476395008	0	0	0	0
551	65	1	1	67108866	0	0	0	0
551	67	51	1	3422814207	0	0	0	0
551	67	1	1	67108876	0	0	0	0
551	79	41	1	2751463424	0	0	0	0
551	79	48	1	3221225473	0	0	0	0
551	79	0	1	0	0	0	0	0
552	0	2	1	134217731	0	0	0	0
552	3	3	5	201457744	11796496	0	293806083	2098176
552	3	3	5	209838160	11796480	0	293806083	2098176
552	3	19	1	1275068459	0	0	0	0
552	3	1	1	67108867	0	0	0	0
552	6	6	1	402653184	0	0	0	0
552	6	2	1	134217736	0	0	0	0
552	8	22	1	1476395009	0	0	0	0
552	8	0	1	0	0	0	0	0
553	0	43	1	2885681155	0	0	0	0
553	0	17	1	1140851107	0	0	0	0
553	0	1	1	67108868	0	0	0	0
553	4	29	1	1946157058	0	0	0	0
553	4	2	1	134217738	0	0	0	0
553	10	38	4	2616755200	0	0	0	0
553	10	38	4	2550150144	0	17039360	0	0
553	10	14	1	939524399	0	0	0	0
553	10	1	1	67108872	0	0	0	0
553	18	43	1	2885681154	0	0	0	0
553	18	3	5	201408832	19660920	0	1514471427	20974080
553	18	29	1	1946157057	0	0	0	0
553	18	32	1	2147483650	0	0	0	0
553	18	14	1	939524139	0	0	0	0
553	18	1	1	67108878	0	0	0	0
553	32	33	1	2214592512	0	0	0	0
553	32	14	1	939524139	0	0	0	0
553	32	1	1	67108878	0	0	0	0
553	46	33	1	2214592512	0	0	0	0
553	46	22	1	1476395009	0	0	0	0
553	46	2	1	134217773	0	0	0	0
553	46	38	4	2550168576	200	4276617216	0	0
553	46	38	4	2550156288	0	9830400	0	0
553	46	38	4	2616755200	0	0	0	0
553	46	14	1	939524114	0	0	0	0
553	46	23	1	1543503873	0	0	0	0
553	46	6	1	402653184	0	0	0	0
553	46	0	1	0	0	0	0	0
554	0	19	1	1275068459	0	0	0	0
554	0	1	1	67108868	0	0	0	0
554	4	29	1	1946157058	0	0	0	0
554	4	2	1	134217742	0	0	0	0
554	14	17	1	1140851104	0	0	0	0
554	14	14	1	939524114	0	0	0	0
554	14	38	4	2550168576	200	18350080	0	0
554	14	38	4	2550156288	0	4285136896	0	0
554	14	38	4	2616755200	0	0	0	0
554	14	23	1	1543503873	0	0	0	0
554	14	29	1	1946157057	0	0	0	0
554	14	0	1	0	0	0	0	0
555	0	49	1	3288334345	0	0	0	0
555	0	2	1	134217730	0	0	0	0
555	2	3	5	201425713	18350080	0	335863811	4338176
555	2	3	5	209838897	7864480	0	335863811	4338176
555	2	29	1	1946157059	0	0	0	0
555	2	38	4	2550156288	0	4285136896	0	0
555	2	38	4	2558032896	5242880	0	0	0
555	2	14	1	939524313	0	0	0	0
555	2	44	1	2954100737	0	0	0	0
555	2	1	1	67108865	0	0	0	0
555	3	3	5	201424980	20316160	60	1514553387	2359296
555	3	3	5	209838164	17039510	60	1514553387	2359296
555	3	29	1	1946157057	0	0	0	0
555	3	1	1	67108868	0	0	0	0
555	7	26	1	1744830464	0	0	0	0
555	7	22	1	1476395009	0	0	0	0
555	7	23	1	1543503873	0	0	0	0
555	7	1	1	67108882	0	0	0	0
555	25	6	1	402653184	0	0	0	0
555	25	0	1	0	0	0	0	0
556	0	49	1	3288334345	0	0	0	0
556	0	2	1	134217730	0	0	0	0
556	2	3	5	201425681	18350080	0	335851523	4335616
556	2	3	5	209838865	7864480	0	335851523	4335616
556	2	29	1	1946157059	0	0	0	0
556	2	38	4	2550156288	0	4285136896	0	0
556	2	38	4	2558032896	5242880	0	0	0
556	2	14	1	939524313	0	0	0	0
556	2	44	1	2954100737	0	0	0	0
556	2	1	1	67108865	0	0	0	0
556	3	3	5	201424980	20316160	60	1514553387	2359296
556	3	3	5	209838164	17039510	60	1514553387	2359296
556	3	29	1	1946157057	0	0	0	0
556	3	1	1	67108868	0	0	0	0
556	7	26	1	1744830464	0	0	0	0
556	7	22	1	1476395009	0	0	0	0
556	7	23	1	1543503873	0	0	0	0
556	7	1	1	67108882	0	0	0	0
556	25	6	1	402653184	0	0	0	0
556	25	0	1	0	0	0	0	0
557	0	2	1	134217731	0	0	0	0
557	3	3	5	201457744	11796496	0	293806083	2098176
557	3	3	5	209838160	11796480	0	293806083	2098176
557	3	19	1	1275068459	0	0	0	0
557	3	1	1	67108867	0	0	0	0
557	6	6	1	402653184	0	0	0	0
557	6	2	1	134217736	0	0	0	0
557	8	22	1	1476395009	0	0	0	0
557	8	0	1	0	0	0	0	0
558	0	17	1	1140851120	0	0	0	0
558	0	1	1	67108868	0	0	0	0
558	4	29	1	1946157058	0	0	0	0
558	4	2	1	134217738	0	0	0	0
558	10	38	4	2616755200	0	0	0	0
558	10	38	4	2550150144	0	17039360	0	0
558	10	14	1	939524399	0	0	0	0
558	10	1	1	67108872	0	0	0	0
558	18	43	1	2885681153	0	0	0	0
558	18	3	5	201408832	19660920	0	1514471427	20975360
558	18	29	1	1946157057	0	0	0	0
558	18	32	1	2147483650	0	0	0	0
558	18	14	1	939524139	0	0	0	0
558	18	1	1	67108878	0	0	0	0
558	32	33	1	2214592512	0	0	0	0
558	32	14	1	939524139	0	0	0	0
558	32	1	1	67108878	0	0	0	0
558	46	33	1	2214592512	0	0	0	0
558	46	22	1	1476395009	0	0	0	0
558	46	2	1	134217773	0	0	0	0
558	46	38	4	2550168576	200	4276617216	0	0
558	46	38	4	2550156288	0	9830400	0	0
558	46	38	4	2616755200	0	0	0	0
558	46	14	1	939524114	0	0	0	0
558	46	23	1	1543503873	0	0	0	0
558	46	6	1	402653184	0	0	0	0
558	46	0	1	0	0	0	0	0
559	0	47	1	3154116609	0	0	0	0
559	0	2	1	134217731	0	0	0	0
559	3	3	5	201457744	11796496	0	293806083	2098176
559	3	3	5	209838160	11796480	0	293806083	2098176
559	3	19	1	1275068459	0	0	0	0
559	3	1	1	67108867	0	0	0	0
559	6	6	1	402653184	0	0	0	0
559	6	2	1	134217736	0	0	0	0
559	8	22	1	1476395009	0	0	0	0
559	8	0	1	0	0	0	0	0
560	0	2	1	134217736	0	0	0	0
560	8	28	1	1885339651	0	0	0	0
560	8	3	5	201425456	24903680	6553600	357007363	4195584
560	8	38	4	2550148096	0	0	0	0
560	8	19	1	1275068457	0	0	0	0
560	8	1	1	67108868	0	0	0	0
560	12	27	1	1811939329	0	0	0	0
560	12	1	1	67108869	0	0	0	0
560	17	6	1	402653184	0	0	0	0
560	17	0	1	0	0	0	0	0
561	0	2	1	134217733	0	0	0	0
561	5	28	1	1885339651	0	0	0	0
561	5	3	5	201408784	24248320	0	402817027	2106112
561	5	3	5	209846544	24248320	0	402817027	2106112
561	5	19	1	1275068458	0	0	0	0
561	5	1	1	67108879	0	0	0	0
561	20	6	1	402653184	0	0	0	0
561	20	47	1	3154116611	0	0	0	0
561	20	27	1	1811939329	0	0	0	0
561	20	0	1	0	0	0	0	0
562	0	47	1	3154116611	0	0	0	0
562	0	20	1	1342177280	0	0	0	0
562	0	2	1	134217730	0	0	0	0
562	2	40	1	2700083200	0	0	0	0
562	2	48	1	3221225472	0	0	0	0
562	2	2	1	134217734	0	0	0	0
562	6	38	4	2565897216	0	100	6553700	0
562	6	2	1	134217741	0	0	0	0
562	13	19	1	1275068623	0	0	0	0
562	13	3	5	201572976	13107200	0	440811523	4325376
562	13	1	1	67108869	0	0	0	0
562	18	3	5	201572912	13107200	0	377896963	4325376
562	18	1	1	67108867	0	0	0	0
562	21	3	5	201572816	13107200	0	1514553347	4325376
562	21	1	1	67108869	0	0	0	0
562	26	6	1	402653184	0	0	0	0
562	26	14	1	939524136	0	0	0	0
562	26	0	1	0	0	0	0	0
563	0	47	1	3154116612	0	0	0	0
563	0	20	1	1342177280	0	0	0	0
563	0	2	1	134217730	0	0	0	0
563	2	40	1	2700083200	0	0	0	0
563	2	48	1	3221225472	0	0	0	0
563	2	2	1	134217741	0	0	0	0
563	13	19	1	1275068623	0	0	0	0
563	13	38	4	2565897216	0	100	6553700	0
563	13	3	5	201573040	13107200	0	1514553347	4325376
563	13	1	1	67108904	0	0	0	0
563	53	6	1	402653184	0	0	0	0
563	53	14	1	939524136	0	0	0	0
563	53	0	1	0	0	0	0	0
564	0	47	1	3154116611	0	0	0	0
564	0	2	1	134217730	0	0	0	0
564	2	40	1	2693267456	0	0	0	0
564	2	48	1	3221225472	0	0	0	0
564	2	2	1	134217738	0	0	0	0
564	10	38	4	2559081472	7864320	0	0	0
564	10	20	1	1342177280	0	0	0	0
564	10	2	1	134217744	0	0	0	0
564	16	22	1	1476395009	0	0	0	0
564	16	2	1	134217746	0	0	0	0
564	18	19	1	1275068457	0	0	0	0
564	18	3	5	201466512	13107200	18350080	1514418179	5120768
564	18	3	5	209855120	11796480	3932160	1514418179	5120768
564	18	1	1	67108868	0	0	0	0
564	22	6	1	402653184	0	0	0	0
564	22	22	1	1476395008	0	0	0	0
564	22	0	1	0	0	0	0	0
565	0	49	1	3288334346	0	0	0	0
565	0	29	1	1946157058	0	0	0	0
565	0	3	5	201327730	26214400	6553600	1514553347	4724992
565	0	43	1	2885681156	0	0	0	0
565	0	44	1	2970091520	0	0	0	0
565	0	17	1	1140851137	0	0	0	0
565	0	14	1	939524280	0	0	0	0
565	0	14	1	939524712	0	0	0	0
565	0	38	4	2550154240	90	0	0	0
565	0	2	1	134217746	0	0	0	0
565	18	29	1	1946157057	0	0	0	0
565	18	0	1	0	0	0	0	0
566	0	47	1	3154116612	0	0	0	0
566	0	2	1	134217730	0	0	0	0
566	2	3	5	201416784	17039360	4259855	1514348547	1024
566	2	3	5	209756224	10485760	0	1514348547	1024
566	2	19	1	1275068459	0	0	0	0
566	2	1	1	67108868	0	0	0	0
566	6	6	1	402653184	0	0	0	0
566	6	2	1	134217738	0	0	0	0
566	10	47	1	3154116608	0	0	0	0
566	10	22	1	1476395009	0	0	0	0
566	10	0	1	0	0	0	0	0
567	0	43	1	2886729734	0	0	0	0
567	0	20	1	1342177280	0	0	0	0
567	0	2	1	134217732	0	0	0	0
567	4	3	5	201417104	17694720	4587535	1514430467	4196864
567	4	3	5	209756560	11796480	1310720	1514430467	4196864
567	4	38	4	2550156288	0	0	0	0
567	4	19	1	1275068457	0	0	0	0
567	4	2	1	134217747	0	0	0	0
567	19	43	1	2885681158	0	0	0	0
567	19	43	1	2886729728	0	0	0	0
567	19	6	1	402653184	0	0	0	0
567	19	47	1	3154116612	0	0	0	0
567	19	14	1	939524401	0	0	0	0
567	19	38	4	2550153216	0	0	0	0
567	19	2	1	134217763	0	0	0	0
567	35	43	1	2885681152	0	0	0	0
567	35	47	1	3154116608	0	0	0	0
567	35	0	1	0	0	0	0	0
568	0	43	1	2885681159	0	0	0	0
568	0	20	1	1342177280	0	0	0	0
568	0	44	1	2967470125	0	0	0	0
568	0	32	1	2147483657	0	0	0	0
568	0	43	1	2886729736	0	0	0	0
568	0	1	1	67108865	0	0	0	0
568	1	43	1	2886729737	0	0	0	0
568	1	1	1	67108865	0	0	0	0
568	2	33	1	2214592512	0	0	0	0
568	2	43	1	2886729736	0	0	0	0
568	2	1	1	67108865	0	0	0	0
568	3	43	1	2886729737	0	0	0	0
568	3	1	1	67108865	0	0	0	0
568	4	33	1	2214592512	0	0	0	0
568	4	43	1	2886729736	0	0	0	0
568	4	1	1	67108865	0	0	0	0
568	5	43	1	2886729737	0	0	0	0
568	5	1	1	67108865	0	0	0	0
568	6	33	1	2214592512	0	0	0	0
568	6	43	1	2886729736	0	0	0	0
568	6	1	1	67108865	0	0	0	0
568	7	43	1	2886729737	0	0	0	0
568	7	1	1	67108865	0	0	0	0
568	8	33	1	2214592512	0	0	0	0
568	8	43	1	2886729736	0	0	0	0
568	8	1	1	67108865	0	0	0	0
568	9	43	1	2886729737	0	0	0	0
568	9	1	1	67108865	0	0	0	0
568	10	33	1	2214592512	0	0	0	0
568	10	43	1	2886729736	0	0	0	0
568	10	1	1	67108865	0	0	0	0
568	11	43	1	2886729737	0	0	0	0
568	11	1	1	67108865	0	0	0	0
568	12	33	1	2214592512	0	0	0	0
568	12	43	1	2886729736	0	0	0	0
568	12	1	1	67108865	0	0	0	0
568	13	43	1	2886729737	0	0	0	0
568	13	1	1	67108865	0	0	0	0
568	14	33	1	2214592512	0	0	0	0
568	14	43	1	2886729736	0	0	0	0
568	14	1	1	67108865	0	0	0	0
568	15	43	1	2886729737	0	0	0	0
568	15	1	1	67108865	0	0	0	0
568	16	33	1	2214592512	0	0	0	0
568	16	43	1	2886729736	0	0	0	0
568	16	1	1	67108865	0	0	0	0
568	17	43	1	2886729737	0	0	0	0
568	17	1	1	67108865	0	0	0	0
568	18	33	1	2214592512	0	0	0	0
568	18	47	1	3154116612	0	0	0	0
568	18	2	1	134217749	0	0	0	0
568	21	3	5	201327170	10485760	6553800	1514553347	4721152
568	21	2	1	134217753	0	0	0	0
568	25	3	5	201327170	18350080	6553800	1514553347	4721152
568	25	3	5	209715778	20971520	6554200	1514553347	4721152
568	25	32	1	2147483656	0	0	0	0
568	25	43	1	2886729736	0	0	0	0
568	25	1	1	67108865	0	0	0	0
568	26	43	1	2886729737	0	0	0	0
568	26	1	1	67108865	0	0	0	0
568	27	33	1	2214592512	0	0	0	0
568	27	43	1	2886729736	0	0	0	0
568	27	1	1	67108865	0	0	0	0
568	28	43	1	2886729737	0	0	0	0
568	28	1	1	67108865	0	0	0	0
568	29	33	1	2214592512	0	0	0	0
568	29	43	1	2886729736	0	0	0	0
568	29	1	1	67108865	0	0	0	0
568	30	43	1	2886729737	0	0	0	0
568	30	1	1	67108865	0	0	0	0
568	31	33	1	2214592512	0	0	0	0
568	31	43	1	2886729736	0	0	0	0
568	31	1	1	67108865	0	0	0	0
568	32	43	1	2886729737	0	0	0	0
568	32	1	1	67108865	0	0	0	0
568	33	33	1	2214592512	0	0	0	0
568	33	43	1	2886729736	0	0	0	0
568	33	1	1	67108865	0	0	0	0
568	34	43	1	2886729737	0	0	0	0
568	34	1	1	67108865	0	0	0	0
568	35	33	1	2214592512	0	0	0	0
568	35	43	1	2886729736	0	0	0	0
568	35	1	1	67108865	0	0	0	0
568	36	43	1	2886729737	0	0	0	0
568	36	1	1	67108865	0	0	0	0
568	37	33	1	2214592512	0	0	0	0
568	37	43	1	2886729736	0	0	0	0
568	37	1	1	67108865	0	0	0	0
568	38	43	1	2886729737	0	0	0	0
568	38	1	1	67108865	0	0	0	0
568	39	33	1	2214592512	0	0	0	0
568	39	43	1	2886729736	0	0	0	0
568	39	1	1	67108865	0	0	0	0
568	40	43	1	2886729737	0	0	0	0
568	40	1	1	67108865	0	0	0	0
568	41	33	1	2214592512	0	0	0	0
568	41	1	1	67108866	0	0	0	0
568	43	6	1	402653184	0	0	0	0
568	43	1	1	67108869	0	0	0	0
568	48	47	1	3154116608	0	0	0	0
568	48	1	1	67108877	0	0	0	0
568	61	43	1	2885681152	0	0	0	0
568	61	43	1	2886729728	0	0	0	0
568	61	0	1	0	0	0	0	0
569	0	2	1	134217733	0	0	0	0
569	5	3	5	201564528	10485760	0	365314051	4326656
569	5	3	5	209953136	19660915	11861956	365314051	4326656
569	5	38	4	2550148096	0	0	0	0
569	5	19	1	1275068458	0	0	0	0
569	5	1	1	67108874	0	0	0	0
569	15	6	1	402653184	0	0	0	0
569	15	0	1	0	0	0	0	0
570	0	2	1	134217733	0	0	0	0
570	5	3	5	201556272	18350080	0	1514553347	2229248
570	5	3	5	209903920	18350080	0	1514553347	2229248
570	5	3	5	218145072	11796480	0	1514553347	2229248
570	5	19	1	1275068458	0	0	0	0
570	5	1	1	67108874	0	0	0	0
570	15	6	1	402653184	0	0	0	0
570	15	0	1	0	0	0	0	0
571	0	2	1	134217733	0	0	0	0
571	5	3	5	201556304	18350080	0	1514553347	2228992
571	5	3	5	209903952	18350080	0	1514553347	2228992
571	5	3	5	218145104	11796480	0	1514553347	2228992
571	5	19	1	1275068458	0	0	0	0
571	5	1	1	67108874	0	0	0	0
571	15	6	1	402653184	0	0	0	0
571	15	0	1	0	0	0	0	0
572	0	14	1	939524321	0	0	0	0
572	0	17	1	1140851235	0	0	0	0
572	0	38	4	2550168576	200	60	3932220	0
572	0	0	1	0	0	0	0	0
573	0	38	4	2616756224	0	0	0	0
573	0	17	1	1140851508	0	0	0	0
573	0	29	1	1946157059	0	0	0	0
574	0	43	1	2885681156	0	0	0	0
574	0	43	1	2886729732	0	0	0	0
574	0	47	1	3154116611	0	0	0	0
574	0	17	1	1140851506	0	0	0	0
574	0	32	1	2147483768	0	0	0	0
574	0	38	4	2550177792	130	240	15728880	0
574	0	1	1	67108874	0	0	0	0
574	10	33	1	2214592512	0	0	0	0
574	10	38	4	2550177792	130	240	15728880	0
574	10	1	1	67108874	0	0	0	0
574	20	33	1	2214592512	0	0	0	0
574	20	38	4	2550177792	130	240	15728880	0
574	20	1	1	67108874	0	0	0	0
574	30	33	1	2214592512	0	0	0	0
574	30	38	4	2550177792	130	240	15728880	0
574	30	1	1	67108874	0	0	0	0
574	40	33	1	2214592512	0	0	0	0
574	40	38	4	2550177792	130	240	15728880	0
574	40	1	1	67108874	0	0	0	0
574	50	33	1	2214592512	0	0	0	0
574	50	38	4	2550177792	130	240	15728880	0
574	50	1	1	67108874	0	0	0	0
574	60	33	1	2214592512	0	0	0	0
574	60	38	4	2550177792	130	240	15728880	0
574	60	1	1	67108874	0	0	0	0
574	70	33	1	2214592512	0	0	0	0
574	70	38	4	2550177792	130	240	15728880	0
574	70	1	1	67108874	0	0	0	0
574	80	33	1	2214592512	0	0	0	0
574	80	38	4	2550177792	130	240	15728880	0
574	80	1	1	67108874	0	0	0	0
574	90	33	1	2214592512	0	0	0	0
574	90	38	4	2550177792	130	240	15728880	0
574	90	1	1	67108874	0	0	0	0
574	100	33	1	2214592512	0	0	0	0
574	100	38	4	2550177792	130	240	15728880	0
574	100	1	1	67108874	0	0	0	0
574	110	33	1	2214592512	0	0	0	0
574	110	38	4	2550177792	130	240	15728880	0
574	110	1	1	67108874	0	0	0	0
574	120	33	1	2214592512	0	0	0	0
574	120	38	4	2550177792	130	240	15728880	0
574	120	1	1	67108874	0	0	0	0
574	130	33	1	2214592512	0	0	0	0
574	130	38	4	2550177792	130	240	15728880	0
574	130	1	1	67108874	0	0	0	0
574	140	33	1	2214592512	0	0	0	0
574	140	38	4	2550177792	130	240	15728880	0
574	140	1	1	67108874	0	0	0	0
574	150	33	1	2214592512	0	0	0	0
574	150	38	4	2550177792	130	240	15728880	0
574	150	1	1	67108874	0	0	0	0
574	160	33	1	2214592512	0	0	0	0
574	160	38	4	2550177792	130	240	15728880	0
574	160	1	1	67108874	0	0	0	0
574	170	33	1	2214592512	0	0	0	0
574	170	38	4	2550177792	130	240	15728880	0
574	170	1	1	67108874	0	0	0	0
574	180	33	1	2214592512	0	0	0	0
574	180	38	4	2550177792	130	240	15728880	0
574	180	1	1	67108874	0	0	0	0
574	190	33	1	2214592512	0	0	0	0
574	190	38	4	2550177792	130	240	15728880	0
574	190	1	1	67108874	0	0	0	0
574	200	33	1	2214592512	0	0	0	0
574	200	38	4	2550177792	130	240	15728880	0
574	200	1	1	67108874	0	0	0	0
574	210	33	1	2214592512	0	0	0	0
574	210	38	4	2550177792	130	240	15728880	0
574	210	1	1	67108874	0	0	0	0
574	220	33	1	2214592512	0	0	0	0
574	220	38	4	2550177792	130	240	15728880	0
574	220	1	1	67108874	0	0	0	0
574	230	33	1	2214592512	0	0	0	0
574	230	38	4	2550177792	130	240	15728880	0
574	230	1	1	67108874	0	0	0	0
574	240	33	1	2214592512	0	0	0	0
574	240	38	4	2550177792	130	240	15728880	0
574	240	1	1	67108874	0	0	0	0
574	250	33	1	2214592512	0	0	0	0
574	250	38	4	2550177792	130	240	15728880	0
574	250	1	1	67108874	0	0	0	0
574	260	33	1	2214592512	0	0	0	0
574	260	38	4	2550177792	130	240	15728880	0
574	260	1	1	67108874	0	0	0	0
574	270	33	1	2214592512	0	0	0	0
574	270	38	4	2550177792	130	240	15728880	0
574	270	1	1	67108874	0	0	0	0
574	280	33	1	2214592512	0	0	0	0
574	280	38	4	2550177792	130	240	15728880	0
574	280	1	1	67108874	0	0	0	0
574	290	33	1	2214592512	0	0	0	0
574	290	38	4	2550177792	130	240	15728880	0
574	290	1	1	67108874	0	0	0	0
574	300	33	1	2214592512	0	0	0	0
574	300	38	4	2550177792	130	240	15728880	0
574	300	1	1	67108874	0	0	0	0
574	310	33	1	2214592512	0	0	0	0
574	310	38	4	2550177792	130	240	15728880	0
574	310	1	1	67108874	0	0	0	0
574	320	33	1	2214592512	0	0	0	0
574	320	38	4	2550177792	130	240	15728880	0
574	320	1	1	67108874	0	0	0	0
574	330	33	1	2214592512	0	0	0	0
574	330	38	4	2550177792	130	240	15728880	0
574	330	1	1	67108874	0	0	0	0
574	340	33	1	2214592512	0	0	0	0
574	340	38	4	2550177792	130	240	15728880	0
574	340	1	1	67108874	0	0	0	0
574	350	33	1	2214592512	0	0	0	0
574	350	38	4	2550177792	130	240	15728880	0
574	350	1	1	67108874	0	0	0	0
574	360	33	1	2214592512	0	0	0	0
574	360	38	4	2550177792	130	240	15728880	0
574	360	1	1	67108874	0	0	0	0
574	370	33	1	2214592512	0	0	0	0
574	370	38	4	2550177792	130	240	15728880	0
574	370	1	1	67108874	0	0	0	0
574	380	33	1	2214592512	0	0	0	0
574	380	38	4	2550177792	130	240	15728880	0
574	380	1	1	67108874	0	0	0	0
574	390	33	1	2214592512	0	0	0	0
574	390	38	4	2550177792	130	240	15728880	0
574	390	1	1	67108874	0	0	0	0
574	400	33	1	2214592512	0	0	0	0
574	400	38	4	2550177792	130	240	15728880	0
574	400	1	1	67108874	0	0	0	0
574	410	33	1	2214592512	0	0	0	0
574	410	38	4	2550177792	130	240	15728880	0
574	410	1	1	67108874	0	0	0	0
574	420	33	1	2214592512	0	0	0	0
574	420	38	4	2550177792	130	240	15728880	0
574	420	1	1	67108874	0	0	0	0
574	430	33	1	2214592512	0	0	0	0
574	430	38	4	2550177792	130	240	15728880	0
574	430	1	1	67108874	0	0	0	0
574	440	33	1	2214592512	0	0	0	0
574	440	38	4	2550177792	130	240	15728880	0
574	440	1	1	67108874	0	0	0	0
574	450	33	1	2214592512	0	0	0	0
574	450	38	4	2550177792	130	240	15728880	0
574	450	1	1	67108874	0	0	0	0
574	460	33	1	2214592512	0	0	0	0
574	460	38	4	2550177792	130	240	15728880	0
574	460	1	1	67108874	0	0	0	0
574	470	33	1	2214592512	0	0	0	0
574	470	38	4	2550177792	130	240	15728880	0
574	470	1	1	67108874	0	0	0	0
574	480	33	1	2214592512	0	0	0	0
574	480	38	4	2550177792	130	240	15728880	0
574	480	1	1	67108874	0	0	0	0
574	490	33	1	2214592512	0	0	0	0
574	490	38	4	2550177792	130	240	15728880	0
574	490	1	1	67108874	0	0	0	0
574	500	33	1	2214592512	0	0	0	0
574	500	38	4	2550177792	130	240	15728880	0
574	500	1	1	67108874	0	0	0	0
574	510	33	1	2214592512	0	0	0	0
574	510	38	4	2550177792	130	240	15728880	0
574	510	1	1	67108874	0	0	0	0
574	520	33	1	2214592512	0	0	0	0
574	520	38	4	2550177792	130	240	15728880	0
574	520	1	1	67108874	0	0	0	0
574	530	33	1	2214592512	0	0	0	0
574	530	38	4	2550177792	130	240	15728880	0
574	530	1	1	67108874	0	0	0	0
574	540	33	1	2214592512	0	0	0	0
574	540	38	4	2550177792	130	240	15728880	0
574	540	1	1	67108874	0	0	0	0
574	550	33	1	2214592512	0	0	0	0
574	550	38	4	2550177792	130	240	15728880	0
574	550	1	1	67108874	0	0	0	0
574	560	33	1	2214592512	0	0	0	0
574	560	38	4	2550177792	130	240	15728880	0
574	560	1	1	67108874	0	0	0	0
574	570	33	1	2214592512	0	0	0	0
574	570	38	4	2550177792	130	240	15728880	0
574	570	1	1	67108874	0	0	0	0
574	580	33	1	2214592512	0	0	0	0
574	580	38	4	2550177792	130	240	15728880	0
574	580	1	1	67108874	0	0	0	0
574	590	33	1	2214592512	0	0	0	0
574	590	38	4	2550177792	130	240	15728880	0
574	590	1	1	67108874	0	0	0	0
574	600	33	1	2214592512	0	0	0	0
574	600	38	4	2550177792	130	240	15728880	0
574	600	1	1	67108874	0	0	0	0
574	610	33	1	2214592512	0	0	0	0
574	610	38	4	2550177792	130	240	15728880	0
574	610	1	1	67108874	0	0	0	0
574	620	33	1	2214592512	0	0	0	0
574	620	38	4	2550177792	130	240	15728880	0
574	620	1	1	67108874	0	0	0	0
574	630	33	1	2214592512	0	0	0	0
574	630	38	4	2550177792	130	240	15728880	0
574	630	1	1	67108874	0	0	0	0
574	640	33	1	2214592512	0	0	0	0
574	640	38	4	2550177792	130	240	15728880	0
574	640	1	1	67108874	0	0	0	0
574	650	33	1	2214592512	0	0	0	0
574	650	38	4	2550177792	130	240	15728880	0
574	650	1	1	67108874	0	0	0	0
574	660	33	1	2214592512	0	0	0	0
574	660	38	4	2550177792	130	240	15728880	0
574	660	1	1	67108874	0	0	0	0
574	670	33	1	2214592512	0	0	0	0
574	670	38	4	2550177792	130	240	15728880	0
574	670	1	1	67108874	0	0	0	0
574	680	33	1	2214592512	0	0	0	0
574	680	38	4	2550177792	130	240	15728880	0
574	680	1	1	67108874	0	0	0	0
574	690	33	1	2214592512	0	0	0	0
574	690	38	4	2550177792	130	240	15728880	0
574	690	1	1	67108874	0	0	0	0
574	700	33	1	2214592512	0	0	0	0
574	700	38	4	2550177792	130	240	15728880	0
574	700	1	1	67108874	0	0	0	0
574	710	33	1	2214592512	0	0	0	0
574	710	38	4	2550177792	130	240	15728880	0
574	710	1	1	67108874	0	0	0	0
574	720	33	1	2214592512	0	0	0	0
574	720	38	4	2550177792	130	240	15728880	0
574	720	1	1	67108874	0	0	0	0
574	730	33	1	2214592512	0	0	0	0
574	730	38	4	2550177792	130	240	15728880	0
574	730	1	1	67108874	0	0	0	0
574	740	33	1	2214592512	0	0	0	0
574	740	38	4	2550177792	130	240	15728880	0
574	740	1	1	67108874	0	0	0	0
574	750	33	1	2214592512	0	0	0	0
574	750	38	4	2550177792	130	240	15728880	0
574	750	1	1	67108874	0	0	0	0
574	760	33	1	2214592512	0	0	0	0
574	760	38	4	2550177792	130	240	15728880	0
574	760	1	1	67108874	0	0	0	0
574	770	33	1	2214592512	0	0	0	0
574	770	38	4	2550177792	130	240	15728880	0
574	770	1	1	67108874	0	0	0	0
574	780	33	1	2214592512	0	0	0	0
574	780	38	4	2550177792	130	240	15728880	0
574	780	1	1	67108874	0	0	0	0
574	790	33	1	2214592512	0	0	0	0
574	790	38	4	2550177792	130	240	15728880	0
574	790	1	1	67108874	0	0	0	0
574	800	33	1	2214592512	0	0	0	0
574	800	38	4	2550177792	130	240	15728880	0
574	800	1	1	67108874	0	0	0	0
574	810	33	1	2214592512	0	0	0	0
574	810	38	4	2550177792	130	240	15728880	0
574	810	1	1	67108874	0	0	0	0
574	820	33	1	2214592512	0	0	0	0
574	820	38	4	2550177792	130	240	15728880	0
574	820	1	1	67108874	0	0	0	0
574	830	33	1	2214592512	0	0	0	0
574	830	38	4	2550177792	130	240	15728880	0
574	830	1	1	67108874	0	0	0	0
574	840	33	1	2214592512	0	0	0	0
574	840	38	4	2550177792	130	240	15728880	0
574	840	1	1	67108874	0	0	0	0
574	850	33	1	2214592512	0	0	0	0
574	850	38	4	2550177792	130	240	15728880	0
574	850	1	1	67108874	0	0	0	0
574	860	33	1	2214592512	0	0	0	0
574	860	38	4	2550177792	130	240	15728880	0
574	860	1	1	67108874	0	0	0	0
574	870	33	1	2214592512	0	0	0	0
574	870	38	4	2550177792	130	240	15728880	0
574	870	1	1	67108874	0	0	0	0
574	880	33	1	2214592512	0	0	0	0
574	880	38	4	2550177792	130	240	15728880	0
574	880	1	1	67108874	0	0	0	0
574	890	33	1	2214592512	0	0	0	0
574	890	38	4	2550177792	130	240	15728880	0
574	890	1	1	67108874	0	0	0	0
574	900	33	1	2214592512	0	0	0	0
574	900	38	4	2550177792	130	240	15728880	0
574	900	1	1	67108874	0	0	0	0
574	910	33	1	2214592512	0	0	0	0
574	910	38	4	2550177792	130	240	15728880	0
574	910	1	1	67108874	0	0	0	0
574	920	33	1	2214592512	0	0	0	0
574	920	38	4	2550177792	130	240	15728880	0
574	920	1	1	67108874	0	0	0	0
574	930	33	1	2214592512	0	0	0	0
574	930	38	4	2550177792	130	240	15728880	0
574	930	1	1	67108874	0	0	0	0
574	940	33	1	2214592512	0	0	0	0
574	940	38	4	2550177792	130	240	15728880	0
574	940	1	1	67108874	0	0	0	0
574	950	33	1	2214592512	0	0	0	0
574	950	38	4	2550177792	130	240	15728880	0
574	950	1	1	67108874	0	0	0	0
574	960	33	1	2214592512	0	0	0	0
574	960	38	4	2550177792	130	240	15728880	0
574	960	1	1	67108874	0	0	0	0
574	970	33	1	2214592512	0	0	0	0
574	970	38	4	2550177792	130	240	15728880	0
574	970	1	1	67108874	0	0	0	0
574	980	33	1	2214592512	0	0	0	0
574	980	38	4	2550177792	130	240	15728880	0
574	980	1	1	67108874	0	0	0	0
574	990	33	1	2214592512	0	0	0	0
574	990	38	4	2550177792	130	240	15728880	0
574	990	1	1	67108874	0	0	0	0
574	1000	33	1	2214592512	0	0	0	0
574	1000	38	4	2550177792	130	240	15728880	0
574	1000	1	1	67108874	0	0	0	0
574	1010	33	1	2214592512	0	0	0	0
574	1010	38	4	2550177792	130	240	15728880	0
574	1010	1	1	67108874	0	0	0	0
574	1020	33	1	2214592512	0	0	0	0
574	1020	38	4	2550177792	130	240	15728880	0
574	1020	1	1	67108874	0	0	0	0
574	1030	33	1	2214592512	0	0	0	0
574	1030	38	4	2550177792	130	240	15728880	0
574	1030	1	1	67108874	0	0	0	0
574	1040	33	1	2214592512	0	0	0	0
574	1040	38	4	2550177792	130	240	15728880	0
574	1040	1	1	67108874	0	0	0	0
574	1050	33	1	2214592512	0	0	0	0
574	1050	38	4	2550177792	130	240	15728880	0
574	1050	1	1	67108874	0	0	0	0
574	1060	33	1	2214592512	0	0	0	0
574	1060	38	4	2550177792	130	240	15728880	0
574	1060	1	1	67108874	0	0	0	0
574	1070	33	1	2214592512	0	0	0	0
574	1070	38	4	2550177792	130	240	15728880	0
574	1070	1	1	67108874	0	0	0	0
574	1080	33	1	2214592512	0	0	0	0
574	1080	38	4	2550177792	130	240	15728880	0
574	1080	1	1	67108874	0	0	0	0
574	1090	33	1	2214592512	0	0	0	0
574	1090	38	4	2550177792	130	240	15728880	0
574	1090	1	1	67108874	0	0	0	0
574	1100	33	1	2214592512	0	0	0	0
574	1100	38	4	2550177792	130	240	15728880	0
574	1100	1	1	67108874	0	0	0	0
574	1110	33	1	2214592512	0	0	0	0
574	1110	38	4	2550177792	130	240	15728880	0
574	1110	1	1	67108874	0	0	0	0
574	1120	33	1	2214592512	0	0	0	0
574	1120	38	4	2550177792	130	240	15728880	0
574	1120	1	1	67108874	0	0	0	0
574	1130	33	1	2214592512	0	0	0	0
574	1130	38	4	2550177792	130	240	15728880	0
574	1130	1	1	67108874	0	0	0	0
574	1140	33	1	2214592512	0	0	0	0
574	1140	38	4	2550177792	130	240	15728880	0
574	1140	1	1	67108874	0	0	0	0
574	1150	33	1	2214592512	0	0	0	0
574	1150	38	4	2550177792	130	240	15728880	0
574	1150	1	1	67108874	0	0	0	0
574	1160	33	1	2214592512	0	0	0	0
574	1160	38	4	2550177792	130	240	15728880	0
574	1160	1	1	67108874	0	0	0	0
574	1170	33	1	2214592512	0	0	0	0
574	1170	38	4	2550177792	130	240	15728880	0
574	1170	1	1	67108874	0	0	0	0
574	1180	33	1	2214592512	0	0	0	0
574	1180	38	4	2550177792	130	240	15728880	0
574	1180	1	1	67108874	0	0	0	0
574	1190	33	1	2214592512	0	0	0	0
574	1190	38	4	2550177792	130	240	15728880	0
574	1190	1	1	67108874	0	0	0	0
574	1200	33	1	2214592512	0	0	0	0
575	0	18	1	1207960369	0	0	0	0
575	0	43	1	2885681157	0	0	0	0
575	0	43	1	2886729733	0	0	0	0
575	0	47	1	3154116611	0	0	0	0
575	0	38	4	2550228992	130	240	15728880	0
575	0	1	1	67108874	0	0	0	0
576	0	49	1	3288334345	0	0	0	0
576	0	38	4	2550180864	0	0	0	0
576	0	17	1	1140851494	0	0	0	0
576	0	14	1	939524113	0	0	0	0
576	0	38	4	2550168576	0	0	0	0
576	0	29	1	1946157059	0	0	0	0
576	0	2	1	134217752	0	0	0	0
576	24	29	1	1946157057	0	0	0	0
576	24	0	1	0	0	0	0	0
577	0	49	1	3288334343	0	0	0	0
577	0	38	4	2550180864	0	0	0	0
577	0	17	1	1140851494	0	0	0	0
577	0	14	1	939524107	0	0	0	0
577	0	38	4	2550168576	0	0	0	0
577	0	29	1	1946157059	0	0	0	0
577	0	2	1	134217748	0	0	0	0
577	20	29	1	1946157057	0	0	0	0
577	20	50	1	3355443207	0	0	0	0
577	20	0	1	0	0	0	0	0
578	0	2	1	134217735	0	0	0	0
578	7	47	1	3154116612	0	0	0	0
578	7	28	1	1893728259	0	0	0	0
578	7	28	1	1891106819	0	0	0	0
578	7	20	1	1342177280	0	0	0	0
578	7	3	5	201556496	17039460	0	168181763	4327936
578	7	3	5	209904144	17039460	0	168181763	4327936
578	7	3	5	218145296	10485860	0	168181763	4327936
578	7	38	4	2563800064	5898240	0	0	0
578	7	38	4	2561178624	5898240	0	0	0
578	7	38	4	2550150144	0	0	0	0
578	7	19	1	1275068457	0	0	0	0
578	7	1	1	67108868	0	0	0	0
578	11	8	1	537198592	0	0	0	0
578	11	8	1	545587200	0	0	0	0
578	11	8	1	553975808	0	0	0	0
578	11	1	1	67108880	0	0	0	0
578	27	27	1	1811939329	0	0	0	0
578	27	6	1	402653184	0	0	0	0
578	27	2	1	134217762	0	0	0	0
578	34	47	1	3154116608	0	0	0	0
578	34	0	1	0	0	0	0	0
579	0	20	1	1342177280	0	0	0	0
579	0	1	1	67108868	0	0	0	0
579	4	29	1	1946157058	0	0	0	0
579	4	2	1	134217736	0	0	0	0
579	8	14	1	939524114	0	0	0	0
579	8	38	4	2550178816	200	18350080	0	0
579	8	38	4	2550156288	0	4285136896	0	0
579	8	38	4	2616755200	0	0	0	0
579	8	23	1	1543503873	0	0	0	0
579	8	38	4	2550178816	0	200	200	0
579	8	1	1	67108866	0	0	0	0
579	10	38	4	2550178816	300	200	200	0
579	10	1	1	67108866	0	0	0	0
579	12	38	4	2550178816	600	200	200	0
579	12	1	1	67108866	0	0	0	0
579	14	38	4	2550178816	900	200	200	0
579	14	1	1	67108866	0	0	0	0
579	16	38	4	2550178816	1200	200	200	0
579	16	29	1	1946157057	0	0	0	0
579	16	0	1	0	0	0	0	0
580	0	17	1	1140851502	0	0	0	0
580	0	49	1	3288334342	0	0	0	0
580	0	1	1	67108874	0	0	0	0
581	0	2	1	134217732	0	0	0	0
581	4	17	1	1140851496	0	0	0	0
581	4	3	5	201326928	17039360	9830600	1514553347	21103872
581	4	38	4	2550156288	0	0	0	0
581	4	19	1	1275068457	0	0	0	0
581	4	1	1	67108868	0	0	0	0
581	8	8	1	537133056	0	0	0	0
581	8	2	1	134217746	0	0	0	0
581	18	6	1	402653184	0	0	0	0
581	18	47	1	3154116612	0	0	0	0
581	18	38	4	2550153216	0	0	0	0
581	18	32	1	2147483650	0	0	0	0
581	18	1	1	67108872	0	0	0	0
581	26	38	4	2550148096	0	4287102976	3932160	0
581	26	33	1	2214592512	0	0	0	0
581	26	1	1	67108872	0	0	0	0
581	34	38	4	2550148096	0	4287102976	3932160	0
581	34	33	1	2214592512	0	0	0	0
581	34	47	1	3154116608	0	0	0	0
581	34	0	1	0	0	0	0	0
582	0	2	1	134217740	0	0	0	0
582	12	14	1	939524273	0	0	0	0
582	12	17	1	1140851493	0	0	0	0
582	12	22	1	1476395009	0	0	0	0
582	12	23	1	1543503873	0	0	0	0
582	12	38	4	2558032896	0	0	0	0
582	12	38	4	2550153216	0	4287102976	0	0
582	12	3	5	201449904	20381646	0	503623683	340527616
582	12	3	5	209838512	20316230	0	503623683	340527616
582	12	49	1	3288334342	0	0	0	0
582	12	2	1	134217756	0	0	0	0
582	28	6	1	402653184	0	0	0	0
582	28	2	1	134217758	0	0	0	0
582	30	23	1	1543503874	0	0	0	0
582	30	0	1	0	0	0	0	0
583	0	14	1	939524330	0	0	0	0
583	0	17	1	1140851497	0	0	0	0
583	0	43	1	2885681156	0	0	0	0
583	0	43	1	2886729732	0	0	0	0
583	0	22	1	1476395009	0	0	0	0
583	0	2	1	134217756	0	0	0	0
583	28	3	5	201375750	39321600	4587520	1514553346	0
583	28	49	1	3288416263	0	0	0	0
583	28	43	1	2885681157	0	0	0	0
583	28	43	1	2886729733	0	0	0	0
583	28	1	1	67108872	0	0	0	0
583	36	9	1	603987456	0	0	0	0
583	36	2	1	134217797	0	0	0	0
583	69	9	1	604056576	0	0	0	0
583	69	49	1	3288416263	0	0	0	0
583	69	1	1	67108872	0	0	0	0
583	77	9	1	603987456	0	0	0	0
583	77	2	1	134217841	0	0	0	0
583	113	9	1	604077056	0	0	0	0
583	113	49	1	3288416263	0	0	0	0
583	113	43	1	2885681156	0	0	0	0
583	113	43	1	2886729732	0	0	0	0
583	113	1	1	67108869	0	0	0	0
583	118	43	1	2885681152	0	0	0	0
583	118	43	1	2886729728	0	0	0	0
583	118	1	1	67108872	0	0	0	0
583	126	6	1	402653184	0	0	0	0
583	126	0	1	0	0	0	0	0
584	0	49	1	3288580103	0	0	0	0
584	0	14	1	939524329	0	0	0	0
584	0	17	1	1140851498	0	0	0	0
584	0	29	1	1946157059	0	0	0	0
584	0	1	1	67108865	0	0	0	0
584	1	3	5	201327040	17039360	9830400	1514717187	4327936
584	1	1	1	67108865	0	0	0	0
584	2	6	1	402653184	0	0	0	0
584	2	43	1	2885681156	0	0	0	0
584	2	43	1	2886729732	0	0	0	0
584	2	2	1	134217755	0	0	0	0
584	27	43	1	2885681157	0	0	0	0
584	27	43	1	2886729733	0	0	0	0
584	27	2	1	134217758	0	0	0	0
584	30	29	1	1946157057	0	0	0	0
584	30	2	1	134217908	0	0	0	0
584	180	43	1	2885681156	0	0	0	0
584	180	43	1	2886729732	0	0	0	0
584	180	2	1	134217938	0	0	0	0
584	210	43	1	2885681152	0	0	0	0
584	210	43	1	2886729728	0	0	0	0
584	210	17	1	1140851501	0	0	0	0
584	210	1	1	67108884	0	0	0	0
585	0	47	1	3154116611	0	0	0	0
585	0	2	1	134217735	0	0	0	0
585	7	3	5	201457904	14418040	0	1514553347	4195584
585	7	3	5	209838320	14417950	0	1514553347	4195584
585	7	19	1	1275068458	0	0	0	0
585	7	1	1	67108869	0	0	0	0
585	12	6	1	402653184	0	0	0	0
585	12	0	1	0	0	0	0	0
586	0	47	1	3154116611	0	0	0	0
586	0	17	1	1140851266	0	0	0	0
586	0	2	1	134217736	0	0	0	0
586	8	38	4	2558557184	3932160	0	0	0
586	8	2	1	134217745	0	0	0	0
586	17	3	5	201458001	12517296	0	335953923	21366016
586	17	3	5	209846609	24248520	0	335953923	21366016
586	17	38	4	2558554112	19660800	0	0	0
586	17	38	4	2550156288	0	4283170816	0	0
586	17	38	4	2616759296	0	0	0	0
586	17	49	1	3288383495	0	0	0	0
586	17	19	1	1275068418	0	0	0	0
586	17	1	1	67108866	0	0	0	0
586	19	6	1	402653184	0	0	0	0
586	19	1	1	67108866	0	0	0	0
586	21	11	1	738197504	0	0	0	0
586	21	11	1	738197505	0	0	0	0
586	21	38	4	2558554112	19660800	0	0	0
586	21	38	4	2616759296	0	0	0	0
586	21	49	1	3288383495	0	0	0	0
586	21	19	1	1275068418	0	0	0	0
586	21	1	1	67108866	0	0	0	0
586	23	6	1	402653184	0	0	0	0
586	23	1	1	67108866	0	0	0	0
586	25	11	1	738197504	0	0	0	0
586	25	11	1	738197505	0	0	0	0
586	25	38	4	2558554112	19660800	0	0	0
586	25	38	4	2616759296	0	0	0	0
586	25	49	1	3288383495	0	0	0	0
586	25	19	1	1275068418	0	0	0	0
586	25	1	1	67108866	0	0	0	0
586	27	6	1	402653184	0	0	0	0
586	27	1	1	67108866	0	0	0	0
586	29	11	1	738197504	0	0	0	0
586	29	11	1	738197505	0	0	0	0
586	29	38	4	2558554112	19660800	0	0	0
586	29	38	4	2616759296	0	0	0	0
586	29	49	1	3288383495	0	0	0	0
586	29	19	1	1275068418	0	0	0	0
586	29	1	1	67108866	0	0	0	0
586	31	6	1	402653184	0	0	0	0
586	31	1	1	67108866	0	0	0	0
586	33	11	1	738197504	0	0	0	0
586	33	11	1	738197505	0	0	0	0
586	33	38	4	2558554112	19660800	0	0	0
586	33	38	4	2550156288	0	4283170816	0	0
586	33	38	4	2616759296	0	0	0	0
586	33	49	1	3288383495	0	0	0	0
586	33	19	1	1275068418	0	0	0	0
586	33	1	1	67108866	0	0	0	0
586	35	6	1	402653184	0	0	0	0
586	35	0	1	0	0	0	0	0
587	0	44	1	2964586496	0	0	0	0
587	0	29	1	1946157058	0	0	0	0
587	0	38	4	2550156288	0	4283170816	0	0
587	0	2	1	134217732	0	0	0	0
587	4	26	1	1744830464	0	0	0	0
587	4	22	1	1476395009	0	0	0	0
587	4	14	1	939524345	0	0	0	0
587	4	38	4	2550159360	0	0	0	0
587	4	38	4	2552790016	0	200	13107200	0
587	4	3	5	201326672	13107200	4293001356	419430407	52575232
587	4	3	5	209715280	13107200	4293066612	419430407	52575232
587	4	3	5	218103888	13107200	21627020	419430407	52573952
587	4	3	5	226492496	13107200	21692276	419430407	52573952
587	4	1	1	67108866	0	0	0	0
587	6	32	1	2147483651	0	0	0	0
587	6	38	4	2552790016	0	200	13107200	0
587	6	3	5	201326640	11796480	4289724526	440401927	52573952
587	6	3	5	209715248	11796480	4289789842	440401927	52573952
587	6	3	5	218103856	11796480	20316270	419430407	52568832
587	6	3	5	226492464	11796480	20381586	419430407	52568832
587	6	1	1	67108866	0	0	0	0
587	8	6	1	402653184	0	0	0	0
587	8	33	1	2214592512	0	0	0	0
587	8	38	4	2552790016	0	200	13107200	0
587	8	3	5	201326640	11796480	4289724526	440401927	52573952
587	8	3	5	209715248	11796480	4289789842	440401927	52573952
587	8	3	5	218103856	11796480	20316270	419430407	52568832
587	8	3	5	226492464	11796480	20381586	419430407	52568832
587	8	1	1	67108866	0	0	0	0
587	10	6	1	402653184	0	0	0	0
587	10	33	1	2214592512	0	0	0	0
587	10	38	4	2552790016	0	200	13107200	0
587	10	3	5	201326640	11796480	4289724526	440401927	52573952
587	10	3	5	209715248	11796480	4289789842	440401927	52573952
587	10	3	5	218103856	11796480	20316270	419430407	52568832
587	10	3	5	226492464	11796480	20381586	419430407	52568832
587	10	1	1	67108866	0	0	0	0
587	12	6	1	402653184	0	0	0	0
587	12	33	1	2214592512	0	0	0	0
587	12	29	1	1946157057	0	0	0	0
587	12	32	1	2147483658	0	0	0	0
587	12	38	4	2552790016	0	200	13107400	0
587	12	3	5	201326640	9175040	19005540	838860807	52562432
587	12	3	5	209715248	9175040	19070876	838860807	52562432
587	12	3	5	218103856	9175040	655460	461373447	52566272
587	12	3	5	226492464	9175040	720796	461373447	52566272
587	12	1	1	67108866	0	0	0	0
587	14	6	1	402653184	0	0	0	0
587	14	33	1	2214592512	0	0	0	0
587	14	38	4	2552790016	0	200	13107400	0
587	14	3	5	201326640	9175040	19005540	838860807	52562432
587	14	3	5	209715248	9175040	19070876	838860807	52562432
587	14	3	5	218103856	9175040	655460	461373447	52566272
587	14	3	5	226492464	9175040	720796	461373447	52566272
587	14	1	1	67108866	0	0	0	0
587	16	6	1	402653184	0	0	0	0
587	16	33	1	2214592512	0	0	0	0
587	16	38	4	2552790016	0	200	13107400	0
587	16	3	5	201326640	9175040	19005540	838860807	52562432
587	16	3	5	209715248	9175040	19070876	838860807	52562432
587	16	3	5	218103856	9175040	655460	461373447	52566272
587	16	3	5	226492464	9175040	720796	461373447	52566272
587	16	1	1	67108866	0	0	0	0
587	18	6	1	402653184	0	0	0	0
587	18	33	1	2214592512	0	0	0	0
587	18	38	4	2552790016	0	200	13107400	0
587	18	3	5	201326640	9175040	19005540	838860807	52562432
587	18	3	5	209715248	9175040	19070876	838860807	52562432
587	18	3	5	218103856	9175040	655460	461373447	52566272
587	18	3	5	226492464	9175040	720796	461373447	52566272
587	18	1	1	67108866	0	0	0	0
587	20	6	1	402653184	0	0	0	0
587	20	33	1	2214592512	0	0	0	0
587	20	38	4	2552790016	0	200	13107400	0
587	20	3	5	201326640	9175040	19005540	838860807	52562432
587	20	3	5	209715248	9175040	19070876	838860807	52562432
587	20	3	5	218103856	9175040	655460	461373447	52566272
587	20	3	5	226492464	9175040	720796	461373447	52566272
587	20	1	1	67108866	0	0	0	0
587	22	6	1	402653184	0	0	0	0
587	22	33	1	2214592512	0	0	0	0
587	22	38	4	2552790016	0	200	13107400	0
587	22	3	5	201326640	9175040	19005540	838860807	52562432
587	22	3	5	209715248	9175040	19070876	838860807	52562432
587	22	3	5	218103856	9175040	655460	461373447	52566272
587	22	3	5	226492464	9175040	720796	461373447	52566272
587	22	1	1	67108866	0	0	0	0
587	24	6	1	402653184	0	0	0	0
587	24	33	1	2214592512	0	0	0	0
587	24	38	4	2552790016	0	200	13107400	0
587	24	3	5	201326640	9175040	19005540	838860807	52562432
587	24	3	5	209715248	9175040	19070876	838860807	52562432
587	24	3	5	218103856	9175040	655460	461373447	52566272
587	24	3	5	226492464	9175040	720796	461373447	52566272
587	24	1	1	67108866	0	0	0	0
587	26	6	1	402653184	0	0	0	0
587	26	33	1	2214592512	0	0	0	0
587	26	38	4	2552790016	0	200	13107400	0
587	26	3	5	201326640	9175040	19005540	838860807	52562432
587	26	3	5	209715248	9175040	19070876	838860807	52562432
587	26	3	5	218103856	9175040	655460	461373447	52566272
587	26	3	5	226492464	9175040	720796	461373447	52566272
587	26	1	1	67108866	0	0	0	0
587	28	6	1	402653184	0	0	0	0
587	28	33	1	2214592512	0	0	0	0
587	28	38	4	2552790016	0	200	13107400	0
587	28	3	5	201326640	9175040	19005540	838860807	52562432
587	28	3	5	209715248	9175040	19070876	838860807	52562432
587	28	3	5	218103856	9175040	655460	461373447	52566272
587	28	3	5	226492464	9175040	720796	461373447	52566272
587	28	1	1	67108866	0	0	0	0
587	30	6	1	402653184	0	0	0	0
587	30	33	1	2214592512	0	0	0	0
587	30	38	4	2552790016	0	200	13107400	0
587	30	3	5	201326640	9175040	19005540	838860807	52562432
587	30	3	5	209715248	9175040	19070876	838860807	52562432
587	30	3	5	218103856	9175040	655460	461373447	52566272
587	30	3	5	226492464	9175040	720796	461373447	52566272
587	30	1	1	67108866	0	0	0	0
587	32	6	1	402653184	0	0	0	0
587	32	33	1	2214592512	0	0	0	0
587	32	3	5	201326642	26214400	6553600	1514553667	54657024
587	32	1	1	67108866	0	0	0	0
587	34	6	1	402653184	0	0	0	0
587	34	45	1	3019898880	0	0	0	0
587	34	0	1	0	0	0	0	0
588	0	44	1	2964586496	0	0	0	0
588	0	29	1	1946157058	0	0	0	0
588	0	38	4	2550150144	0	0	0	0
588	0	2	1	134217732	0	0	0	0
588	4	14	1	939524345	0	0	0	0
588	4	29	1	1946157057	0	0	0	0
588	4	32	1	2147483661	0	0	0	0
588	4	38	4	2552790016	0	200	13107400	0
588	4	3	5	201326640	10485760	19005590	838860807	52562432
588	4	3	5	209715248	10485760	19070826	838860807	52562432
588	4	3	5	218103856	10485760	655510	461373447	52566272
588	4	3	5	226492464	10485760	720746	461373447	52566272
588	4	1	1	67108866	0	0	0	0
588	6	6	1	402653184	0	0	0	0
588	6	33	1	2214592512	0	0	0	0
588	6	38	4	2552790016	0	200	13107400	0
588	6	3	5	201326640	10485760	19005590	838860807	52562432
588	6	3	5	209715248	10485760	19070826	838860807	52562432
588	6	3	5	218103856	10485760	655510	461373447	52566272
588	6	3	5	226492464	10485760	720746	461373447	52566272
588	6	1	1	67108866	0	0	0	0
588	8	6	1	402653184	0	0	0	0
588	8	33	1	2214592512	0	0	0	0
588	8	38	4	2552790016	0	200	13107400	0
588	8	3	5	201326640	10485760	19005590	838860807	52562432
588	8	3	5	209715248	10485760	19070826	838860807	52562432
588	8	3	5	218103856	10485760	655510	461373447	52566272
588	8	3	5	226492464	10485760	720746	461373447	52566272
588	8	1	1	67108866	0	0	0	0
588	10	6	1	402653184	0	0	0	0
588	10	33	1	2214592512	0	0	0	0
588	10	38	4	2552790016	0	200	13107400	0
588	10	3	5	201326640	10485760	19005590	838860807	52562432
588	10	3	5	209715248	10485760	19070826	838860807	52562432
588	10	3	5	218103856	10485760	655510	461373447	52566272
588	10	3	5	226492464	10485760	720746	461373447	52566272
588	10	1	1	67108866	0	0	0	0
588	12	6	1	402653184	0	0	0	0
588	12	33	1	2214592512	0	0	0	0
588	12	38	4	2552790016	0	200	13107400	0
588	12	3	5	201326640	10485760	19005590	838860807	52562432
588	12	3	5	209715248	10485760	19070826	838860807	52562432
588	12	3	5	218103856	10485760	655510	461373447	52566272
588	12	3	5	226492464	10485760	720746	461373447	52566272
588	12	1	1	67108866	0	0	0	0
588	14	6	1	402653184	0	0	0	0
588	14	33	1	2214592512	0	0	0	0
588	14	38	4	2552790016	0	200	13107400	0
588	14	3	5	201326640	10485760	19005590	838860807	52562432
588	14	3	5	209715248	10485760	19070826	838860807	52562432
588	14	3	5	218103856	10485760	655510	461373447	52566272
588	14	3	5	226492464	10485760	720746	461373447	52566272
588	14	1	1	67108866	0	0	0	0
588	16	6	1	402653184	0	0	0	0
588	16	33	1	2214592512	0	0	0	0
588	16	38	4	2552790016	0	200	13107400	0
588	16	3	5	201326640	10485760	19005590	838860807	52562432
588	16	3	5	209715248	10485760	19070826	838860807	52562432
588	16	3	5	218103856	10485760	655510	461373447	52566272
588	16	3	5	226492464	10485760	720746	461373447	52566272
588	16	1	1	67108866	0	0	0	0
588	18	6	1	402653184	0	0	0	0
588	18	33	1	2214592512	0	0	0	0
588	18	38	4	2552790016	0	200	13107400	0
588	18	3	5	201326640	10485760	19005590	838860807	52562432
588	18	3	5	209715248	10485760	19070826	838860807	52562432
588	18	3	5	218103856	10485760	655510	461373447	52566272
588	18	3	5	226492464	10485760	720746	461373447	52566272
588	18	1	1	67108866	0	0	0	0
588	20	6	1	402653184	0	0	0	0
588	20	33	1	2214592512	0	0	0	0
588	20	38	4	2552790016	0	200	13107400	0
588	20	3	5	201326640	10485760	19005590	838860807	52562432
588	20	3	5	209715248	10485760	19070826	838860807	52562432
588	20	3	5	218103856	10485760	655510	461373447	52566272
588	20	3	5	226492464	10485760	720746	461373447	52566272
588	20	1	1	67108866	0	0	0	0
588	22	6	1	402653184	0	0	0	0
588	22	33	1	2214592512	0	0	0	0
588	22	38	4	2552790016	0	200	13107400	0
588	22	3	5	201326640	10485760	19005590	838860807	52562432
588	22	3	5	209715248	10485760	19070826	838860807	52562432
588	22	3	5	218103856	10485760	655510	461373447	52566272
588	22	3	5	226492464	10485760	720746	461373447	52566272
588	22	1	1	67108866	0	0	0	0
588	24	6	1	402653184	0	0	0	0
588	24	33	1	2214592512	0	0	0	0
588	24	38	4	2552790016	0	200	13107400	0
588	24	3	5	201326640	10485760	19005590	838860807	52562432
588	24	3	5	209715248	10485760	19070826	838860807	52562432
588	24	3	5	218103856	10485760	655510	461373447	52566272
588	24	3	5	226492464	10485760	720746	461373447	52566272
588	24	1	1	67108866	0	0	0	0
588	26	6	1	402653184	0	0	0	0
588	26	33	1	2214592512	0	0	0	0
588	26	38	4	2552790016	0	200	13107400	0
588	26	3	5	201326640	10485760	19005590	838860807	52562432
588	26	3	5	209715248	10485760	19070826	838860807	52562432
588	26	3	5	218103856	10485760	655510	461373447	52566272
588	26	3	5	226492464	10485760	720746	461373447	52566272
588	26	1	1	67108866	0	0	0	0
588	28	6	1	402653184	0	0	0	0
588	28	33	1	2214592512	0	0	0	0
588	28	38	4	2552790016	0	200	13107400	0
588	28	3	5	201326640	10485760	19005590	838860807	52562432
588	28	3	5	209715248	10485760	19070826	838860807	52562432
588	28	3	5	218103856	10485760	655510	461373447	52566272
588	28	3	5	226492464	10485760	720746	461373447	52566272
588	28	1	1	67108866	0	0	0	0
588	30	6	1	402653184	0	0	0	0
588	30	33	1	2214592512	0	0	0	0
588	30	3	5	201326642	26214400	6553600	1514553667	54657024
588	30	1	1	67108866	0	0	0	0
588	32	6	1	402653184	0	0	0	0
588	32	45	1	3019898880	0	0	0	0
588	32	0	1	0	0	0	0	0
589	0	1	1	67108871	0	0	0	0
589	7	28	1	1882718211	0	0	0	0
589	7	3	5	201384336	25559040	2621480	419840523	4325376
589	7	3	5	209764752	15728640	0	419840523	4325376
589	7	19	1	1275068458	0	0	0	0
589	7	1	1	67108868	0	0	0	0
589	11	27	1	1811939329	0	0	0	0
589	11	6	1	402653184	0	0	0	0
589	11	0	1	0	0	0	0	0
590	0	47	1	3154116612	0	0	0	0
590	0	1	1	67108872	0	0	0	0
590	8	3	5	201482576	17039360	4293656576	126239163	4194304
590	8	3	5	209879376	13762560	0	126239163	4194304
590	8	19	1	1275068458	0	0	0	0
590	8	38	4	2550153216	65456	4283170816	0	0
590	8	1	1	67108867	0	0	0	0
590	11	6	1	402653184	0	0	0	0
590	11	0	1	0	0	0	0	0
591	0	20	1	1342177280	0	0	0	0
591	0	1	1	67108870	0	0	0	0
591	6	47	1	3154116612	0	0	0	0
591	6	3	5	201482672	19660800	0	147230723	4196864
591	6	3	5	209879472	17039360	0	147230723	4196864
591	6	19	1	1275068458	0	0	0	0
591	6	38	4	2560654336	6553600	60	3932220	0
591	6	38	4	2550152192	0	9830400	0	0
591	6	1	1	67108866	0	0	0	0
591	8	6	1	402653184	0	0	0	0
591	8	1	1	67108877	0	0	0	0
591	21	3	5	201482672	19660800	0	147230723	4196864
591	21	3	5	209879472	17039360	0	147230723	4196864
591	21	19	1	1275068458	0	0	0	0
591	21	38	4	2560654336	6553600	60	3932220	0
591	21	38	4	2550153216	0	4285136896	0	0
591	21	1	1	67108866	0	0	0	0
591	23	6	1	402653184	0	0	0	0
591	23	47	1	3154116608	0	0	0	0
591	23	0	1	0	0	0	0	0
592	0	40	1	2690646019	0	0	0	0
592	0	43	1	2885681153	0	0	0	0
592	0	35	1	2348810240	0	0	0	0
593	0	63	1	4294967295	0	0	0	0
593	0	0	1	8	0	0	0	0
594	0	49	1	3288334343	0	0	0	0
594	0	38	4	2550180864	0	0	0	0
594	0	17	1	1140852199	0	0	0	0
594	0	14	1	939524107	0	0	0	0
594	0	38	4	2550168576	0	0	0	0
594	0	29	1	1946157059	0	0	0	0
594	0	2	1	134217748	0	0	0	0
594	20	29	1	1946157057	0	0	0	0
594	20	50	1	3355443207	0	0	0	0
594	20	0	1	0	0	0	0	0
595	0	29	1	1946157059	0	0	0	0
595	0	2	1	134217747	0	0	0	0
595	19	38	4	2550150144	0	0	0	0
595	19	3	5	201400512	13172656	0	1514553707	18874368
595	19	3	5	209797312	16384050	0	1514553707	18874368
595	19	3	5	218235072	13172656	0	1514553707	18874368
595	19	3	5	226631872	16384050	0	1514553707	18874368
595	19	1	1	67108869	0	0	0	0
595	24	6	1	402653184	0	0	0	0
595	24	1	1	67108866	0	0	0	0
595	26	11	1	738197504	0	0	0	0
595	26	11	1	738197505	0	0	0	0
595	26	11	1	738197506	0	0	0	0
595	26	11	1	738197507	0	0	0	0
595	26	29	1	1946157057	0	0	0	0
595	26	1	1	67108869	0	0	0	0
595	31	6	1	402653184	0	0	0	0
595	31	0	1	0	0	0	0	0
596	0	29	1	1946157059	0	0	0	0
596	0	2	1	134217748	0	0	0	0
596	20	38	4	2550150144	0	0	0	0
596	20	3	5	201400512	13172656	0	1514553707	18874368
596	20	3	5	209797312	16384050	0	1514553707	18874368
596	20	3	5	218235072	13172656	0	1514553707	18874368
596	20	3	5	226631872	16384050	0	1514553707	18874368
596	20	1	1	67108866	0	0	0	0
596	22	29	1	1946157057	0	0	0	0
596	22	1	1	67108868	0	0	0	0
596	26	6	1	402653184	0	0	0	0
596	26	0	1	0	0	0	0	0
597	0	49	1	3288334345	0	0	0	0
597	0	38	4	2550180864	0	0	0	0
597	0	17	1	1140852199	0	0	0	0
597	0	14	1	939524113	0	0	0	0
597	0	38	4	2550168576	0	0	0	0
597	0	29	1	1946157059	0	0	0	0
597	0	2	1	134217752	0	0	0	0
597	24	29	1	1946157057	0	0	0	0
597	24	0	1	0	0	0	0	0
598	0	38	4	2550168576	0	0	0	0
598	0	29	1	1946157059	0	0	0	0
598	0	17	1	1140852189	0	0	0	0
598	0	2	1	134217729	0	0	0	0
598	1	3	5	201556160	18350080	0	1514553747	2228224
598	1	3	5	209903808	18350080	0	1514553747	2228224
598	1	3	5	218153152	18350080	0	1514553747	2228224
598	1	19	1	1275068458	0	0	0	0
598	1	38	4	2550156288	65456	4283170816	0	0
598	1	1	1	67108866	0	0	0	0
598	3	29	1	1946157057	0	0	0	0
598	3	1	1	67108872	0	0	0	0
598	11	6	1	402653184	0	0	0	0
598	11	0	1	0	0	0	0	0
599	0	38	4	2550168576	0	0	0	0
599	0	29	1	1946157059	0	0	0	0
599	0	17	1	1140852189	0	0	0	0
599	0	2	1	134217734	0	0	0	0
599	6	3	5	201375936	18350080	0	1514553747	2228224
599	6	3	5	209903808	18350160	0	1514553747	2228224
599	6	38	4	2550156288	0	4285136896	0	0
599	6	19	1	1275068458	0	0	0	0
599	6	1	1	67108866	0	0	0	0
599	8	29	1	1946157057	0	0	0	0
599	8	1	1	67108872	0	0	0	0
599	16	6	1	402653184	0	0	0	0
599	16	0	1	0	0	0	0	0
600	0	38	4	2616756224	0	0	0	0
600	0	17	1	1140852194	0	0	0	0
600	0	40	1	2690646019	0	0	0	0
600	0	43	1	2885681153	0	0	0	0
600	0	29	1	1946157059	0	0	0	0
601	0	47	1	3154116611	0	0	0	0
601	0	17	1	1140852195	0	0	0	0
601	0	40	1	2690646019	0	0	0	0
601	0	43	1	2885681153	0	0	0	0
601	0	32	1	2147483654	0	0	0	0
601	0	38	4	2550177792	130	200	17039560	0
601	0	1	1	67108884	0	0	0	0
601	20	33	1	2214592512	0	0	0	0
601	20	38	4	2550177792	130	200	17039560	0
601	20	1	1	67108884	0	0	0	0
601	40	33	1	2214592512	0	0	0	0
601	40	38	4	2550177792	130	200	17039560	0
601	40	1	1	67108884	0	0	0	0
601	60	33	1	2214592512	0	0	0	0
601	60	38	4	2550177792	130	200	17039560	0
601	60	1	1	67108884	0	0	0	0
601	80	33	1	2214592512	0	0	0	0
601	80	38	4	2550177792	130	200	17039560	0
601	80	1	1	67108884	0	0	0	0
601	100	33	1	2214592512	0	0	0	0
601	100	38	4	2550177792	130	200	17039560	0
601	100	1	1	67108884	0	0	0	0
601	120	33	1	2214592512	0	0	0	0
602	0	18	1	1207959876	0	0	0	0
602	0	40	1	2690646019	0	0	0	0
602	0	43	1	2885681153	0	0	0	0
602	0	47	1	3154116611	0	0	0	0
602	0	38	4	2550228992	130	200	17039560	0
602	0	1	1	67108884	0	0	0	0
603	0	47	1	3154116611	0	0	0	0
603	0	38	4	2550148096	0	4287102976	3932160	0
603	0	2	1	134217748	0	0	0	0
603	20	3	5	201408560	14417970	65336	1514553347	2097152
603	20	3	5	209715248	14417920	16384250	1514553347	2097152
603	20	14	1	939525614	0	0	0	0
603	20	22	1	1476395018	0	0	0	0
603	20	23	1	1543503876	0	0	0	0
603	20	1	1	67108865	0	0	0	0
603	21	5	1	335544321	0	0	0	0
603	21	1	1	67108876	0	0	0	0
603	33	40	1	2689597441	0	0	0	0
603	33	40	1	2693267457	0	0	0	0
603	33	1	1	67108867	0	0	0	0
603	36	6	1	402653184	0	0	0	0
603	36	1	1	67108873	0	0	0	0
603	45	40	1	2689597440	0	0	0	0
603	45	40	1	2693267456	0	0	0	0
603	45	1	1	67108872	0	0	0	0
603	53	40	1	2689597441	0	0	0	0
603	53	40	1	2693267457	0	0	0	0
603	53	1	1	67108866	0	0	0	0
603	55	14	1	939525615	0	0	0	0
603	55	1	1	67108884	0	0	0	0
603	75	40	1	2689597440	0	0	0	0
603	75	40	1	2693267456	0	0	0	0
603	75	0	1	0	0	0	0	0
604	0	2	1	134217733	0	0	0	0
604	5	14	1	939524115	0	0	0	0
604	5	0	1	0	0	0	0	0
605	0	48	1	3221225472	0	0	0	0
605	0	2	1	134217734	0	0	0	0
605	6	29	1	1946157058	0	0	0	0
605	6	40	1	2690646017	0	0	0	0
605	6	20	1	1342177280	0	0	0	0
605	6	2	1	134217750	0	0	0	0
605	22	14	1	939524127	0	0	0	0
605	22	38	4	2565372928	0	0	0	0
605	22	38	4	2550156288	0	4285136896	0	0
605	22	38	4	2616755200	0	0	0	0
605	22	2	1	134217760	0	0	0	0
605	32	23	1	1543503873	0	0	0	0
605	32	29	1	1946157057	0	0	0	0
605	32	2	1	134217772	0	0	0	0
605	44	40	1	2690646016	0	0	0	0
605	44	0	1	0	0	0	0	0
606	0	20	1	1342177280	0	0	0	0
606	0	19	1	1275068434	0	0	0	0
606	0	2	1	134217732	0	0	0	0
606	4	29	1	1946157058	0	0	0	0
606	4	2	1	134217750	0	0	0	0
606	22	14	1	939524106	0	0	0	0
606	22	38	4	2565372928	0	0	0	0
606	22	38	4	2550152192	0	9830400	0	0
606	22	38	4	2550159360	0	4268752896	0	0
606	22	38	4	2616756224	0	0	0	0
606	22	2	1	134217761	0	0	0	0
606	33	23	1	1543503874	0	0	0	0
606	33	29	1	1946157057	0	0	0	0
606	33	2	1	134217768	0	0	0	0
606	40	0	1	0	0	0	0	0
607	0	40	1	2693267457	0	0	0	0
607	0	2	1	134217736	0	0	0	0
607	8	3	5	201449616	16384180	0	314736643	2101632
607	8	3	5	209846416	16449496	0	314736643	2101632
607	8	3	5	218243216	16384030	0	314736643	2101632
607	8	19	1	1275068458	0	0	0	0
607	8	14	1	939525614	0	0	0	0
607	8	1	1	67108874	0	0	0	0
607	18	6	1	402653184	0	0	0	0
607	18	1	1	67108870	0	0	0	0
607	24	14	1	939525615	0	0	0	0
607	24	1	1	67108866	0	0	0	0
607	26	40	1	2693267456	0	0	0	0
607	26	22	1	1476395009	0	0	0	0
607	26	0	1	0	0	0	0	0
608	0	40	1	2689597441	0	0	0	0
608	0	2	1	134217736	0	0	0	0
608	8	3	5	201392272	16384180	0	314736643	2101632
608	8	3	5	209789072	16449496	0	314736643	2101632
608	8	3	5	218185872	16384030	0	314736643	2101632
608	8	19	1	1275068458	0	0	0	0
608	8	14	1	939525614	0	0	0	0
608	8	1	1	67108874	0	0	0	0
608	18	6	1	402653184	0	0	0	0
608	18	1	1	67108870	0	0	0	0
608	24	14	1	939525615	0	0	0	0
608	24	1	1	67108866	0	0	0	0
608	26	40	1	2693267456	0	0	0	0
608	26	22	1	1476395009	0	0	0	0
608	26	0	1	0	0	0	0	0
609	0	47	1	3154116612	0	0	0	0
609	0	2	1	134217735	0	0	0	0
609	7	3	5	201326960	18350080	11796480	1514553347	4327424
609	7	3	5	209715568	18350080	21626880	1514553347	4327424
609	7	3	5	218186096	19726256	0	1514553347	71305216
609	7	3	5	226632048	19726256	0	1514553347	71305216
609	7	38	4	2550156288	0	0	0	0
609	7	17	1	1140852219	0	0	0	0
609	7	14	1	939525614	0	0	0	0
609	7	19	1	1275068457	0	0	0	0
609	7	1	1	67108880	0	0	0	0
609	23	6	1	402653184	0	0	0	0
609	23	2	1	134217761	0	0	0	0
609	33	3	5	201326896	18350080	18350080	419696643	4334336
609	33	3	5	209715504	18350080	29491200	419696643	4334336
609	33	3	5	218186032	19726256	0	419696643	71312128
609	33	3	5	226631984	19726256	0	419696643	71312128
609	33	19	1	1275068458	0	0	0	0
609	33	1	1	67108868	0	0	0	0
609	37	17	1	1140852220	0	0	0	0
609	37	1	1	67108868	0	0	0	0
609	41	6	1	402653184	0	0	0	0
609	41	14	1	939525615	0	0	0	0
609	41	0	1	0	0	0	0	0
610	0	2	1	134217740	0	0	0	0
610	12	3	5	201392560	16384050	0	1514553347	2230784
610	12	3	5	209789360	16384050	0	1514553347	2230784
610	12	3	5	218186128	16384050	0	1514553347	2099712
610	12	19	1	1275068458	0	0	0	0
610	12	1	1	67108868	0	0	0	0
610	16	6	1	402653184	0	0	0	0
610	16	0	1	0	0	0	0	0
611	0	2	1	134217740	0	0	0	0
611	12	3	5	201392528	16384050	0	1514553347	2230784
611	12	3	5	209789328	16384050	0	1514553347	2230784
611	12	3	5	218186096	16384050	0	1514553347	2099712
611	12	19	1	1275068458	0	0	0	0
611	12	1	1	67108868	0	0	0	0
611	16	6	1	402653184	0	0	0	0
611	16	0	1	0	0	0	0	0
612	0	2	1	134217740	0	0	0	0
612	12	3	5	201392496	16384050	0	1514553347	2230784
612	12	3	5	209789296	16384050	0	1514553347	2230784
612	12	3	5	218186064	16384050	0	1514553347	2099712
612	12	19	1	1275068458	0	0	0	0
612	12	1	1	67108868	0	0	0	0
612	16	6	1	402653184	0	0	0	0
612	16	0	1	0	0	0	0	0
613	0	2	1	134217736	0	0	0	0
613	8	3	5	201490832	18415516	0	356986883	2231424
613	8	3	5	209895824	16384000	0	356986883	2231424
613	8	19	1	1275068458	0	0	0	0
613	8	1	1	67108867	0	0	0	0
613	11	1	1	67108875	0	0	0	0
613	22	6	1	402653184	0	0	0	0
613	22	2	1	134217758	0	0	0	0
613	30	38	4	2550148096	0	4285792256	0	0
613	30	0	1	0	0	0	0	0
614	0	47	1	3154116610	0	0	0	0
614	0	2	1	134217740	0	0	0	0
614	12	38	4	2550148096	0	4285792256	0	0
614	12	3	5	201392464	16384050	0	1514471427	2229504
614	12	3	5	209789264	14483436	0	1514471427	2229504
614	12	3	5	218186128	18350130	0	428187651	2102912
614	12	19	1	1275068458	0	0	0	0
614	12	1	1	67108871	0	0	0	0
614	19	6	1	402653184	0	0	0	0
614	19	0	1	0	0	0	0	0
615	0	2	1	134217748	0	0	0	0
615	20	20	1	1342177280	0	0	0	0
615	20	3	5	201392656	16384020	4289724416	1514573827	4327936
615	20	3	5	209789456	16384050	4289724416	1514573827	4327936
615	20	3	5	218186384	19660900	0	1514573827	71305728
615	20	3	5	226632336	19660900	0	1514573827	71305728
615	20	14	1	939524334	0	0	0	0
615	20	14	1	939524147	0	0	0	0
615	20	38	4	2550168576	550	58982400	0	0
615	20	38	4	2550156288	0	4285136896	0	0
615	20	22	1	1476395058	0	0	0	0
615	20	1	1	67108868	0	0	0	0
615	24	3	5	201392528	16384020	4289724416	1514573827	4327936
615	24	3	5	209789328	16384050	4289724416	1514573827	4327936
615	24	3	5	218186128	18350130	0	1514573827	4327936
615	24	3	5	226632080	18350130	0	1514573827	4327936
615	24	1	1	67108872	0	0	0	0
615	32	22	1	1476395008	0	0	0	0
615	32	6	1	402653184	0	0	0	0
615	32	0	1	0	0	0	0	0
616	0	2	1	134217748	0	0	0	0
616	20	20	1	1342177280	0	0	0	0
616	20	3	5	201392624	16384020	4289724416	1514573827	4327936
616	20	3	5	209789424	16384050	4289724416	1514573827	4327936
616	20	3	5	218186352	19660900	0	1514573827	71305728
616	20	3	5	226632304	19660900	0	1514573827	71305728
616	20	14	1	939524334	0	0	0	0
616	20	14	1	939524147	0	0	0	0
616	20	38	4	2550168576	200	62259200	0	0
616	20	38	4	2550156288	0	4285136896	0	0
616	20	22	1	1476395058	0	0	0	0
616	20	1	1	67108868	0	0	0	0
616	24	3	5	201392528	16384020	4289724416	1514573827	4327936
616	24	3	5	209789328	16384050	4289724416	1514573827	4327936
616	24	3	5	218186128	18350130	0	1514573827	4327936
616	24	3	5	226632080	18350130	0	1514573827	4327936
616	24	1	1	67108872	0	0	0	0
616	32	22	1	1476395008	0	0	0	0
616	32	6	1	402653184	0	0	0	0
616	32	0	1	0	0	0	0	0
617	0	2	1	134217748	0	0	0	0
617	20	20	1	1342177280	0	0	0	0
617	20	3	5	201392592	16384020	4289724416	1514573827	4327936
617	20	3	5	209789392	16384050	4289724416	1514573827	4327936
617	20	3	5	218186320	19660900	0	1514573827	71305728
617	20	3	5	226632272	19660900	0	1514573827	71305728
617	20	14	1	939524334	0	0	0	0
617	20	14	1	939524147	0	0	0	0
617	20	38	4	2550168576	0	58982400	0	0
617	20	38	4	2550156288	0	4285136896	0	0
617	20	22	1	1476395058	0	0	0	0
617	20	1	1	67108868	0	0	0	0
617	24	3	5	201392528	16384020	4289724416	1514573827	4327936
617	24	3	5	209789328	16384050	4289724416	1514573827	4327936
617	24	3	5	218186128	18350130	0	1514573827	4327936
617	24	3	5	226632080	18350130	0	1514573827	4327936
617	24	1	1	67108872	0	0	0	0
617	32	22	1	1476395008	0	0	0	0
617	32	6	1	402653184	0	0	0	0
617	32	0	1	0	0	0	0	0
618	0	2	1	134217738	0	0	0	0
618	10	38	4	2550168576	220	32768000	0	0
618	10	20	1	1342177280	0	0	0	0
618	10	3	5	201491024	16384000	0	335994883	4327936
618	10	3	5	209896016	16384050	0	335994883	4327936
618	10	38	4	2550150144	0	0	0	0
618	10	19	1	1275068457	0	0	0	0
618	10	1	1	67108868	0	0	0	0
618	14	1	1	67108869	0	0	0	0
618	19	6	1	402653184	0	0	0	0
618	19	0	1	0	0	0	0	0
619	0	20	1	1342177280	0	0	0	0
619	0	2	1	134217740	0	0	0	0
619	12	40	1	2690646017	0	0	0	0
619	12	47	1	3154116612	0	0	0	0
619	12	3	5	201327216	18350080	11796480	231096323	4329216
619	12	3	5	209715824	21626880	26214400	231096323	4329216
619	12	3	5	218186352	19660850	0	231096323	4329216
619	12	3	5	226632304	19660850	0	231096323	4329216
619	12	38	4	2550150144	0	0	0	0
619	12	38	4	2559081472	11796480	0	0	0
619	12	38	4	2555411456	11796480	0	0	0
619	12	19	1	1275068457	0	0	0	0
619	12	1	1	67108888	0	0	0	0
619	36	6	1	402653184	0	0	0	0
619	36	2	1	134217782	0	0	0	0
619	54	40	1	2690646016	0	0	0	0
619	54	47	1	3154116608	0	0	0	0
619	54	0	1	0	0	0	0	0
620	0	2	1	134217736	0	0	0	0
620	8	40	1	2690646017	0	0	0	0
620	8	3	5	201392464	16384020	4289724416	1514553347	4195584
620	8	3	5	209789264	10485760	4289724416	1514553347	4195584
620	8	3	5	218186064	10485760	0	1514573827	4195584
620	8	3	5	226632016	10485810	0	1514573827	4195584
620	8	17	1	1140852189	0	0	0	0
620	8	19	1	1275068457	0	0	0	0
620	8	22	1	1476395058	0	0	0	0
620	8	1	1	67108874	0	0	0	0
620	18	3	5	202440976	17039380	4289724416	1514553347	4195584
620	18	3	5	210837776	11796530	4289724416	1514553347	4195584
620	18	3	5	219234576	11796480	0	1514553347	4195584
620	18	3	5	227680528	11796480	0	1514553347	4195584
620	18	1	1	67108872	0	0	0	0
620	26	19	1	1275068458	0	0	0	0
620	26	1	1	67108874	0	0	0	0
620	36	40	1	2690646016	0	0	0	0
620	36	22	1	1476395008	0	0	0	0
620	36	6	1	402653184	0	0	0	0
620	36	0	1	0	0	0	0	0
621	0	2	1	134217744	0	0	0	0
621	16	3	5	201392592	16384020	4289724416	1514553347	4326656
621	16	3	5	209789392	16384050	4289724416	1514553347	4326656
621	16	3	5	218186320	17039410	0	1514573827	71305728
621	16	3	5	226632272	17039410	0	1514573827	71305728
621	16	14	1	939524334	0	0	0	0
621	16	14	1	939524147	0	0	0	0
621	16	38	4	2550168576	65436	54394880	0	0
621	16	22	1	1476395058	0	0	0	0
621	16	1	1	67108867	0	0	0	0
621	19	3	5	201392464	14417940	4289724416	1514553347	2098432
621	19	3	5	209789264	14417970	4289724416	1514553347	2098432
621	19	3	5	218186064	16384050	0	1514553347	2098432
621	19	3	5	226632016	16384050	0	1514553347	2098432
621	19	1	1	67108871	0	0	0	0
621	26	22	1	1476395008	0	0	0	0
621	26	6	1	402653184	0	0	0	0
621	26	0	1	0	0	0	0	0
622	0	2	1	134217742	0	0	0	0
622	14	22	1	1476395009	0	0	0	0
622	14	3	5	201392592	14418100	0	1514553347	4325376
622	14	3	5	209789392	14483416	0	1514553347	4325376
622	14	3	5	218186208	14417950	0	1514553347	4195584
622	14	14	1	939525614	0	0	0	0
622	14	19	1	1275068457	0	0	0	0
622	14	1	1	67108868	0	0	0	0
622	18	3	5	201392464	14418100	0	1514553347	2228224
622	18	3	5	209789264	14483416	0	1514553347	4325376
622	18	3	5	218186064	14417950	0	1514553347	2097152
622	18	1	1	67108868	0	0	0	0
622	22	6	1	402653184	0	0	0	0
622	22	1	1	67108868	0	0	0	0
622	26	14	1	939525615	0	0	0	0
622	26	22	1	1476395008	0	0	0	0
622	26	0	1	0	0	0	0	0
623	0	2	1	134217732	0	0	0	0
623	4	22	1	1476395028	0	0	0	0
623	4	3	5	201367824	18350080	4286447616	331636739	4333056
623	4	3	5	209895696	16384000	0	331636739	4333056
623	4	19	1	1275068457	0	0	0	0
623	4	1	1	67108867	0	0	0	0
623	7	3	5	201490608	18415516	0	314859523	137472
623	7	3	5	209895600	16384000	0	314859523	137472
623	7	1	1	67108874	0	0	0	0
623	17	22	1	1476395008	0	0	0	0
623	17	6	1	402653184	0	0	0	0
623	17	0	1	0	0	0	0	0
624	0	2	1	134217738	0	0	0	0
624	10	28	1	1885339651	0	0	0	0
624	10	22	1	1476395028	0	0	0	0
624	10	3	5	201375856	22937600	0	4001775739	2097152
624	10	3	5	209813616	22937600	60	4001775739	2097152
624	10	32	1	2147483655	0	0	0	0
624	10	19	1	1275068635	0	0	0	0
624	10	1	1	67108866	0	0	0	0
624	12	6	1	402653184	0	0	0	0
624	12	1	1	67108865	0	0	0	0
624	13	11	1	738197504	0	0	0	0
624	13	11	1	738197505	0	0	0	0
624	13	33	1	2214592512	0	0	0	0
624	13	19	1	1275068635	0	0	0	0
624	13	1	1	67108866	0	0	0	0
624	15	6	1	402653184	0	0	0	0
624	15	1	1	67108865	0	0	0	0
624	16	11	1	738197504	0	0	0	0
624	16	11	1	738197505	0	0	0	0
624	16	33	1	2214592512	0	0	0	0
624	16	19	1	1275068635	0	0	0	0
624	16	1	1	67108866	0	0	0	0
624	18	6	1	402653184	0	0	0	0
624	18	1	1	67108865	0	0	0	0
624	19	11	1	738197504	0	0	0	0
624	19	11	1	738197505	0	0	0	0
624	19	33	1	2214592512	0	0	0	0
624	19	19	1	1275068635	0	0	0	0
624	19	1	1	67108866	0	0	0	0
624	21	6	1	402653184	0	0	0	0
624	21	1	1	67108865	0	0	0	0
624	22	11	1	738197504	0	0	0	0
624	22	11	1	738197505	0	0	0	0
624	22	33	1	2214592512	0	0	0	0
624	22	19	1	1275068635	0	0	0	0
624	22	1	1	67108866	0	0	0	0
624	24	6	1	402653184	0	0	0	0
624	24	1	1	67108865	0	0	0	0
624	25	11	1	738197504	0	0	0	0
624	25	11	1	738197505	0	0	0	0
624	25	33	1	2214592512	0	0	0	0
624	25	19	1	1275068635	0	0	0	0
624	25	1	1	67108866	0	0	0	0
624	27	6	1	402653184	0	0	0	0
624	27	1	1	67108865	0	0	0	0
624	28	11	1	738197504	0	0	0	0
624	28	11	1	738197505	0	0	0	0
624	28	33	1	2214592512	0	0	0	0
624	28	19	1	1275068635	0	0	0	0
624	28	1	1	67108866	0	0	0	0
624	30	6	1	402653184	0	0	0	0
624	30	1	1	67108865	0	0	0	0
624	31	11	1	738197504	0	0	0	0
624	31	11	1	738197505	0	0	0	0
624	31	33	1	2214592512	0	0	0	0
624	31	19	1	1275068635	0	0	0	0
624	31	1	1	67108866	0	0	0	0
624	33	27	1	1811939329	0	0	0	0
624	33	22	1	1476395008	0	0	0	0
624	33	6	1	402653184	0	0	0	0
624	33	0	1	0	0	0	0	0
625	0	14	1	939524173	0	0	0	0
625	0	38	4	2550150144	0	0	0	0
625	0	3	5	201326704	21626880	220	1514553667	4325376
625	0	3	5	209715312	21626880	65386	1514553667	4325376
625	0	1	1	67108865	0	0	0	0
625	1	6	1	402653184	0	0	0	0
625	1	0	1	0	0	0	0	0
626	0	47	1	3154116609	0	0	0	0
626	0	2	1	134217730	0	0	0	0
626	2	3	5	201490512	10485840	0	1514348547	1280
626	2	3	5	209870912	10485760	0	1514348547	1280
626	2	19	1	1275068459	0	0	0	0
626	2	1	1	67108867	0	0	0	0
626	5	6	1	402653184	0	0	0	0
626	5	2	1	134217738	0	0	0	0
626	10	22	1	1476395009	0	0	0	0
626	10	0	1	0	0	0	0	0
627	0	47	1	3154116609	0	0	0	0
627	0	2	1	134217730	0	0	0	0
627	2	3	5	201482352	11796496	0	293806083	1792
627	2	3	5	209879152	11796560	0	293806083	1792
627	2	19	1	1275068459	0	0	0	0
627	2	1	1	67108867	0	0	0	0
627	5	6	1	402653184	0	0	0	0
627	5	2	1	134217736	0	0	0	0
627	8	22	1	1476395009	0	0	0	0
627	8	0	1	0	0	0	0	0
628	0	2	1	134217735	0	0	0	0
628	7	20	1	1342177280	0	0	0	0
628	7	3	5	201539712	9830400	0	1514553347	2229504
628	7	3	5	209944704	18350080	0	1514553347	2229504
628	7	19	1	1275068458	0	0	0	0
628	7	1	1	67108866	0	0	0	0
628	9	8	1	537001984	0	0	0	0
628	9	8	1	545390592	0	0	0	0
628	9	9	1	604002816	0	0	0	0
628	9	9	1	612404224	0	0	0	0
628	9	1	1	67108865	0	0	0	0
628	10	6	1	402653184	0	0	0	0
628	10	0	1	0	0	0	0	0
629	0	38	4	2556460032	4285005872	0	0	0
629	0	22	1	1476395058	0	0	0	0
629	0	19	1	1275068469	0	0	0	0
629	0	1	1	67108867	0	0	0	0
629	3	3	5	201326674	24903680	9830400	377897141	2621440
629	3	3	5	209715282	26214400	9830400	377897162	2621440
629	3	32	1	2147483652	0	0	0	0
629	3	38	4	2550242304	150	0	0	0
629	3	1	1	67108866	0	0	0	0
629	5	6	1	402653184	0	0	0	0
629	5	1	1	67108866	0	0	0	0
629	7	19	1	1275068469	0	0	0	0
629	7	11	1	738197504	0	0	0	0
629	7	11	1	738197505	0	0	0	0
629	7	33	1	2214592512	0	0	0	0
629	7	38	4	2550242304	150	0	0	0
629	7	1	1	67108866	0	0	0	0
629	9	6	1	402653184	0	0	0	0
629	9	1	1	67108866	0	0	0	0
629	11	19	1	1275068469	0	0	0	0
629	11	11	1	738197504	0	0	0	0
629	11	11	1	738197505	0	0	0	0
629	11	33	1	2214592512	0	0	0	0
629	11	38	4	2550242304	150	0	0	0
629	11	1	1	67108866	0	0	0	0
629	13	6	1	402653184	0	0	0	0
629	13	1	1	67108866	0	0	0	0
629	15	19	1	1275068469	0	0	0	0
629	15	11	1	738197504	0	0	0	0
629	15	11	1	738197505	0	0	0	0
629	15	33	1	2214592512	0	0	0	0
629	15	38	4	2550242304	150	0	0	0
629	15	1	1	67108866	0	0	0	0
629	17	6	1	402653184	0	0	0	0
629	17	1	1	67108866	0	0	0	0
629	19	19	1	1275068469	0	0	0	0
629	19	11	1	738197504	0	0	0	0
629	19	11	1	738197505	0	0	0	0
629	19	33	1	2214592512	0	0	0	0
629	19	6	1	402653184	0	0	0	0
629	19	38	4	2550168576	150	0	0	0
629	19	38	4	2550242304	150	0	0	0
629	19	1	1	67108865	0	0	0	0
629	20	3	5	201326930	26214400	9830400	231178243	4721152
629	20	43	1	2885681157	0	0	0	0
629	20	1	1	67108868	0	0	0	0
629	24	22	1	1476395008	0	0	0	0
629	24	6	1	402653184	0	0	0	0
629	24	0	1	0	0	0	0	0
630	0	1	1	67108871	0	0	0	0
630	7	38	4	2550242304	11010176	25165824	0	0
630	7	38	4	2550168576	11010176	25165824	0	0
630	7	3	5	201482608	14417940	0	1514553347	4326656
630	7	3	5	209879570	18350200	0	1514553347	4721152
630	7	19	1	1275068458	0	0	0	0
630	7	1	1	67108868	0	0	0	0
630	11	22	1	1476395058	0	0	0	0
630	11	3	5	209879408	15728720	0	1514553347	4326656
630	11	1	1	67108870	0	0	0	0
630	17	22	1	1476395008	0	0	0	0
630	17	6	1	402653184	0	0	0	0
630	17	0	1	0	0	0	0	0
631	0	1	1	67108870	0	0	0	0
631	6	20	1	1342177280	0	0	0	0
631	6	19	1	1275068457	0	0	0	0
631	6	1	1	67108866	0	0	0	0
631	8	38	4	2552265728	0	0	0	0
631	8	1	1	67108866	0	0	0	0
631	10	38	4	2564922368	3932160	0	0	0
631	10	1	1	67108865	0	0	0	0
631	11	22	1	1476395009	0	0	0	0
631	11	3	5	201540114	19660960	0	4043636739	4721152
631	11	3	5	209928592	9895920	0	1514471427	4327936
631	11	1	1	67108865	0	0	0	0
631	12	38	4	2564922368	3932160	0	0	0
631	12	1	1	67108866	0	0	0	0
631	14	38	4	2564922368	3932160	0	0	0
631	14	1	1	67108866	0	0	0	0
631	16	38	4	2564922368	3932160	0	0	0
631	16	1	1	67108865	0	0	0	0
631	17	22	1	1476395008	0	0	0	0
631	17	1	1	67108865	0	0	0	0
631	18	6	1	402653184	0	0	0	0
631	18	0	1	0	0	0	0	0
632	0	2	1	134217731	0	0	0	0
632	3	40	1	2689597442	0	0	0	0
632	3	43	1	2885681153	0	0	0	0
632	3	1	1	67108865	0	0	0	0
632	4	43	1	2885681154	0	0	0	0
632	4	2	1	134217735	0	0	0	0
632	7	43	1	2885681157	0	0	0	0
632	7	2	1	134217736	0	0	0	0
632	8	3	5	201408978	22937680	0	461783043	2623360
632	8	14	1	939524149	0	0	0	0
632	8	19	1	1275068457	0	0	0	0
632	8	32	1	2147483652	0	0	0	0
632	8	38	4	2555485184	6553600	0	0	0
632	8	1	1	67108866	0	0	0	0
632	10	33	1	2214592512	0	0	0	0
632	10	38	4	2555485184	6553600	0	0	0
632	10	1	1	67108866	0	0	0	0
632	12	33	1	2214592512	0	0	0	0
632	12	38	4	2555485184	6553600	0	0	0
632	12	1	1	67108866	0	0	0	0
632	14	33	1	2214592512	0	0	0	0
632	14	38	4	2555485184	6553600	0	0	0
632	14	1	1	67108866	0	0	0	0
632	16	33	1	2214592512	0	0	0	0
632	16	6	1	402653184	0	0	0	0
632	16	1	1	67108880	0	0	0	0
632	32	40	1	2689597440	0	0	0	0
632	32	43	1	2885681152	0	0	0	0
632	32	0	1	0	0	0	0	0
633	0	38	4	2550168576	65376	0	0	0
633	0	1	1	67108868	0	0	0	0
633	4	38	4	2550242304	65376	0	0	0
633	4	1	1	67108865	0	0	0	0
633	5	19	1	1275068606	0	0	0	0
633	5	3	5	201326704	18350080	4285136926	3792060439	2230784
633	5	3	5	209715312	18350080	2621470	3792060439	2230784
633	5	1	1	67108868	0	0	0	0
633	9	6	1	402653184	0	0	0	0
633	9	1	1	67108865	0	0	0	0
633	10	38	4	2550242304	65376	0	0	0
633	10	1	1	67108865	0	0	0	0
633	11	19	1	1275068606	0	0	0	0
633	11	11	1	738197504	0	0	0	0
633	11	11	1	738197505	0	0	0	0
633	11	1	1	67108867	0	0	0	0
633	14	6	1	402653184	0	0	0	0
633	14	1	1	67108867	0	0	0	0
633	17	38	4	2550242304	65376	0	0	0
633	17	1	1	67108865	0	0	0	0
633	18	19	1	1275068606	0	0	0	0
633	18	11	1	738197504	0	0	0	0
633	18	11	1	738197505	0	0	0	0
633	18	1	1	67108867	0	0	0	0
633	21	6	1	402653184	0	0	0	0
633	21	1	1	67108866	0	0	0	0
633	23	38	4	2550242304	65376	0	0	0
633	23	38	4	2550168576	65376	0	0	0
633	23	1	1	67108865	0	0	0	0
633	24	19	1	1275068606	0	0	0	0
633	24	3	5	201326770	22937600	4287234078	3918094339	2624000
633	24	3	5	209715378	18350080	2621470	3918094339	2624000
633	24	1	1	67108868	0	0	0	0
633	28	6	1	402653184	0	0	0	0
633	28	0	1	0	0	0	0	0
634	0	2	1	134217731	0	0	0	0
634	3	40	1	2692743170	0	0	0	0
634	3	2	1	134217735	0	0	0	0
634	7	19	1	1275068638	0	0	0	0
634	7	38	4	2550242559	140	22937600	0	0
634	7	38	4	2550168831	140	22937600	0	0
634	7	3	5	201326994	11796480	9175200	1514553347	2622720
634	7	3	5	209715602	18350080	9175390	1514553347	2622720
634	7	1	1	67108867	0	0	0	0
634	10	38	4	2558630912	0	0	0	0
634	10	1	1	67108866	0	0	0	0
634	12	40	1	2692743168	0	0	0	0
634	12	6	1	402653184	0	0	0	0
634	12	0	1	0	0	0	0	0
635	0	2	1	134217731	0	0	0	0
635	3	40	1	2692743170	0	0	0	0
635	3	2	1	134217735	0	0	0	0
635	7	19	1	1275068638	0	0	0	0
635	7	38	4	2550242559	230	22937600	0	0
635	7	38	4	2550168831	230	22937600	0	0
635	7	3	5	201327026	11796480	10485920	1514553347	2622720
635	7	3	5	209715634	18350080	15073630	1514553347	2622720
635	7	1	1	67108867	0	0	0	0
635	10	38	4	2558630912	0	0	0	0
635	10	1	1	67108866	0	0	0	0
635	12	40	1	2692743168	0	0	0	0
635	12	6	1	402653184	0	0	0	0
635	12	0	1	0	0	0	0	0
636	0	2	1	134217731	0	0	0	0
636	3	40	1	2692743170	0	0	0	0
636	3	2	1	134217735	0	0	0	0
636	7	19	1	1275068638	0	0	0	0
636	7	38	4	2550242559	50	22937600	0	0
636	7	38	4	2550168831	50	22937600	0	0
636	7	3	5	201326962	11796480	7864480	1514553347	2622720
636	7	3	5	209715570	18350080	3277150	1514553347	2622720
636	7	1	1	67108867	0	0	0	0
636	10	38	4	2558630912	0	0	0	0
636	10	1	1	67108866	0	0	0	0
636	12	40	1	2692743168	0	0	0	0
636	12	6	1	402653184	0	0	0	0
636	12	0	1	0	0	0	0	0
637	0	38	4	2550150144	0	0	0	0
637	0	1	1	67108869	0	0	0	0
637	5	3	5	209715280	13107200	10485900	503726203	3840
637	5	3	5	201326672	13107200	10551156	503726203	3840
637	5	1	1	67108866	0	0	0	0
637	7	6	1	402653184	0	0	0	0
637	7	19	1	1275068458	0	0	0	0
637	7	1	1	67108865	0	0	0	0
637	8	38	4	2550242304	640	0	0	0
637	8	38	4	2550168576	640	0	0	0
637	8	3	5	201326930	22282240	39845888	336035843	2624000
637	8	3	5	209715538	19660800	19660800	336035843	2624000
637	8	1	1	67108869	0	0	0	0
637	13	6	1	402653184	0	0	0	0
637	13	0	1	0	0	0	0	0
638	0	2	1	134217732	0	0	0	0
638	4	3	5	201531664	10485780	0	1514471427	2229504
638	4	3	5	209928464	10485860	4291756032	1514471427	2229504
638	4	19	1	1275068459	0	0	0	0
638	4	47	1	3154116612	0	0	0	0
638	4	1	1	67108870	0	0	0	0
638	10	6	1	402653184	0	0	0	0
638	10	1	1	67108872	0	0	0	0
638	18	52	1	3489677312	0	0	0	0
638	18	1	1	67108869	0	0	0	0
638	23	47	1	3154116611	0	0	0	0
638	23	0	1	0	0	0	0	0
639	0	2	1	134217732	0	0	0	0
639	4	17	1	1140851525	0	0	0	0
639	4	38	4	2550168576	112	0	0	0
639	4	2	1	134217743	0	0	0	0
639	15	19	1	1275068505	0	0	0	0
639	15	29	1	1946157059	0	0	0	0
639	15	19	1	1275068458	0	0	0	0
639	15	38	4	2550243328	130	0	0	0
639	15	38	4	2550169600	0	0	0	0
639	15	43	1	2885681156	0	0	0	0
639	15	32	1	2147483651	0	0	0	0
639	15	38	4	2550177792	400	0	16384250	0
639	15	38	4	2550212608	0	0	0	0
639	15	38	4	2550244352	0	0	0	0
639	15	38	4	2550244352	0	0	0	0
639	15	1	1	67108865	0	0	0	0
639	16	33	1	2214592512	0	0	0	0
639	16	38	4	2550177792	400	0	16384250	0
639	16	38	4	2550212608	0	0	0	0
639	16	38	4	2550244352	0	0	0	0
639	16	38	4	2550244352	0	0	0	0
639	16	1	1	67108865	0	0	0	0
639	17	33	1	2214592512	0	0	0	0
639	17	38	4	2550177792	400	0	16384250	0
639	17	38	4	2550212608	0	0	0	0
639	17	38	4	2550244352	0	0	0	0
639	17	38	4	2550244352	0	0	0	0
639	17	1	1	67108865	0	0	0	0
639	18	33	1	2214592512	0	0	0	0
639	18	3	5	201327234	28180480	25165824	398970883	4720512
639	18	38	4	2550243328	130	0	0	0
639	18	32	1	2147483652	0	0	0	0
639	18	38	4	2550212608	0	0	0	0
639	18	1	1	67108865	0	0	0	0
639	19	33	1	2214592512	0	0	0	0
639	19	38	4	2550212608	0	0	0	0
639	19	1	1	67108865	0	0	0	0
639	20	33	1	2214592512	0	0	0	0
639	20	38	4	2550212608	0	0	0	0
639	20	1	1	67108865	0	0	0	0
639	21	33	1	2214592512	0	0	0	0
639	21	38	4	2550212608	0	0	0	0
639	21	1	1	67108865	0	0	0	0
639	22	33	1	2214592512	0	0	0	0
639	22	3	5	201327234	28180480	35651584	398970883	4720512
639	22	1	1	67108866	0	0	0	0
639	24	38	4	2550169600	0	0	0	0
639	24	1	1	67108866	0	0	0	0
639	26	29	1	1946157057	0	0	0	0
639	26	3	5	201327170	26214400	49152000	398950403	4720512
639	26	1	1	67108868	0	0	0	0
639	30	6	1	402653184	0	0	0	0
639	30	47	1	3154116611	0	0	0	0
639	30	2	1	134217788	0	0	0	0
639	60	43	1	2885681152	0	0	0	0
639	60	0	1	0	0	0	0	0
640	0	1	1	67108869	0	0	0	0
640	5	17	1	1140851514	0	0	0	0
640	5	1	1	67108879	0	0	0	0
640	20	19	1	1275068481	0	0	0	0
640	20	3	5	201327138	19660800	3277056	1514553347	4721152
640	20	38	4	2550168831	48	15728640	0	0
640	20	38	4	2550242559	48	15728640	0	0
640	20	1	1	67108868	0	0	0	0
640	24	6	1	402653184	0	0	0	0
640	24	1	1	67108868	0	0	0	0
640	28	38	4	2550168831	48	15728640	0	0
640	28	38	4	2550242559	48	15728640	0	0
640	28	19	1	1275068481	0	0	0	0
640	28	11	1	738197504	0	0	0	0
640	28	1	1	67108868	0	0	0	0
640	32	6	1	402653184	0	0	0	0
640	32	1	1	67108870	0	0	0	0
640	38	38	4	2550168831	48	15728640	0	0
640	38	38	4	2550242559	48	15728640	0	0
640	38	19	1	1275068481	0	0	0	0
640	38	11	1	738197504	0	0	0	0
640	38	1	1	67108868	0	0	0	0
640	42	6	1	402653184	0	0	0	0
640	42	0	1	0	0	0	0	0
641	0	47	1	3154116611	0	0	0	0
641	0	38	4	2550148096	0	4287102976	3932160	0
641	0	40	1	2693267458	0	0	0	0
641	0	2	1	134217739	0	0	0	0
641	11	14	1	939524104	0	0	0	0
641	11	2	1	134217743	0	0	0	0
641	15	3	5	201572400	19660800	65455	1514553347	2097152
641	15	22	1	1476395016	0	0	0	0
641	15	23	1	1543503876	0	0	0	0
641	15	1	1	67108876	0	0	0	0
641	27	6	1	402653184	0	0	0	0
641	27	0	1	0	0	0	0	0
642	0	40	1	2693267458	0	0	0	0
642	0	2	1	134217733	0	0	0	0
642	5	14	1	939524115	0	0	0	0
642	5	0	1	0	0	0	0	0
643	0	47	1	3154116611	0	0	0	0
643	0	40	1	2692743170	0	0	0	0
643	0	40	1	2689597442	0	0	0	0
643	0	43	1	2885681157	0	0	0	0
643	0	14	1	939524318	0	0	0	0
643	0	38	4	2565897216	0	0	0	0
643	0	2	1	134217736	0	0	0	0
643	8	29	1	1946157058	0	0	0	0
643	8	2	1	134217744	0	0	0	0
643	16	3	5	201572672	19660800	0	3917807619	20972800
643	16	20	1	1342177280	0	0	0	0
643	16	14	1	939524114	0	0	0	0
643	16	38	4	2565897216	0	0	0	0
643	16	1	1	67108870	0	0	0	0
643	22	14	1	939524391	0	0	0	0
643	22	14	1	939524106	0	0	0	0
643	22	6	1	402653184	0	0	0	0
643	22	38	4	2550159360	0	18350080	0	0
643	22	38	4	2616755200	0	0	0	0
643	22	2	1	134217758	0	0	0	0
643	30	43	1	2885681152	0	0	0	0
643	30	23	1	1543503873	0	0	0	0
643	30	29	1	1946157057	0	0	0	0
643	30	1	1	67108874	0	0	0	0
643	40	40	1	2692743168	0	0	0	0
643	40	40	1	2689597440	0	0	0	0
643	40	0	1	0	0	0	0	0
644	0	52	1	3489677248	0	0	0	0
644	0	47	1	3154116611	0	0	0	0
644	0	2	1	134217730	0	0	0	0
644	2	40	1	2693267456	0	0	0	0
644	2	48	1	3221225472	0	0	0	0
644	2	2	1	134217738	0	0	0	0
644	10	38	4	2559081472	7864320	0	0	0
644	10	20	1	1342177280	0	0	0	0
644	10	2	1	134217744	0	0	0	0
644	16	22	1	1476395009	0	0	0	0
644	16	2	1	134217746	0	0	0	0
644	18	19	1	1275068457	0	0	0	0
644	18	52	1	3489677184	0	0	0	0
644	18	3	5	201466384	13107200	18350080	1514409987	4334336
644	18	3	5	209854992	11796480	3932160	1514409987	4334336
644	18	1	1	67108868	0	0	0	0
644	22	6	1	402653184	0	0	0	0
644	22	22	1	1476395008	0	0	0	0
644	22	0	1	0	0	0	0	0
645	0	47	1	3154116612	0	0	0	0
645	0	20	1	1342177280	0	0	0	0
645	0	2	1	134217735	0	0	0	0
645	7	38	4	2550242559	160	20971520	0	0
645	7	38	4	2550168576	160	20971520	0	0
645	7	3	5	201326994	18350080	9175160	294010883	19401856
645	7	38	4	2550242559	160	20971520	0	0
645	7	38	4	2550156288	0	0	0	0
645	7	19	1	1275068457	0	0	0	0
645	7	1	1	67108868	0	0	0	0
645	11	38	4	2550242559	160	20971520	0	0
645	11	3	5	201326898	16384000	9175160	294010883	19401856
645	11	1	1	67108868	0	0	0	0
645	15	38	4	2550242559	160	20971520	0	0
645	15	1	1	67108874	0	0	0	0
645	25	6	1	402653184	0	0	0	0
645	25	0	1	0	0	0	0	0
646	0	14	1	939524196	0	0	0	0
646	0	38	4	2550150144	0	0	0	0
646	0	0	1	0	0	0	0	0
647	0	47	1	3154116611	0	0	0	0
647	0	49	1	3288334342	0	0	0	0
647	0	40	1	2692743170	0	0	0	0
647	0	17	1	1140851526	0	0	0	0
647	0	2	1	134217748	0	0	0	0
647	20	14	1	939524318	0	0	0	0
647	20	38	4	2550168576	240	3145728	0	0
647	20	2	1	134217766	0	0	0	0
647	38	14	1	939524196	0	0	0	0
647	38	38	4	2550242304	240	9437184	0	0
647	38	2	1	134217770	0	0	0	0
647	42	38	4	2550242304	160	0	0	0
647	42	2	1	134217773	0	0	0	0
647	45	38	4	2550242304	80	4278190080	0	0
647	45	2	1	134217748	0	0	0	0
647	45	2	1	134217788	0	0	0	0
647	60	40	1	2692743168	0	0	0	0
647	60	2	1	134217788	0	0	0	0
647	60	22	1	1476395009	0	0	0	0
647	60	0	1	0	0	0	0	0
648	0	38	4	2550168576	0	0	0	0
648	0	29	1	1946157059	0	0	0	0
648	0	17	1	1140851516	0	0	0	0
648	0	2	1	134217732	0	0	0	0
648	4	3	5	201556160	18350080	0	1514553747	2228224
648	4	3	5	209756352	9830400	0	1514553747	2228224
648	4	19	1	1275068458	0	0	0	0
648	4	38	4	2550156288	65456	4283170816	0	0
648	4	1	1	67108866	0	0	0	0
648	6	29	1	1946157057	0	0	0	0
648	6	1	1	67108868	0	0	0	0
648	10	6	1	402653184	0	0	0	0
648	10	0	1	0	0	0	0	0
649	0	38	4	2550168576	0	0	0	0
649	0	29	1	1946157059	0	0	0	0
649	0	17	1	1140851516	0	0	0	0
649	0	2	1	134217731	0	0	0	0
649	3	3	5	201367744	9830400	0	1514553747	2228224
649	3	3	5	209944768	18350160	0	1514553747	2228224
649	3	38	4	2550156288	0	4285136896	0	0
649	3	19	1	1275068458	0	0	0	0
649	3	1	1	67108866	0	0	0	0
649	5	29	1	1946157057	0	0	0	0
649	5	1	1	67108868	0	0	0	0
649	9	6	1	402653184	0	0	0	0
649	9	0	1	0	0	0	0	0
650	0	47	1	3154116611	0	0	0	0
650	0	17	1	1140851513	0	0	0	0
650	0	43	1	2885681156	0	0	0	0
650	0	32	1	2147483660	0	0	0	0
650	0	38	4	2550177792	130	200	17039560	0
650	0	1	1	67108874	0	0	0	0
650	10	33	1	2214592512	0	0	0	0
650	10	38	4	2550177792	130	200	17039560	0
650	10	1	1	67108874	0	0	0	0
650	20	33	1	2214592512	0	0	0	0
650	20	38	4	2550177792	130	200	17039560	0
650	20	1	1	67108874	0	0	0	0
650	30	33	1	2214592512	0	0	0	0
650	30	38	4	2550177792	130	200	17039560	0
650	30	1	1	67108874	0	0	0	0
650	40	33	1	2214592512	0	0	0	0
650	40	38	4	2550177792	130	200	17039560	0
650	40	1	1	67108874	0	0	0	0
650	50	33	1	2214592512	0	0	0	0
650	50	38	4	2550177792	130	200	17039560	0
650	50	1	1	67108874	0	0	0	0
650	60	33	1	2214592512	0	0	0	0
650	60	38	4	2550177792	130	200	17039560	0
650	60	1	1	67108874	0	0	0	0
650	70	33	1	2214592512	0	0	0	0
650	70	38	4	2550177792	130	200	17039560	0
650	70	1	1	67108874	0	0	0	0
650	80	33	1	2214592512	0	0	0	0
650	80	38	4	2550177792	130	200	17039560	0
650	80	1	1	67108874	0	0	0	0
650	90	33	1	2214592512	0	0	0	0
650	90	38	4	2550177792	130	200	17039560	0
650	90	1	1	67108874	0	0	0	0
650	100	33	1	2214592512	0	0	0	0
650	100	38	4	2550177792	130	200	17039560	0
650	100	1	1	67108874	0	0	0	0
650	110	33	1	2214592512	0	0	0	0
650	110	38	4	2550177792	130	200	17039560	0
650	110	1	1	67108874	0	0	0	0
650	120	33	1	2214592512	0	0	0	0
651	0	49	1	3288334343	0	0	0	0
651	0	17	1	1140851516	0	0	0	0
651	0	14	1	939524107	0	0	0	0
651	0	38	4	2550168576	0	0	0	0
651	0	29	1	1946157059	0	0	0	0
651	0	2	1	134217748	0	0	0	0
651	20	29	1	1946157057	0	0	0	0
651	20	50	1	3355443207	0	0	0	0
651	20	0	1	0	0	0	0	0
652	0	49	1	3288334345	0	0	0	0
652	0	17	1	1140851516	0	0	0	0
652	0	14	1	939524113	0	0	0	0
652	0	38	4	2550168576	0	0	0	0
652	0	29	1	1946157059	0	0	0	0
652	0	2	1	134217752	0	0	0	0
652	24	29	1	1946157057	0	0	0	0
652	24	0	1	0	0	0	0	0
653	0	38	4	2616756224	0	0	0	0
653	0	17	1	1140851515	0	0	0	0
653	0	43	1	2885681156	0	0	0	0
653	0	29	1	1946157059	0	0	0	0
654	0	18	1	1207960386	0	0	0	0
654	0	43	1	2885681154	0	0	0	0
654	0	47	1	3154116611	0	0	0	0
654	0	38	4	2550228992	130	240	15728880	0
654	0	1	1	67108874	0	0	0	0
655	0	1	1	67108912	0	0	0	0
655	48	17	1	1140851524	0	0	0	0
655	48	0	1	0	0	0	0	0
656	0	14	1	939524318	0	0	0	0
656	0	32	1	2147483650	0	0	0	0
656	0	38	4	2550148096	0	100	6553700	0
656	0	1	1	67108870	0	0	0	0
656	6	33	1	2214592512	0	0	0	0
656	6	38	4	2550148096	0	100	6553700	0
656	6	1	1	67108870	0	0	0	0
656	12	33	1	2214592512	0	0	0	0
656	12	0	1	0	0	0	0	0
657	0	47	1	3154116611	0	0	0	0
657	0	43	1	2885681157	0	0	0	0
657	0	14	1	939524318	0	0	0	0
657	0	17	1	1140851519	0	0	0	0
657	0	38	4	2550178816	150	0	0	0
657	0	2	1	134217748	0	0	0	0
657	20	38	4	2550168576	150	8519680	0	0
657	20	38	4	2550156288	0	4285136896	0	0
657	20	21	1	1409286145	0	0	0	0
657	20	49	1	3288334342	0	0	0	0
657	20	2	1	134217768	0	0	0	0
657	40	43	1	2885681152	0	0	0	0
657	40	0	1	0	0	0	0	0
658	0	43	1	2885681157	0	0	0	0
658	0	14	1	939524318	0	0	0	0
658	0	17	1	1140851519	0	0	0	0
658	0	38	4	2550178816	150	0	0	0
658	0	2	1	134217748	0	0	0	0
658	20	38	4	2550168576	120	8519680	0	0
658	20	38	4	2550153216	0	4285136896	0	0
658	20	21	1	1409286145	0	0	0	0
658	20	49	1	3288334342	0	0	0	0
658	20	2	1	134217768	0	0	0	0
658	40	43	1	2885681152	0	0	0	0
658	40	0	1	0	0	0	0	0
659	0	49	1	3288334345	0	0	0	0
659	0	47	1	3154116611	0	0	0	0
659	0	29	1	1946157059	0	0	0	0
659	0	38	4	2550242304	200	13107200	0	0
659	0	38	4	2550168576	200	13107200	0	0
659	0	14	1	939524149	0	0	0	0
659	0	43	1	2885681157	0	0	0	0
659	0	40	1	2689597442	0	0	0	0
659	0	3	5	201326754	20971520	13107380	1514307587	531328
659	0	1	1	67108866	0	0	0	0
659	2	6	1	402653184	0	0	0	0
659	2	29	1	1946157057	0	0	0	0
659	2	1	1	67108866	0	0	0	0
659	4	40	1	2689597440	0	0	0	0
659	4	1	1	67108873	0	0	0	0
659	13	15	1	1006633184	0	0	0	0
659	13	0	1	0	0	0	0	0
660	0	47	1	3154116611	0	0	0	0
660	0	43	1	2885681157	0	0	0	0
660	0	44	1	2969305088	0	0	0	0
660	0	0	1	0	0	0	0	0
661	0	49	1	3288334346	0	0	0	0
661	0	47	1	3154116611	0	0	0	0
661	0	43	1	2885681157	0	0	0	0
661	0	44	1	2969305088	0	0	0	0
661	0	14	1	939524316	0	0	0	0
661	0	14	1	939524723	0	0	0	0
661	0	44	1	2969567232	0	0	0	0
661	0	38	4	2550156288	0	4287102976	0	0
661	0	38	4	2554358784	0	0	0	0
661	0	32	1	2147483662	0	0	0	0
661	0	38	4	2550212608	0	200	13107400	0
661	0	1	1	67108865	0	0	0	0
661	1	33	1	2214592512	0	0	0	0
661	1	38	4	2550212608	0	200	13107400	0
661	1	1	1	67108865	0	0	0	0
661	2	33	1	2214592512	0	0	0	0
661	2	38	4	2550212608	0	200	13107400	0
661	2	1	1	67108865	0	0	0	0
661	3	33	1	2214592512	0	0	0	0
661	3	38	4	2550212608	0	200	13107400	0
661	3	1	1	67108865	0	0	0	0
661	4	33	1	2214592512	0	0	0	0
661	4	38	4	2550212608	0	200	13107400	0
661	4	1	1	67108865	0	0	0	0
661	5	33	1	2214592512	0	0	0	0
661	5	38	4	2550212608	0	200	13107400	0
661	5	1	1	67108865	0	0	0	0
661	6	33	1	2214592512	0	0	0	0
661	6	38	4	2550212608	0	200	13107400	0
661	6	1	1	67108865	0	0	0	0
661	7	33	1	2214592512	0	0	0	0
661	7	38	4	2550212608	0	200	13107400	0
661	7	1	1	67108865	0	0	0	0
661	8	33	1	2214592512	0	0	0	0
661	8	38	4	2550212608	0	200	13107400	0
661	8	1	1	67108865	0	0	0	0
661	9	33	1	2214592512	0	0	0	0
661	9	38	4	2550212608	0	200	13107400	0
661	9	1	1	67108865	0	0	0	0
661	10	33	1	2214592512	0	0	0	0
661	10	38	4	2550212608	0	200	13107400	0
661	10	1	1	67108865	0	0	0	0
661	11	33	1	2214592512	0	0	0	0
661	11	38	4	2550212608	0	200	13107400	0
661	11	1	1	67108865	0	0	0	0
661	12	33	1	2214592512	0	0	0	0
661	12	38	4	2550212608	0	200	13107400	0
661	12	1	1	67108865	0	0	0	0
661	13	33	1	2214592512	0	0	0	0
661	13	38	4	2550212608	0	200	13107400	0
661	13	1	1	67108865	0	0	0	0
661	14	33	1	2214592512	0	0	0	0
661	14	22	1	1476395009	0	0	0	0
661	14	0	1	0	0	0	0	0
662	0	47	1	3154116611	0	0	0	0
662	0	44	1	2969305088	0	0	0	0
662	0	0	1	0	0	0	0	0
663	0	47	1	3154116611	0	0	0	0
663	0	40	1	2692743170	0	0	0	0
663	0	40	1	2689597442	0	0	0	0
663	0	43	1	2885681157	0	0	0	0
663	0	17	1	1140851520	0	0	0	0
663	0	38	4	2550178816	150	0	0	0
663	0	2	1	134217748	0	0	0	0
663	20	15	1	1006633181	0	0	0	0
663	20	38	4	2550168576	150	8519680	0	0
663	20	38	4	2550156288	0	4285136896	0	0
663	20	0	1	0	0	0	0	0
664	0	49	1	3288334346	0	0	0	0
664	0	29	1	1946157058	0	0	0	0
664	0	3	5	201327410	19660800	6553600	1514487811	4723712
664	0	43	1	2885681156	0	0	0	0
664	0	44	1	2970091520	0	0	0	0
664	0	17	1	1140851521	0	0	0	0
664	0	14	1	939524280	0	0	0	0
664	0	14	1	939524712	0	0	0	0
664	0	38	4	2550154240	90	0	0	0
664	0	2	1	134217746	0	0	0	0
664	18	29	1	1946157057	0	0	0	0
664	18	1	1	67108873	0	0	0	0
664	27	6	1	402653184	0	0	0	0
664	27	0	1	0	0	0	0	0
665	0	14	1	939524287	0	0	0	0
665	0	40	1	2700083201	0	0	0	0
665	0	40	1	2689597441	0	0	0	0
665	0	43	1	2885681155	0	0	0	0
665	0	2	1	134217750	0	0	0	0
665	22	23	1	1543503873	0	0	0	0
665	22	2	1	134217848	0	0	0	0
665	120	40	1	2689597440	0	0	0	0
665	120	43	1	2885681152	0	0	0	0
665	120	0	1	0	0	0	0	0
666	0	2	1	134217738	0	0	0	0
666	10	14	1	939524218	0	0	0	0
666	10	2	1	134217768	0	0	0	0
666	40	14	1	939524218	0	0	0	0
666	40	37	1	2483027968	0	0	0	0
667	0	2	1	134217738	0	0	0	0
667	10	14	1	939524218	0	0	0	0
667	10	2	1	134217758	0	0	0	0
667	30	14	1	939524218	0	0	0	0
667	30	37	1	2483027968	0	0	0	0
668	0	47	1	3154116611	0	0	0	0
668	0	14	1	939524218	0	0	0	0
668	0	32	1	2147483650	0	0	0	0
668	0	38	4	2550148096	0	4287102976	3932160	0
668	0	1	1	67108870	0	0	0	0
668	6	33	1	2214592512	0	0	0	0
668	6	38	4	2550148096	0	4287102976	3932160	0
668	6	1	1	67108870	0	0	0	0
668	12	33	1	2214592512	0	0	0	0
668	12	0	1	0	0	0	0	0
669	0	2	1	134217730	0	0	0	0
669	2	14	1	939524218	0	0	0	0
669	2	38	4	2550148096	0	3932160	0	0
669	2	1	1	67108879	0	0	0	0
669	17	14	1	939524218	0	0	0	0
669	17	38	4	2550148096	0	3932160	0	0
669	17	37	1	2483027968	0	0	0	0
670	0	47	1	3154116611	0	0	0	0
670	0	14	1	939524218	0	0	0	0
670	0	38	4	2550148096	0	4291035136	0	0
670	0	0	1	0	0	0	0	0
671	0	47	1	3154116611	0	0	0	0
671	0	14	1	939524218	0	0	0	0
671	0	38	4	2550150144	0	0	0	0
671	0	0	1	0	0	0	0	0
672	0	14	1	939524218	0	0	0	0
672	0	38	4	2550150144	0	0	0	0
672	0	0	1	0	0	0	0	0
673	0	40	1	2700083200	0	0	0	0
673	0	14	1	939524214	0	0	0	0
673	0	38	4	2550148096	0	4287102976	3932160	0
673	0	1	1	67108870	0	0	0	0
673	6	14	1	939525164	0	0	0	0
673	6	38	4	2550148096	0	4287102976	3932160	0
673	6	0	1	0	0	0	0	0
674	0	2	1	134217734	0	0	0	0
674	6	14	1	939524203	0	0	0	0
674	6	38	4	2550148096	0	3932160	0	0
674	6	2	1	134217747	0	0	0	0
674	19	14	1	939524203	0	0	0	0
674	19	38	4	2550148096	0	3932160	0	0
674	19	37	1	2483027968	0	0	0	0
675	0	1	1	67108870	0	0	0	0
675	6	14	1	939524224	0	0	0	0
675	6	38	4	2550148096	0	3932160	0	0
675	6	0	1	0	0	0	0	0
676	0	2	1	134217734	0	0	0	0
676	6	22	1	1476395009	0	0	0	0
676	6	0	1	0	0	0	0	0
677	0	14	1	939524191	0	0	0	0
677	0	38	4	2550150144	0	0	0	0
677	0	0	1	0	0	0	0	0
678	0	40	1	2700083200	0	0	0	0
678	0	14	1	939525164	0	0	0	0
678	0	32	1	2147483650	0	0	0	0
678	0	38	4	2550148096	0	100	6553700	0
678	0	1	1	67108870	0	0	0	0
678	6	33	1	2214592512	0	0	0	0
678	6	38	4	2550148096	0	100	6553700	0
678	6	1	1	67108870	0	0	0	0
678	12	33	1	2214592512	0	0	0	0
678	12	2	1	134217744	0	0	0	0
678	16	22	1	1476395009	0	0	0	0
678	16	0	1	0	0	0	0	0
679	0	43	1	2886729729	0	0	0	0
679	0	0	1	0	0	0	0	0
680	0	43	1	2885681154	0	0	0	0
680	0	1	1	67108866	0	0	0	0
680	2	43	1	2885681155	0	0	0	0
680	2	1	1	67108867	0	0	0	0
680	5	43	1	2885681154	0	0	0	0
680	5	1	1	67108866	0	0	0	0
680	7	43	1	2885681152	0	0	0	0
680	7	1	1	67108865	0	0	0	0
680	8	35	1	2348810240	0	0	0	0
681	0	43	1	2885681153	0	0	0	0
681	0	43	1	2886729729	0	0	0	0
681	0	29	1	1946157059	0	0	0	0
681	0	2	1	134217752	0	0	0	0
681	24	29	1	1946157057	0	0	0	0
681	24	1	1	67108866	0	0	0	0
681	26	22	1	1476395009	0	0	0	0
681	26	0	1	0	0	0	0	0
682	0	49	1	3288334343	0	0	0	0
682	0	38	4	2550180864	0	0	0	0
682	0	14	1	939524107	0	0	0	0
682	0	38	4	2550168576	0	0	0	0
682	0	29	1	1946157059	0	0	0	0
682	0	2	1	134217748	0	0	0	0
682	20	29	1	1946157057	0	0	0	0
682	20	50	1	3355443207	0	0	0	0
682	20	0	1	0	0	0	0	0
683	0	14	1	939524107	0	0	0	0
683	0	40	1	2700083200	0	0	0	0
683	0	38	4	2550148096	0	0	0	0
683	0	29	1	1946157059	0	0	0	0
683	0	2	1	134217748	0	0	0	0
683	20	29	1	1946157057	0	0	0	0
683	20	0	1	0	0	0	0	0
684	0	29	1	1946157059	0	0	0	0
684	0	2	1	134217748	0	0	0	0
684	20	38	4	2550150144	0	0	0	0
684	20	3	5	201547968	19660850	65376	1514553707	19005440
684	20	3	5	209928384	10485760	0	1514553707	19005440
684	20	1	1	67108866	0	0	0	0
684	22	6	1	402653184	0	0	0	0
684	22	1	1	67108866	0	0	0	0
684	24	3	5	201547968	19660850	65376	1514553707	19005440
684	24	3	5	209928384	10485760	0	1514553707	19005440
684	24	29	1	1946157057	0	0	0	0
684	24	1	1	67108868	0	0	0	0
684	28	6	1	402653184	0	0	0	0
684	28	0	1	0	0	0	0	0
685	0	29	1	1946157059	0	0	0	0
685	0	2	1	134217747	0	0	0	0
685	19	38	4	2550150144	0	0	0	0
685	19	3	5	201547968	19660850	64	1514553667	19005440
685	19	3	5	209928384	10485760	0	1514553667	19005440
685	19	3	5	218284224	19660850	65408	1514553667	19005440
685	19	3	5	226664640	10485760	0	1514553667	19005440
685	19	1	1	67108866	0	0	0	0
685	21	29	1	1946157057	0	0	0	0
685	21	6	1	402653184	0	0	0	0
685	21	0	1	0	0	0	0	0
686	0	49	1	3288334345	0	0	0	0
686	0	38	4	2550180864	0	0	0	0
686	0	17	1	1140851745	0	0	0	0
686	0	14	1	939524113	0	0	0	0
686	0	38	4	2550168576	0	0	0	0
686	0	29	1	1946157059	0	0	0	0
686	0	2	1	134217752	0	0	0	0
686	24	29	1	1946157057	0	0	0	0
686	24	0	1	0	0	0	0	0
687	0	43	1	2885681153	0	0	0	0
687	0	29	1	1946157059	0	0	0	0
687	0	14	1	939524115	0	0	0	0
687	0	0	1	0	0	0	0	0
688	0	43	1	2885681153	0	0	0	0
688	0	29	1	1946157059	0	0	0	0
688	0	1	1	67108924	0	0	0	0
688	60	29	1	1946157057	0	0	0	0
688	60	0	1	0	0	0	0	0
689	0	38	4	2550168576	0	0	0	0
689	0	29	1	1946157059	0	0	0	0
689	0	2	1	134217732	0	0	0	0
689	4	3	5	201556160	17694720	0	1514553747	2228224
689	4	3	5	209928384	15728640	0	1514553747	2228224
689	4	3	5	218144960	10485760	0	1514553747	2228224
689	4	19	1	1275068458	0	0	0	0
689	4	38	4	2550156288	65456	4283170816	0	0
689	4	1	1	67108866	0	0	0	0
689	6	29	1	1946157057	0	0	0	0
689	6	1	1	67108866	0	0	0	0
689	8	6	1	402653184	0	0	0	0
689	8	0	1	0	0	0	0	0
690	0	38	4	2550168576	0	0	0	0
690	0	29	1	1946157059	0	0	0	0
690	0	2	1	134217737	0	0	0	0
690	9	3	5	201367680	9830400	0	1514553747	2228224
690	9	3	5	209797248	18350080	0	1514553747	2228224
690	9	38	4	2550156288	0	4285136896	0	0
690	9	19	1	1275068458	0	0	0	0
690	9	1	1	67108866	0	0	0	0
690	11	29	1	1946157057	0	0	0	0
690	11	1	1	67108868	0	0	0	0
690	15	6	1	402653184	0	0	0	0
690	15	0	1	0	0	0	0	0
691	0	0	1	0	0	0	0	0
692	0	40	1	2700083200	0	0	0	0
692	0	43	1	2886729730	0	0	0	0
692	0	14	1	939525164	0	0	0	0
692	0	38	4	2550168576	120	0	0	0
692	0	2	1	134217732	0	0	0	0
692	4	38	4	2550153216	6553600	0	0	0
692	4	29	1	1946157059	0	0	0	0
692	4	2	1	134217748	0	0	0	0
692	20	43	1	2886729728	0	0	0	0
692	20	29	1	1946157057	0	0	0	0
692	20	22	1	1476395009	0	0	0	0
692	20	0	1	0	0	0	0	0
693	0	40	1	2700083200	0	0	0	0
693	0	43	1	2886729730	0	0	0	0
693	0	14	1	939525164	0	0	0	0
693	0	38	4	2550168576	120	0	0	0
693	0	2	1	134217732	0	0	0	0
693	4	38	4	2550152192	4288413696	0	0	0
693	4	29	1	1946157059	0	0	0	0
693	4	2	1	134217748	0	0	0	0
693	20	43	1	2886729728	0	0	0	0
693	20	29	1	1946157057	0	0	0	0
693	20	0	1	0	0	0	0	0
694	0	17	1	1140851753	0	0	0	0
694	0	43	1	2885681153	0	0	0	0
694	0	43	1	2886729729	0	0	0	0
694	0	38	4	2616756224	0	0	0	0
694	0	29	1	1946157059	0	0	0	0
695	0	38	4	2550168576	0	7864520	13107400	0
695	0	32	1	2147483651	0	0	0	0
695	0	38	4	2550147072	0	7864520	13107400	0
695	0	1	1	67108868	0	0	0	0
695	4	33	1	2214592512	0	0	0	0
695	4	38	4	2550147072	0	7864520	13107400	0
695	4	1	1	67108868	0	0	0	0
695	8	33	1	2214592512	0	0	0	0
695	8	38	4	2550147072	0	7864520	13107400	0
695	8	1	1	67108868	0	0	0	0
695	12	33	1	2214592512	0	0	0	0
696	0	47	1	3154116611	0	0	0	0
696	0	17	1	1140851757	0	0	0	0
696	0	43	1	2885681153	0	0	0	0
696	0	43	1	2886729729	0	0	0	0
696	0	32	1	2147483660	0	0	0	0
696	0	38	4	2550177792	130	200	17039560	0
696	0	1	1	67108874	0	0	0	0
696	10	33	1	2214592512	0	0	0	0
696	10	38	4	2550177792	130	200	17039560	0
696	10	1	1	67108874	0	0	0	0
696	20	33	1	2214592512	0	0	0	0
696	20	38	4	2550177792	130	200	17039560	0
696	20	1	1	67108874	0	0	0	0
696	30	33	1	2214592512	0	0	0	0
696	30	38	4	2550177792	130	200	17039560	0
696	30	1	1	67108874	0	0	0	0
696	40	33	1	2214592512	0	0	0	0
696	40	38	4	2550177792	130	200	17039560	0
696	40	1	1	67108874	0	0	0	0
696	50	33	1	2214592512	0	0	0	0
696	50	38	4	2550177792	130	200	17039560	0
696	50	1	1	67108874	0	0	0	0
696	60	33	1	2214592512	0	0	0	0
696	60	38	4	2550177792	130	200	17039560	0
696	60	1	1	67108874	0	0	0	0
696	70	33	1	2214592512	0	0	0	0
696	70	38	4	2550177792	130	200	17039560	0
696	70	1	1	67108874	0	0	0	0
696	80	33	1	2214592512	0	0	0	0
696	80	38	4	2550177792	130	200	17039560	0
696	80	1	1	67108874	0	0	0	0
696	90	33	1	2214592512	0	0	0	0
696	90	38	4	2550177792	130	200	17039560	0
696	90	1	1	67108874	0	0	0	0
696	100	33	1	2214592512	0	0	0	0
696	100	38	4	2550177792	130	200	17039560	0
696	100	1	1	67108874	0	0	0	0
696	110	33	1	2214592512	0	0	0	0
696	110	38	4	2550177792	130	200	17039560	0
696	110	1	1	67108874	0	0	0	0
696	120	33	1	2214592512	0	0	0	0
697	0	18	1	1207960619	0	0	0	0
697	0	43	1	2885681155	0	0	0	0
697	0	47	1	3154116611	0	0	0	0
697	0	38	4	2550228992	150	240	19661040	0
697	0	1	1	67108893	0	0	0	0
698	0	47	1	3154116611	0	0	0	0
698	0	38	4	2550148096	0	4287102976	3932160	0
698	0	2	1	134217734	0	0	0	0
698	6	3	5	201465904	18350080	0	1514553347	2097152
698	6	14	1	939524115	0	0	0	0
698	6	1	1	67108865	0	0	0	0
698	7	6	1	402653184	0	0	0	0
698	7	0	1	0	0	0	0	0
699	0	47	1	3154116611	0	0	0	0
699	0	29	1	1946157058	0	0	0	0
699	0	38	4	2565897216	0	0	0	0
699	0	2	1	134217746	0	0	0	0
699	18	29	1	1946157057	0	0	0	0
699	18	2	1	134217748	0	0	0	0
699	20	38	4	2550159360	0	0	0	0
699	20	38	4	2616755200	0	0	0	0
699	20	14	1	939524105	0	0	0	0
699	20	0	1	0	0	0	0	0
700	0	43	1	2886729730	0	0	0	0
700	0	20	1	1342177280	0	0	0	0
700	0	1	1	67108868	0	0	0	0
700	4	29	1	1946157058	0	0	0	0
700	4	2	1	134217738	0	0	0	0
700	10	38	4	2616755200	0	0	0	0
700	10	38	4	2550150144	0	17039360	0	0
700	10	14	1	939524399	0	0	0	0
700	10	1	1	67108872	0	0	0	0
700	18	43	1	2885681154	0	0	0	0
700	18	3	5	201408832	19660920	0	1514471427	20974080
700	18	29	1	1946157057	0	0	0	0
700	18	32	1	2147483650	0	0	0	0
700	18	14	1	939524139	0	0	0	0
700	18	1	1	67108878	0	0	0	0
700	32	33	1	2214592512	0	0	0	0
700	32	14	1	939524139	0	0	0	0
700	32	1	1	67108878	0	0	0	0
700	46	33	1	2214592512	0	0	0	0
700	46	22	1	1476395009	0	0	0	0
700	46	2	1	134217773	0	0	0	0
700	46	38	4	2550168576	200	4276617216	0	0
700	46	38	4	2550156288	0	9830400	0	0
700	46	38	4	2616755200	0	0	0	0
700	46	14	1	939524114	0	0	0	0
700	46	23	1	1543503873	0	0	0	0
700	46	6	1	402653184	0	0	0	0
700	46	0	1	0	0	0	0	0
701	0	47	1	3154116611	0	0	0	0
701	0	17	1	1140851746	0	0	0	0
701	0	32	1	2147483655	0	0	0	0
701	0	38	4	2550228992	491	0	160	0
701	0	1	1	67108879	0	0	0	0
701	15	33	1	2214592512	0	0	0	0
701	15	38	4	2550228992	491	0	160	0
701	15	1	1	67108879	0	0	0	0
701	30	33	1	2214592512	0	0	0	0
701	30	38	4	2550228992	491	0	160	0
701	30	1	1	67108879	0	0	0	0
701	45	33	1	2214592512	0	0	0	0
701	45	38	4	2550228992	491	0	160	0
701	45	1	1	67108879	0	0	0	0
701	60	33	1	2214592512	0	0	0	0
701	60	38	4	2550228992	491	0	160	0
701	60	1	1	67108879	0	0	0	0
701	75	33	1	2214592512	0	0	0	0
701	75	38	4	2550228992	491	0	160	0
701	75	1	1	67108879	0	0	0	0
701	90	33	1	2214592512	0	0	0	0
701	90	38	4	2550228992	491	0	160	0
701	90	1	1	67108879	0	0	0	0
701	105	33	1	2214592512	0	0	0	0
701	105	22	1	1476395009	0	0	0	0
701	105	0	1	0	0	0	0	0
702	0	2	1	134217731	0	0	0	0
702	3	3	5	201400432	11796600	0	1514471427	0
702	3	3	5	209780848	11796540	0	1514471427	0
702	3	3	5	218169456	11861956	0	1514471427	0
702	3	19	1	1275068459	0	0	0	0
702	3	1	1	67108868	0	0	0	0
702	7	6	1	402653184	0	0	0	0
702	7	2	1	134217737	0	0	0	0
702	9	22	1	1476395009	0	0	0	0
702	9	0	1	0	0	0	0	0
703	0	2	1	134217731	0	0	0	0
703	3	3	5	201457776	14418040	0	1514471427	2097152
703	3	3	5	209838192	14417950	0	1514471427	2097152
703	3	19	1	1275068459	0	0	0	0
703	3	1	1	67108868	0	0	0	0
703	7	6	1	402653184	0	0	0	0
703	7	2	1	134217739	0	0	0	0
703	11	22	1	1476395009	0	0	0	0
703	11	0	1	0	0	0	0	0
704	0	40	1	2694316032	0	0	0	0
704	0	14	1	939525164	0	0	0	0
704	0	20	1	1342177280	0	0	0	0
704	0	2	1	134217734	0	0	0	0
704	6	3	5	201441680	14417936	0	1514553347	20971520
704	6	38	4	2550156288	0	0	0	0
704	6	19	1	1275068457	0	0	0	0
704	6	1	1	67108868	0	0	0	0
704	10	8	1	537165824	0	0	0	0
704	10	1	1	67108880	0	0	0	0
704	26	6	1	402653184	0	0	0	0
704	26	0	1	0	0	0	0	0
705	0	47	1	3154116609	0	0	0	0
705	0	2	1	134217736	0	0	0	0
705	8	3	5	201539984	13107220	0	1514553347	2229504
705	8	3	5	209936784	13107340	0	1514553347	2229504
705	8	19	1	1275068458	0	0	0	0
705	8	1	1	67108872	0	0	0	0
705	16	6	1	402653184	0	0	0	0
705	16	0	1	0	0	0	0	0
706	0	47	1	3154116609	0	0	0	0
706	0	2	1	134217736	0	0	0	0
706	8	3	5	201539952	13107220	0	1514553347	2229504
706	8	3	5	209936752	13107340	0	1514553347	2229504
706	8	19	1	1275068458	0	0	0	0
706	8	1	1	67108872	0	0	0	0
706	16	6	1	402653184	0	0	0	0
706	16	0	1	0	0	0	0	0
707	0	47	1	3154116609	0	0	0	0
707	0	2	1	134217736	0	0	0	0
707	8	3	5	201539920	13107220	0	1514553347	2229504
707	8	3	5	209936720	13107340	0	1514553347	2229504
707	8	19	1	1275068458	0	0	0	0
707	8	1	1	67108872	0	0	0	0
707	16	6	1	402653184	0	0	0	0
707	16	0	1	0	0	0	0	0
708	0	1	1	67108870	0	0	0	0
708	6	28	1	1885339651	0	0	0	0
708	6	3	5	201425296	19660800	2621480	294072323	2230784
708	6	19	1	1275068458	0	0	0	0
708	6	1	1	67108872	0	0	0	0
708	14	27	1	1811939329	0	0	0	0
708	14	6	1	402653184	0	0	0	0
708	14	0	1	0	0	0	0	0
709	0	2	1	134217735	0	0	0	0
709	7	3	5	201458000	17039520	10485760	403021827	2100992
709	7	3	5	209838416	14417950	0	403021827	2100992
709	7	19	1	1275068459	0	0	0	0
709	7	1	1	67108870	0	0	0	0
709	13	6	1	402653184	0	0	0	0
709	13	0	1	0	0	0	0	0
710	0	43	1	2886729729	0	0	0	0
710	0	2	1	134217736	0	0	0	0
710	8	47	1	3154116612	0	0	0	0
710	8	2	1	134217741	0	0	0	0
710	13	3	5	201548368	19660860	0	1514594307	4327936
710	13	3	5	209920592	16384020	0	1514594307	4327936
710	13	38	4	2564324352	7864320	0	0	0
710	13	38	4	2550156288	0	4283170816	0	0
710	13	19	1	1275068457	0	0	0	0
710	13	20	1	1342177280	0	0	0	0
710	13	1	1	67108869	0	0	0	0
710	18	3	5	201548240	18350140	0	1514594307	2229504
710	18	3	5	209920464	16384020	0	1514594307	2229504
710	18	1	1	67108872	0	0	0	0
710	26	6	1	402653184	0	0	0	0
710	26	2	1	134217756	0	0	0	0
710	28	38	4	2550148096	0	4283170816	0	0
710	28	2	1	134217773	0	0	0	0
710	45	47	1	3154116611	0	0	0	0
710	45	0	1	0	0	0	0	0
711	0	43	1	2886729729	0	0	0	0
711	0	43	1	2885681153	0	0	0	0
711	0	2	1	134217734	0	0	0	0
711	6	20	1	1342177280	0	0	0	0
711	6	2	1	134217740	0	0	0	0
711	12	3	5	201458256	23593080	4292345856	377958403	4199424
711	12	3	5	209838672	23592990	4289724516	377958403	4199424
711	12	38	4	2558557184	0	100	6553700	0
711	12	38	4	2550156288	0	4283170816	0	0
711	12	19	1	1275068457	0	0	0	0
711	12	1	1	67108868	0	0	0	0
711	16	3	5	201457968	19660920	4292345856	377958403	2098432
711	16	3	5	209838384	19660830	4289724416	377958403	2098432
711	16	1	1	67108872	0	0	0	0
711	24	6	1	402653184	0	0	0	0
711	24	1	1	67108868	0	0	0	0
711	28	43	1	2885681154	0	0	0	0
711	28	43	1	2886729728	0	0	0	0
711	28	1	1	67108872	0	0	0	0
711	36	43	1	2885681152	0	0	0	0
711	36	0	1	0	0	0	0	0
712	0	43	1	2886729729	0	0	0	0
712	0	28	1	1892679683	0	0	0	0
712	0	28	1	1890058243	0	0	0	0
712	0	28	1	1893203971	0	0	0	0
712	0	28	1	1890582531	0	0	0	0
712	0	2	1	134217734	0	0	0	0
712	6	47	1	3154116612	0	0	0	0
712	6	2	1	134217736	0	0	0	0
712	8	3	5	201548304	19660850	65376	147169283	4329216
712	8	3	5	209895952	19660850	160	147169283	4329216
712	8	38	4	2564324352	5898240	0	0	0
712	8	38	4	2561702912	5898240	0	0	0
712	8	38	4	2550150144	0	0	0	0
712	8	19	1	1275068457	0	0	0	0
712	8	20	1	1342177280	0	0	0	0
712	8	1	1	67108865	0	0	0	0
712	9	27	1	1811939329	0	0	0	0
712	9	1	1	67108871	0	0	0	0
712	16	6	1	402653184	0	0	0	0
712	16	2	1	134217756	0	0	0	0
712	28	47	1	3154116608	0	0	0	0
712	28	0	1	0	0	0	0	0
713	0	2	1	134217733	0	0	0	0
713	5	22	1	1476395058	0	0	0	0
713	5	3	5	201368048	13762560	0	1514553347	4326656
713	5	3	5	209895920	13762630	0	1514553347	4326656
713	5	3	5	218325488	11796550	0	1514553347	4326656
713	5	19	1	1275068458	0	0	0	0
713	5	1	1	67108868	0	0	0	0
713	9	3	5	201367856	13762560	0	1514553347	2228224
713	9	3	5	209895728	13762630	0	1514553347	2228224
713	9	3	5	218325296	11796550	0	1514553347	2228224
713	9	1	1	67108886	0	0	0	0
713	31	22	1	1476395008	0	0	0	0
713	31	6	1	402653184	0	0	0	0
713	31	0	1	0	0	0	0	0
714	0	2	1	134217734	0	0	0	0
714	6	22	1	1476395058	0	0	0	0
714	6	19	1	1275068458	0	0	0	0
714	6	3	5	201539792	18350130	0	1514409987	4327936
714	6	3	5	209936592	20971610	0	1514409987	4327936
714	6	1	1	67108870	0	0	0	0
714	12	6	1	402653184	0	0	0	0
714	12	1	1	67108870	0	0	0	0
714	18	19	1	1275068457	0	0	0	0
714	18	3	5	201499024	18350130	0	1514553347	4327936
714	18	3	5	209895824	20971610	0	1514553347	4327936
714	18	1	1	67108872	0	0	0	0
714	26	22	1	1476395008	0	0	0	0
714	26	6	1	402653184	0	0	0	0
714	26	0	1	0	0	0	0	0
715	0	2	1	134217739	0	0	0	0
715	11	22	1	1476395009	0	0	0	0
715	11	3	5	201458192	18350200	4292345856	1514594307	4195584
715	11	3	5	209838608	19660830	4289724672	1514594307	4195584
715	11	19	1	1275068457	0	0	0	0
715	11	1	1	67108870	0	0	0	0
715	17	6	1	402653184	0	0	0	0
715	17	1	1	67108872	0	0	0	0
715	25	22	1	1476395008	0	0	0	0
715	25	0	1	0	0	0	0	0
716	0	2	1	134217734	0	0	0	0
716	6	22	1	1476395058	0	0	0	0
716	6	3	5	201499120	14417940	0	335994883	4326656
716	6	3	5	209895920	19660940	0	335994883	4326656
716	6	19	1	1275068457	0	0	0	0
716	6	1	1	67108868	0	0	0	0
716	10	3	5	201499024	13107220	0	315023363	2229504
716	10	3	5	209895824	14418060	0	315023363	2229504
716	10	1	1	67108879	0	0	0	0
716	25	22	1	1476395008	0	0	0	0
716	25	6	1	402653184	0	0	0	0
716	25	0	1	0	0	0	0	0
717	0	2	1	134217736	0	0	0	0
717	8	22	1	1476395052	0	0	0	0
717	8	3	5	201539696	21692386	2949120	4001775739	2097152
717	8	3	5	209936496	21626930	1966080	4001775739	2097152
717	8	32	1	2147483656	0	0	0	0
717	8	19	1	1275068635	0	0	0	0
717	8	1	1	67108866	0	0	0	0
717	10	6	1	402653184	0	0	0	0
717	10	1	1	67108865	0	0	0	0
717	11	11	1	738197504	0	0	0	0
717	11	11	1	738197505	0	0	0	0
717	11	33	1	2214592512	0	0	0	0
717	11	19	1	1275068635	0	0	0	0
717	11	1	1	67108866	0	0	0	0
717	13	6	1	402653184	0	0	0	0
717	13	1	1	67108865	0	0	0	0
717	14	11	1	738197504	0	0	0	0
717	14	11	1	738197505	0	0	0	0
717	14	33	1	2214592512	0	0	0	0
717	14	19	1	1275068635	0	0	0	0
717	14	1	1	67108866	0	0	0	0
717	16	6	1	402653184	0	0	0	0
717	16	1	1	67108865	0	0	0	0
717	17	11	1	738197504	0	0	0	0
717	17	11	1	738197505	0	0	0	0
717	17	33	1	2214592512	0	0	0	0
717	17	19	1	1275068635	0	0	0	0
717	17	1	1	67108866	0	0	0	0
717	19	6	1	402653184	0	0	0	0
717	19	1	1	67108865	0	0	0	0
717	20	11	1	738197504	0	0	0	0
717	20	11	1	738197505	0	0	0	0
717	20	33	1	2214592512	0	0	0	0
717	20	19	1	1275068635	0	0	0	0
717	20	1	1	67108866	0	0	0	0
717	22	6	1	402653184	0	0	0	0
717	22	1	1	67108865	0	0	0	0
717	23	11	1	738197504	0	0	0	0
717	23	11	1	738197505	0	0	0	0
717	23	33	1	2214592512	0	0	0	0
717	23	19	1	1275068635	0	0	0	0
717	23	1	1	67108866	0	0	0	0
717	25	6	1	402653184	0	0	0	0
717	25	1	1	67108865	0	0	0	0
717	26	11	1	738197504	0	0	0	0
717	26	11	1	738197505	0	0	0	0
717	26	33	1	2214592512	0	0	0	0
717	26	19	1	1275068635	0	0	0	0
717	26	1	1	67108866	0	0	0	0
717	28	6	1	402653184	0	0	0	0
717	28	1	1	67108865	0	0	0	0
717	29	11	1	738197504	0	0	0	0
717	29	11	1	738197505	0	0	0	0
717	29	33	1	2214592512	0	0	0	0
717	29	19	1	1275068635	0	0	0	0
717	29	1	1	67108866	0	0	0	0
717	31	6	1	402653184	0	0	0	0
717	31	1	1	67108865	0	0	0	0
717	32	11	1	738197504	0	0	0	0
717	32	11	1	738197505	0	0	0	0
717	32	33	1	2214592512	0	0	0	0
717	32	19	1	1275068635	0	0	0	0
717	32	1	1	67108866	0	0	0	0
717	34	6	1	402653184	0	0	0	0
717	34	22	1	1476395008	0	0	0	0
717	34	6	1	402653184	0	0	0	0
717	34	0	1	0	0	0	0	0
718	0	17	1	1140851536	0	0	0	0
718	0	14	1	939524191	0	0	0	0
718	0	38	4	2550150144	0	0	0	0
718	0	0	1	0	0	0	0	0
719	0	14	1	939524180	0	0	0	0
719	0	32	1	2147483650	0	0	0	0
719	0	38	4	2550148096	0	100	6553700	0
719	0	1	1	67108870	0	0	0	0
719	6	33	1	2214592512	0	0	0	0
719	6	38	4	2550148096	0	100	6553700	0
719	6	1	1	67108870	0	0	0	0
719	12	33	1	2214592512	0	0	0	0
719	12	0	1	0	0	0	0	0
720	0	17	1	1140851535	0	0	0	0
720	0	0	1	0	0	0	0	0
721	0	0	1	0	0	0	0	0
722	0	43	1	2885681153	0	0	0	0
722	0	1	1	67108866	0	0	0	0
722	2	43	1	2885681154	0	0	0	0
722	2	1	1	67108867	0	0	0	0
722	5	43	1	2885681153	0	0	0	0
722	5	1	1	67108866	0	0	0	0
722	7	43	1	2885681152	0	0	0	0
722	7	1	1	67108865	0	0	0	0
722	8	35	1	2348810240	0	0	0	0
723	0	43	1	2885681158	0	0	0	0
723	0	43	1	2886729734	0	0	0	0
723	0	29	1	1946157059	0	0	0	0
723	0	2	1	134217752	0	0	0	0
723	24	29	1	1946157057	0	0	0	0
723	24	1	1	67108866	0	0	0	0
723	26	22	1	1476395009	0	0	0	0
723	26	0	1	0	0	0	0	0
724	0	49	1	3288334343	0	0	0	0
724	0	38	4	2550180864	0	0	0	0
724	0	17	1	1140851535	0	0	0	0
724	0	14	1	939524107	0	0	0	0
724	0	38	4	2550168576	0	0	0	0
724	0	29	1	1946157059	0	0	0	0
724	0	2	1	134217748	0	0	0	0
724	20	29	1	1946157057	0	0	0	0
724	20	50	1	3355443207	0	0	0	0
724	20	0	1	0	0	0	0	0
725	0	29	1	1946157059	0	0	0	0
725	0	2	1	134217747	0	0	0	0
725	19	51	1	3423076352	0	0	0	0
725	19	2	1	134217749	0	0	0	0
725	21	38	4	2550150144	0	0	0	0
725	21	19	1	1275068675	0	0	0	0
725	21	38	4	2559605760	0	22937600	0	0
725	21	3	5	201474243	13107200	240	1514553707	19529728
725	21	3	5	209862851	13172686	70	1514553707	19529728
725	21	3	5	218235075	11796480	0	1514553707	19529728
725	21	1	1	67108867	0	0	0	0
725	24	6	1	402653184	0	0	0	0
725	24	1	1	67108867	0	0	0	0
725	27	19	1	1275068675	0	0	0	0
725	27	38	4	2559605760	0	22937600	0	0
725	27	11	1	738197504	0	0	0	0
725	27	11	1	738197505	0	0	0	0
725	27	11	1	738197506	0	0	0	0
725	27	1	1	67108866	0	0	0	0
725	29	29	1	1946157057	0	0	0	0
725	29	1	1	67108865	0	0	0	0
725	30	6	1	402653184	0	0	0	0
725	30	1	1	67108868	0	0	0	0
725	34	51	1	3422814207	0	0	0	0
725	34	0	1	0	0	0	0	0
726	0	29	1	1946157059	0	0	0	0
726	0	2	1	134217746	0	0	0	0
726	18	51	1	3423076352	0	0	0	0
726	18	2	1	134217748	0	0	0	0
726	20	38	4	2550150144	0	0	0	0
726	20	19	1	1275068675	0	0	0	0
726	20	38	4	2559605760	0	22937600	0	0
726	20	3	5	201474243	13107200	240	1514553707	19529728
726	20	3	5	209862851	13172686	70	1514553707	19529728
726	20	3	5	218235075	11796480	0	1514553707	19529728
726	20	1	1	67108868	0	0	0	0
726	24	6	1	402653184	0	0	0	0
726	24	1	1	67108870	0	0	0	0
726	30	19	1	1275068675	0	0	0	0
726	30	38	4	2559605760	0	22937600	0	0
726	30	11	1	738197504	0	0	0	0
726	30	11	1	738197505	0	0	0	0
726	30	11	1	738197506	0	0	0	0
726	30	1	1	67108866	0	0	0	0
726	32	29	1	1946157057	0	0	0	0
726	32	1	1	67108866	0	0	0	0
726	34	6	1	402653184	0	0	0	0
726	34	1	1	67108868	0	0	0	0
726	38	51	1	3422814207	0	0	0	0
726	38	0	1	0	0	0	0	0
727	0	49	1	3288334345	0	0	0	0
727	0	38	4	2550180864	0	0	0	0
727	0	17	1	1140851535	0	0	0	0
727	0	14	1	939524113	0	0	0	0
727	0	38	4	2550168576	0	0	0	0
727	0	29	1	1946157059	0	0	0	0
727	0	2	1	134217752	0	0	0	0
727	24	29	1	1946157057	0	0	0	0
727	24	0	1	0	0	0	0	0
728	0	43	1	2886729734	0	0	0	0
728	0	29	1	1946157059	0	0	0	0
728	0	14	1	939524115	0	0	0	0
728	0	0	1	0	0	0	0	0
729	0	43	1	2886729734	0	0	0	0
729	0	29	1	1946157059	0	0	0	0
729	0	1	1	67108924	0	0	0	0
729	60	29	1	1946157057	0	0	0	0
729	60	0	1	0	0	0	0	0
730	0	29	1	1946157059	0	0	0	0
730	0	38	4	2550168576	0	0	0	0
730	0	2	1	134217729	0	0	0	0
730	1	51	1	3423076352	0	0	0	0
730	1	2	1	134217731	0	0	0	0
730	3	17	1	1140851533	0	0	0	0
730	3	19	1	1275068675	0	0	0	0
730	3	3	5	201474243	13107200	240	1514553747	4849664
730	3	3	5	209862851	13172686	70	1514553747	4849664
730	3	3	5	218235075	11796480	0	1514553747	4849664
730	3	19	1	1275068674	0	0	0	0
730	3	38	4	2550156288	65456	4283170816	0	0
730	3	1	1	67108866	0	0	0	0
730	5	38	4	2559605760	0	22937600	0	0
730	5	29	1	1946157057	0	0	0	0
730	5	1	1	67108869	0	0	0	0
730	10	6	1	402653184	0	0	0	0
730	10	1	1	67108866	0	0	0	0
730	12	51	1	3422814207	0	0	0	0
730	12	0	1	0	0	0	0	0
731	0	2	1	134217734	0	0	0	0
731	6	29	1	1946157059	0	0	0	0
731	6	38	4	2550168576	0	0	0	0
731	6	2	1	134217739	0	0	0	0
731	11	51	1	3423076352	0	0	0	0
731	11	2	1	134217740	0	0	0	0
731	12	17	1	1140851533	0	0	0	0
731	12	19	1	1275068675	0	0	0	0
731	12	3	5	201474243	13107200	240	1514553747	4849664
731	12	3	5	209862851	13172686	70	1514553747	4849664
731	12	3	5	218235075	11796480	0	1514553747	4849664
731	12	19	1	1275068674	0	0	0	0
731	12	38	4	2550156288	65456	4283170816	0	0
731	12	1	1	67108866	0	0	0	0
731	14	29	1	1946157057	0	0	0	0
731	14	38	4	2559605760	0	22937600	0	0
731	14	1	1	67108867	0	0	0	0
731	17	6	1	402653184	0	0	0	0
731	17	1	1	67108866	0	0	0	0
731	19	51	1	3422814207	0	0	0	0
731	19	0	1	0	0	0	0	0
732	0	47	1	3154116611	0	0	0	0
732	0	49	1	3288334342	0	0	0	0
732	0	17	1	1140851538	0	0	0	0
732	0	2	1	134217788	0	0	0	0
732	60	22	1	1476395009	0	0	0	0
732	60	0	1	0	0	0	0	0
733	0	14	1	939524107	0	0	0	0
733	0	38	4	2550168576	120	0	0	0
733	0	2	1	134217732	0	0	0	0
733	4	17	1	1140851535	0	0	0	0
733	4	38	4	2550153216	6553600	0	0	0
733	4	29	1	1946157059	0	0	0	0
733	4	2	1	134217748	0	0	0	0
733	20	29	1	1946157057	0	0	0	0
733	20	22	1	1476395009	0	0	0	0
733	20	0	1	0	0	0	0	0
734	0	14	1	939524107	0	0	0	0
734	0	38	4	2550168576	120	0	0	0
734	0	2	1	134217732	0	0	0	0
734	4	17	1	1140851535	0	0	0	0
734	4	38	4	2550152192	4288413696	0	0	0
734	4	29	1	1946157059	0	0	0	0
734	4	2	1	134217748	0	0	0	0
734	20	29	1	1946157057	0	0	0	0
734	20	0	1	0	0	0	0	0
735	0	38	4	2616756224	0	0	0	0
735	0	17	1	1140851539	0	0	0	0
735	0	43	1	2885681158	0	0	0	0
735	0	43	1	2886729734	0	0	0	0
735	0	29	1	1946157059	0	0	0	0
736	0	38	4	2550168576	0	7864520	13107400	0
736	0	32	1	2147483651	0	0	0	0
736	0	38	4	2550147072	0	7864520	13107400	0
736	0	1	1	67108868	0	0	0	0
736	4	33	1	2214592512	0	0	0	0
736	4	38	4	2550147072	0	7864520	13107400	0
736	4	1	1	67108868	0	0	0	0
736	8	33	1	2214592512	0	0	0	0
736	8	38	4	2550147072	0	7864520	13107400	0
736	8	1	1	67108868	0	0	0	0
736	12	33	1	2214592512	0	0	0	0
737	0	47	1	3154116611	0	0	0	0
737	0	17	1	1140851543	0	0	0	0
737	0	43	1	2885681158	0	0	0	0
737	0	43	1	2886729734	0	0	0	0
737	0	32	1	2147483654	0	0	0	0
737	0	38	4	2550177792	130	200	17039560	0
737	0	1	1	67108884	0	0	0	0
737	20	33	1	2214592512	0	0	0	0
737	20	38	4	2550177792	130	200	17039560	0
737	20	1	1	67108884	0	0	0	0
737	40	33	1	2214592512	0	0	0	0
737	40	38	4	2550177792	130	200	17039560	0
737	40	1	1	67108884	0	0	0	0
737	60	33	1	2214592512	0	0	0	0
737	60	38	4	2550177792	130	200	17039560	0
737	60	1	1	67108884	0	0	0	0
737	80	33	1	2214592512	0	0	0	0
737	80	38	4	2550177792	130	200	17039560	0
737	80	1	1	67108884	0	0	0	0
737	100	33	1	2214592512	0	0	0	0
737	100	38	4	2550177792	130	200	17039560	0
737	100	1	1	67108884	0	0	0	0
737	120	33	1	2214592512	0	0	0	0
738	0	18	1	1207960406	0	0	0	0
738	0	43	1	2885681154	0	0	0	0
738	0	47	1	3154116611	0	0	0	0
738	0	38	4	2550228992	130	200	17039560	0
738	0	1	1	67108874	0	0	0	0
739	0	47	1	3154116611	0	0	0	0
739	0	38	4	2550148096	0	4287102976	3932160	0
739	0	2	1	134217734	0	0	0	0
739	6	3	5	201400368	19660800	0	1514553347	2097152
739	6	3	5	209780784	14483386	65436	1514553347	2097152
739	6	14	1	939524115	0	0	0	0
739	6	1	1	67108865	0	0	0	0
739	7	6	1	402653184	0	0	0	0
739	7	0	1	0	0	0	0	0
740	0	20	1	1342177280	0	0	0	0
740	0	1	1	67108870	0	0	0	0
740	6	29	1	1946157058	0	0	0	0
740	6	2	1	134217740	0	0	0	0
740	12	38	4	2559081472	0	0	0	0
740	12	38	4	2550156288	0	4285136896	0	0
740	12	2	1	134217741	0	0	0	0
740	13	14	1	939524114	0	0	0	0
740	13	38	4	2616755200	0	0	0	0
740	13	23	1	1543503873	0	0	0	0
740	13	2	1	134217752	0	0	0	0
740	24	29	1	1946157057	0	0	0	0
740	24	0	1	0	0	0	0	0
741	0	20	1	1342177280	0	0	0	0
741	0	14	1	939524114	0	0	0	0
741	0	2	1	134217732	0	0	0	0
741	4	29	1	1946157058	0	0	0	0
741	4	2	1	134217743	0	0	0	0
741	15	14	1	939524106	0	0	0	0
741	15	38	4	2568518656	0	0	0	0
741	15	38	4	2550152192	0	9830400	0	0
741	15	38	4	2550159360	0	4285136896	0	0
741	15	38	4	2616756224	0	0	0	0
741	15	2	1	134217750	0	0	0	0
741	22	23	1	1543503874	0	0	0	0
741	22	47	1	3154116609	0	0	0	0
741	22	29	1	1946157057	0	0	0	0
741	22	0	1	0	0	0	0	0
742	0	47	1	3154116611	0	0	0	0
742	0	2	1	134217730	0	0	0	0
742	2	51	1	3423076352	0	0	0	0
742	2	2	1	134217732	0	0	0	0
742	4	3	5	209862803	11796480	250	214237187	2755712
742	4	3	5	201474131	10551246	70	214237187	657280
742	4	3	5	218234963	10485760	0	214237187	657280
742	4	19	1	1275068458	0	0	0	0
742	4	1	1	67108869	0	0	0	0
742	9	6	1	402653184	0	0	0	0
742	9	2	1	134217742	0	0	0	0
742	14	51	1	3422814207	0	0	0	0
742	14	2	1	134217746	0	0	0	0
742	18	22	1	1476395009	0	0	0	0
742	18	0	1	0	0	0	0	0
743	0	47	1	3154116611	0	0	0	0
743	0	2	1	134217730	0	0	0	0
743	2	51	1	3423076352	0	0	0	0
743	2	2	1	134217732	0	0	0	0
743	4	3	5	209862931	11796480	250	1514553347	2755712
743	4	3	5	201474195	10551246	70	1514553347	657280
743	4	3	5	218235027	10485760	0	1514553347	657280
743	4	19	1	1275068675	0	0	0	0
743	4	1	1	67108870	0	0	0	0
743	10	6	1	402653184	0	0	0	0
743	10	2	1	134217748	0	0	0	0
743	20	51	1	3422814207	0	0	0	0
743	20	0	1	0	0	0	0	0
744	0	38	4	2550153216	0	0	0	0
744	0	2	1	134217736	0	0	0	0
744	8	51	1	3423076352	0	0	0	0
744	8	2	1	134217740	0	0	0	0
744	12	3	5	201474451	11796480	250	503685123	4853504
744	12	3	5	209862931	11861966	50	1514512387	2755072
744	12	3	5	218227027	11796480	0	1514512387	2755072
744	12	19	1	1275068674	0	0	0	0
744	12	1	1	67108866	0	0	0	0
744	14	38	4	2559605760	0	22937600	0	0
744	14	1	1	67108866	0	0	0	0
744	16	6	1	402653184	0	0	0	0
744	16	2	1	134217750	0	0	0	0
744	22	51	1	3422814207	0	0	0	0
744	22	0	1	0	0	0	0	0
745	0	47	1	3154116611	0	0	0	0
745	0	2	1	134217734	0	0	0	0
745	6	51	1	3423076352	0	0	0	0
745	6	2	1	134217735	0	0	0	0
745	7	3	5	209863059	11796480	250	1514594307	4852224
745	7	3	5	201474387	11796480	60	1514553347	2755072
745	7	3	5	218235219	10485760	0	1514553347	2755072
745	7	19	1	1275068675	0	0	0	0
745	7	1	1	67108866	0	0	0	0
745	9	38	4	2559605760	0	22937600	0	0
745	9	1	1	67108866	0	0	0	0
745	11	6	1	402653184	0	0	0	0
745	11	2	1	134217743	0	0	0	0
745	15	51	1	3422814207	0	0	0	0
745	15	0	1	0	0	0	0	0
746	0	47	1	3154116611	0	0	0	0
746	0	2	1	134217731	0	0	0	0
746	3	51	1	3423076352	0	0	0	0
746	3	2	1	134217733	0	0	0	0
746	5	3	5	209862995	11796480	250	440852483	4854784
746	5	3	5	218251539	10551246	50	231116803	2756352
746	5	19	1	1275068675	0	0	0	0
746	5	1	1	67108865	0	0	0	0
746	6	3	5	201457939	9175040	0	231116803	2756352
746	6	1	1	67108866	0	0	0	0
746	8	38	4	2559605760	0	22937600	0	0
746	8	3	5	209862995	11796480	250	331800579	4854784
746	8	3	5	218251539	10551246	50	273059843	2756352
746	8	3	5	201457939	9175040	0	273059843	2756352
746	8	1	1	67108869	0	0	0	0
746	13	6	1	402653184	0	0	0	0
746	13	2	1	134217750	0	0	0	0
746	22	51	1	3422814207	0	0	0	0
746	22	0	1	0	0	0	0	0
747	0	47	1	3154116611	0	0	0	0
747	0	2	1	134217732	0	0	0	0
747	4	47	1	3154116612	0	0	0	0
747	4	51	1	3423076352	0	0	0	0
747	4	2	1	134217734	0	0	0	0
747	6	3	5	209862995	11796480	250	1514594307	4852224
747	6	3	5	201474323	11796480	60	1514430467	2755072
747	6	3	5	218235155	10485760	0	1514430467	2755072
747	6	19	1	1275068675	0	0	0	0
747	6	1	1	67108868	0	0	0	0
747	10	6	1	402653184	0	0	0	0
747	10	2	1	134217744	0	0	0	0
747	16	51	1	3422814207	0	0	0	0
747	16	2	1	134217748	0	0	0	0
747	20	47	1	3154116611	0	0	0	0
747	20	0	1	0	0	0	0	0
748	0	2	1	134217734	0	0	0	0
748	6	51	1	3423076352	0	0	0	0
748	6	2	1	134217736	0	0	0	0
748	8	38	4	2550156288	0	4285136896	0	0
748	8	43	1	2886729734	0	0	0	0
748	8	20	1	1342177280	0	0	0	0
748	8	2	1	134217742	0	0	0	0
748	14	47	1	3154116612	0	0	0	0
748	14	38	4	2559605760	0	22937600	0	0
748	14	3	5	209863251	14417920	250	1514553347	5116928
748	14	54	1	3623945055	0	0	0	0
748	14	3	5	201474579	13172686	50	1514553347	4852864
748	14	3	5	218227219	13107200	0	1514553347	4852864
748	14	19	1	1275068674	0	0	0	0
748	14	19	1	1275068426	0	0	0	0
748	14	1	1	67108868	0	0	0	0
748	18	6	1	402653184	0	0	0	0
748	18	51	1	3422814207	0	0	0	0
748	18	14	1	939524395	0	0	0	0
748	18	1	1	67108868	0	0	0	0
748	22	43	1	2886729728	0	0	0	0
748	22	1	1	67108884	0	0	0	0
748	42	47	1	3154116608	0	0	0	0
748	42	0	1	0	0	0	0	0
749	0	2	1	134217737	0	0	0	0
749	9	51	1	3423076352	0	0	0	0
749	9	2	1	134217739	0	0	0	0
749	11	38	4	2550150144	0	0	0	0
749	11	20	1	1342177280	0	0	0	0
749	11	43	1	2886729734	0	0	0	0
749	11	2	1	134217740	0	0	0	0
749	12	3	5	209863251	14417920	250	377933827	5118208
749	12	54	1	3623945055	0	0	0	0
749	12	3	5	201474547	14417920	70	356925443	4853504
749	12	3	5	218251763	20971520	65316	356925443	4853504
749	12	19	1	1275068674	0	0	0	0
749	12	1	1	67108865	0	0	0	0
749	13	38	4	2559605760	0	22937600	0	0
749	13	1	1	67108869	0	0	0	0
749	18	6	1	402653184	0	0	0	0
749	18	2	1	134217748	0	0	0	0
749	20	51	1	3422814207	0	0	0	0
749	20	1	1	67108869	0	0	0	0
749	25	43	1	2886729728	0	0	0	0
749	25	0	1	0	0	0	0	0
750	0	47	1	3154116611	0	0	0	0
750	0	2	1	134217732	0	0	0	0
750	4	51	1	3423076352	0	0	0	0
750	4	47	1	3154116612	0	0	0	0
750	4	2	1	134217734	0	0	0	0
750	6	38	4	2550153216	0	4288413696	0	0
750	6	38	4	2559605760	0	22937600	0	0
750	6	43	1	2886729734	0	0	0	0
750	6	17	1	1140851533	0	0	0	0
750	6	3	5	209863251	13107200	250	335994883	4855424
750	6	54	1	3623945055	0	0	0	0
750	6	3	5	201474547	10485760	70	273039363	4852864
750	6	3	5	218235379	10485760	0	273039363	4852864
750	6	3	5	226542067	10485760	0	273039363	4852864
750	6	19	1	1275068674	0	0	0	0
750	6	1	1	67108866	0	0	0	0
750	8	6	1	402653184	0	0	0	0
750	8	1	1	67108866	0	0	0	0
750	10	43	1	2886729728	0	0	0	0
750	10	2	1	134217747	0	0	0	0
750	19	43	1	2886729734	0	0	0	0
750	19	20	1	1342177280	0	0	0	0
750	19	38	4	2550152192	0	22937600	0	0
750	19	19	1	1275068674	0	0	0	0
750	19	1	1	67108866	0	0	0	0
750	21	38	4	2559605760	0	22937600	0	0
750	21	11	1	738197504	0	0	0	0
750	21	11	1	738197505	0	0	0	0
750	21	54	1	3623945055	0	0	0	0
750	21	11	1	738197506	0	0	0	0
750	21	11	1	738197507	0	0	0	0
750	21	1	1	67108868	0	0	0	0
750	25	6	1	402653184	0	0	0	0
750	25	2	1	134217756	0	0	0	0
750	28	51	1	3422814207	0	0	0	0
750	28	2	1	134217766	0	0	0	0
750	38	47	1	3154116611	0	0	0	0
750	38	43	1	2886729728	0	0	0	0
750	38	0	1	0	0	0	0	0
751	0	2	1	134217731	0	0	0	0
751	3	51	1	3423076352	0	0	0	0
751	3	2	1	134217733	0	0	0	0
751	5	22	1	1476395048	0	0	0	0
751	5	3	5	209862739	13762560	230	273039383	2756352
751	5	3	5	201474131	13828046	70	273039383	2756352
751	5	3	5	226623571	13762560	0	273039383	2756352
751	5	3	5	218153040	14417920	0	273039383	2756352
751	5	19	1	1275068676	0	0	0	0
751	5	1	1	67108866	0	0	0	0
751	7	6	1	402653184	0	0	0	0
751	7	1	1	67108867	0	0	0	0
751	10	51	1	3422814207	0	0	0	0
751	10	2	1	134217740	0	0	0	0
751	12	51	1	3423076352	0	0	0	0
751	12	2	1	134217742	0	0	0	0
751	14	3	5	209863091	14417920	230	1514553347	4852224
751	14	3	5	201474483	14483406	60	1514553347	4852224
751	14	3	5	218235315	14417920	0	1514553347	4852224
751	14	3	5	226542000	14417920	0	1514553347	4852224
751	14	19	1	1275068675	0	0	0	0
751	14	1	1	67108872	0	0	0	0
751	22	22	1	1476395008	0	0	0	0
751	22	6	1	402653184	0	0	0	0
751	22	2	1	134217756	0	0	0	0
751	28	51	1	3422814207	0	0	0	0
751	28	0	1	0	0	0	0	0
752	0	2	1	134217730	0	0	0	0
752	2	51	1	3423076352	0	0	0	0
752	2	2	1	134217732	0	0	0	0
752	4	22	1	1476395038	0	0	0	0
752	4	3	5	209863123	11796480	250	272936963	4852864
752	4	3	5	201474387	10551246	50	1514471427	2754432
752	4	3	5	218235219	10485760	0	1514471427	2754432
752	4	3	5	226541907	11796480	0	1514471427	2754432
752	4	19	1	1275068675	0	0	0	0
752	4	1	1	67108868	0	0	0	0
752	8	6	1	402653184	0	0	0	0
752	8	2	1	134217738	0	0	0	0
752	10	22	1	1476395008	0	0	0	0
752	10	2	1	134217741	0	0	0	0
752	13	51	1	3422814207	0	0	0	0
752	13	0	1	0	0	0	0	0
753	0	2	1	134217730	0	0	0	0
753	2	51	1	3423076352	0	0	0	0
753	2	2	1	134217733	0	0	0	0
753	5	22	1	1476395058	0	0	0	0
753	5	3	5	209863123	11796480	250	1514553347	4852224
753	5	3	5	201474387	11796480	0	1514491907	2754432
753	5	3	5	218235219	11796480	0	1514491907	2754432
753	5	3	5	226541907	14417920	0	1514491907	2754432
753	5	19	1	1275068674	0	0	0	0
753	5	1	1	67108866	0	0	0	0
753	7	38	4	2559605760	0	22937600	0	0
753	7	1	1	67108867	0	0	0	0
753	10	6	1	402653184	0	0	0	0
753	10	54	1	3657433088	0	0	0	0
753	10	22	1	1476395008	0	0	0	0
753	10	2	1	134217739	0	0	0	0
753	11	51	1	3422814207	0	0	0	0
753	11	0	1	0	0	0	0	0
754	0	2	1	134217731	0	0	0	0
754	3	51	1	3423076352	0	0	0	0
754	3	2	1	134217733	0	0	0	0
754	5	22	1	1476395058	0	0	0	0
754	5	3	5	209863091	14417920	240	335929347	4852224
754	5	3	5	218251699	10551246	70	335929347	4852224
754	5	3	5	201457939	10485760	0	314982403	2755072
754	5	3	5	226541843	11796480	0	314982403	2755072
754	5	19	1	1275068674	0	0	0	0
754	5	1	1	67108866	0	0	0	0
754	7	38	4	2559605760	0	22937600	0	0
754	7	1	1	67108868	0	0	0	0
754	11	6	1	402653184	0	0	0	0
754	11	2	1	134217739	0	0	0	0
754	11	22	1	1476395008	0	0	0	0
754	11	2	1	134217743	0	0	0	0
754	15	51	1	3422814207	0	0	0	0
754	15	0	1	0	0	0	0	0
755	0	2	1	134217732	0	0	0	0
755	4	51	1	3423076352	0	0	0	0
755	4	2	1	134217734	0	0	0	0
755	6	22	1	1476395048	0	0	0	0
755	6	3	5	201474515	13107200	240	4001775619	4849664
755	6	3	5	218251731	13172686	70	4001775619	4849664
755	6	3	5	209846547	11796480	0	252067843	2752512
755	6	19	1	1275068674	0	0	0	0
755	6	1	1	67108866	0	0	0	0
755	8	38	4	2559605760	0	22937600	0	0
755	8	1	1	67108867	0	0	0	0
755	11	3	5	201474323	13107200	240	252067843	2752512
755	11	3	5	209862931	11861966	70	252067843	2752512
755	11	3	5	218235155	11796480	0	252067843	2752512
755	11	1	1	67108870	0	0	0	0
755	17	6	1	402653184	0	0	0	0
755	17	22	1	1476395008	0	0	0	0
755	17	2	1	134217746	0	0	0	0
755	18	51	1	3422814207	0	0	0	0
755	18	2	1	134217786	0	0	0	0
755	58	52	1	3489677312	0	0	0	0
755	58	0	1	0	0	0	0	0
756	0	38	4	2550148096	0	3932160	0	0
756	0	1	1	67108876	0	0	0	0
757	0	38	4	2550153216	0	7864320	0	0
757	0	2	1	134217740	0	0	0	0
757	12	22	1	1476395009	0	0	0	0
757	12	23	1	1543503873	0	0	0	0
757	12	38	4	2550148096	0	0	0	0
757	12	0	1	0	0	0	0	0
758	0	14	1	939524191	0	0	0	0
758	0	38	4	2550150144	0	0	0	0
758	0	0	1	0	0	0	0	0
759	0	14	1	939525054	0	0	0	0
759	0	32	1	2147483650	0	0	0	0
759	0	38	4	2550148096	0	100	6553700	0
759	0	1	1	67108870	0	0	0	0
759	6	33	1	2214592512	0	0	0	0
759	6	38	4	2550148096	0	100	6553700	0
759	6	1	1	67108870	0	0	0	0
759	12	33	1	2214592512	0	0	0	0
759	12	0	1	0	0	0	0	0
760	0	43	1	2885681159	0	0	0	0
760	0	47	1	3154116612	0	0	0	0
760	0	38	4	2550150144	0	0	0	0
760	0	38	4	2616755200	0	0	0	0
760	0	1	1	67108866	0	0	0	0
760	2	47	1	3154116608	0	0	0	0
760	2	2	1	134217752	0	0	0	0
760	24	47	1	3154116612	0	0	0	0
760	24	1	1	67108865	0	0	0	0
760	25	0	1	0	0	0	0	0
761	0	49	1	3288334343	0	0	0	0
761	0	38	4	2550180864	0	0	0	0
761	0	17	1	1140851644	0	0	0	0
761	0	14	1	939524107	0	0	0	0
761	0	38	4	2550168576	0	0	0	0
761	0	29	1	1946157059	0	0	0	0
761	0	2	1	134217748	0	0	0	0
761	20	29	1	1946157057	0	0	0	0
761	20	50	1	3355443207	0	0	0	0
761	20	0	1	0	0	0	0	0
762	0	29	1	1946157059	0	0	0	0
762	0	2	1	134217747	0	0	0	0
762	19	38	4	2550150144	0	0	0	0
762	19	3	5	201482432	13107200	65456	1514553707	18874368
762	19	3	5	209879232	10485760	65386	1514553707	18874368
762	19	3	5	218276032	10485760	65386	1514553707	18874368
762	19	3	5	226672832	10485760	65386	1514553707	18874368
762	19	1	1	67108867	0	0	0	0
762	22	6	1	402653184	0	0	0	0
762	22	1	1	67108866	0	0	0	0
762	24	11	1	738197504	0	0	0	0
762	24	11	1	738197505	0	0	0	0
762	24	11	1	738197506	0	0	0	0
762	24	11	1	738197507	0	0	0	0
762	24	29	1	1946157057	0	0	0	0
762	24	1	1	67108868	0	0	0	0
762	28	6	1	402653184	0	0	0	0
762	28	0	1	0	0	0	0	0
763	0	29	1	1946157059	0	0	0	0
763	0	2	1	134217744	0	0	0	0
763	16	38	4	2550150144	0	0	0	0
763	16	3	5	201482432	13107200	65456	1514553707	18874368
763	16	3	5	209879232	10485760	65386	1514553707	18874368
763	16	3	5	218276032	10485760	65386	1514553707	18874368
763	16	3	5	226672832	10485760	65386	1514553707	18874368
763	16	1	1	67108867	0	0	0	0
763	19	6	1	402653184	0	0	0	0
763	19	1	1	67108866	0	0	0	0
763	21	11	1	738197504	0	0	0	0
763	21	11	1	738197505	0	0	0	0
763	21	11	1	738197506	0	0	0	0
763	21	11	1	738197507	0	0	0	0
763	21	29	1	1946157057	0	0	0	0
763	21	1	1	67108868	0	0	0	0
763	25	6	1	402653184	0	0	0	0
763	25	0	1	0	0	0	0	0
764	0	49	1	3288334345	0	0	0	0
764	0	38	4	2550180864	0	0	0	0
764	0	17	1	1140851644	0	0	0	0
764	0	14	1	939524113	0	0	0	0
764	0	38	4	2550168576	0	0	0	0
764	0	29	1	1946157059	0	0	0	0
764	0	2	1	134217752	0	0	0	0
764	24	29	1	1946157057	0	0	0	0
764	24	0	1	0	0	0	0	0
765	0	43	1	2885681155	0	0	0	0
765	0	29	1	1946157059	0	0	0	0
765	0	14	1	939524115	0	0	0	0
765	0	0	1	0	0	0	0	0
766	0	43	1	2885681155	0	0	0	0
766	0	29	1	1946157059	0	0	0	0
766	0	1	1	67108924	0	0	0	0
766	60	29	1	1946157057	0	0	0	0
766	60	0	1	0	0	0	0	0
767	0	29	1	1946157059	0	0	0	0
767	0	38	4	2550168576	0	0	0	0
767	0	2	1	134217731	0	0	0	0
767	3	17	1	1140851644	0	0	0	0
767	3	19	1	1275068458	0	0	0	0
767	3	3	5	201482432	14417920	65456	1514553747	2097152
767	3	3	5	209879232	13107200	65386	1514553747	2097152
767	3	3	5	218276032	10485760	65386	1514553747	2097152
767	3	3	5	226672832	10485760	65386	1514553747	2097152
767	3	38	4	2550156288	65456	4283170816	0	0
767	3	1	1	67108866	0	0	0	0
767	5	29	1	1946157057	0	0	0	0
767	5	1	1	67108867	0	0	0	0
767	8	6	1	402653184	0	0	0	0
767	8	0	1	0	0	0	0	0
768	0	29	1	1946157059	0	0	0	0
768	0	38	4	2550168576	0	0	0	0
768	0	2	1	134217731	0	0	0	0
768	3	17	1	1140851644	0	0	0	0
768	3	19	1	1275068458	0	0	0	0
768	3	3	5	201474176	18350080	50	1514553747	2097152
768	3	3	5	209854592	13107200	0	1514553747	2097152
768	3	38	4	2550156288	65456	4283170816	0	0
768	3	1	1	67108866	0	0	0	0
768	5	29	1	1946157057	0	0	0	0
768	5	1	1	67108866	0	0	0	0
768	7	6	1	402653184	0	0	0	0
768	7	0	1	0	0	0	0	0
769	0	43	1	2885681158	0	0	0	0
769	0	43	1	2886729734	0	0	0	0
769	0	2	1	134217739	0	0	0	0
769	11	21	1	1409286145	0	0	0	0
769	11	0	1	0	0	0	0	0
770	0	38	4	2616756224	0	0	0	0
770	0	17	1	1140851638	0	0	0	0
770	0	43	1	2885681159	0	0	0	0
770	0	29	1	1946157059	0	0	0	0
771	0	38	4	2550168576	0	7864520	13107400	0
771	0	32	1	2147483651	0	0	0	0
771	0	38	4	2550147072	0	7864520	13107400	0
771	0	1	1	67108868	0	0	0	0
771	4	33	1	2214592512	0	0	0	0
771	4	38	4	2550147072	0	7864520	13107400	0
771	4	1	1	67108868	0	0	0	0
771	8	33	1	2214592512	0	0	0	0
771	8	38	4	2550147072	0	7864520	13107400	0
771	8	1	1	67108868	0	0	0	0
771	12	33	1	2214592512	0	0	0	0
772	0	47	1	3154116611	0	0	0	0
772	0	17	1	1140851641	0	0	0	0
772	0	43	1	2885681159	0	0	0	0
772	0	32	1	2147483654	0	0	0	0
772	0	38	4	2550177792	130	200	17039560	0
772	0	1	1	67108884	0	0	0	0
772	20	33	1	2214592512	0	0	0	0
772	20	38	4	2550177792	130	200	17039560	0
772	20	1	1	67108884	0	0	0	0
772	40	33	1	2214592512	0	0	0	0
772	40	38	4	2550177792	130	200	17039560	0
772	40	1	1	67108884	0	0	0	0
772	60	33	1	2214592512	0	0	0	0
772	60	38	4	2550177792	130	200	17039560	0
772	60	1	1	67108884	0	0	0	0
772	80	33	1	2214592512	0	0	0	0
772	80	38	4	2550177792	130	200	17039560	0
772	80	1	1	67108884	0	0	0	0
772	100	33	1	2214592512	0	0	0	0
772	100	38	4	2550177792	130	200	17039560	0
772	100	1	1	67108884	0	0	0	0
772	120	33	1	2214592512	0	0	0	0
773	0	18	1	1207960506	0	0	0	0
773	0	43	1	2885681157	0	0	0	0
773	0	47	1	3154116611	0	0	0	0
773	0	38	4	2550228992	130	200	17039560	0
773	0	1	1	67108874	0	0	0	0
774	0	38	4	2550148096	0	4287102976	3932160	0
774	0	2	1	134217734	0	0	0	0
774	6	38	4	2559605760	0	4587520	0	0
774	6	3	5	201474096	19726286	0	1514553347	2097152
774	6	14	1	939524115	0	0	0	0
774	6	1	1	67108865	0	0	0	0
774	7	6	1	402653184	0	0	0	0
774	7	0	1	0	0	0	0	0
775	0	0	1	0	0	0	0	0
776	0	40	1	2690646017	0	0	0	0
776	0	43	1	2885681153	0	0	0	0
776	0	2	1	134217733	0	0	0	0
776	5	29	1	1946157058	0	0	0	0
776	5	3	5	201621824	19660920	0	1514471427	20974080
776	5	32	1	2147483650	0	0	0	0
776	5	14	1	939524139	0	0	0	0
776	5	1	1	67108878	0	0	0	0
776	19	33	1	2214592512	0	0	0	0
776	19	14	1	939524139	0	0	0	0
776	19	1	1	67108878	0	0	0	0
776	33	33	1	2214592512	0	0	0	0
776	33	2	1	134217768	0	0	0	0
776	40	38	4	2550168576	200	4276617216	0	0
776	40	38	4	2550150144	0	0	0	0
776	40	38	4	2616755200	0	0	0	0
776	40	14	1	939524114	0	0	0	0
776	40	20	1	1342177280	0	0	0	0
776	40	29	1	1946157057	0	0	0	0
776	40	6	1	402653184	0	0	0	0
776	40	23	1	1543503873	0	0	0	0
776	40	1	1	67108879	0	0	0	0
776	55	40	1	2690646016	0	0	0	0
776	55	43	1	2885681152	0	0	0	0
776	55	0	1	0	0	0	0	0
777	0	14	1	939524139	0	0	0	0
777	0	40	1	2690646017	0	0	0	0
777	0	43	1	2885681153	0	0	0	0
777	0	2	1	134217734	0	0	0	0
777	6	29	1	1946157058	0	0	0	0
777	6	2	1	134217755	0	0	0	0
777	27	14	1	939524114	0	0	0	0
777	27	14	1	939524137	0	0	0	0
777	27	38	4	2559605760	0	18350080	0	0
777	27	38	4	2550156288	0	4285136896	0	0
777	27	38	4	2616755200	0	0	0	0
777	27	23	1	1543503874	0	0	0	0
777	27	29	1	1946157057	0	0	0	0
777	27	1	1	67108865	0	0	0	0
777	28	3	5	201474368	13107216	0	230891523	4201984
777	28	3	5	209846592	10485760	0	230891523	4201984
777	28	1	1	67108869	0	0	0	0
777	33	6	1	402653184	0	0	0	0
777	33	40	1	2690646016	0	0	0	0
777	33	43	1	2885681152	0	0	0	0
777	33	0	1	0	0	0	0	0
778	0	49	1	3288580103	0	0	0	0
778	0	17	1	1140851643	0	0	0	0
778	0	49	1	3288334342	0	0	0	0
778	0	2	1	134217788	0	0	0	0
778	60	22	1	1476395009	0	0	0	0
778	60	0	1	0	0	0	0	0
779	0	2	1	134217731	0	0	0	0
779	3	14	1	939524139	0	0	0	0
779	3	2	1	134217732	0	0	0	0
779	4	19	1	1275068444	0	0	0	0
779	4	38	4	2559686656	0	5242880	0	0
779	4	3	5	201474199	19660800	100	306593795	2491648
779	4	3	5	209854615	13107200	0	306593795	2491648
779	4	1	1	67108867	0	0	0	0
779	7	6	1	402653184	0	0	0	0
779	7	2	1	134217742	0	0	0	0
779	14	22	1	1476395009	0	0	0	0
779	14	0	1	0	0	0	0	0
780	0	47	1	3154116612	0	0	0	0
780	0	52	1	3489677248	0	0	0	0
780	0	2	1	134217738	0	0	0	0
780	10	52	1	3489677184	0	0	0	0
780	10	38	4	2550156288	0	0	0	0
780	10	19	1	1275068457	0	0	0	0
780	10	2	1	134217740	0	0	0	0
780	12	3	5	201327063	18350080	14418470	1514553347	4590080
780	12	3	5	209715671	13107200	14418170	1514553347	4590080
780	12	32	1	2147483650	0	0	0	0
780	12	38	4	2550240256	220	52428800	0	0
780	12	19	1	1275068443	0	0	0	0
780	12	1	1	67108870	0	0	0	0
780	18	33	1	2214592512	0	0	0	0
780	18	38	4	2550240256	220	52428800	0	0
780	18	19	1	1275068443	0	0	0	0
780	18	1	1	67108870	0	0	0	0
780	24	33	1	2214592512	0	0	0	0
780	24	3	5	201326999	18350080	14418470	1514553347	2490368
780	24	3	5	209715607	13107200	14418170	1514553347	2490368
780	24	32	1	2147483650	0	0	0	0
780	24	38	4	2550240256	220	52428800	0	0
780	24	19	1	1275068444	0	0	0	0
780	24	1	1	67108870	0	0	0	0
780	30	33	1	2214592512	0	0	0	0
780	30	38	4	2550240256	220	52428800	0	0
780	30	19	1	1275068444	0	0	0	0
780	30	1	1	67108870	0	0	0	0
780	36	33	1	2214592512	0	0	0	0
780	36	6	1	402653184	0	0	0	0
780	36	0	1	0	0	0	0	0
781	0	2	1	134217734	0	0	0	0
781	6	19	1	1275068458	0	0	0	0
781	6	3	5	201482672	16384000	65456	1514553347	2097152
781	6	3	5	209879472	15073280	65426	1514553347	2097152
781	6	3	5	218276272	14417920	65426	1514553347	2097152
781	6	3	5	226673072	14417920	65426	1514553347	2097152
781	6	1	1	67108868	0	0	0	0
781	10	6	1	402653184	0	0	0	0
781	10	0	1	0	0	0	0	0
782	0	2	1	134217734	0	0	0	0
782	6	19	1	1275068458	0	0	0	0
782	6	3	5	201482640	16384000	65456	1514553347	2097152
782	6	3	5	209879440	15073280	65426	1514553347	2097152
782	6	3	5	218276240	14417920	65426	1514553347	2097152
782	6	3	5	226673040	14417920	65426	1514553347	2097152
782	6	1	1	67108868	0	0	0	0
782	10	6	1	402653184	0	0	0	0
782	10	0	1	0	0	0	0	0
783	0	2	1	134217734	0	0	0	0
783	6	19	1	1275068458	0	0	0	0
783	6	3	5	201482608	16384000	65456	1514553347	2097152
783	6	3	5	209879408	15073280	65426	1514553347	2097152
783	6	3	5	218276208	14417920	65426	1514553347	2097152
783	6	3	5	226673008	14417920	65426	1514553347	2097152
783	6	1	1	67108868	0	0	0	0
783	10	6	1	402653184	0	0	0	0
783	10	0	1	0	0	0	0	0
784	0	2	1	134217734	0	0	0	0
784	6	19	1	1275068458	0	0	0	0
784	6	3	5	201482576	19660800	65456	440639491	4204544
784	6	3	5	209879376	16384000	65426	440639491	4204544
784	6	3	5	218276176	10485760	65456	440639491	4204544
784	6	3	5	226672976	10485760	65456	440639491	4204544
784	6	1	1	67108866	0	0	0	0
784	8	3	5	201482448	19660800	65456	335790083	2106112
784	8	3	5	209879248	16384000	65426	335790083	2106112
784	8	3	5	218276048	10485760	65456	335790083	2106112
784	8	3	5	226672848	10485760	65456	335790083	2106112
784	8	1	1	67108870	0	0	0	0
784	14	6	1	402653184	0	0	0	0
784	14	0	1	0	0	0	0	0
785	0	47	1	3154116612	0	0	0	0
785	0	2	1	134217733	0	0	0	0
785	5	19	1	1275068458	0	0	0	0
785	5	38	4	2550153216	65456	4283170816	0	0
785	5	3	5	201482576	14417920	65456	314982403	2099072
785	5	3	5	209879376	13107200	65426	314982403	2099072
785	5	3	5	218276176	10485760	65426	335953923	2099072
785	5	3	5	226672976	10485760	65426	335953923	2099072
785	5	1	1	67108869	0	0	0	0
785	10	6	1	402653184	0	0	0	0
785	10	0	1	0	0	0	0	0
786	0	2	1	134217743	0	0	0	0
786	15	43	1	2885681158	0	0	0	0
786	15	20	1	1342177280	0	0	0	0
786	15	38	4	2555411456	5898240	0	0	0
786	15	38	4	2550156288	0	4281860096	0	0
786	15	19	1	1275068457	0	0	0	0
786	15	2	1	134217746	0	0	0	0
786	18	3	5	201327223	26214400	29491900	1514573827	4590080
786	18	3	5	209715831	15073280	19661180	1514573827	4590080
786	18	38	4	2550240256	450	45875200	0	0
786	18	14	1	939524096	0	0	0	0
786	18	1	1	67108872	0	0	0	0
786	26	6	1	402653184	0	0	0	0
786	26	0	1	0	0	0	0	0
787	0	2	1	134217743	0	0	0	0
787	15	43	1	2885681158	0	0	0	0
787	15	20	1	1342177280	0	0	0	0
787	15	38	4	2555411456	5898240	0	0	0
787	15	38	4	2550156288	0	4281860096	0	0
787	15	19	1	1275068457	0	0	0	0
787	15	2	1	134217746	0	0	0	0
787	18	3	5	201327191	26214400	19661500	1514573827	4590080
787	18	3	5	209715799	15073280	19661180	1514573827	4590080
787	18	38	4	2550240256	300	45875200	0	0
787	18	14	1	939524096	0	0	0	0
787	18	1	1	67108872	0	0	0	0
787	26	6	1	402653184	0	0	0	0
787	26	0	1	0	0	0	0	0
788	0	2	1	134217743	0	0	0	0
788	15	43	1	2885681158	0	0	0	0
788	15	20	1	1342177280	0	0	0	0
788	15	38	4	2555411456	5898240	0	0	0
788	15	38	4	2550156288	0	4281860096	0	0
788	15	19	1	1275068457	0	0	0	0
788	15	2	1	134217746	0	0	0	0
788	18	3	5	201327159	26214400	9831100	1514573827	4590080
788	18	3	5	209715767	15073280	19661180	1514573827	4590080
788	18	38	4	2550240256	150	45875200	0	0
788	18	14	1	939524096	0	0	0	0
788	18	1	1	67108872	0	0	0	0
788	26	6	1	402653184	0	0	0	0
788	26	0	1	0	0	0	0	0
789	0	2	1	134217735	0	0	0	0
789	7	43	1	2885681155	0	0	0	0
789	7	20	1	1342177280	0	0	0	0
789	7	38	4	2559605760	5242880	0	0	0
789	7	38	4	2550150144	65436	0	0	0
789	7	19	1	1275068457	0	0	0	0
789	7	21	1	1409286145	0	0	0	0
789	7	2	1	134217738	0	0	0	0
789	10	32	1	2147483652	0	0	0	0
789	10	3	5	201326631	27525120	26214400	482754723	2490368
789	10	3	5	209715239	27525120	53739520	3813031991	2490368
789	10	38	4	2550240256	820	0	0	0
789	10	19	1	1275068444	0	0	0	0
789	10	1	1	67108866	0	0	0	0
789	12	6	1	402653184	0	0	0	0
789	12	1	1	67108865	0	0	0	0
789	13	11	1	738197504	0	0	0	0
789	13	11	1	738197505	0	0	0	0
789	13	1	1	67108866	0	0	0	0
789	15	6	1	402653184	0	0	0	0
789	15	1	1	67108865	0	0	0	0
789	16	33	1	2214592512	0	0	0	0
789	16	3	5	201326631	27525120	26214400	482754723	2490368
789	16	3	5	209715239	27525120	53739520	3813031991	2490368
789	16	38	4	2550240256	820	0	0	0
789	16	19	1	1275068444	0	0	0	0
789	16	1	1	67108866	0	0	0	0
789	18	6	1	402653184	0	0	0	0
789	18	1	1	67108865	0	0	0	0
789	19	11	1	738197504	0	0	0	0
789	19	11	1	738197505	0	0	0	0
789	19	1	1	67108866	0	0	0	0
789	21	6	1	402653184	0	0	0	0
789	21	1	1	67108865	0	0	0	0
789	22	33	1	2214592512	0	0	0	0
789	22	3	5	201326631	27525120	26214400	482754723	2490368
789	22	3	5	209715239	27525120	53739520	3813031991	2490368
789	22	38	4	2550240256	820	0	0	0
789	22	19	1	1275068444	0	0	0	0
789	22	1	1	67108866	0	0	0	0
789	24	6	1	402653184	0	0	0	0
789	24	1	1	67108865	0	0	0	0
789	25	11	1	738197504	0	0	0	0
789	25	11	1	738197505	0	0	0	0
789	25	1	1	67108866	0	0	0	0
789	27	6	1	402653184	0	0	0	0
789	27	1	1	67108865	0	0	0	0
789	28	33	1	2214592512	0	0	0	0
789	28	3	5	201326631	27525120	26214400	482754723	2490368
789	28	3	5	209715239	27525120	53739520	3813031991	2490368
789	28	38	4	2550240256	820	0	0	0
789	28	19	1	1275068444	0	0	0	0
789	28	1	1	67108866	0	0	0	0
789	30	6	1	402653184	0	0	0	0
789	30	1	1	67108865	0	0	0	0
789	31	11	1	738197504	0	0	0	0
789	31	11	1	738197505	0	0	0	0
789	31	1	1	67108866	0	0	0	0
789	33	6	1	402653184	0	0	0	0
789	33	1	1	67108865	0	0	0	0
789	34	33	1	2214592512	0	0	0	0
789	34	3	5	201326999	23592960	26214400	357048323	4592640
789	34	3	5	209715607	27525120	53739520	357048323	4592640
789	34	38	4	2550240256	820	0	0	0
789	34	38	4	2550150144	65436	0	0	0
789	34	19	1	1275068442	0	0	0	0
789	34	1	1	67108872	0	0	0	0
789	42	6	1	402653184	0	0	0	0
789	42	21	1	1409286146	0	0	0	0
789	42	1	1	67108873	0	0	0	0
789	51	21	1	1409286144	0	0	0	0
789	51	1	1	67108874	0	0	0	0
789	61	43	1	2885681152	0	0	0	0
789	61	0	1	0	0	0	0	0
790	0	2	1	134217734	0	0	0	0
790	6	43	1	2885681159	0	0	0	0
790	6	40	1	2693791745	0	0	0	0
790	6	20	1	1342177280	0	0	0	0
790	6	2	1	134217740	0	0	0	0
790	12	38	4	2559605760	5242880	0	0	0
790	12	38	4	2550156288	0	4278583296	0	0
790	12	19	1	1275068457	0	0	0	0
790	12	2	1	134217742	0	0	0	0
790	14	43	1	2885681158	0	0	0	0
790	14	3	5	201327127	19660800	6554020	168181763	4590080
790	14	3	5	209854999	15073280	0	168181763	4590080
790	14	38	4	2550240256	100	27525120	0	0
790	14	14	1	939524098	0	0	0	0
790	14	1	1	67108872	0	0	0	0
790	22	6	1	402653184	0	0	0	0
790	22	2	1	134217772	0	0	0	0
790	44	40	1	2693791745	0	0	0	0
790	44	0	1	0	0	0	0	0
791	0	2	1	134217733	0	0	0	0
791	5	40	1	2690646017	0	0	0	0
791	5	43	1	2885681153	0	0	0	0
791	5	22	1	1476395009	0	0	0	0
791	5	44	1	2975334400	0	0	0	0
791	5	15	1	1006633190	0	0	0	0
791	5	22	1	1476395038	0	0	0	0
791	5	3	5	201326640	26607616	19726296	3875946619	2621440
791	5	3	5	209715248	26607616	6619096	419840123	2621440
791	5	32	1	2147483656	0	0	0	0
791	5	19	1	1275068488	0	0	0	0
791	5	19	1	1275068488	0	0	0	0
791	5	1	1	67108866	0	0	0	0
791	7	6	1	402653184	0	0	0	0
791	7	1	1	67108865	0	0	0	0
791	8	11	1	738197504	0	0	0	0
791	8	11	1	738197505	0	0	0	0
791	8	33	1	2214592512	0	0	0	0
791	8	19	1	1275068488	0	0	0	0
791	8	19	1	1275068488	0	0	0	0
791	8	1	1	67108866	0	0	0	0
791	10	6	1	402653184	0	0	0	0
791	10	1	1	67108865	0	0	0	0
791	11	11	1	738197504	0	0	0	0
791	11	11	1	738197505	0	0	0	0
791	11	33	1	2214592512	0	0	0	0
791	11	19	1	1275068488	0	0	0	0
791	11	19	1	1275068488	0	0	0	0
791	11	1	1	67108866	0	0	0	0
791	13	6	1	402653184	0	0	0	0
791	13	1	1	67108865	0	0	0	0
791	14	11	1	738197504	0	0	0	0
791	14	11	1	738197505	0	0	0	0
791	14	33	1	2214592512	0	0	0	0
791	14	19	1	1275068488	0	0	0	0
791	14	19	1	1275068488	0	0	0	0
791	14	1	1	67108866	0	0	0	0
791	16	6	1	402653184	0	0	0	0
791	16	1	1	67108865	0	0	0	0
791	17	11	1	738197504	0	0	0	0
791	17	11	1	738197505	0	0	0	0
791	17	33	1	2214592512	0	0	0	0
791	17	19	1	1275068488	0	0	0	0
791	17	19	1	1275068488	0	0	0	0
791	17	1	1	67108866	0	0	0	0
791	19	6	1	402653184	0	0	0	0
791	19	1	1	67108865	0	0	0	0
791	20	11	1	738197504	0	0	0	0
791	20	11	1	738197505	0	0	0	0
791	20	33	1	2214592512	0	0	0	0
791	20	19	1	1275068488	0	0	0	0
791	20	19	1	1275068488	0	0	0	0
791	20	1	1	67108866	0	0	0	0
791	22	6	1	402653184	0	0	0	0
791	22	1	1	67108865	0	0	0	0
791	23	11	1	738197504	0	0	0	0
791	23	11	1	738197505	0	0	0	0
791	23	33	1	2214592512	0	0	0	0
791	23	19	1	1275068488	0	0	0	0
791	23	19	1	1275068488	0	0	0	0
791	23	1	1	67108866	0	0	0	0
791	25	6	1	402653184	0	0	0	0
791	25	1	1	67108865	0	0	0	0
791	26	11	1	738197504	0	0	0	0
791	26	11	1	738197505	0	0	0	0
791	26	33	1	2214592512	0	0	0	0
791	26	19	1	1275068488	0	0	0	0
791	26	19	1	1275068488	0	0	0	0
791	26	1	1	67108866	0	0	0	0
791	28	6	1	402653184	0	0	0	0
791	28	1	1	67108865	0	0	0	0
791	29	11	1	738197504	0	0	0	0
791	29	11	1	738197505	0	0	0	0
791	29	33	1	2214592512	0	0	0	0
791	29	19	1	1275068488	0	0	0	0
791	29	19	1	1275068488	0	0	0	0
791	29	1	1	67108866	0	0	0	0
791	31	6	1	402653184	0	0	0	0
791	31	44	1	2975334408	0	0	0	0
791	31	3	5	201326866	36044800	14483416	1514471427	4721152
791	31	1	1	67108866	0	0	0	0
791	33	40	1	2690646016	0	0	0	0
791	33	43	1	2885681152	0	0	0	0
791	33	6	1	402653184	0	0	0	0
791	33	22	1	1476395008	0	0	0	0
791	33	0	1	0	0	0	0	0
792	0	2	1	134217732	0	0	0	0
792	4	43	1	2885681155	0	0	0	0
792	4	44	1	2975596544	0	0	0	0
792	4	2	1	134217733	0	0	0	0
792	5	19	1	1275068675	0	0	0	0
792	5	3	5	201409047	16384000	0	336027651	4849664
792	5	3	5	209781271	13107200	0	336027651	4849664
792	5	38	4	2555411456	7864320	0	0	0
792	5	1	1	67108866	0	0	0	0
792	7	44	1	2975596562	0	0	0	0
792	7	1	1	67108870	0	0	0	0
792	13	22	1	1476395009	0	0	0	0
792	13	6	1	402653184	0	0	0	0
792	13	2	1	134217754	0	0	0	0
792	26	43	1	2885681152	0	0	0	0
792	26	22	1	1476395008	0	0	0	0
792	26	0	1	0	0	0	0	0
793	0	2	1	134217736	0	0	0	0
793	8	22	1	1476395009	0	0	0	0
793	8	19	1	1275068458	0	0	0	0
793	8	19	1	1275068458	0	0	0	0
793	8	3	5	201482640	14417920	65456	1514553347	4194304
793	8	3	5	209879440	13107200	65426	1514553347	4194304
793	8	3	5	218276240	10485760	65456	1514553347	4194304
793	8	3	5	226673040	10485760	65456	1514553347	4194304
793	8	1	1	67108867	0	0	0	0
793	11	3	5	201482512	14417920	65456	1514553347	2097152
793	11	3	5	209879312	13107200	65426	1514553347	2097152
793	11	3	5	218276112	10485760	65456	1514553347	2097152
793	11	3	5	226672912	10485760	65456	1514553347	2097152
793	11	1	1	67108872	0	0	0	0
793	19	6	1	402653184	0	0	0	0
793	19	22	1	1476395008	0	0	0	0
793	19	0	1	0	0	0	0	0
794	0	2	1	134217734	0	0	0	0
794	6	22	1	1476395009	0	0	0	0
794	6	19	1	1275068457	0	0	0	0
794	6	3	5	201482672	16384000	65456	1514635267	4194304
794	6	3	5	209879472	15073280	65456	1514635267	4194304
794	6	3	5	218276272	10485760	65456	1514635267	4194304
794	6	3	5	226673072	10485760	65456	1514635267	4194304
794	6	1	1	67108872	0	0	0	0
794	14	6	1	402653184	0	0	0	0
794	14	2	1	134217744	0	0	0	0
794	16	22	1	1476395008	0	0	0	0
794	16	0	1	0	0	0	0	0
795	0	2	1	134217736	0	0	0	0
795	8	22	1	1476395009	0	0	0	0
795	8	19	1	1275068457	0	0	0	0
795	8	3	5	201605584	16384000	0	3917889539	4325376
795	8	3	5	209969616	14417920	0	3917889539	4325376
795	8	3	5	218153424	16384000	0	3917889539	4325376
795	8	1	1	67108872	0	0	0	0
795	16	6	1	402653184	0	0	0	0
795	16	2	1	134217744	0	0	0	0
795	16	22	1	1476395008	0	0	0	0
795	16	0	1	0	0	0	0	0
796	0	40	1	2690646017	0	0	0	0
796	0	43	1	2885681153	0	0	0	0
796	0	14	1	939524171	0	0	0	0
796	0	38	4	2550150144	0	0	0	0
796	0	44	1	2975334408	0	0	0	0
796	0	3	5	201326802	32768000	14483416	1514455043	4720512
796	0	1	1	67108866	0	0	0	0
796	2	40	1	2690646016	0	0	0	0
796	2	43	1	2885681152	0	0	0	0
796	2	6	1	402653184	0	0	0	0
796	2	0	1	0	0	0	0	0
797	0	44	1	2975596547	0	0	0	0
797	0	14	1	939524173	0	0	0	0
797	0	38	4	2550150144	0	0	0	0
797	0	0	1	0	0	0	0	0
798	0	52	1	3489677228	0	0	0	0
798	0	14	1	939524277	0	0	0	0
798	0	43	1	2885681155	0	0	0	0
798	0	2	1	134217743	0	0	0	0
798	15	14	1	939525057	0	0	0	0
798	15	2	1	134217778	0	0	0	0
798	50	23	1	1543503873	0	0	0	0
798	50	2	1	134217788	0	0	0	0
798	60	17	1	1140851643	0	0	0	0
798	60	2	1	134217798	0	0	0	0
798	70	52	1	3489742764	0	0	0	0
798	70	40	1	2690646017	0	0	0	0
798	70	43	1	2885681153	0	0	0	0
798	70	1	1	67108884	0	0	0	0
798	90	32	1	2147483650	0	0	0	0
798	90	40	1	2690646016	0	0	0	0
798	90	43	1	2885681152	0	0	0	0
798	90	1	1	67108866	0	0	0	0
798	92	40	1	2690646017	0	0	0	0
798	92	43	1	2885681153	0	0	0	0
798	92	1	1	67108868	0	0	0	0
798	96	33	1	2214592512	0	0	0	0
798	96	40	1	2690646016	0	0	0	0
798	96	43	1	2885681152	0	0	0	0
798	96	1	1	67108866	0	0	0	0
798	98	40	1	2690646017	0	0	0	0
798	98	43	1	2885681153	0	0	0	0
798	98	1	1	67108868	0	0	0	0
798	102	33	1	2214592512	0	0	0	0
798	102	32	1	2147483651	0	0	0	0
798	102	40	1	2690646016	0	0	0	0
798	102	43	1	2885681152	0	0	0	0
798	102	1	1	67108866	0	0	0	0
798	104	40	1	2690646017	0	0	0	0
798	104	43	1	2885681153	0	0	0	0
798	104	1	1	67108866	0	0	0	0
798	106	33	1	2214592512	0	0	0	0
798	106	40	1	2690646016	0	0	0	0
798	106	43	1	2885681152	0	0	0	0
798	106	1	1	67108866	0	0	0	0
798	108	40	1	2690646017	0	0	0	0
798	108	43	1	2885681153	0	0	0	0
798	108	1	1	67108866	0	0	0	0
798	110	33	1	2214592512	0	0	0	0
798	110	40	1	2690646016	0	0	0	0
798	110	43	1	2885681152	0	0	0	0
798	110	1	1	67108866	0	0	0	0
798	112	40	1	2690646017	0	0	0	0
798	112	43	1	2885681153	0	0	0	0
798	112	1	1	67108866	0	0	0	0
798	114	33	1	2214592512	0	0	0	0
798	114	40	1	2690646016	0	0	0	0
798	114	43	1	2885681152	0	0	0	0
798	114	0	1	0	0	0	0	0
799	0	52	1	3489677216	0	0	0	0
799	0	38	4	2550156288	0	4283170816	0	0
799	0	2	1	134217736	0	0	0	0
799	8	38	4	2559605760	0	0	0	0
799	8	0	1	0	0	0	0	0
800	0	38	4	2569042944	0	0	0	0
800	0	49	1	3288334343	0	0	0	0
801	0	2	1	134217736	0	0	0	0
801	8	17	1	1140851644	0	0	0	0
801	8	14	1	939525053	0	0	0	0
801	8	49	1	3288334343	0	0	0	0
801	8	44	1	2965110784	0	0	0	0
801	8	21	1	1409286145	0	0	0	0
801	8	38	4	2569042944	0	0	0	0
801	8	38	4	2550156288	0	4283170816	0	0
801	8	49	1	3288334345	0	0	0	0
801	8	0	1	0	0	0	0	0
802	0	52	1	3489677216	0	0	0	0
802	0	38	4	2550153216	0	4283170816	0	0
802	0	2	1	134217736	0	0	0	0
802	8	38	4	2559605760	0	0	0	0
802	8	0	1	0	0	0	0	0
803	0	38	4	2569042944	0	0	0	0
803	0	49	1	3288334343	0	0	0	0
804	0	2	1	134217736	0	0	0	0
804	8	17	1	1140851644	0	0	0	0
804	8	14	1	939525053	0	0	0	0
804	8	44	1	2965110784	0	0	0	0
804	8	21	1	1409286145	0	0	0	0
804	8	38	4	2569042944	0	0	0	0
804	8	38	4	2550156288	0	4283170816	0	0
804	8	49	1	3288334345	0	0	0	0
804	8	0	1	0	0	0	0	0
805	0	20	1	1342177280	0	0	0	0
805	0	2	1	134217739	0	0	0	0
805	11	40	1	2690646017	0	0	0	0
805	11	43	1	2885681153	0	0	0	0
805	11	2	1	134217743	0	0	0	0
805	15	44	1	2965110784	0	0	0	0
805	15	14	1	939524324	0	0	0	0
805	15	14	1	939525056	0	0	0	0
805	15	3	5	201621634	14417920	0	84295681	2624000
805	15	3	5	210010248	14417920	0	84295682	2624000
805	15	38	4	2550150144	65436	0	0	0
805	15	38	4	2569042944	0	0	0	0
805	15	32	1	2147483651	0	0	0	0
805	15	1	1	67108866	0	0	0	0
805	17	38	4	2569042944	0	0	0	0
805	17	33	1	2214592512	0	0	0	0
805	17	1	1	67108866	0	0	0	0
805	19	38	4	2569042944	0	0	0	0
805	19	33	1	2214592512	0	0	0	0
805	19	1	1	67108866	0	0	0	0
805	21	38	4	2569042944	0	0	0	0
805	21	33	1	2214592512	0	0	0	0
805	21	6	1	402653184	0	0	0	0
805	21	1	1	67108868	0	0	0	0
805	25	40	1	2690646016	0	0	0	0
805	25	43	1	2885681152	0	0	0	0
805	25	0	1	0	0	0	0	0
806	0	2	1	134217734	0	0	0	0
806	6	20	1	1342177280	0	0	0	0
806	6	14	1	939524138	0	0	0	0
806	6	0	1	0	0	0	0	0
807	0	44	1	2975596544	0	0	0	0
807	0	2	1	134217730	0	0	0	0
807	2	19	1	1275068444	0	0	0	0
807	2	38	4	2555492352	0	4281860096	0	0
807	2	3	5	201408567	19660800	65336	336035843	2491648
807	2	3	5	209788983	13107200	0	336035843	2491648
807	2	1	1	67108866	0	0	0	0
807	4	6	1	402653184	0	0	0	0
807	4	2	1	134217738	0	0	0	0
807	10	19	1	1275068444	0	0	0	0
807	10	38	4	2555492352	0	4281860096	0	0
807	10	11	1	738197504	0	0	0	0
807	10	11	1	738197505	0	0	0	0
807	10	1	1	67108866	0	0	0	0
807	12	6	1	402653184	0	0	0	0
807	12	22	1	1476395009	0	0	0	0
807	12	2	1	134217746	0	0	0	0
807	18	19	1	1275068444	0	0	0	0
807	18	38	4	2555492352	0	4281860096	0	0
807	18	11	1	738197504	0	0	0	0
807	18	11	1	738197505	0	0	0	0
807	18	1	1	67108866	0	0	0	0
807	20	6	1	402653184	0	0	0	0
807	20	2	1	134217754	0	0	0	0
807	26	19	1	1275068444	0	0	0	0
807	26	38	4	2555492352	0	4281860096	0	0
807	26	11	1	738197504	0	0	0	0
807	26	11	1	738197505	0	0	0	0
807	26	1	1	67108866	0	0	0	0
807	28	6	1	402653184	0	0	0	0
807	28	22	1	1476395009	0	0	0	0
807	28	2	1	134217762	0	0	0	0
807	34	19	1	1275068444	0	0	0	0
807	34	38	4	2555492352	0	4281860096	0	0
807	34	11	1	738197504	0	0	0	0
807	34	11	1	738197505	0	0	0	0
807	34	1	1	67108866	0	0	0	0
807	36	6	1	402653184	0	0	0	0
807	36	2	1	134217770	0	0	0	0
807	42	19	1	1275068444	0	0	0	0
807	42	38	4	2555492352	0	4281860096	0	0
807	42	11	1	738197504	0	0	0	0
807	42	11	1	738197505	0	0	0	0
807	42	1	1	67108866	0	0	0	0
807	44	6	1	402653184	0	0	0	0
807	44	22	1	1476395009	0	0	0	0
807	44	37	1	2483027968	0	0	0	0
807	44	22	1	1476395009	0	0	0	0
808	0	14	1	939524214	0	0	0	0
808	0	38	4	2550148096	0	4287102976	3932160	0
808	0	1	1	67108870	0	0	0	0
808	6	14	1	939525164	0	0	0	0
808	6	38	4	2550148096	0	4287102976	3932160	0
808	6	0	1	0	0	0	0	0
809	0	14	1	939525164	0	0	0	0
809	0	32	1	2147483650	0	0	0	0
809	0	38	4	2550148096	0	100	6553700	0
809	0	1	1	67108870	0	0	0	0
809	6	33	1	2214592512	0	0	0	0
809	6	38	4	2550148096	0	100	6553700	0
809	6	1	1	67108870	0	0	0	0
809	12	33	1	2214592512	0	0	0	0
809	12	2	1	134217744	0	0	0	0
809	16	22	1	1476395009	0	0	0	0
809	16	0	1	0	0	0	0	0
810	0	14	1	939525164	0	0	0	0
810	0	38	4	2550168576	120	0	0	0
810	0	2	1	134217732	0	0	0	0
810	4	38	4	2550153216	6553600	0	0	0
810	4	29	1	1946157059	0	0	0	0
810	4	2	1	134217748	0	0	0	0
810	20	29	1	1946157057	0	0	0	0
810	20	22	1	1476395009	0	0	0	0
810	20	0	1	0	0	0	0	0
811	0	14	1	939525164	0	0	0	0
811	0	38	4	2550168576	120	0	0	0
811	0	2	1	134217732	0	0	0	0
811	4	38	4	2550152192	4288413696	0	0	0
811	4	29	1	1946157059	0	0	0	0
811	4	2	1	134217748	0	0	0	0
811	20	29	1	1946157057	0	0	0	0
811	20	0	1	0	0	0	0	0
812	0	43	1	2885681153	0	0	0	0
812	0	43	1	2886729729	0	0	0	0
812	0	38	4	2616756224	0	0	0	0
812	0	29	1	1946157059	0	0	0	0
813	0	47	1	3154116611	0	0	0	0
813	0	43	1	2885681153	0	0	0	0
813	0	43	1	2886729729	0	0	0	0
813	0	32	1	2147483660	0	0	0	0
813	0	38	4	2550177792	130	200	17039560	0
813	0	1	1	67108874	0	0	0	0
813	10	33	1	2214592512	0	0	0	0
813	10	38	4	2550177792	130	200	17039560	0
813	10	1	1	67108874	0	0	0	0
813	20	33	1	2214592512	0	0	0	0
813	20	38	4	2550177792	130	200	17039560	0
813	20	1	1	67108874	0	0	0	0
813	30	33	1	2214592512	0	0	0	0
813	30	38	4	2550177792	130	200	17039560	0
813	30	1	1	67108874	0	0	0	0
813	40	33	1	2214592512	0	0	0	0
813	40	38	4	2550177792	130	200	17039560	0
813	40	1	1	67108874	0	0	0	0
813	50	33	1	2214592512	0	0	0	0
813	50	38	4	2550177792	130	200	17039560	0
813	50	1	1	67108874	0	0	0	0
813	60	33	1	2214592512	0	0	0	0
813	60	38	4	2550177792	130	200	17039560	0
813	60	1	1	67108874	0	0	0	0
813	70	33	1	2214592512	0	0	0	0
813	70	38	4	2550177792	130	200	17039560	0
813	70	1	1	67108874	0	0	0	0
813	80	33	1	2214592512	0	0	0	0
813	80	38	4	2550177792	130	200	17039560	0
813	80	1	1	67108874	0	0	0	0
813	90	33	1	2214592512	0	0	0	0
813	90	38	4	2550177792	130	200	17039560	0
813	90	1	1	67108874	0	0	0	0
813	100	33	1	2214592512	0	0	0	0
813	100	38	4	2550177792	130	200	17039560	0
813	100	1	1	67108874	0	0	0	0
813	110	33	1	2214592512	0	0	0	0
813	110	38	4	2550177792	130	200	17039560	0
813	110	1	1	67108874	0	0	0	0
813	120	33	1	2214592512	0	0	0	0
814	0	43	1	2885681155	0	0	0	0
814	0	47	1	3154116611	0	0	0	0
814	0	38	4	2550228992	150	240	19661040	0
814	0	1	1	67108893	0	0	0	0
815	0	47	1	3154116611	0	0	0	0
815	0	32	1	2147483655	0	0	0	0
815	0	38	4	2550228992	491	0	160	0
815	0	1	1	67108879	0	0	0	0
815	15	33	1	2214592512	0	0	0	0
815	15	38	4	2550228992	491	0	160	0
815	15	1	1	67108879	0	0	0	0
815	30	33	1	2214592512	0	0	0	0
815	30	38	4	2550228992	491	0	160	0
815	30	1	1	67108879	0	0	0	0
815	45	33	1	2214592512	0	0	0	0
815	45	38	4	2550228992	491	0	160	0
815	45	1	1	67108879	0	0	0	0
815	60	33	1	2214592512	0	0	0	0
815	60	38	4	2550228992	491	0	160	0
815	60	1	1	67108879	0	0	0	0
815	75	33	1	2214592512	0	0	0	0
815	75	38	4	2550228992	491	0	160	0
815	75	1	1	67108879	0	0	0	0
815	90	33	1	2214592512	0	0	0	0
815	90	38	4	2550228992	491	0	160	0
815	90	1	1	67108879	0	0	0	0
815	105	33	1	2214592512	0	0	0	0
815	105	0	1	0	0	0	0	0
816	0	14	1	939525164	0	0	0	0
816	0	20	1	1342177280	0	0	0	0
816	0	2	1	134217734	0	0	0	0
816	6	3	5	201441680	14417936	0	1514553347	20971520
816	6	38	4	2550156288	0	0	0	0
816	6	19	1	1275068457	0	0	0	0
816	6	1	1	67108868	0	0	0	0
816	10	8	1	537165824	0	0	0	0
816	10	1	1	67108880	0	0	0	0
816	26	6	1	402653184	0	0	0	0
816	26	0	1	0	0	0	0	0
817	0	2	1	134217732	0	0	0	0
817	4	3	5	201326995	17039360	13107200	1514430467	19534848
817	4	38	4	2550156288	0	0	0	0
817	4	19	1	1275068457	0	0	0	0
817	4	1	1	67108868	0	0	0	0
817	8	8	1	537133056	0	0	0	0
817	8	1	1	67108880	0	0	0	0
817	24	6	1	402653184	0	0	0	0
817	24	0	1	0	0	0	0	0
818	0	2	1	134217735	0	0	0	0
818	7	14	1	939524206	0	0	0	0
818	7	38	4	2550148096	0	3932160	0	0
818	7	2	1	134217751	0	0	0	0
818	23	14	1	939524206	0	0	0	0
818	23	38	4	2550148096	0	3932160	0	0
818	23	37	1	2483027968	0	0	0	0
819	0	17	1	1140852109	0	0	0	0
819	0	14	1	939524190	0	0	0	0
819	0	38	4	2550150144	0	0	0	0
819	0	0	1	0	0	0	0	0
820	0	14	1	939524799	0	0	0	0
820	0	32	1	2147483650	0	0	0	0
820	0	38	4	2550148096	0	100	6553700	0
820	0	1	1	67108870	0	0	0	0
820	6	33	1	2214592512	0	0	0	0
820	6	38	4	2550148096	0	100	6553700	0
820	6	1	1	67108870	0	0	0	0
820	12	33	1	2214592512	0	0	0	0
820	12	0	1	0	0	0	0	0
821	0	17	1	1140852115	0	0	0	0
821	0	0	1	0	0	0	0	0
822	0	49	1	3288334343	0	0	0	0
822	0	38	4	2550180864	0	0	0	0
822	0	17	1	1140852110	0	0	0	0
822	0	14	1	939524107	0	0	0	0
822	0	38	4	2550168576	0	0	0	0
822	0	29	1	1946157059	0	0	0	0
822	0	2	1	134217748	0	0	0	0
822	20	29	1	1946157057	0	0	0	0
822	20	50	1	3355443207	0	0	0	0
822	20	0	1	0	0	0	0	0
823	0	29	1	1946157059	0	0	0	0
823	0	2	1	134217744	0	0	0	0
823	16	38	4	2550150144	0	0	0	0
823	16	3	5	201515200	14417920	0	1514553707	19005440
823	16	1	1	67108867	0	0	0	0
823	19	6	1	402653184	0	0	0	0
823	19	1	1	67108870	0	0	0	0
823	25	3	5	201556160	14417920	0	1514553707	19005440
823	25	29	1	1946157057	0	0	0	0
823	25	1	1	67108867	0	0	0	0
823	28	6	1	402653184	0	0	0	0
823	28	0	1	0	0	0	0	0
824	0	29	1	1946157059	0	0	0	0
824	0	2	1	134217746	0	0	0	0
824	18	38	4	2550150144	0	0	0	0
824	18	3	5	201556160	14417920	0	1514553707	19005440
824	18	1	1	67108866	0	0	0	0
824	20	6	1	402653184	0	0	0	0
824	20	1	1	67108869	0	0	0	0
824	25	3	5	201556160	14417920	0	1514553707	19005440
824	25	29	1	1946157057	0	0	0	0
824	25	1	1	67108867	0	0	0	0
824	28	6	1	402653184	0	0	0	0
824	28	0	1	0	0	0	0	0
825	0	17	1	1140852110	0	0	0	0
825	0	14	1	939524113	0	0	0	0
825	0	38	4	2550168576	0	0	0	0
825	0	29	1	1946157059	0	0	0	0
825	0	2	1	134217752	0	0	0	0
825	24	29	1	1946157057	0	0	0	0
825	24	0	1	0	0	0	0	0
826	0	43	1	2886729729	0	0	0	0
826	0	43	1	2885681153	0	0	0	0
826	0	29	1	1946157059	0	0	0	0
826	0	14	1	939524115	0	0	0	0
826	0	0	1	0	0	0	0	0
827	0	43	1	2886729729	0	0	0	0
827	0	43	1	2885681153	0	0	0	0
827	0	29	1	1946157059	0	0	0	0
827	0	1	1	67108924	0	0	0	0
827	60	29	1	1946157057	0	0	0	0
827	60	0	1	0	0	0	0	0
828	0	29	1	1946157059	0	0	0	0
828	0	1	1	67108866	0	0	0	0
828	2	38	4	2550168576	0	0	0	0
828	2	20	1	1342177280	0	0	0	0
828	2	3	5	201531520	14483420	4290772992	1514553747	2228224
828	2	19	1	1275068458	0	0	0	0
828	2	38	4	2550156288	65456	4283170816	0	0
828	2	1	1	67108866	0	0	0	0
828	4	29	1	1946157057	0	0	0	0
828	4	1	1	67108870	0	0	0	0
828	10	6	1	402653184	0	0	0	0
828	10	0	1	0	0	0	0	0
829	0	38	4	2550168576	0	0	0	0
829	0	29	1	1946157059	0	0	0	0
829	0	2	1	134217738	0	0	0	0
829	10	20	1	1342177280	0	0	0	0
829	10	3	5	201556096	14417920	0	1514553747	2228224
829	10	3	5	209903744	16777216	0	1514553747	2228224
829	10	38	4	2550156288	0	4285136896	0	0
829	10	19	1	1275068458	0	0	0	0
829	10	1	1	67108866	0	0	0	0
829	12	29	1	1946157057	0	0	0	0
829	12	1	1	67108866	0	0	0	0
829	14	6	1	402653184	0	0	0	0
829	14	0	1	0	0	0	0	0
830	0	2	1	134217732	0	0	0	0
830	4	38	4	2550153216	0	0	0	0
830	4	14	1	939524107	0	0	0	0
830	4	17	1	1140852110	0	0	0	0
830	4	29	1	1946157059	0	0	0	0
830	4	2	1	134217748	0	0	0	0
830	20	29	1	1946157057	0	0	0	0
830	20	22	1	1476395009	0	0	0	0
830	20	0	1	0	0	0	0	0
831	0	2	1	134217732	0	0	0	0
831	4	38	4	2550152192	0	0	0	0
831	4	14	1	939524107	0	0	0	0
831	4	17	1	1140852110	0	0	0	0
831	4	29	1	1946157059	0	0	0	0
831	4	2	1	134217748	0	0	0	0
831	20	29	1	1946157057	0	0	0	0
831	20	0	1	0	0	0	0	0
832	0	43	1	2885681153	0	0	0	0
832	0	43	1	2886729729	0	0	0	0
832	0	38	4	2616756224	0	0	0	0
832	0	17	1	1140852116	0	0	0	0
832	0	43	1	2885681158	0	0	0	0
832	0	43	1	2886729734	0	0	0	0
832	0	29	1	1946157059	0	0	0	0
833	0	43	1	2885681153	0	0	0	0
833	0	43	1	2886729729	0	0	0	0
833	0	38	4	2550168576	0	7864520	13107400	0
833	0	32	1	2147483651	0	0	0	0
833	0	38	4	2550147072	0	7864520	13107400	0
833	0	1	1	67108868	0	0	0	0
833	4	33	1	2214592512	0	0	0	0
833	4	38	4	2550147072	0	7864520	13107400	0
833	4	1	1	67108868	0	0	0	0
833	8	33	1	2214592512	0	0	0	0
833	8	38	4	2550147072	0	7864520	13107400	0
833	8	1	1	67108868	0	0	0	0
833	12	33	1	2214592512	0	0	0	0
834	0	43	1	2885681153	0	0	0	0
834	0	43	1	2886729729	0	0	0	0
834	0	38	4	2616756224	0	0	0	0
834	0	38	4	2550150144	0	0	0	0
834	0	0	1	0	0	0	0	0
835	0	47	1	3154116611	0	0	0	0
835	0	43	1	2886729729	0	0	0	0
835	0	43	1	2885681153	0	0	0	0
835	0	0	1	0	0	0	0	0
836	0	47	1	3154116611	0	0	0	0
836	0	17	1	1140852111	0	0	0	0
836	0	43	1	2885681153	0	0	0	0
836	0	43	1	2886729729	0	0	0	0
836	0	32	1	2147483654	0	0	0	0
836	0	38	4	2550177792	130	200	17039560	0
836	0	1	1	67108884	0	0	0	0
836	20	33	1	2214592512	0	0	0	0
836	20	38	4	2550177792	130	200	17039560	0
836	20	1	1	67108884	0	0	0	0
836	40	33	1	2214592512	0	0	0	0
836	40	38	4	2550177792	130	200	17039560	0
836	40	1	1	67108884	0	0	0	0
836	60	33	1	2214592512	0	0	0	0
836	60	38	4	2550177792	130	200	17039560	0
836	60	1	1	67108884	0	0	0	0
836	80	33	1	2214592512	0	0	0	0
836	80	38	4	2550177792	130	200	17039560	0
836	80	1	1	67108884	0	0	0	0
836	100	33	1	2214592512	0	0	0	0
836	100	38	4	2550177792	130	200	17039560	0
836	100	1	1	67108884	0	0	0	0
836	120	33	1	2214592512	0	0	0	0
837	0	18	1	1207960976	0	0	0	0
837	0	43	1	2885681155	0	0	0	0
837	0	43	1	2886729731	0	0	0	0
837	0	47	1	3154116611	0	0	0	0
837	0	38	4	2550228992	130	200	17039560	0
837	0	1	1	67108874	0	0	0	0
838	0	47	1	3154116611	0	0	0	0
838	0	38	4	2550148096	0	4287102976	3932160	0
838	0	2	1	134217734	0	0	0	0
838	6	3	5	201326640	18612224	18874588	1514553347	2097152
838	6	14	1	939524115	0	0	0	0
838	6	1	1	67108865	0	0	0	0
838	7	6	1	402653184	0	0	0	0
838	7	0	1	0	0	0	0	0
839	0	20	1	1342177280	0	0	0	0
839	0	14	1	939524114	0	0	0	0
839	0	2	1	134217732	0	0	0	0
839	4	29	1	1946157058	0	0	0	0
839	4	2	1	134217743	0	0	0	0
839	15	14	1	939524147	0	0	0	0
839	15	38	4	2550168576	256	12582912	0	0
839	15	38	4	2550156288	0	4285136896	0	0
839	15	38	4	2616755200	0	0	0	0
839	15	2	1	134217751	0	0	0	0
839	23	23	1	1543503873	0	0	0	0
839	23	47	1	3154116609	0	0	0	0
839	23	29	1	1946157057	0	0	0	0
839	23	0	1	0	0	0	0	0
840	0	47	1	3154116609	0	0	0	0
840	0	20	1	1342177280	0	0	0	0
840	0	14	1	939524114	0	0	0	0
840	0	2	1	134217732	0	0	0	0
840	4	29	1	1946157058	0	0	0	0
840	4	2	1	134217735	0	0	0	0
840	7	38	4	2550156288	0	4278190080	0	0
840	7	2	1	134217744	0	0	0	0
840	16	38	4	2616755200	0	0	0	0
840	16	2	1	134217741	0	0	0	0
840	16	14	1	939524127	0	0	0	0
840	16	2	1	134217754	0	0	0	0
840	26	38	4	2563768320	19660800	0	0	0
840	26	6	1	402653184	0	0	0	0
840	26	23	1	1543503874	0	0	0	0
840	26	29	1	1946157057	0	0	0	0
840	26	0	1	0	0	0	0	0
841	0	47	1	3154116611	0	0	0	0
841	0	49	1	3288334342	0	0	0	0
841	0	17	1	1140852117	0	0	0	0
841	0	1	1	67108876	0	0	0	0
841	12	19	1	1275068676	0	0	0	0
841	12	1	1	67108898	0	0	0	0
841	46	43	1	2886729730	0	0	0	0
841	46	1	1	67108866	0	0	0	0
841	48	19	1	1275068675	0	0	0	0
841	48	43	1	2886729731	0	0	0	0
841	48	1	1	67108890	0	0	0	0
841	74	43	1	2886729730	0	0	0	0
841	74	1	1	67108866	0	0	0	0
841	76	43	1	2886729728	0	0	0	0
841	76	2	1	134217788	0	0	0	0
841	76	22	1	1476395009	0	0	0	0
841	76	0	1	0	0	0	0	0
842	0	47	1	3154116611	0	0	0	0
842	0	2	1	134217731	0	0	0	0
842	3	3	5	201392240	13107340	0	294010963	786432
842	3	3	5	209780848	13107200	0	294010963	786432
842	3	19	1	1275068459	0	0	0	0
842	3	1	1	67108866	0	0	0	0
842	5	6	1	402653184	0	0	0	0
842	5	2	1	134217738	0	0	0	0
842	10	22	1	1476395009	0	0	0	0
842	10	0	1	0	0	0	0	0
843	0	47	1	3154116611	0	0	0	0
843	0	2	1	134217730	0	0	0	0
843	2	3	5	201408752	14417940	30	1514471427	788992
843	2	3	5	209780976	14417920	0	1514471427	788992
843	2	19	1	1275068459	0	0	0	0
843	2	1	1	67108867	0	0	0	0
843	5	6	1	402653184	0	0	0	0
843	5	2	1	134217738	0	0	0	0
843	10	0	1	0	0	0	0	0
844	0	47	1	3154116612	0	0	0	0
844	0	2	1	134217733	0	0	0	0
844	5	3	5	201490736	15073280	0	335790083	4204544
844	5	3	5	209879344	16384140	0	335790083	4204544
844	5	38	4	2550156288	0	0	0	0
844	5	19	1	1275068457	0	0	0	0
844	5	1	1	67108868	0	0	0	0
844	9	3	5	201490672	15073280	0	1514430467	2099712
844	9	3	5	209879280	16384140	0	1514430467	2099712
844	9	1	1	67108875	0	0	0	0
844	20	6	1	402653184	0	0	0	0
844	20	47	1	3154116608	0	0	0	0
844	20	0	1	0	0	0	0	0
845	0	47	1	3154116609	0	0	0	0
845	0	2	1	134217734	0	0	0	0
845	6	3	5	201531792	16384000	0	440893443	2230784
845	6	3	5	209920400	16384240	0	440893443	2230784
845	6	19	1	1275068458	0	0	0	0
845	6	1	1	67108872	0	0	0	0
845	14	6	1	402653184	0	0	0	0
845	14	0	1	0	0	0	0	0
846	0	1	1	67108871	0	0	0	0
846	7	28	1	1885339651	0	0	0	0
846	7	3	5	201425264	19660800	2621480	314982403	2230784
846	7	19	1	1275068458	0	0	0	0
846	7	1	1	67108870	0	0	0	0
846	13	27	1	1811939329	0	0	0	0
846	13	6	1	402653184	0	0	0	0
846	13	0	1	0	0	0	0	0
847	0	47	1	3154116611	0	0	0	0
847	0	2	1	134217732	0	0	0	0
847	4	47	1	3154116612	0	0	0	0
847	4	2	1	134217735	0	0	0	0
847	7	3	5	201400784	14418080	4291297280	3917807618	4201984
847	7	3	5	209789392	14418080	4291297280	335953921	2099712
847	7	3	5	218169808	13107200	0	3917807618	4201984
847	7	3	5	226558416	13107200	0	335953921	2099712
847	7	19	1	1275068458	0	0	0	0
847	7	1	1	67108868	0	0	0	0
847	11	6	1	402653184	0	0	0	0
847	11	2	1	134217744	0	0	0	0
847	16	47	1	3154116611	0	0	0	0
847	16	0	1	0	0	0	0	0
848	0	2	1	134217741	0	0	0	0
848	13	38	4	2550168576	416	4283367424	0	0
848	13	2	1	134217743	0	0	0	0
848	15	3	5	201474608	10485760	0	294064131	4198144
848	15	3	5	209863216	16384000	8388608	294064131	4198144
848	15	38	4	2550156288	0	4283170816	0	0
848	15	19	1	1275068457	0	0	0	0
848	15	54	1	3624960910	0	0	0	0
848	15	20	1	1342177280	0	0	0	0
848	15	1	1	67108868	0	0	0	0
848	19	6	1	402653184	0	0	0	0
848	19	0	1	0	0	0	0	0
849	0	2	1	134217741	0	0	0	0
849	13	38	4	2550168576	416	4283367424	0	0
849	13	2	1	134217743	0	0	0	0
849	15	3	5	201474576	10485760	0	1514606595	4197504
849	15	3	5	209863184	16384000	11010048	1514606595	4197504
849	15	38	4	2550156288	0	4283170816	0	0
849	15	19	1	1275068457	0	0	0	0
849	15	54	1	3624961436	0	0	0	0
849	15	20	1	1342177280	0	0	0	0
849	15	1	1	67108868	0	0	0	0
849	19	6	1	402653184	0	0	0	0
849	19	0	1	0	0	0	0	0
850	0	2	1	134217741	0	0	0	0
850	13	38	4	2550168576	448	4283367424	0	0
850	13	2	1	134217743	0	0	0	0
850	15	3	5	201474544	13107200	2097152	147210243	4196864
850	15	3	5	209863152	13107200	12582912	147210243	4196864
850	15	3	5	218251760	13107200	23068672	147210243	4196864
850	15	38	4	2550156288	0	4283170816	0	0
850	15	19	1	1275068457	0	0	0	0
850	15	54	1	3624961435	0	0	0	0
850	15	20	1	1342177280	0	0	0	0
850	15	1	1	67108868	0	0	0	0
850	19	6	1	402653184	0	0	0	0
850	19	0	1	0	0	0	0	0
851	0	2	1	134217738	0	0	0	0
851	10	38	4	2550168576	544	0	0	0
851	10	2	1	134217741	0	0	0	0
851	13	28	1	1885339651	0	0	0	0
851	13	28	1	1885339651	0	0	0	0
851	13	28	1	1885339651	0	0	0	0
851	13	3	5	201458192	24903795	655360	377896963	4199424
851	13	3	5	209920528	24903680	0	377896963	4199424
851	13	38	4	2550150144	0	0	0	0
851	13	19	1	1275068457	0	0	0	0
851	13	20	1	1342177280	0	0	0	0
851	13	1	1	67108868	0	0	0	0
851	17	3	5	201458192	21626930	655360	377896963	4199424
851	17	3	5	209920528	21626880	0	377896963	4199424
851	17	1	1	67108872	0	0	0	0
851	25	27	1	1811939329	0	0	0	0
851	25	6	1	402653184	0	0	0	0
851	25	0	1	0	0	0	0	0
852	0	1	1	67108866	0	0	0	0
852	2	28	1	1892155395	0	0	0	0
852	2	28	1	1892679683	0	0	0	0
852	2	28	1	1889533955	0	0	0	0
852	2	28	1	1890058243	0	0	0	0
852	2	38	4	2550168576	100	4289658880	0	0
852	2	1	1	67108867	0	0	0	0
852	5	38	4	2550150144	0	0	0	0
852	5	38	4	2550150144	0	0	0	0
852	5	19	1	1275068457	0	0	0	0
852	5	14	1	939524291	0	0	0	0
852	5	20	1	1342177280	0	0	0	0
852	5	32	1	2147483653	0	0	0	0
852	5	3	5	201327056	15073280	4194368	587571203	4265743360
852	5	3	5	209715664	15073280	4194560	587571203	4265743360
852	5	3	5	218104272	15073280	4259727	587571203	4265743360
852	5	3	5	226492880	15073280	4259583	587571203	4265743360
852	5	1	1	67108866	0	0	0	0
852	7	6	1	402653184	0	0	0	0
852	7	1	1	67108866	0	0	0	0
852	9	33	1	2214592512	0	0	0	0
852	9	3	5	201327056	15073280	4194368	587571203	4265743360
852	9	3	5	209715664	15073280	4194560	587571203	4265743360
852	9	3	5	218104272	15073280	4259727	587571203	4265743360
852	9	3	5	226492880	15073280	4259583	587571203	4265743360
852	9	1	1	67108866	0	0	0	0
852	11	6	1	402653184	0	0	0	0
852	11	1	1	67108866	0	0	0	0
852	13	33	1	2214592512	0	0	0	0
852	13	3	5	201327056	15073280	4194368	587571203	4265743360
852	13	3	5	209715664	15073280	4194560	587571203	4265743360
852	13	3	5	218104272	15073280	4259727	587571203	4265743360
852	13	3	5	226492880	15073280	4259583	587571203	4265743360
852	13	1	1	67108866	0	0	0	0
852	15	6	1	402653184	0	0	0	0
852	15	1	1	67108866	0	0	0	0
852	17	33	1	2214592512	0	0	0	0
852	17	3	5	201327056	15073280	4194368	587571203	4265743360
852	17	3	5	209715664	15073280	4194560	587571203	4265743360
852	17	3	5	218104272	15073280	4259727	587571203	4265743360
852	17	3	5	226492880	15073280	4259583	587571203	4265743360
852	17	1	1	67108866	0	0	0	0
852	19	6	1	402653184	0	0	0	0
852	19	1	1	67108866	0	0	0	0
852	21	33	1	2214592512	0	0	0	0
852	21	3	5	201327056	15073280	4194368	587571203	4265743360
852	21	3	5	209715664	15073280	4194560	587571203	4265743360
852	21	3	5	218104272	15073280	4259727	587571203	4265743360
852	21	3	5	226492880	15073280	4259583	587571203	4265743360
852	21	1	1	67108866	0	0	0	0
852	23	6	1	402653184	0	0	0	0
852	23	1	1	67108866	0	0	0	0
852	25	33	1	2214592512	0	0	0	0
852	25	27	1	1811939329	0	0	0	0
852	25	6	1	402653184	0	0	0	0
852	25	14	1	939524224	0	0	0	0
852	25	0	1	0	0	0	0	0
853	0	2	1	134217731	0	0	0	0
853	3	22	1	1476395058	0	0	0	0
853	3	3	5	201392592	14418060	0	1514553347	4196864
853	3	3	5	209838544	14418060	0	1514553347	4196864
853	3	3	5	218259920	14417920	0	1514553347	4196864
853	3	19	1	1275068458	0	0	0	0
853	3	1	1	67108868	0	0	0	0
853	7	3	5	201392464	14418060	0	1514553347	2097152
853	7	3	5	209838416	14418060	0	1514553347	2097152
853	7	3	5	218259792	14417920	0	1514553347	2097152
853	7	1	1	67108888	0	0	0	0
853	31	22	1	1476395008	0	0	0	0
853	31	6	1	402653184	0	0	0	0
853	31	0	1	0	0	0	0	0
854	0	2	1	134217740	0	0	0	0
854	12	40	1	2690646017	0	0	0	0
854	12	40	1	2689597441	0	0	0	0
854	12	38	4	2550168576	384	4288610304	0	0
854	12	2	1	134217743	0	0	0	0
854	15	22	1	1476395028	0	0	0	0
854	15	3	5	201392720	15728780	0	1514553347	4197504
854	15	3	5	209781328	13107200	0	1514553347	4197504
854	15	19	1	1275068674	0	0	0	0
854	15	1	1	67108869	0	0	0	0
854	20	6	1	402653184	0	0	0	0
854	20	22	1	1476395008	0	0	0	0
854	20	1	1	67108882	0	0	0	0
854	38	40	1	2690646016	0	0	0	0
854	38	40	1	2689597440	0	0	0	0
854	38	0	1	0	0	0	0	0
855	0	2	1	134217734	0	0	0	0
855	6	22	1	1476395009	0	0	0	0
855	6	3	5	201531840	22347727	1310720	1514541059	4326656
855	6	3	5	209920448	19660900	0	1514541059	4326656
855	6	19	1	1275068457	0	0	0	0
855	6	1	1	67108867	0	0	0	0
855	9	3	5	201531728	19660822	0	1514541059	2229504
855	9	3	5	209920336	16384100	0	1514541059	2229504
855	9	1	1	67108876	0	0	0	0
855	21	22	1	1476395008	0	0	0	0
855	21	6	1	402653184	0	0	0	0
855	21	0	1	0	0	0	0	0
856	0	2	1	134217735	0	0	0	0
856	7	22	1	1476395079	0	0	0	0
856	7	3	5	202416624	18350080	4292804608	336035843	4326656
856	7	3	5	210969072	18350250	0	336035843	4326656
856	7	19	1	1275068457	0	0	0	0
856	7	1	1	67108871	0	0	0	0
856	14	22	1	1476395008	0	0	0	0
856	14	6	1	402653184	0	0	0	0
856	14	0	1	0	0	0	0	0
857	0	2	1	134217737	0	0	0	0
857	9	22	1	1476395079	0	0	0	0
857	9	3	5	201539696	21037023	40	377897083	2097152
857	9	3	5	209936496	21037016	20	377897083	2097152
857	9	19	1	1275068458	0	0	0	0
857	9	1	1	67108866	0	0	0	0
857	11	6	1	402653184	0	0	0	0
857	11	1	1	67108868	0	0	0	0
857	15	3	5	201564272	20971540	0	377897083	2097152
857	15	3	5	209961072	20971580	0	377897083	2097152
857	15	19	1	1275068458	0	0	0	0
857	15	1	1	67108866	0	0	0	0
857	17	6	1	402653184	0	0	0	0
857	17	1	1	67108868	0	0	0	0
857	21	3	5	201539696	21036991	40	377897083	2097152
857	21	3	5	209936496	21037016	20	377897083	2097152
857	21	19	1	1275068458	0	0	0	0
857	21	1	1	67108866	0	0	0	0
857	23	6	1	402653184	0	0	0	0
857	23	1	1	67108868	0	0	0	0
857	27	3	5	201564272	20971540	0	377897083	2097152
857	27	3	5	209961072	20971580	0	377897083	2097152
857	27	19	1	1275068458	0	0	0	0
857	27	1	1	67108866	0	0	0	0
857	29	6	1	402653184	0	0	0	0
857	29	22	1	1476395008	0	0	0	0
857	29	0	1	0	0	0	0	0
858	0	47	1	3154116611	0	0	0	0
858	0	2	1	134217734	0	0	0	0
858	6	3	5	201572400	18415576	0	1514553347	2097152
858	6	14	1	939524115	0	0	0	0
858	6	1	1	67108865	0	0	0	0
858	7	6	1	402653184	0	0	0	0
858	7	0	1	0	0	0	0	0
859	0	2	1	134217732	0	0	0	0
859	4	29	1	1946157058	0	0	0	0
859	4	2	1	134217738	0	0	0	0
859	10	38	4	2550168576	380	20971520	0	0
859	10	38	4	2550156288	0	4285136896	0	0
859	10	38	4	2616755200	0	0	0	0
859	10	23	1	1543503873	0	0	0	0
859	10	14	1	939524114	0	0	0	0
859	10	2	1	134217740	0	0	0	0
859	12	29	1	1946157057	0	0	0	0
859	12	0	1	0	0	0	0	0
860	0	2	1	134217732	0	0	0	0
860	4	29	1	1946157058	0	0	0	0
860	4	2	1	134217739	0	0	0	0
860	11	3	5	201490752	15073420	0	1514512387	21103872
860	11	3	5	209879360	15073280	0	1514512387	21103872
860	11	38	4	2550168576	320	4272685056	0	0
860	11	38	4	2550156288	0	4285136896	0	0
860	11	38	4	2616755200	0	0	0	0
860	11	2	1	134217741	0	0	0	0
860	13	29	1	1946157057	0	0	0	0
860	13	1	1	67108870	0	0	0	0
860	19	23	1	1543503874	0	0	0	0
860	19	14	1	939524114	0	0	0	0
860	19	6	1	402653184	0	0	0	0
860	19	0	1	0	0	0	0	0
861	0	14	1	939524181	0	0	0	0
861	0	32	1	2147483650	0	0	0	0
861	0	38	4	2550148096	0	100	6553700	0
861	0	1	1	67108870	0	0	0	0
861	6	33	1	2214592512	0	0	0	0
861	6	38	4	2550148096	0	100	6553700	0
861	6	1	1	67108870	0	0	0	0
861	12	33	1	2214592512	0	0	0	0
861	12	0	1	0	0	0	0	0
862	0	17	1	1140851950	0	0	0	0
862	0	0	1	0	0	0	0	0
863	0	2	1	134217732	0	0	0	0
863	4	38	4	2550153216	0	0	0	0
863	4	14	1	939524107	0	0	0	0
863	4	29	1	1946157059	0	0	0	0
863	4	2	1	134217748	0	0	0	0
863	20	29	1	1946157057	0	0	0	0
863	20	22	1	1476395009	0	0	0	0
863	20	0	1	0	0	0	0	0
864	0	2	1	134217732	0	0	0	0
864	4	38	4	2550152192	0	0	0	0
864	4	14	1	939524107	0	0	0	0
864	4	29	1	1946157059	0	0	0	0
864	4	2	1	134217748	0	0	0	0
864	20	29	1	1946157057	0	0	0	0
864	20	0	1	0	0	0	0	0
865	0	49	1	3288334343	0	0	0	0
865	0	38	4	2550180864	0	0	0	0
865	0	17	1	1140851949	0	0	0	0
865	0	14	1	939524107	0	0	0	0
865	0	38	4	2550168576	0	0	0	0
865	0	29	1	1946157059	0	0	0	0
865	0	2	1	134217748	0	0	0	0
865	20	29	1	1946157057	0	0	0	0
865	20	50	1	3355443207	0	0	0	0
865	20	0	1	0	0	0	0	0
866	0	17	1	1140851949	0	0	0	0
866	0	14	1	939524113	0	0	0	0
866	0	38	4	2550168576	0	0	0	0
866	0	29	1	1946157059	0	0	0	0
866	0	2	1	134217752	0	0	0	0
866	24	29	1	1946157057	0	0	0	0
866	24	0	1	0	0	0	0	0
867	0	38	4	2616756224	0	0	0	0
867	0	17	1	1140851951	0	0	0	0
867	0	43	1	2885681153	0	0	0	0
867	0	29	1	1946157059	0	0	0	0
868	0	47	1	3154116611	0	0	0	0
868	0	17	1	1140851954	0	0	0	0
868	0	43	1	2885681153	0	0	0	0
868	0	32	1	2147483654	0	0	0	0
868	0	38	4	2550177792	130	200	17039560	0
868	0	1	1	67108884	0	0	0	0
868	20	33	1	2214592512	0	0	0	0
868	20	38	4	2550177792	130	200	17039560	0
868	20	1	1	67108884	0	0	0	0
868	40	33	1	2214592512	0	0	0	0
868	40	38	4	2550177792	130	200	17039560	0
868	40	1	1	67108884	0	0	0	0
868	60	33	1	2214592512	0	0	0	0
868	60	38	4	2550177792	130	200	17039560	0
868	60	1	1	67108884	0	0	0	0
868	80	33	1	2214592512	0	0	0	0
868	80	38	4	2550177792	130	200	17039560	0
868	80	1	1	67108884	0	0	0	0
868	100	33	1	2214592512	0	0	0	0
868	100	38	4	2550177792	130	200	17039560	0
868	100	1	1	67108884	0	0	0	0
868	120	33	1	2214592512	0	0	0	0
869	0	18	1	1207960929	0	0	0	0
869	0	43	1	2885681153	0	0	0	0
869	0	47	1	3154116611	0	0	0	0
869	0	38	4	2550228992	130	200	17039560	0
869	0	1	1	67108884	0	0	0	0
870	0	38	4	2554887168	0	0	0	0
870	0	2	1	134217733	0	0	0	0
870	5	20	1	1342177280	0	0	0	0
870	5	19	1	1275068457	0	0	0	0
870	5	38	4	2550156288	0	4283170816	0	0
870	5	14	1	939524209	0	0	0	0
870	5	3	5	201392528	16384000	65516	1514553347	4327936
870	5	1	1	67108870	0	0	0	0
870	11	3	5	201392464	13107200	65516	1514553347	4327936
870	11	1	1	67108866	0	0	0	0
870	13	14	1	939524209	0	0	0	0
870	13	1	1	67108872	0	0	0	0
870	21	14	1	939524209	0	0	0	0
870	21	2	1	134217750	0	0	0	0
870	22	6	1	402653184	0	0	0	0
870	22	2	1	134217755	0	0	0	0
870	27	14	1	939524224	0	0	0	0
870	27	32	1	2147483651	0	0	0	0
870	27	38	4	2550148096	0	4288413696	0	0
870	27	1	1	67108868	0	0	0	0
870	31	33	1	2214592512	0	0	0	0
870	31	38	4	2550148096	0	4288413696	0	0
870	31	1	1	67108868	0	0	0	0
870	35	33	1	2214592512	0	0	0	0
870	35	38	4	2550148096	0	4288413696	0	0
870	35	1	1	67108868	0	0	0	0
870	39	33	1	2214592512	0	0	0	0
870	39	0	1	0	0	0	0	0
871	0	47	1	3154116611	0	0	0	0
871	0	2	1	134217734	0	0	0	0
871	6	3	5	201441616	11796480	0	335953923	2102272
871	6	3	5	209838416	19005500	0	335953923	2102272
871	6	19	1	1275068458	0	0	0	0
871	6	1	1	67108876	0	0	0	0
871	18	6	1	402653184	0	0	0	0
871	18	0	1	0	0	0	0	0
872	0	47	1	3154116611	0	0	0	0
872	0	2	1	134217732	0	0	0	0
872	4	47	1	3154116612	0	0	0	0
872	4	2	1	134217732	0	0	0	0
872	4	3	5	201531792	15073380	0	147128323	2099712
872	4	3	5	209920400	15138767	0	147128323	2099712
872	4	19	1	1275068458	0	0	0	0
872	4	1	1	67108868	0	0	0	0
872	8	6	1	402653184	0	0	0	0
872	8	2	1	134217744	0	0	0	0
872	16	47	1	3154116611	0	0	0	0
872	16	0	1	0	0	0	0	0
873	0	52	1	3540008858	0	0	0	0
873	0	2	1	134217737	0	0	0	0
873	9	47	1	3154116612	0	0	0	0
873	9	2	1	134217742	0	0	0	0
873	14	3	5	201327184	24248320	18350280	1514573827	4327936
873	14	38	4	2560654336	7864320	0	0	0
873	14	38	4	2550156288	0	4283170816	0	0
873	14	19	1	1275068457	0	0	0	0
873	14	20	1	1342177280	0	0	0	0
873	14	1	1	67108868	0	0	0	0
873	18	3	5	201327024	22937600	11796680	1514573827	2230784
873	18	1	1	67108869	0	0	0	0
873	23	6	1	402653184	0	0	0	0
873	23	2	1	134217756	0	0	0	0
873	28	38	4	2550148096	0	4283170816	0	0
873	28	2	1	134217766	0	0	0	0
873	38	47	1	3154116611	0	0	0	0
873	38	0	1	0	0	0	0	0
874	0	28	1	1885339651	0	0	0	0
874	0	2	1	134217734	0	0	0	0
874	6	3	5	201531888	13107200	0	294092803	4328064
874	6	3	5	209920496	18350150	0	294092803	4328064
874	6	38	4	2563275776	7208960	0	0	0
874	6	38	4	2550156288	0	4283170816	0	0
874	6	19	1	1275068457	0	0	0	0
874	6	20	1	1342177280	0	0	0	0
874	6	1	1	67108868	0	0	0	0
874	10	27	1	1811939329	0	0	0	0
874	10	3	5	201531664	13107200	0	1514553347	2229504
874	10	3	5	209920272	15073350	0	1514553347	2229504
874	10	1	1	67108876	0	0	0	0
874	22	6	1	402653184	0	0	0	0
874	22	1	1	67108870	0	0	0	0
874	28	52	1	3489677312	0	0	0	0
874	28	1	1	67108866	0	0	0	0
874	30	38	4	2550148096	0	0	0	0
874	30	0	1	0	0	0	0	0
875	0	2	1	134217732	0	0	0	0
875	4	22	1	1476395058	0	0	0	0
875	4	3	5	201368016	13762560	0	1514553347	4327936
875	4	3	5	209879504	13762630	0	1514553347	4327936
875	4	3	5	218309072	11796550	0	1514553347	4327936
875	4	19	1	1275068458	0	0	0	0
875	4	1	1	67108868	0	0	0	0
875	8	3	5	201367856	13762560	0	1514553347	2229504
875	8	3	5	209879344	13762630	0	1514553347	2229504
875	8	3	5	218308912	11796550	0	1514553347	2229504
875	8	1	1	67108888	0	0	0	0
875	32	22	1	1476395008	0	0	0	0
875	32	6	1	402653184	0	0	0	0
875	32	0	1	0	0	0	0	0
876	0	52	1	3489677312	0	0	0	0
876	0	2	1	134217732	0	0	0	0
876	4	52	1	3489677184	0	0	0	0
876	4	2	1	134217735	0	0	0	0
876	7	22	1	1476395009	0	0	0	0
876	7	3	5	201523376	17039360	0	1514553347	4325376
876	7	3	5	209920176	18350200	0	1514553347	4325376
876	7	19	1	1275068457	0	0	0	0
876	7	1	1	67108867	0	0	0	0
876	10	6	1	402653184	0	0	0	0
876	10	1	1	67108869	0	0	0	0
876	15	3	5	201482416	17039360	0	1514553347	4325376
876	15	3	5	209879216	18350200	0	1514553347	4325376
876	15	19	1	1275068457	0	0	0	0
876	15	1	1	67108867	0	0	0	0
876	18	6	1	402653184	0	0	0	0
876	18	1	1	67108871	0	0	0	0
876	25	3	5	201523376	17039360	0	1514553347	4325376
876	25	3	5	209920176	18350200	0	1514553347	4325376
876	25	19	1	1275068457	0	0	0	0
876	25	1	1	67108867	0	0	0	0
876	28	6	1	402653184	0	0	0	0
876	28	1	1	67108869	0	0	0	0
876	33	3	5	201482416	17039360	0	1514553347	4325376
876	33	3	5	209879216	18350200	0	1514553347	4325376
876	33	19	1	1275068457	0	0	0	0
876	33	1	1	67108867	0	0	0	0
876	36	6	1	402653184	0	0	0	0
876	36	1	1	67108870	0	0	0	0
876	42	3	5	201523376	17039360	0	1514553347	4325376
876	42	3	5	209920176	18350200	0	1514553347	4325376
876	42	19	1	1275068457	0	0	0	0
876	42	1	1	67108867	0	0	0	0
876	45	22	1	1476395008	0	0	0	0
876	45	6	1	402653184	0	0	0	0
876	45	0	1	0	0	0	0	0
877	0	2	1	134217732	0	0	0	0
877	4	22	1	1476395009	0	0	0	0
877	4	3	5	201368016	14417920	0	1514553347	4327296
877	4	3	5	209920464	16384120	0	1514553347	4327296
877	4	3	5	218267920	13107260	0	1514553347	2228224
877	4	19	1	1275068457	0	0	0	0
877	4	1	1	67108868	0	0	0	0
877	8	3	5	201367824	13107200	0	1514553347	2228224
877	8	3	5	209920272	15728760	0	1514553347	2228224
877	8	3	5	218267920	13107260	0	1514553347	2228224
877	8	1	1	67108879	0	0	0	0
877	23	22	1	1476395008	0	0	0	0
877	23	6	1	402653184	0	0	0	0
877	23	0	1	0	0	0	0	0
878	0	2	1	134217732	0	0	0	0
878	4	22	1	1476395028	0	0	0	0
878	4	3	5	201523696	13107200	0	273039363	4326656
878	4	3	5	209920496	17039480	0	273039363	4326656
878	4	19	1	1275068457	0	0	0	0
878	4	1	1	67108868	0	0	0	0
878	8	3	5	201523600	13107200	0	168181763	4326656
878	8	3	5	209920400	16384120	0	168181763	4326656
878	8	1	1	67108872	0	0	0	0
878	16	22	1	1476395008	0	0	0	0
878	16	6	1	402653184	0	0	0	0
878	16	0	1	0	0	0	0	0
879	0	2	1	134217732	0	0	0	0
879	4	22	1	1476395028	0	0	0	0
879	4	3	5	201490896	20381656	2949120	4001775619	4325376
879	4	3	5	209879504	23592990	1966080	4001775619	4325376
879	4	14	1	939524291	0	0	0	0
879	4	1	1	67108868	0	0	0	0
879	8	3	5	201490736	20381656	2949120	1514553347	2228224
879	8	3	5	209879344	23592990	1966080	1514553347	2228224
879	8	1	1	67108882	0	0	0	0
879	26	22	1	1476395008	0	0	0	0
879	26	6	1	402653184	0	0	0	0
879	26	0	1	0	0	0	0	0
880	0	43	1	2886729734	0	0	0	0
880	0	22	1	1476395008	0	0	0	0
880	0	2	1	134217731	0	0	0	0
880	3	22	1	1476395010	0	0	0	0
880	3	2	1	134217745	0	0	0	0
880	17	21	1	1409286145	0	0	0	0
880	17	38	4	2558557184	3932160	0	0	0
880	17	14	1	939524153	0	0	0	0
880	17	49	1	3288334342	0	0	0	0
880	17	43	1	2886729728	0	0	0	0
880	17	0	1	0	0	0	0	0
881	0	17	1	1140851956	0	0	0	0
881	0	2	1	134217732	0	0	0	0
881	4	2	1	134217739	0	0	0	0
881	11	38	4	2558557184	3932160	0	0	0
881	11	14	1	939524158	0	0	0	0
881	11	21	1	1409286145	0	0	0	0
881	11	0	1	0	0	0	0	0
882	0	43	1	2885681153	0	0	0	0
882	0	29	1	1946157059	0	0	0	0
882	0	14	1	939524115	0	0	0	0
882	0	0	1	0	0	0	0	0
883	0	43	1	2885681153	0	0	0	0
883	0	29	1	1946157059	0	0	0	0
883	0	1	1	67108924	0	0	0	0
883	60	29	1	1946157057	0	0	0	0
883	60	0	1	0	0	0	0	0
884	0	52	1	3489677056	0	0	0	0
884	0	0	1	0	0	0	0	0
885	0	52	1	3489677120	0	0	0	0
885	0	0	1	0	0	0	0	0
886	0	14	1	939524216	0	0	0	0
886	0	32	1	2147483650	0	0	0	0
886	0	38	4	2550148096	0	4287102976	3932160	0
886	0	1	1	67108868	0	0	0	0
886	4	33	1	2214592512	0	0	0	0
886	4	38	4	2550148096	0	4287102976	3932160	0
886	4	1	1	67108868	0	0	0	0
886	8	33	1	2214592512	0	0	0	0
886	8	1	1	67108868	0	0	0	0
886	12	19	1	1275068457	0	0	0	0
886	12	3	5	201425168	26214400	6553900	230809603	4333056
886	12	3	5	209813776	26214700	6553900	230809603	4333056
886	12	52	1	3523215361	0	0	0	0
886	12	52	1	3523215617	0	0	0	0
886	12	1	1	67108868	0	0	0	0
886	16	20	1	1342177280	0	0	0	0
886	16	38	4	2550169600	0	0	0	0
886	16	1	1	67108866	0	0	0	0
886	18	6	1	402653184	0	0	0	0
886	18	0	1	0	0	0	0	0
887	0	32	1	2147483651	0	0	0	0
887	0	14	1	939524203	0	0	0	0
887	0	1	1	67108872	0	0	0	0
887	8	38	4	2550148096	0	3932160	0	0
887	8	33	1	2214592512	0	0	0	0
887	8	14	1	939524203	0	0	0	0
887	8	1	1	67108872	0	0	0	0
887	16	38	4	2550148096	0	3932160	0	0
887	16	33	1	2214592512	0	0	0	0
887	16	14	1	939524203	0	0	0	0
887	16	1	1	67108872	0	0	0	0
887	24	38	4	2550148096	0	3932160	0	0
887	24	33	1	2214592512	0	0	0	0
887	24	19	1	1275068457	0	0	0	0
887	24	3	5	201425168	26214400	6553900	230809603	4333056
887	24	3	5	209813776	26214700	6553900	230809603	4333056
887	24	52	1	3523215361	0	0	0	0
887	24	52	1	3523215617	0	0	0	0
887	24	1	1	67108868	0	0	0	0
887	28	20	1	1342177280	0	0	0	0
887	28	38	4	2550169600	0	0	0	0
887	28	1	1	67108866	0	0	0	0
887	30	6	1	402653184	0	0	0	0
887	30	14	1	939524203	0	0	0	0
888	0	14	1	939524190	0	0	0	0
888	0	38	4	2550150144	0	0	0	0
888	0	0	1	0	0	0	0	0
889	0	14	1	939524189	0	0	0	0
889	0	32	1	2147483650	0	0	0	0
889	0	38	4	2550148096	0	100	6553700	0
889	0	1	1	67108870	0	0	0	0
889	6	33	1	2214592512	0	0	0	0
889	6	38	4	2550148096	0	100	6553700	0
889	6	1	1	67108870	0	0	0	0
889	12	33	1	2214592512	0	0	0	0
889	12	0	1	0	0	0	0	0
890	0	14	1	939524395	0	0	0	0
890	0	38	4	2550153216	0	4275306496	0	0
890	0	38	4	2550152192	0	19660800	0	0
890	0	38	4	2550169600	0	0	0	0
890	0	20	1	1342177280	0	0	0	0
890	0	3	5	201326912	22937600	0	377897370	4325376
890	0	3	5	209715520	22937600	65236	377897370	4325376
890	0	3	5	218104128	22937600	300	377897370	4325376
890	0	1	1	67108866	0	0	0	0
890	2	6	1	402653184	0	0	0	0
890	2	0	1	0	0	0	0	0
891	0	2	1	134217742	0	0	0	0
891	14	20	1	1342177280	0	0	0	0
891	14	38	4	2550169600	0	0	0	0
891	14	0	1	0	0	0	0	0
892	0	49	1	3288334343	0	0	0	0
892	0	38	4	2550180864	0	0	0	0
892	0	14	1	939524107	0	0	0	0
892	0	38	4	2550168576	0	0	0	0
892	0	29	1	1946157059	0	0	0	0
892	0	2	1	134217748	0	0	0	0
892	20	29	1	1946157057	0	0	0	0
892	20	50	1	3355443207	0	0	0	0
892	20	0	1	0	0	0	0	0
893	0	29	1	1946157059	0	0	0	0
893	0	2	1	134217738	0	0	0	0
893	10	19	1	1275068458	0	0	0	0
893	10	3	5	201425104	26214400	0	1514553367	2237184
893	10	3	5	209813712	26214760	6553900	1514553367	2237184
893	10	38	4	2550153216	0	4275306496	0	0
893	10	38	4	2550152192	0	19660800	0	0
893	10	1	1	67108879	0	0	0	0
893	25	29	1	1946157057	0	0	0	0
893	25	6	1	402653184	0	0	0	0
893	25	14	1	939524224	0	0	0	0
893	25	0	1	0	0	0	0	0
894	0	49	1	3288334345	0	0	0	0
894	0	38	4	2550180864	0	0	0	0
894	0	14	1	939524113	0	0	0	0
894	0	38	4	2550168576	0	0	0	0
894	0	29	1	1946157059	0	0	0	0
894	0	2	1	134217752	0	0	0	0
894	24	29	1	1946157057	0	0	0	0
894	24	0	1	0	0	0	0	0
895	0	38	4	2550168576	0	0	0	0
895	0	38	4	2550156288	65456	4283170816	0	0
895	0	29	1	1946157059	0	0	0	0
895	0	19	1	1275068457	0	0	0	0
895	0	2	1	134217734	0	0	0	0
895	6	20	1	1342177280	0	0	0	0
895	6	3	5	201326784	32768000	6553750	1514553747	4325376
895	6	3	5	209715392	32768000	6618936	1514553747	4325376
895	6	1	1	67108874	0	0	0	0
895	16	29	1	1946157057	0	0	0	0
895	16	6	1	402653184	0	0	0	0
895	16	1	1	67108882	0	0	0	0
895	34	14	1	939524173	0	0	0	0
895	34	0	1	0	0	0	0	0
896	0	29	1	1946157059	0	0	0	0
896	0	2	1	134217734	0	0	0	0
896	6	38	4	2550168576	0	0	0	0
896	6	38	4	2550156288	65456	4283170816	0	0
896	6	19	1	1275068457	0	0	0	0
896	6	3	5	201425088	26214400	6553600	1514553747	4325376
896	6	3	5	209813696	26214400	6553900	1514553747	4325376
896	6	1	1	67108872	0	0	0	0
896	14	29	1	1946157057	0	0	0	0
896	14	6	1	402653184	0	0	0	0
896	14	20	1	1342177280	0	0	0	0
896	14	38	4	2550152192	65436	0	0	0
896	14	38	4	2550169600	0	0	0	0
896	14	14	1	939524391	0	0	0	0
896	14	1	1	67108890	0	0	0	0
896	40	14	1	939524173	0	0	0	0
896	40	0	1	0	0	0	0	0
897	0	14	1	939524107	0	0	0	0
897	0	38	4	2550153216	6553600	0	0	0
897	0	29	1	1946157059	0	0	0	0
897	0	1	1	67108884	0	0	0	0
897	20	29	1	1946157057	0	0	0	0
897	20	0	1	0	0	0	0	0
898	0	14	1	939524107	0	0	0	0
898	0	38	4	2550153216	6553600	0	0	0
898	0	29	1	1946157059	0	0	0	0
898	0	1	1	67108889	0	0	0	0
898	25	29	1	1946157057	0	0	0	0
898	25	14	1	939524224	0	0	0	0
898	25	0	1	0	0	0	0	0
899	0	2	1	134217730	0	0	0	0
899	2	22	1	1476395009	0	0	0	0
899	2	2	1	134217735	0	0	0	0
899	7	17	1	1140851580	0	0	0	0
899	7	0	1	0	0	0	0	0
900	0	38	4	2616756224	0	0	0	0
900	0	17	1	1140851578	0	0	0	0
900	0	43	1	2885681153	0	0	0	0
900	0	29	1	1946157059	0	0	0	0
901	0	47	1	3154116611	0	0	0	0
901	0	20	1	1342177280	0	0	0	0
901	0	43	1	2885681157	0	0	0	0
901	0	32	1	2147483654	0	0	0	0
901	0	38	4	2550177792	130	200	17039560	0
901	0	1	1	67108884	0	0	0	0
901	20	33	1	2214592512	0	0	0	0
901	20	38	4	2550177792	130	200	17039560	0
901	20	1	1	67108884	0	0	0	0
901	40	33	1	2214592512	0	0	0	0
901	40	38	4	2550177792	130	200	17039560	0
901	40	1	1	67108884	0	0	0	0
901	60	33	1	2214592512	0	0	0	0
901	60	38	4	2550177792	130	200	17039560	0
901	60	1	1	67108884	0	0	0	0
901	80	33	1	2214592512	0	0	0	0
901	80	38	4	2550177792	130	200	17039560	0
901	80	1	1	67108884	0	0	0	0
901	100	33	1	2214592512	0	0	0	0
901	100	38	4	2550177792	130	200	17039560	0
901	100	1	1	67108884	0	0	0	0
901	120	33	1	2214592512	0	0	0	0
902	0	43	1	2885681155	0	0	0	0
902	0	47	1	3154116611	0	0	0	0
902	0	38	4	2550228992	130	200	17039560	0
902	0	1	1	67108874	0	0	0	0
903	0	47	1	3154116611	0	0	0	0
903	0	38	4	2550148096	0	4287102976	3932160	0
903	0	2	1	134217732	0	0	0	0
903	4	14	1	939524137	0	0	0	0
903	4	2	1	134217736	0	0	0	0
903	8	14	1	939524104	0	0	0	0
903	8	2	1	134217740	0	0	0	0
903	12	3	5	201449520	23592960	0	1514553347	2097152
903	12	3	5	209846320	19660800	0	1514553347	2097152
903	12	22	1	1476395012	0	0	0	0
903	12	23	1	1543503878	0	0	0	0
903	12	1	1	67108880	0	0	0	0
903	28	6	1	402653184	0	0	0	0
903	28	1	1	67108876	0	0	0	0
903	40	20	1	1342177280	0	0	0	0
903	40	0	1	0	0	0	0	0
904	0	2	1	134217735	0	0	0	0
904	7	14	1	939524115	0	0	0	0
904	7	2	1	134217746	0	0	0	0
904	18	17	1	1140851580	0	0	0	0
904	18	0	1	0	0	0	0	0
905	0	2	1	134217732	0	0	0	0
905	4	29	1	1946157058	0	0	0	0
905	4	19	1	1275068457	0	0	0	0
905	4	2	1	134217738	0	0	0	0
905	10	17	1	1140851581	0	0	0	0
905	10	14	1	939524114	0	0	0	0
905	10	38	4	2550168576	200	18350080	0	0
905	10	38	4	2550156288	0	4285136896	0	0
905	10	38	4	2616755200	0	0	0	0
905	10	23	1	1543503873	0	0	0	0
905	10	29	1	1946157057	0	0	0	0
905	10	1	1	67108884	0	0	0	0
905	30	20	1	1342177280	0	0	0	0
905	30	0	1	0	0	0	0	0
906	0	2	1	134217736	0	0	0	0
906	8	29	1	1946157058	0	0	0	0
906	8	38	4	2616755200	0	0	0	0
906	8	38	4	2550150144	0	17039360	0	0
906	8	14	1	939524399	0	0	0	0
906	8	32	1	2147483651	0	0	0	0
906	8	14	1	939524274	0	0	0	0
906	8	1	1	67108875	0	0	0	0
906	19	33	1	2214592512	0	0	0	0
906	19	14	1	939524274	0	0	0	0
906	19	1	1	67108875	0	0	0	0
906	30	33	1	2214592512	0	0	0	0
906	30	14	1	939524274	0	0	0	0
906	30	1	1	67108875	0	0	0	0
906	41	33	1	2214592512	0	0	0	0
906	41	19	1	1275068457	0	0	0	0
906	41	22	1	1476395009	0	0	0	0
906	41	38	4	2550168576	200	4276617216	0	0
906	41	38	4	2550156288	0	9830400	0	0
906	41	38	4	2616755200	0	0	0	0
906	41	14	1	939524114	0	0	0	0
906	41	17	1	1140851581	0	0	0	0
906	41	29	1	1946157057	0	0	0	0
906	41	23	1	1543503873	0	0	0	0
906	41	1	1	67108882	0	0	0	0
906	59	20	1	1342177280	0	0	0	0
906	59	0	1	0	0	0	0	0
907	0	49	1	3288334342	0	0	0	0
907	0	32	1	2147483665	0	0	0	0
907	0	38	4	2550228992	130	240	15728880	0
907	0	1	1	67108874	0	0	0	0
907	10	33	1	2214592512	0	0	0	0
907	10	38	4	2550228992	130	240	15728880	0
907	10	1	1	67108874	0	0	0	0
907	20	33	1	2214592512	0	0	0	0
907	20	38	4	2550228992	130	240	15728880	0
907	20	1	1	67108874	0	0	0	0
907	30	33	1	2214592512	0	0	0	0
907	30	38	4	2550228992	130	240	15728880	0
907	30	1	1	67108874	0	0	0	0
907	40	33	1	2214592512	0	0	0	0
907	40	38	4	2550228992	130	240	15728880	0
907	40	1	1	67108874	0	0	0	0
907	50	33	1	2214592512	0	0	0	0
907	50	38	4	2550228992	130	240	15728880	0
907	50	1	1	67108874	0	0	0	0
907	60	33	1	2214592512	0	0	0	0
907	60	38	4	2550228992	130	240	15728880	0
907	60	1	1	67108874	0	0	0	0
907	70	33	1	2214592512	0	0	0	0
907	70	38	4	2550228992	130	240	15728880	0
907	70	1	1	67108874	0	0	0	0
907	80	33	1	2214592512	0	0	0	0
907	80	38	4	2550228992	130	240	15728880	0
907	80	1	1	67108874	0	0	0	0
907	90	33	1	2214592512	0	0	0	0
907	90	38	4	2550228992	130	240	15728880	0
907	90	1	1	67108874	0	0	0	0
907	100	33	1	2214592512	0	0	0	0
907	100	38	4	2550228992	130	240	15728880	0
907	100	1	1	67108874	0	0	0	0
907	110	33	1	2214592512	0	0	0	0
907	110	38	4	2550228992	130	240	15728880	0
907	110	1	1	67108874	0	0	0	0
907	120	33	1	2214592512	0	0	0	0
907	120	38	4	2550228992	130	240	15728880	0
907	120	1	1	67108874	0	0	0	0
907	130	33	1	2214592512	0	0	0	0
907	130	38	4	2550228992	130	240	15728880	0
907	130	1	1	67108874	0	0	0	0
907	140	33	1	2214592512	0	0	0	0
907	140	38	4	2550228992	130	240	15728880	0
907	140	1	1	67108874	0	0	0	0
907	150	33	1	2214592512	0	0	0	0
907	150	38	4	2550228992	130	240	15728880	0
907	150	1	1	67108874	0	0	0	0
907	160	33	1	2214592512	0	0	0	0
907	160	38	4	2550228992	130	240	15728880	0
907	160	1	1	67108874	0	0	0	0
907	170	33	1	2214592512	0	0	0	0
907	170	0	1	0	0	0	0	0
908	0	1	1	67108868	0	0	0	0
908	4	19	1	1275068457	0	0	0	0
908	4	3	5	201425232	26214400	6553900	1514553347	4327936
908	4	3	5	209813840	26214700	6553900	1514553347	4327936
908	4	1	1	67108870	0	0	0	0
908	10	6	1	402653184	0	0	0	0
908	10	0	1	0	0	0	0	0
909	0	52	1	3540008840	0	0	0	0
909	0	52	1	3489677216	0	0	0	0
909	0	1	1	67108868	0	0	0	0
909	4	38	4	2550168576	280	19660800	0	0
909	4	1	1	67108866	0	0	0	0
909	6	38	4	2550156288	0	4285136896	0	0
909	6	19	1	1275068457	0	0	0	0
909	6	1	1	67108868	0	0	0	0
909	10	3	5	201425299	26214400	6553900	1514553347	4852224
909	10	3	5	209813907	26214700	6553900	1514553347	4852224
909	10	1	1	67108870	0	0	0	0
909	16	20	1	1342177280	0	0	0	0
909	16	38	4	2550169600	0	0	0	0
909	16	1	1	67108868	0	0	0	0
909	20	6	1	402653184	0	0	0	0
909	20	52	1	3489677184	0	0	0	0
909	20	0	1	0	0	0	0	0
910	0	1	1	67108870	0	0	0	0
910	6	19	1	1275068457	0	0	0	0
910	6	3	5	201425363	26214400	6553900	1514553347	2755072
910	6	3	5	209813971	26214700	6553900	1514553347	2755072
910	6	1	1	67108868	0	0	0	0
910	10	20	1	1342177280	0	0	0	0
910	10	1	1	67108866	0	0	0	0
910	12	6	1	402653184	0	0	0	0
910	12	0	1	0	0	0	0	0
911	0	1	1	67108870	0	0	0	0
911	6	19	1	1275068457	0	0	0	0
911	6	3	5	201425360	45875300	220	377896963	4329216
911	6	1	1	67108872	0	0	0	0
911	14	6	1	402653184	0	0	0	0
911	14	1	1	67108868	0	0	0	0
911	18	20	1	1342177280	0	0	0	0
911	18	0	1	0	0	0	0	0
912	0	1	1	67108870	0	0	0	0
912	6	38	4	2550156288	0	4275306496	0	0
912	6	1	1	67108866	0	0	0	0
912	8	19	1	1275068457	0	0	0	0
912	8	3	5	201425296	26214400	6553900	440606723	4333056
912	8	3	5	209813904	26214700	6553900	440606723	4333056
912	8	1	1	67108870	0	0	0	0
912	14	6	1	402653184	0	0	0	0
912	14	1	1	67108866	0	0	0	0
912	16	20	1	1342177280	0	0	0	0
912	16	0	1	0	0	0	0	0
913	0	1	1	67108868	0	0	0	0
913	4	29	1	1946157058	0	0	0	0
913	4	38	4	2550168576	280	19660800	0	0
913	4	1	1	67108866	0	0	0	0
913	6	38	4	2550156288	0	4285136896	0	0
913	6	19	1	1275068457	0	0	0	0
913	6	1	1	67108868	0	0	0	0
913	10	29	1	1946157057	0	0	0	0
913	10	3	5	201425491	26214400	6553900	1514553347	4853504
913	10	3	5	209814099	26214700	6553900	1514553347	4853504
913	10	1	1	67108870	0	0	0	0
913	16	20	1	1342177280	0	0	0	0
913	16	38	4	2550169600	0	0	0	0
913	16	1	1	67108868	0	0	0	0
913	20	52	1	3506438144	0	0	0	0
913	20	6	1	402653184	0	0	0	0
913	20	0	1	0	0	0	0	0
914	0	1	1	67108868	0	0	0	0
914	4	38	4	2550168576	280	19660800	0	0
914	4	1	1	67108866	0	0	0	0
914	6	38	4	2550156288	0	4265476096	0	0
914	6	1	1	67108868	0	0	0	0
914	10	19	1	1275068457	0	0	0	0
914	10	19	1	1275068457	0	0	0	0
914	10	3	5	201425424	26214400	6553900	336076803	4329216
914	10	3	5	209814032	26214700	6553900	336076803	4329216
914	10	1	1	67108872	0	0	0	0
914	18	6	1	402653184	0	0	0	0
914	18	1	1	67108876	0	0	0	0
914	30	38	4	2550150144	65436	0	0	0
914	30	14	1	939524395	0	0	0	0
914	30	1	1	67108867	0	0	0	0
914	33	20	1	1342177280	0	0	0	0
914	33	38	4	2550169600	0	0	0	0
914	33	3	5	201326912	22937600	0	377897370	4325376
914	33	3	5	209715520	22937600	65236	377897370	4325376
914	33	3	5	218104128	22937600	300	377897370	4325376
914	33	1	1	67108867	0	0	0	0
914	36	6	1	402653184	0	0	0	0
914	36	0	1	0	0	0	0	0
915	0	1	1	67108866	0	0	0	0
915	2	38	4	2550168576	280	19660800	0	0
915	2	1	1	67108868	0	0	0	0
915	6	38	4	2550153216	0	4275306496	0	0
915	6	38	4	2550152192	0	19660800	0	0
915	6	19	1	1275068457	0	0	0	0
915	6	14	1	939524291	0	0	0	0
915	6	1	1	67108868	0	0	0	0
915	10	20	1	1342177280	0	0	0	0
915	10	38	4	2550169600	0	0	0	0
915	10	32	1	2147483654	0	0	0	0
915	10	3	5	201425168	30146560	0	587612163	4329216
915	10	3	5	209813776	30146920	6553900	587612163	4329216
915	10	1	1	67108868	0	0	0	0
915	14	6	1	402653184	0	0	0	0
915	14	1	1	67108865	0	0	0	0
915	15	33	1	2214592512	0	0	0	0
915	15	3	5	201425168	30146560	0	587612163	4329216
915	15	3	5	209813776	30146920	6553900	587612163	4329216
915	15	1	1	67108868	0	0	0	0
915	19	6	1	402653184	0	0	0	0
915	19	1	1	67108865	0	0	0	0
915	20	33	1	2214592512	0	0	0	0
915	20	3	5	201425168	30146560	0	587612163	4329216
915	20	3	5	209813776	30146920	6553900	587612163	4329216
915	20	1	1	67108868	0	0	0	0
915	24	6	1	402653184	0	0	0	0
915	24	1	1	67108865	0	0	0	0
915	25	33	1	2214592512	0	0	0	0
915	25	3	5	201425168	30146560	0	587612163	4329216
915	25	3	5	209813776	30146920	6553900	587612163	4329216
915	25	1	1	67108868	0	0	0	0
915	29	6	1	402653184	0	0	0	0
915	29	1	1	67108865	0	0	0	0
915	30	33	1	2214592512	0	0	0	0
915	30	3	5	201425168	30146560	0	587612163	4329216
915	30	3	5	209813776	30146920	6553900	587612163	4329216
915	30	1	1	67108868	0	0	0	0
915	34	6	1	402653184	0	0	0	0
915	34	1	1	67108865	0	0	0	0
915	35	33	1	2214592512	0	0	0	0
915	35	3	5	201425168	30146560	0	587612163	4329216
915	35	3	5	209813776	30146920	6553900	587612163	4329216
915	35	1	1	67108868	0	0	0	0
915	39	6	1	402653184	0	0	0	0
915	39	1	1	67108865	0	0	0	0
915	40	33	1	2214592512	0	0	0	0
915	40	6	1	402653184	0	0	0	0
915	40	14	1	939524224	0	0	0	0
915	40	0	1	0	0	0	0	0
916	0	1	1	67108868	0	0	0	0
916	4	19	1	1275068457	0	0	0	0
916	4	22	1	1476395033	0	0	0	0
916	4	3	5	201392656	26214400	0	1514553347	4327936
916	4	3	5	209814032	26214400	0	1514553347	4327936
916	4	3	5	218202640	26214760	6553900	1514553347	4327936
916	4	1	1	67108872	0	0	0	0
916	12	3	5	201392464	26214400	0	1514553347	2229504
916	12	3	5	209813840	26214400	0	1514553347	2229504
916	12	3	5	218202448	26214760	6553900	1514553347	2229504
916	12	1	1	67108884	0	0	0	0
916	32	22	1	1476395008	0	0	0	0
916	32	6	1	402653184	0	0	0	0
916	32	0	1	0	0	0	0	0
917	0	1	1	67108872	0	0	0	0
917	8	19	1	1275068457	0	0	0	0
917	8	22	1	1476395033	0	0	0	0
917	8	3	5	201425363	26214400	300	1514553347	4850944
917	8	3	5	209813971	26214700	300	1514553347	4850944
917	8	1	1	67108872	0	0	0	0
917	16	20	1	1342177280	0	0	0	0
917	16	22	1	1476395008	0	0	0	0
917	16	6	1	402653184	0	0	0	0
917	16	0	1	0	0	0	0	0
918	0	1	1	67108870	0	0	0	0
918	6	19	1	1275068457	0	0	0	0
918	6	19	1	1275068457	0	0	0	0
918	6	22	1	1476395033	0	0	0	0
918	6	3	5	201425360	24903680	6553880	1514553347	4327936
918	6	3	5	209813968	24903980	6553880	1514553347	4327936
918	6	3	5	218202576	20971520	3276800	1514553347	4327936
918	6	3	5	226591184	20971820	3276800	1514553347	4327936
918	6	1	1	67108872	0	0	0	0
918	14	22	1	1476395008	0	0	0	0
918	14	6	1	402653184	0	0	0	0
918	14	1	1	67108884	0	0	0	0
918	34	20	1	1342177280	0	0	0	0
918	34	0	1	0	0	0	0	0
919	0	2	1	134217731	0	0	0	0
919	3	19	1	1275068457	0	0	0	0
919	3	19	1	1275068457	0	0	0	0
919	3	22	1	1476395033	0	0	0	0
919	3	3	5	201425296	26214400	6553900	335953923	4329216
919	3	3	5	209813904	26214700	6553900	335953923	4329216
919	3	1	1	67108876	0	0	0	0
919	15	22	1	1476395008	0	0	0	0
919	15	6	1	402653184	0	0	0	0
919	15	1	1	67108876	0	0	0	0
919	27	19	1	1275068457	0	0	0	0
919	27	3	5	201425235	26214400	6553900	252067843	4852224
919	27	3	5	209813843	26214700	6553900	252067843	4852224
919	27	1	1	67108870	0	0	0	0
919	33	22	1	1476395008	0	0	0	0
919	33	6	1	402653184	0	0	0	0
919	33	20	1	1342177280	0	0	0	0
919	33	0	1	0	0	0	0	0
920	0	53	1	3573547008	0	0	0	0
920	0	32	1	2147483654	0	0	0	0
920	0	53	1	3556769792	0	0	0	0
920	0	1	1	67108865	0	0	0	0
920	1	33	1	2214592512	0	0	0	0
920	1	53	1	3556769792	0	0	0	0
920	1	1	1	67108865	0	0	0	0
920	2	33	1	2214592512	0	0	0	0
920	2	53	1	3556769792	0	0	0	0
920	2	1	1	67108865	0	0	0	0
920	3	33	1	2214592512	0	0	0	0
920	3	53	1	3556769792	0	0	0	0
920	3	1	1	67108865	0	0	0	0
920	4	33	1	2214592512	0	0	0	0
920	4	53	1	3556769792	0	0	0	0
920	4	1	1	67108865	0	0	0	0
920	5	33	1	2214592512	0	0	0	0
920	5	53	1	3556769792	0	0	0	0
920	5	1	1	67108865	0	0	0	0
920	6	33	1	2214592512	0	0	0	0
920	6	2	1	134217740	0	0	0	0
920	12	19	1	1275068457	0	0	0	0
920	12	19	1	1275068457	0	0	0	0
920	12	22	1	1476395058	0	0	0	0
920	12	3	5	201425296	32768100	220	3917889539	4327296
920	12	53	1	3556819656	0	0	0	0
920	12	53	1	3573547009	0	0	0	0
920	12	1	1	67108886	0	0	0	0
920	34	22	1	1476395008	0	0	0	0
920	34	6	1	402653184	0	0	0	0
920	34	0	1	0	0	0	0	0
921	0	52	1	3489742592	0	0	0	0
921	0	14	1	939524395	0	0	0	0
921	0	38	4	2550153216	0	4275306496	0	0
921	0	38	4	2550152192	0	19660800	0	0
921	0	38	4	2550169600	0	0	0	0
921	0	20	1	1342177280	0	0	0	0
921	0	3	5	201326912	22937600	0	377897370	4325376
921	0	3	5	209715520	22937600	65236	377897370	4325376
921	0	3	5	218104128	22937600	300	377897370	4325376
921	0	1	1	67108868	0	0	0	0
921	4	6	1	402653184	0	0	0	0
921	4	0	1	0	0	0	0	0
922	0	54	1	3640655872	0	0	0	0
922	0	63	1	4294967040	0	0	0	0
922	0	2	1	134217768	0	0	0	0
922	40	14	1	939524991	0	0	0	0
922	40	1	1	67108866	0	0	0	0
922	42	54	1	3640655872	0	0	0	0
922	42	63	1	4294967072	0	0	0	0
922	42	1	1	67108866	0	0	0	0
922	44	54	1	3640655872	0	0	0	0
922	44	63	1	4294967104	0	0	0	0
922	44	1	1	67108866	0	0	0	0
922	46	54	1	3640655872	0	0	0	0
922	46	63	1	4294967136	0	0	0	0
922	46	1	1	67108866	0	0	0	0
922	48	54	1	3640655872	0	0	0	0
922	48	63	1	4294967168	0	0	0	0
922	48	1	1	67108866	0	0	0	0
922	50	54	1	3640655872	0	0	0	0
922	50	63	1	4294967200	0	0	0	0
922	50	1	1	67108866	0	0	0	0
922	52	23	1	1543503873	0	0	0	0
922	52	54	1	3640655872	0	0	0	0
922	52	63	1	4294967232	0	0	0	0
922	52	1	1	67108866	0	0	0	0
922	54	54	1	3640655872	0	0	0	0
922	54	63	1	4294967264	0	0	0	0
922	54	1	1	67108866	0	0	0	0
922	56	54	1	3640655872	0	0	0	0
922	56	63	1	4294967295	0	0	0	0
922	56	0	1	0	0	0	0	0
923	0	38	4	2550156288	0	4283170816	0	0
923	0	2	1	134217747	0	0	0	0
923	19	44	1	2954100736	0	0	0	0
923	19	2	1	134217748	0	0	0	0
923	20	21	1	1409286145	0	0	0	0
923	20	38	4	2558557184	3932160	0	0	0
923	20	17	1	1140851582	0	0	0	0
923	20	49	1	3288334342	0	0	0	0
923	20	2	1	134217773	0	0	0	0
923	45	20	1	1342177280	0	0	0	0
923	45	0	1	0	0	0	0	0
924	0	49	1	3288334345	0	0	0	0
924	0	2	1	134217732	0	0	0	0
924	4	29	1	1946157059	0	0	0	0
924	4	2	1	134217740	0	0	0	0
924	12	22	1	1476395010	0	0	0	0
924	12	1	1	67108865	0	0	0	0
924	13	38	4	2550150144	65436	0	0	0
924	13	14	1	939524288	0	0	0	0
924	13	22	1	1476395009	0	0	0	0
924	13	23	1	1543503874	0	0	0	0
924	13	29	1	1946157057	0	0	0	0
924	13	19	1	1275068457	0	0	0	0
924	13	3	5	201367824	45875200	0	273039383	4340736
924	13	52	1	3523215361	0	0	0	0
924	13	1	1	67108868	0	0	0	0
924	17	3	5	201367824	45875200	0	252067863	4335616
924	17	52	1	3523215361	0	0	0	0
924	17	1	1	67108880	0	0	0	0
924	33	6	1	402653184	0	0	0	0
924	33	1	1	67108870	0	0	0	0
924	39	19	1	1275068457	0	0	0	0
924	39	19	1	1275068457	0	0	0	0
924	39	3	5	201425363	32768000	6553900	1514512387	4854784
924	39	3	5	209813971	32768300	6553900	1514512387	4854784
924	39	52	1	3523215361	0	0	0	0
924	39	52	1	3523215617	0	0	0	0
924	39	1	1	67108872	0	0	0	0
924	47	20	1	1342177280	0	0	0	0
924	47	6	1	402653184	0	0	0	0
924	47	23	1	1543503872	0	0	0	0
924	47	0	1	0	0	0	0	0
925	0	17	1	1140852137	0	0	0	0
925	0	14	1	939524191	0	0	0	0
925	0	38	4	2550150144	0	0	0	0
925	0	0	1	0	0	0	0	0
926	0	14	1	939524180	0	0	0	0
926	0	32	1	2147483650	0	0	0	0
926	0	38	4	2550148096	0	100	6553700	0
926	0	1	1	67108870	0	0	0	0
926	6	33	1	2214592512	0	0	0	0
926	6	38	4	2550148096	0	100	6553700	0
926	6	1	1	67108870	0	0	0	0
926	12	33	1	2214592512	0	0	0	0
926	12	0	1	0	0	0	0	0
927	0	17	1	1140852136	0	0	0	0
927	0	0	1	0	0	0	0	0
928	0	0	1	0	0	0	0	0
929	0	43	1	2885681153	0	0	0	0
929	0	1	1	67108866	0	0	0	0
929	2	43	1	2885681154	0	0	0	0
929	2	1	1	67108867	0	0	0	0
929	5	43	1	2885681153	0	0	0	0
929	5	1	1	67108866	0	0	0	0
929	7	43	1	2885681152	0	0	0	0
929	7	1	1	67108865	0	0	0	0
929	8	35	1	2348810240	0	0	0	0
930	0	43	1	2885681158	0	0	0	0
930	0	43	1	2886729734	0	0	0	0
930	0	29	1	1946157059	0	0	0	0
930	0	2	1	134217752	0	0	0	0
930	24	29	1	1946157057	0	0	0	0
930	24	1	1	67108866	0	0	0	0
930	26	22	1	1476395009	0	0	0	0
930	26	0	1	0	0	0	0	0
931	0	49	1	3288334343	0	0	0	0
931	0	38	4	2550180864	0	0	0	0
931	0	17	1	1140852136	0	0	0	0
931	0	14	1	939524107	0	0	0	0
931	0	38	4	2550168576	0	0	0	0
931	0	29	1	1946157059	0	0	0	0
931	0	2	1	134217748	0	0	0	0
931	20	29	1	1946157057	0	0	0	0
931	20	50	1	3355443207	0	0	0	0
931	20	0	1	0	0	0	0	0
932	0	29	1	1946157059	0	0	0	0
932	0	2	1	134217747	0	0	0	0
932	19	51	1	3427008512	0	0	0	0
932	19	2	1	134217749	0	0	0	0
932	21	38	4	2550150144	0	0	0	0
932	21	19	1	1275068675	0	0	0	0
932	21	38	4	2559605760	0	22937600	0	0
932	21	3	5	201474243	13107200	240	1514553707	19529728
932	21	3	5	209862851	13172686	70	1514553707	19529728
932	21	3	5	218235075	11796480	0	1514553707	19529728
932	21	1	1	67108867	0	0	0	0
932	24	6	1	402653184	0	0	0	0
932	24	1	1	67108867	0	0	0	0
932	27	19	1	1275068675	0	0	0	0
932	27	38	4	2559605760	0	11468800	0	0
932	27	11	1	738197504	0	0	0	0
932	27	11	1	738197505	0	0	0	0
932	27	11	1	738197506	0	0	0	0
932	27	1	1	67108866	0	0	0	0
932	29	29	1	1946157057	0	0	0	0
932	29	1	1	67108865	0	0	0	0
932	30	6	1	402653184	0	0	0	0
932	30	1	1	67108868	0	0	0	0
932	34	51	1	3422814207	0	0	0	0
932	34	0	1	0	0	0	0	0
933	0	29	1	1946157059	0	0	0	0
933	0	2	1	134217746	0	0	0	0
933	18	51	1	3427008512	0	0	0	0
933	18	2	1	134217748	0	0	0	0
933	20	38	4	2550150144	0	0	0	0
933	20	19	1	1275068675	0	0	0	0
933	20	38	4	2559605760	0	22937600	0	0
933	20	3	5	201474243	13107200	240	1514553707	19529728
933	20	3	5	209862851	13172686	70	1514553707	19529728
933	20	3	5	218235075	11796480	0	1514553707	19529728
933	20	1	1	67108868	0	0	0	0
933	24	6	1	402653184	0	0	0	0
933	24	1	1	67108870	0	0	0	0
933	30	19	1	1275068675	0	0	0	0
933	30	38	4	2559605760	0	11468800	0	0
933	30	11	1	738197504	0	0	0	0
933	30	11	1	738197505	0	0	0	0
933	30	11	1	738197506	0	0	0	0
933	30	1	1	67108866	0	0	0	0
933	32	29	1	1946157057	0	0	0	0
933	32	1	1	67108866	0	0	0	0
933	34	6	1	402653184	0	0	0	0
933	34	1	1	67108868	0	0	0	0
933	38	51	1	3422814207	0	0	0	0
933	38	0	1	0	0	0	0	0
934	0	49	1	3288334345	0	0	0	0
934	0	38	4	2550180864	0	0	0	0
934	0	17	1	1140852136	0	0	0	0
934	0	14	1	939524113	0	0	0	0
934	0	38	4	2550168576	0	0	0	0
934	0	29	1	1946157059	0	0	0	0
934	0	2	1	134217752	0	0	0	0
934	24	29	1	1946157057	0	0	0	0
934	24	0	1	0	0	0	0	0
935	0	43	1	2886729734	0	0	0	0
935	0	29	1	1946157059	0	0	0	0
935	0	14	1	939524115	0	0	0	0
935	0	0	1	0	0	0	0	0
936	0	43	1	2886729734	0	0	0	0
936	0	29	1	1946157059	0	0	0	0
936	0	1	1	67108924	0	0	0	0
936	60	29	1	1946157057	0	0	0	0
936	60	0	1	0	0	0	0	0
937	0	29	1	1946157059	0	0	0	0
937	0	38	4	2550168576	0	0	0	0
937	0	2	1	134217729	0	0	0	0
937	1	51	1	3427008512	0	0	0	0
937	1	2	1	134217731	0	0	0	0
937	3	17	1	1140852132	0	0	0	0
937	3	19	1	1275068675	0	0	0	0
937	3	3	5	201474243	13107200	240	1514553747	4849664
937	3	3	5	209862851	13172686	70	1514553747	4849664
937	3	3	5	218235075	11796480	0	1514553747	4849664
937	3	19	1	1275068674	0	0	0	0
937	3	38	4	2550156288	65456	4283170816	0	0
937	3	1	1	67108866	0	0	0	0
937	5	38	4	2559605760	0	11468800	0	0
937	5	29	1	1946157057	0	0	0	0
937	5	1	1	67108869	0	0	0	0
937	10	6	1	402653184	0	0	0	0
937	10	1	1	67108866	0	0	0	0
937	12	51	1	3422814207	0	0	0	0
937	12	0	1	0	0	0	0	0
938	0	2	1	134217734	0	0	0	0
938	6	29	1	1946157059	0	0	0	0
938	6	38	4	2550168576	0	0	0	0
938	6	2	1	134217739	0	0	0	0
938	11	51	1	3427008512	0	0	0	0
938	11	2	1	134217740	0	0	0	0
938	12	17	1	1140852132	0	0	0	0
938	12	19	1	1275068675	0	0	0	0
938	12	3	5	201474243	13107200	240	1514553747	4849664
938	12	3	5	209862851	13172686	70	1514553747	4849664
938	12	3	5	218235075	11796480	0	1514553747	4849664
938	12	19	1	1275068674	0	0	0	0
938	12	38	4	2550156288	65456	4283170816	0	0
938	12	1	1	67108866	0	0	0	0
938	14	29	1	1946157057	0	0	0	0
938	14	38	4	2559605760	0	11468800	0	0
938	14	1	1	67108867	0	0	0	0
938	17	6	1	402653184	0	0	0	0
938	17	1	1	67108866	0	0	0	0
938	19	51	1	3422814207	0	0	0	0
938	19	0	1	0	0	0	0	0
939	0	14	1	939524107	0	0	0	0
939	0	38	4	2550168576	120	0	0	0
939	0	2	1	134217732	0	0	0	0
939	4	17	1	1140852136	0	0	0	0
939	4	38	4	2550153216	6553600	0	0	0
939	4	29	1	1946157059	0	0	0	0
939	4	2	1	134217748	0	0	0	0
939	20	29	1	1946157057	0	0	0	0
939	20	22	1	1476395009	0	0	0	0
939	20	0	1	0	0	0	0	0
940	0	14	1	939524107	0	0	0	0
940	0	38	4	2550168576	120	0	0	0
940	0	2	1	134217732	0	0	0	0
940	4	17	1	1140852136	0	0	0	0
940	4	38	4	2550152192	4288413696	0	0	0
940	4	29	1	1946157059	0	0	0	0
940	4	2	1	134217748	0	0	0	0
940	20	29	1	1946157057	0	0	0	0
940	20	0	1	0	0	0	0	0
941	0	38	4	2616756224	0	0	0	0
941	0	17	1	1140852140	0	0	0	0
941	0	43	1	2885681158	0	0	0	0
941	0	43	1	2886729734	0	0	0	0
941	0	29	1	1946157059	0	0	0	0
942	0	38	4	2550168576	0	7864520	13107400	0
942	0	32	1	2147483651	0	0	0	0
942	0	38	4	2550147072	0	7864520	13107400	0
942	0	1	1	67108868	0	0	0	0
942	4	33	1	2214592512	0	0	0	0
942	4	38	4	2550147072	0	7864520	13107400	0
942	4	1	1	67108868	0	0	0	0
942	8	33	1	2214592512	0	0	0	0
942	8	38	4	2550147072	0	7864520	13107400	0
942	8	1	1	67108868	0	0	0	0
942	12	33	1	2214592512	0	0	0	0
943	0	47	1	3154116611	0	0	0	0
943	0	17	1	1140852144	0	0	0	0
943	0	43	1	2885681158	0	0	0	0
943	0	43	1	2886729734	0	0	0	0
943	0	32	1	2147483654	0	0	0	0
943	0	38	4	2550177792	130	200	17039560	0
943	0	1	1	67108884	0	0	0	0
943	20	33	1	2214592512	0	0	0	0
943	20	38	4	2550177792	130	200	17039560	0
943	20	1	1	67108884	0	0	0	0
943	40	33	1	2214592512	0	0	0	0
943	40	38	4	2550177792	130	200	17039560	0
943	40	1	1	67108884	0	0	0	0
943	60	33	1	2214592512	0	0	0	0
943	60	38	4	2550177792	130	200	17039560	0
943	60	1	1	67108884	0	0	0	0
943	80	33	1	2214592512	0	0	0	0
943	80	38	4	2550177792	130	200	17039560	0
943	80	1	1	67108884	0	0	0	0
943	100	33	1	2214592512	0	0	0	0
943	100	38	4	2550177792	130	200	17039560	0
943	100	1	1	67108884	0	0	0	0
943	120	33	1	2214592512	0	0	0	0
944	0	18	1	1207961007	0	0	0	0
944	0	43	1	2885681154	0	0	0	0
944	0	47	1	3154116611	0	0	0	0
944	0	38	4	2550228992	130	200	17039560	0
944	0	1	1	67108874	0	0	0	0
945	0	47	1	3154116611	0	0	0	0
945	0	38	4	2550148096	0	4287102976	3932160	0
945	0	2	1	134217734	0	0	0	0
945	6	3	5	201400368	19660800	0	1514553347	2097152
945	6	3	5	209780784	14483386	65436	1514553347	2097152
945	6	14	1	939524115	0	0	0	0
945	6	1	1	67108865	0	0	0	0
945	7	6	1	402653184	0	0	0	0
945	7	0	1	0	0	0	0	0
946	0	20	1	1342177280	0	0	0	0
946	0	1	1	67108870	0	0	0	0
946	6	29	1	1946157058	0	0	0	0
946	6	2	1	134217740	0	0	0	0
946	12	38	4	2559081472	0	0	0	0
946	12	38	4	2550156288	0	4285136896	0	0
946	12	2	1	134217741	0	0	0	0
946	13	14	1	939524114	0	0	0	0
946	13	38	4	2616755200	0	0	0	0
946	13	23	1	1543503873	0	0	0	0
946	13	2	1	134217752	0	0	0	0
946	24	29	1	1946157057	0	0	0	0
946	24	0	1	0	0	0	0	0
947	0	20	1	1342177280	0	0	0	0
947	0	14	1	939524114	0	0	0	0
947	0	2	1	134217732	0	0	0	0
947	4	29	1	1946157058	0	0	0	0
947	4	2	1	134217743	0	0	0	0
947	15	14	1	939524106	0	0	0	0
947	15	38	4	2568518656	0	0	0	0
947	15	38	4	2550152192	0	9830400	0	0
947	15	38	4	2550159360	0	4285136896	0	0
947	15	38	4	2616756224	0	0	0	0
947	15	2	1	134217750	0	0	0	0
947	22	23	1	1543503874	0	0	0	0
947	22	47	1	3154116609	0	0	0	0
947	22	29	1	1946157057	0	0	0	0
947	22	0	1	0	0	0	0	0
948	0	47	1	3154116611	0	0	0	0
948	0	49	1	3288334342	0	0	0	0
948	0	2	1	134217731	0	0	0	0
948	3	17	1	1140852139	0	0	0	0
948	3	2	1	134217747	0	0	0	0
948	19	19	1	1275068675	0	0	0	0
948	19	2	1	134217788	0	0	0	0
948	60	22	1	1476395009	0	0	0	0
948	60	0	1	0	0	0	0	0
949	0	47	1	3154116611	0	0	0	0
949	0	2	1	134217730	0	0	0	0
949	2	51	1	3427008512	0	0	0	0
949	2	2	1	134217732	0	0	0	0
949	4	3	5	209862803	11796480	250	273121283	659200
949	4	3	5	201474259	10551246	70	273121283	2756352
949	4	3	5	218235091	10485760	0	273121283	2756352
949	4	19	1	1275068458	0	0	0	0
949	4	1	1	67108869	0	0	0	0
949	9	6	1	402653184	0	0	0	0
949	9	2	1	134217742	0	0	0	0
949	14	51	1	3422814207	0	0	0	0
949	14	0	1	0	0	0	0	0
950	0	38	4	2550153216	0	0	0	0
950	0	2	1	134217736	0	0	0	0
950	8	51	1	3427008512	0	0	0	0
950	8	2	1	134217737	0	0	0	0
950	9	19	1	1275068674	0	0	0	0
950	9	3	5	209862995	13107200	330	1514573827	4850944
950	9	3	5	201474547	11861966	50	1514573827	4850944
950	9	3	5	218227187	11796480	0	1514512387	4852224
950	9	1	1	67108865	0	0	0	0
950	10	38	4	2559605760	0	11468800	0	0
950	10	1	1	67108867	0	0	0	0
950	13	6	1	402653184	0	0	0	0
950	13	2	1	134217750	0	0	0	0
950	22	51	1	3422814207	0	0	0	0
950	22	0	1	0	0	0	0	0
951	0	47	1	3154116611	0	0	0	0
951	0	2	1	134217734	0	0	0	0
951	6	51	1	3427008512	0	0	0	0
951	6	2	1	134217735	0	0	0	0
951	7	3	5	201474387	11796480	250	1514553347	2755072
951	7	3	5	209863059	11796480	60	1514594307	4852224
951	7	3	5	218235283	10485760	0	1514594307	4852224
951	7	19	1	1275068675	0	0	0	0
951	7	1	1	67108866	0	0	0	0
951	9	38	4	2559605760	0	11468800	0	0
951	9	1	1	67108866	0	0	0	0
951	11	6	1	402653184	0	0	0	0
951	11	2	1	134217743	0	0	0	0
951	15	51	1	3422814207	0	0	0	0
951	15	0	1	0	0	0	0	0
952	0	47	1	3154116611	0	0	0	0
952	0	2	1	134217731	0	0	0	0
952	3	51	1	3427008512	0	0	0	0
952	3	2	1	134217733	0	0	0	0
952	5	3	5	209862931	11796480	250	231116803	2756352
952	5	3	5	218251603	10551246	50	440852483	4854784
952	5	19	1	1275068675	0	0	0	0
952	5	3	5	201458003	10485760	0	440852483	4854784
952	5	1	1	67108867	0	0	0	0
952	8	38	4	2559605760	0	11468800	0	0
952	8	3	5	209862931	11796480	250	273059843	2756352
952	8	3	5	218251603	10551246	50	331800579	4854784
952	8	3	5	201458003	10485760	0	331800579	4854784
952	8	1	1	67108869	0	0	0	0
952	13	6	1	402653184	0	0	0	0
952	13	2	1	134217750	0	0	0	0
952	22	51	1	3422814207	0	0	0	0
952	22	0	1	0	0	0	0	0
953	0	47	1	3154116611	0	0	0	0
953	0	2	1	134217732	0	0	0	0
953	4	47	1	3154116612	0	0	0	0
953	4	51	1	3427008512	0	0	0	0
953	4	2	1	134217734	0	0	0	0
953	6	3	5	201474323	11796480	250	356741123	2761472
953	6	3	5	209862995	11796480	60	356761603	4858624
953	6	3	5	218235219	10485760	0	356761603	4858624
953	6	19	1	1275068675	0	0	0	0
953	6	1	1	67108868	0	0	0	0
953	10	6	1	402653184	0	0	0	0
953	10	2	1	134217744	0	0	0	0
953	16	51	1	3422814207	0	0	0	0
953	16	2	1	134217748	0	0	0	0
953	20	47	1	3154116611	0	0	0	0
953	20	0	1	0	0	0	0	0
954	0	2	1	134217734	0	0	0	0
954	6	51	1	3427008512	0	0	0	0
954	6	2	1	134217736	0	0	0	0
954	8	38	4	2550156288	0	4285136896	0	0
954	8	43	1	2886729734	0	0	0	0
954	8	20	1	1342177280	0	0	0	0
954	8	2	1	134217742	0	0	0	0
954	14	47	1	3154116612	0	0	0	0
954	14	38	4	2559605760	0	11468800	0	0
954	14	3	5	209863187	14417920	250	1514553347	4852864
954	14	3	5	218251857	13172686	50	1514553347	4854784
954	14	54	1	3624042521	0	0	0	0
954	14	3	5	201450065	13107200	0	1514553347	4854784
954	14	54	1	3623911449	0	0	0	0
954	14	19	1	1275068674	0	0	0	0
954	14	19	1	1275068426	0	0	0	0
954	14	1	1	67108868	0	0	0	0
954	18	6	1	402653184	0	0	0	0
954	18	51	1	3422814207	0	0	0	0
954	18	14	1	939524395	0	0	0	0
954	18	1	1	67108868	0	0	0	0
954	22	43	1	2886729728	0	0	0	0
954	22	1	1	67108884	0	0	0	0
954	42	47	1	3154116608	0	0	0	0
954	42	0	1	0	0	0	0	0
955	0	2	1	134217736	0	0	0	0
955	8	52	1	3489742609	0	0	0	0
955	8	51	1	3427008512	0	0	0	0
955	8	2	1	134217743	0	0	0	0
955	15	52	1	3489742720	0	0	0	0
955	15	19	1	1275068674	0	0	0	0
955	15	20	1	1342177280	0	0	0	0
955	15	43	1	2886729734	0	0	0	0
955	15	32	1	2147483654	0	0	0	0
955	15	3	5	201474081	14417920	70	482754723	2490368
955	15	3	5	209862689	14417920	250	3813031991	2490368
955	15	3	5	218251297	20971520	65316	482754723	2490368
955	15	19	1	1275068444	0	0	0	0
955	15	1	1	67108866	0	0	0	0
955	17	6	1	402653184	0	0	0	0
955	17	33	1	2214592512	0	0	0	0
955	17	3	5	201474081	14417920	70	482754723	2490368
955	17	3	5	209862689	14417920	250	3813031991	2490368
955	17	3	5	218251297	20971520	65316	482754723	2490368
955	17	19	1	1275068444	0	0	0	0
955	17	1	1	67108866	0	0	0	0
955	19	6	1	402653184	0	0	0	0
955	19	33	1	2214592512	0	0	0	0
955	19	3	5	201474081	14417920	70	482754723	2490368
955	19	3	5	209862689	14417920	250	3813031991	2490368
955	19	3	5	218251297	20971520	65316	482754723	2490368
955	19	19	1	1275068444	0	0	0	0
955	19	1	1	67108866	0	0	0	0
955	21	6	1	402653184	0	0	0	0
955	21	33	1	2214592512	0	0	0	0
955	21	3	5	201474081	14417920	70	482754723	2490368
955	21	3	5	209862689	14417920	250	3813031991	2490368
955	21	3	5	218251297	20971520	65316	482754723	2490368
955	21	19	1	1275068444	0	0	0	0
955	21	1	1	67108866	0	0	0	0
955	23	6	1	402653184	0	0	0	0
955	23	33	1	2214592512	0	0	0	0
955	23	3	5	201474081	14417920	70	482754723	2490368
955	23	3	5	209862689	14417920	250	3813031991	2490368
955	23	3	5	218251297	20971520	65316	482754723	2490368
955	23	19	1	1275068444	0	0	0	0
955	23	1	1	67108866	0	0	0	0
955	25	6	1	402653184	0	0	0	0
955	25	33	1	2214592512	0	0	0	0
955	25	3	5	201474081	14417920	70	482754723	2490368
955	25	3	5	209862689	14417920	250	3813031991	2490368
955	25	3	5	218251297	20971520	65316	482754723	2490368
955	25	19	1	1275068444	0	0	0	0
955	25	1	1	67108866	0	0	0	0
955	27	6	1	402653184	0	0	0	0
955	27	33	1	2214592512	0	0	0	0
955	27	38	4	2550150144	0	0	0	0
955	27	38	4	2559605760	0	11468800	0	0
955	27	3	5	209863089	20971520	250	357027843	4854784
955	27	3	5	201474481	20971520	70	357027843	4854784
955	27	3	5	218251697	20971520	65316	357027843	4854784
955	27	54	1	3624960025	0	0	0	0
955	27	1	1	67108865	0	0	0	0
955	28	1	1	67108869	0	0	0	0
955	33	6	1	402653184	0	0	0	0
955	33	2	1	134217748	0	0	0	0
955	33	51	1	3422814207	0	0	0	0
955	33	1	1	67108869	0	0	0	0
955	38	43	1	2886729728	0	0	0	0
955	38	0	1	0	0	0	0	0
956	0	47	1	3154116611	0	0	0	0
956	0	2	1	134217732	0	0	0	0
956	4	51	1	3427008512	0	0	0	0
956	4	47	1	3154116612	0	0	0	0
956	4	2	1	134217734	0	0	0	0
956	6	38	4	2550153216	0	4288413696	0	0
956	6	38	4	2559605760	0	11468800	0	0
956	6	43	1	2886729734	0	0	0	0
956	6	17	1	1140852133	0	0	0	0
956	6	3	5	201474323	13107200	250	650526883	4854144
956	6	3	5	209862931	10485760	70	650526883	4853504
956	6	3	5	218235155	10485760	0	650526883	4852864
956	6	3	5	226541843	10485760	0	650526883	4852224
956	6	19	1	1275068674	0	0	0	0
956	6	1	1	67108866	0	0	0	0
956	8	6	1	402653184	0	0	0	0
956	8	1	1	67108866	0	0	0	0
956	10	43	1	2886729728	0	0	0	0
956	10	2	1	134217747	0	0	0	0
956	19	43	1	2886729734	0	0	0	0
956	19	20	1	1342177280	0	0	0	0
956	19	38	4	2550152192	0	22937600	0	0
956	19	19	1	1275068674	0	0	0	0
956	19	1	1	67108866	0	0	0	0
956	21	38	4	2559605760	0	11468800	0	0
956	21	3	5	201474545	16384000	250	419880963	4854784
956	21	54	1	3623911449	0	0	0	0
956	21	3	5	209863153	16384000	70	419880963	4854784
956	21	54	1	3623976985	0	0	0	0
956	21	3	5	218235377	16384000	0	419880963	4854784
956	21	54	1	3624042521	0	0	0	0
956	21	3	5	226542065	16384000	0	419880963	4854784
956	21	54	1	3624108057	0	0	0	0
956	21	1	1	67108869	0	0	0	0
956	26	6	1	402653184	0	0	0	0
956	26	2	1	134217756	0	0	0	0
956	28	51	1	3422814207	0	0	0	0
956	28	2	1	134217766	0	0	0	0
956	38	47	1	3154116611	0	0	0	0
956	38	43	1	2886729728	0	0	0	0
956	38	0	1	0	0	0	0	0
957	0	2	1	134217731	0	0	0	0
957	3	51	1	3427008512	0	0	0	0
957	3	2	1	134217733	0	0	0	0
957	5	22	1	1476395048	0	0	0	0
957	5	3	5	209862739	13762560	230	273039383	2756352
957	5	3	5	201474131	13828046	70	273039383	2756352
957	5	3	5	226623571	13762560	0	273039383	2756352
957	5	3	5	218153040	14417920	0	273039383	2756352
957	5	19	1	1275068676	0	0	0	0
957	5	1	1	67108866	0	0	0	0
957	7	6	1	402653184	0	0	0	0
957	7	1	1	67108867	0	0	0	0
957	10	51	1	3422814207	0	0	0	0
957	10	2	1	134217740	0	0	0	0
957	12	51	1	3427008512	0	0	0	0
957	12	2	1	134217742	0	0	0	0
957	14	3	5	209863091	14417920	230	1514553347	4852224
957	14	3	5	201474483	14483406	60	1514553347	4852224
957	14	3	5	218235315	14417920	0	1514553347	4852224
957	14	3	5	226542003	14417920	0	1514553347	4852224
957	14	19	1	1275068675	0	0	0	0
957	14	1	1	67108872	0	0	0	0
957	22	22	1	1476395008	0	0	0	0
957	22	6	1	402653184	0	0	0	0
957	22	2	1	134217756	0	0	0	0
957	28	51	1	3422814207	0	0	0	0
957	28	0	1	0	0	0	0	0
958	0	2	1	134217730	0	0	0	0
958	2	51	1	3427008512	0	0	0	0
958	2	2	1	134217732	0	0	0	0
958	4	22	1	1476395038	0	0	0	0
958	4	3	5	209862995	11796480	250	1514471427	2754432
958	4	3	5	218251731	10551246	50	1514471427	4852864
958	4	3	5	226623955	10485760	0	1514471427	4852864
958	4	3	5	201376211	11796480	0	1514471427	4852864
958	4	19	1	1275068675	0	0	0	0
958	4	1	1	67108868	0	0	0	0
958	8	6	1	402653184	0	0	0	0
958	8	2	1	134217738	0	0	0	0
958	10	22	1	1476395008	0	0	0	0
958	10	2	1	134217741	0	0	0	0
958	13	51	1	3422814207	0	0	0	0
958	13	0	1	0	0	0	0	0
959	0	2	1	134217730	0	0	0	0
959	2	51	1	3427008512	0	0	0	0
959	2	2	1	134217733	0	0	0	0
959	5	22	1	1476395058	0	0	0	0
959	5	3	5	218251603	11796480	250	1514491907	2754432
959	5	3	5	226640339	11796480	0	1514553347	4852224
959	5	3	5	201458131	11796480	0	1514553347	4852224
959	5	3	5	209764819	14417920	0	1514553347	4852224
959	5	19	1	1275068674	0	0	0	0
959	5	1	1	67108866	0	0	0	0
959	7	38	4	2559605760	0	11468800	0	0
959	7	1	1	67108867	0	0	0	0
959	10	6	1	402653184	0	0	0	0
959	10	54	1	3657433088	0	0	0	0
959	10	22	1	1476395008	0	0	0	0
959	10	2	1	134217739	0	0	0	0
959	11	51	1	3422814207	0	0	0	0
959	11	0	1	0	0	0	0	0
960	0	2	1	134217731	0	0	0	0
960	3	51	1	3427008512	0	0	0	0
960	3	2	1	134217733	0	0	0	0
960	5	22	1	1476395058	0	0	0	0
960	5	3	5	218251539	14417920	240	314982403	2755072
960	5	3	5	226640147	10551246	70	314982403	2755072
960	5	3	5	201458099	10485760	0	335929347	4852224
960	5	3	5	209764787	11796480	0	335929347	4852224
960	5	19	1	1275068674	0	0	0	0
960	5	1	1	67108866	0	0	0	0
960	7	38	4	2559605760	0	11468800	0	0
960	7	1	1	67108868	0	0	0	0
960	11	6	1	402653184	0	0	0	0
960	11	2	1	134217739	0	0	0	0
960	11	22	1	1476395008	0	0	0	0
960	11	2	1	134217743	0	0	0	0
960	15	51	1	3422814207	0	0	0	0
960	15	0	1	0	0	0	0	0
961	0	2	1	134217732	0	0	0	0
961	4	51	1	3427008512	0	0	0	0
961	4	2	1	134217734	0	0	0	0
961	6	22	1	1476395048	0	0	0	0
961	6	3	5	209862931	13107200	240	461783043	2752512
961	6	3	5	218251731	13172686	70	3917889539	4849664
961	6	3	5	201458131	11796480	0	3917889539	4849664
961	6	19	1	1275068674	0	0	0	0
961	6	1	1	67108866	0	0	0	0
961	8	38	4	2559605760	0	11468800	0	0
961	8	1	1	67108867	0	0	0	0
961	11	3	5	209862931	13107200	240	461783043	2752512
961	11	3	5	218251539	11861966	70	461783043	2752512
961	11	3	5	201457939	11796480	0	461783043	2752512
961	11	1	1	67108870	0	0	0	0
961	17	6	1	402653184	0	0	0	0
961	17	22	1	1476395008	0	0	0	0
961	17	2	1	134217746	0	0	0	0
961	18	51	1	3422814207	0	0	0	0
961	18	2	1	134217786	0	0	0	0
961	58	52	1	3489677312	0	0	0	0
961	58	0	1	0	0	0	0	0
962	0	52	1	3540008844	0	0	0	0
962	0	2	1	134217732	0	0	0	0
962	4	38	4	2550153216	0	0	0	0
962	4	14	1	939524107	0	0	0	0
962	4	17	1	1140851697	0	0	0	0
962	4	29	1	1946157059	0	0	0	0
962	4	2	1	134217748	0	0	0	0
962	20	29	1	1946157057	0	0	0	0
962	20	22	1	1476395009	0	0	0	0
962	20	0	1	0	0	0	0	0
963	0	52	1	3540008844	0	0	0	0
963	0	2	1	134217732	0	0	0	0
963	4	38	4	2550152192	0	0	0	0
963	4	14	1	939524107	0	0	0	0
963	4	17	1	1140851697	0	0	0	0
963	4	29	1	1946157059	0	0	0	0
963	4	2	1	134217748	0	0	0	0
963	20	29	1	1946157057	0	0	0	0
963	20	0	1	0	0	0	0	0
964	0	1	1	67108868	0	0	0	0
964	4	38	4	2550148096	0	3932160	0	0
964	4	1	1	67108874	0	0	0	0
964	14	38	4	2550148096	0	3932160	0	0
965	0	2	1	134217741	0	0	0	0
965	13	38	4	2550680576	0	4283170816	0	0
965	13	19	1	1275068678	0	0	0	0
965	13	2	1	134217751	0	0	0	0
965	23	38	4	2550680576	0	4283170816	0	0
965	23	19	1	1275068678	0	0	0	0
965	23	2	1	134217761	0	0	0	0
965	33	38	4	2550680576	0	4283170816	0	0
965	33	19	1	1275068678	0	0	0	0
965	33	2	1	134217770	0	0	0	0
965	42	29	1	1946157058	0	0	0	0
965	42	19	1	1275068677	0	0	0	0
965	42	2	1	134217739	0	0	0	0
965	42	3	5	201490752	15073420	0	1514512387	21103872
965	42	3	5	209879360	15073280	0	1514512387	21103872
965	42	38	4	2550168576	320	4272685056	0	0
965	42	38	4	2550156288	0	4285136896	0	0
965	42	38	4	2616755200	0	0	0	0
965	42	2	1	134217741	0	0	0	0
965	42	29	1	1946157057	0	0	0	0
965	42	1	1	67108870	0	0	0	0
965	48	23	1	1543503874	0	0	0	0
965	48	14	1	939524114	0	0	0	0
965	48	6	1	402653184	0	0	0	0
965	48	0	1	0	0	0	0	0
966	0	52	1	3489677248	0	0	0	0
966	0	47	1	3154116611	0	0	0	0
966	0	2	1	134217731	0	0	0	0
966	3	3	5	201408592	15073300	0	1514348547	1280
966	3	3	5	209780816	13107200	0	1514348547	1280
966	3	19	1	1275068459	0	0	0	0
966	3	1	1	67108869	0	0	0	0
966	8	6	1	402653184	0	0	0	0
966	8	2	1	134217738	0	0	0	0
966	10	22	1	1476395009	0	0	0	0
966	10	0	1	0	0	0	0	0
967	0	52	1	3489677248	0	0	0	0
967	0	47	1	3154116611	0	0	0	0
967	0	2	1	134217731	0	0	0	0
967	3	3	5	201457744	15073350	0	293806083	1280
967	3	3	5	209829968	13107200	0	293806083	1280
967	3	19	1	1275068459	0	0	0	0
967	3	1	1	67108868	0	0	0	0
967	7	6	1	402653184	0	0	0	0
967	7	2	1	134217738	0	0	0	0
967	10	22	1	1476395009	0	0	0	0
967	10	0	1	0	0	0	0	0
968	0	2	1	134217733	0	0	0	0
968	5	3	5	201482448	13107220	0	147210243	2229504
968	5	3	5	209879248	18350220	0	147210243	2229504
968	5	19	1	1275068458	0	0	0	0
968	5	1	1	67108873	0	0	0	0
968	14	6	1	402653184	0	0	0	0
968	14	0	1	0	0	0	0	0
969	0	52	1	3540008844	0	0	0	0
969	0	2	1	134217732	0	0	0	0
969	4	3	5	201326995	19660800	13107200	1514430467	19534848
969	4	38	4	2550156288	0	0	0	0
969	4	19	1	1275068457	0	0	0	0
969	4	1	1	67108868	0	0	0	0
969	8	8	1	537133056	0	0	0	0
969	8	1	1	67108880	0	0	0	0
969	24	6	1	402653184	0	0	0	0
969	24	0	1	0	0	0	0	0
970	0	52	1	3489677248	0	0	0	0
970	0	2	1	134217735	0	0	0	0
970	7	3	5	201474448	13107220	0	1514553347	2229504
970	7	3	5	209895824	19398688	3932160	1514553347	2229504
970	7	19	1	1275068458	0	0	0	0
970	7	1	1	67108870	0	0	0	0
970	13	6	1	402653184	0	0	0	0
970	13	0	1	0	0	0	0	0
971	0	52	1	3489677248	0	0	0	0
971	0	2	1	134217735	0	0	0	0
971	7	3	5	201474384	13107220	0	1514553347	2229504
971	7	3	5	209895760	19398688	3932160	1514553347	2229504
971	7	19	1	1275068458	0	0	0	0
971	7	1	1	67108870	0	0	0	0
971	13	6	1	402653184	0	0	0	0
971	13	0	1	0	0	0	0	0
972	0	52	1	3489677248	0	0	0	0
972	0	2	1	134217735	0	0	0	0
972	7	3	5	201474320	13107220	0	1514553347	2229504
972	7	3	5	209895696	19398688	3932160	1514553347	2229504
972	7	19	1	1275068458	0	0	0	0
972	7	1	1	67108870	0	0	0	0
972	13	6	1	402653184	0	0	0	0
972	13	0	1	0	0	0	0	0
973	0	52	1	3489677248	0	0	0	0
973	0	2	1	134217734	0	0	0	0
973	6	3	5	201490832	14417940	0	335872003	2234624
973	6	3	5	209895824	22937680	2097152	335872003	2234624
973	6	19	1	1275068458	0	0	0	0
973	6	1	1	67108867	0	0	0	0
973	9	3	5	201490768	14417940	0	377815043	2232064
973	9	3	5	209895760	22937680	2097152	377815043	2232064
973	9	1	1	67108867	0	0	0	0
973	12	6	1	402653184	0	0	0	0
973	12	0	1	0	0	0	0	0
974	0	52	1	3489677248	0	0	0	0
974	0	47	1	3154116611	0	0	0	0
974	0	2	1	134217732	0	0	0	0
974	4	47	1	3154116612	0	0	0	0
974	4	2	1	134217733	0	0	0	0
974	5	3	5	201540016	15073280	4287561728	126156803	2230784
974	5	3	5	209928624	15073280	8388608	126156803	2230784
974	5	19	1	1275068458	0	0	0	0
974	5	1	1	67108870	0	0	0	0
974	11	6	1	402653184	0	0	0	0
974	11	2	1	134217744	0	0	0	0
974	16	47	1	3154116611	0	0	0	0
974	16	0	1	0	0	0	0	0
975	0	52	1	3489677248	0	0	0	0
975	0	47	1	3154116611	0	0	0	0
975	0	2	1	134217732	0	0	0	0
975	4	38	4	2558032896	3932160	0	0	0
975	4	2	1	134217745	0	0	0	0
975	17	17	1	1140851690	0	0	0	0
975	17	3	5	201441952	13107200	0	1514565635	4196864
975	17	3	5	209838752	17039520	0	1514565635	4196864
975	17	38	4	2550156288	0	4285136896	0	0
975	17	19	1	1275068457	0	0	0	0
975	17	1	1	67108870	0	0	0	0
975	23	6	1	402653184	0	0	0	0
975	23	0	1	0	0	0	0	0
976	0	52	1	3489677248	0	0	0	0
976	0	47	1	3154116611	0	0	0	0
976	0	2	1	134217732	0	0	0	0
976	4	38	4	2558032896	3932160	0	0	0
976	4	2	1	134217745	0	0	0	0
976	17	17	1	1140851690	0	0	0	0
976	17	3	5	201441936	13107200	0	1514565635	4196864
976	17	3	5	209838736	17039520	0	1514565635	4196864
976	17	38	4	2550156288	0	4285136896	0	0
976	17	19	1	1275068457	0	0	0	0
976	17	1	1	67108870	0	0	0	0
976	23	6	1	402653184	0	0	0	0
976	23	0	1	0	0	0	0	0
977	0	52	1	3489677248	0	0	0	0
977	0	47	1	3154116611	0	0	0	0
977	0	2	1	134217732	0	0	0	0
977	4	38	4	2558032896	3932160	0	0	0
977	4	2	1	134217745	0	0	0	0
977	17	17	1	1140851690	0	0	0	0
977	17	3	5	201441904	13107200	0	1514565635	4196864
977	17	3	5	209838704	17039520	0	1514565635	4196864
977	17	38	4	2550156288	0	4285136896	0	0
977	17	19	1	1275068457	0	0	0	0
977	17	1	1	67108870	0	0	0	0
977	23	6	1	402653184	0	0	0	0
977	23	0	1	0	0	0	0	0
978	0	52	1	3489677248	0	0	0	0
978	0	47	1	3154116611	0	0	0	0
978	0	2	1	134217732	0	0	0	0
978	4	38	4	2558032896	3932160	0	0	0
978	4	2	1	134217745	0	0	0	0
978	17	17	1	1140851690	0	0	0	0
978	17	3	5	201441872	13107200	0	1514565635	4196864
978	17	3	5	209838672	17039520	0	1514565635	4196864
978	17	38	4	2550156288	0	4285136896	0	0
978	17	19	1	1275068457	0	0	0	0
978	17	1	1	67108870	0	0	0	0
978	23	6	1	402653184	0	0	0	0
978	23	0	1	0	0	0	0	0
979	0	52	1	3489677248	0	0	0	0
979	0	47	1	3154116611	0	0	0	0
979	0	2	1	134217732	0	0	0	0
979	4	38	4	2558032896	3932160	0	0	0
979	4	2	1	134217745	0	0	0	0
979	17	17	1	1140851690	0	0	0	0
979	17	3	5	201441840	13107200	0	1514565635	4196864
979	17	3	5	209838640	17039520	0	1514565635	4196864
979	17	38	4	2550156288	0	4285136896	0	0
979	17	19	1	1275068457	0	0	0	0
979	17	1	1	67108870	0	0	0	0
979	23	6	1	402653184	0	0	0	0
979	23	0	1	0	0	0	0	0
980	0	52	1	3489677248	0	0	0	0
980	0	2	1	134217734	0	0	0	0
980	6	20	1	1342177280	0	0	0	0
980	6	38	4	2550150144	0	0	0	0
980	6	38	4	2564324352	6553600	5242880	0	0
980	6	22	1	1476395028	0	0	0	0
980	6	3	5	201367664	16384000	0	461783263	131072
980	6	3	5	209936464	19660800	0	545669303	131072
980	6	19	1	1275068458	0	0	0	0
980	6	1	1	67108867	0	0	0	0
980	9	3	5	201367632	16384000	0	461783223	131072
980	9	3	5	209936464	19660800	0	545669243	131072
980	9	19	1	1275068458	0	0	0	0
980	9	1	1	67108867	0	0	0	0
980	12	6	1	402653184	0	0	0	0
980	12	1	1	67108867	0	0	0	0
980	15	38	4	2550156288	0	4285136896	0	0
980	15	3	5	201368144	18350080	0	315064323	4330496
980	15	3	5	209896016	26214400	0	315064323	4330496
980	15	19	1	1275068457	0	0	0	0
980	15	1	1	67108871	0	0	0	0
980	22	6	1	402653184	0	0	0	0
980	22	0	1	0	0	0	0	0
981	0	52	1	3489677248	0	0	0	0
981	0	47	1	3154116612	0	0	0	0
981	0	2	1	134217736	0	0	0	0
981	8	38	4	2563800064	7864320	0	0	0
981	8	20	1	1342177280	0	0	0	0
981	8	3	5	201548336	23592980	6553600	1514635267	4327936
981	8	3	5	209887792	14417970	0	1514635267	4327936
981	8	3	5	218145328	11796480	0	1514635267	4329216
981	8	38	4	2550153216	0	0	0	0
981	8	19	1	1275068458	0	0	0	0
981	8	1	1	67108868	0	0	0	0
981	12	6	1	402653184	0	0	0	0
981	12	1	1	67108868	0	0	0	0
981	16	38	4	2563800064	7864320	0	0	0
981	16	11	1	738197504	0	0	0	0
981	16	11	1	738197505	0	0	0	0
981	16	11	1	738197506	0	0	0	0
981	16	38	4	2550152192	0	0	0	0
981	16	19	1	1275068458	0	0	0	0
981	16	1	1	67108869	0	0	0	0
981	21	47	1	3154116608	0	0	0	0
981	21	6	1	402653184	0	0	0	0
981	21	0	1	0	0	0	0	0
982	0	52	1	3489677248	0	0	0	0
982	0	2	1	134217732	0	0	0	0
982	4	3	5	201368048	13762560	0	1514553347	4325376
982	4	3	5	209895920	13762610	0	1514553347	4325376
982	4	3	5	218317168	11796550	0	1514553347	4325376
982	4	19	1	1275068458	0	0	0	0
982	4	1	1	67108868	0	0	0	0
982	8	3	5	201367920	13762560	0	1514553347	131072
982	8	3	5	209895792	13762610	0	1514553347	131072
982	8	3	5	218317168	11796550	0	1514553347	131072
982	8	1	1	67108884	0	0	0	0
982	28	6	1	402653184	0	0	0	0
982	28	0	1	0	0	0	0	0
983	0	52	1	3489677248	0	0	0	0
983	0	2	1	134217735	0	0	0	0
983	7	3	5	201368112	13107200	0	1514553347	4325376
983	7	3	5	209928752	20971670	2621440	4022747139	4325376
983	7	19	1	1275068457	0	0	0	0
983	7	1	1	67108867	0	0	0	0
983	10	9	1	612399104	0	0	0	0
983	10	1	1	67108869	0	0	0	0
983	15	6	1	402653184	0	0	0	0
983	15	0	1	0	0	0	0	0
984	0	52	1	3489677248	0	0	0	0
984	0	2	1	134217734	0	0	0	0
984	6	3	5	201367824	16384000	0	1514553347	2229504
984	6	3	5	209895696	18350150	0	1514553347	2229504
984	6	3	5	218267920	14417920	0	1514553347	2229504
984	6	19	1	1275068458	0	0	0	0
984	6	1	1	67108869	0	0	0	0
984	11	6	1	402653184	0	0	0	0
984	11	1	1	67108873	0	0	0	0
984	20	3	5	201368016	16384000	0	1514553347	4326656
984	20	3	5	209936848	18350150	0	1514553347	4326656
984	20	3	5	218309072	14417920	0	1514553347	4326656
984	20	19	1	1275068458	0	0	0	0
984	20	1	1	67108872	0	0	0	0
984	28	6	1	402653184	0	0	0	0
984	28	0	1	0	0	0	0	0
985	0	52	1	3489677248	0	0	0	0
985	0	2	1	134217732	0	0	0	0
985	4	3	5	201539728	20971520	1310720	461783419	131072
985	4	3	5	209887376	20971520	1310720	461783419	131072
985	4	19	1	1275068459	0	0	0	0
985	4	1	1	67108868	0	0	0	0
985	8	6	1	402653184	0	0	0	0
985	8	1	1	67108866	0	0	0	0
985	10	3	5	202416624	20971520	0	377978883	4195584
985	10	3	5	210969072	20971630	0	377978883	4195584
985	10	19	1	1275068457	0	0	0	0
985	10	1	1	67108869	0	0	0	0
985	15	6	1	402653184	0	0	0	0
985	15	0	1	0	0	0	0	0
986	0	52	1	3489677248	0	0	0	0
986	0	2	1	134217732	0	0	0	0
986	4	3	5	201539696	20971520	2949120	3917889659	2097152
986	4	3	5	209887344	20971520	0	3917889659	2097152
986	4	19	1	1275068606	0	0	0	0
986	4	1	1	67108866	0	0	0	0
986	6	6	1	402653184	0	0	0	0
986	6	32	1	2147483660	0	0	0	0
986	6	1	1	67108865	0	0	0	0
986	7	11	1	738197504	0	0	0	0
986	7	11	1	738197505	0	0	0	0
986	7	19	1	1275068606	0	0	0	0
986	7	1	1	67108866	0	0	0	0
986	9	6	1	402653184	0	0	0	0
986	9	33	1	2214592512	0	0	0	0
986	9	1	1	67108865	0	0	0	0
986	10	11	1	738197504	0	0	0	0
986	10	11	1	738197505	0	0	0	0
986	10	19	1	1275068606	0	0	0	0
986	10	1	1	67108866	0	0	0	0
986	12	6	1	402653184	0	0	0	0
986	12	33	1	2214592512	0	0	0	0
986	12	1	1	67108865	0	0	0	0
986	13	11	1	738197504	0	0	0	0
986	13	11	1	738197505	0	0	0	0
986	13	19	1	1275068606	0	0	0	0
986	13	1	1	67108866	0	0	0	0
986	15	6	1	402653184	0	0	0	0
986	15	33	1	2214592512	0	0	0	0
986	15	1	1	67108865	0	0	0	0
986	16	11	1	738197504	0	0	0	0
986	16	11	1	738197505	0	0	0	0
986	16	19	1	1275068606	0	0	0	0
986	16	1	1	67108866	0	0	0	0
986	18	6	1	402653184	0	0	0	0
986	18	33	1	2214592512	0	0	0	0
986	18	1	1	67108865	0	0	0	0
986	19	11	1	738197504	0	0	0	0
986	19	11	1	738197505	0	0	0	0
986	19	19	1	1275068606	0	0	0	0
986	19	1	1	67108866	0	0	0	0
986	21	6	1	402653184	0	0	0	0
986	21	33	1	2214592512	0	0	0	0
986	21	1	1	67108865	0	0	0	0
986	22	11	1	738197504	0	0	0	0
986	22	11	1	738197505	0	0	0	0
986	22	19	1	1275068606	0	0	0	0
986	22	1	1	67108866	0	0	0	0
986	24	6	1	402653184	0	0	0	0
986	24	33	1	2214592512	0	0	0	0
986	24	1	1	67108865	0	0	0	0
986	25	11	1	738197504	0	0	0	0
986	25	11	1	738197505	0	0	0	0
986	25	19	1	1275068606	0	0	0	0
986	25	1	1	67108866	0	0	0	0
986	27	6	1	402653184	0	0	0	0
986	27	33	1	2214592512	0	0	0	0
986	27	1	1	67108865	0	0	0	0
986	28	11	1	738197504	0	0	0	0
986	28	11	1	738197505	0	0	0	0
986	28	19	1	1275068606	0	0	0	0
986	28	1	1	67108866	0	0	0	0
986	30	6	1	402653184	0	0	0	0
986	30	33	1	2214592512	0	0	0	0
986	30	1	1	67108865	0	0	0	0
986	31	11	1	738197504	0	0	0	0
986	31	11	1	738197505	0	0	0	0
986	31	19	1	1275068606	0	0	0	0
986	31	1	1	67108866	0	0	0	0
986	33	6	1	402653184	0	0	0	0
986	33	33	1	2214592512	0	0	0	0
986	33	1	1	67108865	0	0	0	0
986	34	11	1	738197504	0	0	0	0
986	34	11	1	738197505	0	0	0	0
986	34	19	1	1275068606	0	0	0	0
986	34	1	1	67108866	0	0	0	0
986	36	6	1	402653184	0	0	0	0
986	36	33	1	2214592512	0	0	0	0
986	36	1	1	67108865	0	0	0	0
986	37	11	1	738197504	0	0	0	0
986	37	11	1	738197505	0	0	0	0
986	37	19	1	1275068606	0	0	0	0
986	37	1	1	67108866	0	0	0	0
986	39	6	1	402653184	0	0	0	0
986	39	33	1	2214592512	0	0	0	0
986	39	1	1	67108865	0	0	0	0
986	40	11	1	738197504	0	0	0	0
986	40	11	1	738197505	0	0	0	0
986	40	19	1	1275068606	0	0	0	0
986	40	1	1	67108866	0	0	0	0
986	42	6	1	402653184	0	0	0	0
986	42	33	1	2214592512	0	0	0	0
986	42	0	1	0	0	0	0	0
987	0	38	4	2550156288	0	4283170816	0	0
987	0	38	4	2550168576	240	13107200	0	0
987	0	14	1	939524773	0	0	0	0
987	0	14	1	939524234	0	0	0	0
987	0	44	1	2980315178	0	0	0	0
987	0	32	1	2147483656	0	0	0	0
987	0	14	1	939524286	0	0	0	0
987	0	3	5	201326691	16384000	15728890	650526963	2752512
987	0	3	5	209715299	16384000	15793926	650526963	2752512
987	0	1	1	67108867	0	0	0	0
987	3	6	1	402653184	0	0	0	0
987	3	1	1	67108867	0	0	0	0
987	6	33	1	2214592512	0	0	0	0
987	6	14	1	939524286	0	0	0	0
987	6	3	5	201326691	16384000	15728890	650526963	2752512
987	6	3	5	209715299	16384000	15793926	650526963	2752512
987	6	1	1	67108867	0	0	0	0
987	9	6	1	402653184	0	0	0	0
987	9	1	1	67108867	0	0	0	0
987	12	33	1	2214592512	0	0	0	0
987	12	14	1	939524286	0	0	0	0
987	12	3	5	201326691	16384000	15728890	650526963	2752512
987	12	3	5	209715299	16384000	15793926	650526963	2752512
987	12	1	1	67108867	0	0	0	0
987	15	6	1	402653184	0	0	0	0
987	15	1	1	67108867	0	0	0	0
987	18	33	1	2214592512	0	0	0	0
987	18	14	1	939524286	0	0	0	0
987	18	3	5	201326691	16384000	15728890	650526963	2752512
987	18	3	5	209715299	16384000	15793926	650526963	2752512
987	18	1	1	67108867	0	0	0	0
987	21	6	1	402653184	0	0	0	0
987	21	1	1	67108867	0	0	0	0
987	24	33	1	2214592512	0	0	0	0
987	24	14	1	939524286	0	0	0	0
987	24	3	5	201326691	16384000	15728890	650526963	2752512
987	24	3	5	209715299	16384000	15793926	650526963	2752512
987	24	1	1	67108867	0	0	0	0
987	27	6	1	402653184	0	0	0	0
987	27	1	1	67108867	0	0	0	0
987	30	33	1	2214592512	0	0	0	0
987	30	14	1	939524286	0	0	0	0
987	30	3	5	201326691	16384000	15728890	650526963	2752512
987	30	3	5	209715299	16384000	15793926	650526963	2752512
987	30	1	1	67108867	0	0	0	0
987	33	6	1	402653184	0	0	0	0
987	33	1	1	67108867	0	0	0	0
987	36	33	1	2214592512	0	0	0	0
987	36	14	1	939524286	0	0	0	0
987	36	3	5	201326691	16384000	15728890	650526963	2752512
987	36	3	5	209715299	16384000	15793926	650526963	2752512
987	36	1	1	67108867	0	0	0	0
987	39	6	1	402653184	0	0	0	0
987	39	1	1	67108867	0	0	0	0
987	42	33	1	2214592512	0	0	0	0
987	42	14	1	939524286	0	0	0	0
987	42	3	5	201326691	16384000	15728890	650526963	2752512
987	42	3	5	209715299	16384000	15793926	650526963	2752512
987	42	1	1	67108867	0	0	0	0
987	45	6	1	402653184	0	0	0	0
987	45	1	1	67108867	0	0	0	0
987	48	33	1	2214592512	0	0	0	0
987	48	0	1	0	0	0	0	0
988	0	0	1	0	0	0	0	0
989	0	32	1	2147483664	0	0	0	0
989	0	38	4	2550147072	0	7864520	13107400	0
989	0	1	1	67108868	0	0	0	0
989	4	33	1	2214592512	0	0	0	0
989	4	38	4	2550147072	0	7864520	13107400	0
989	4	1	1	67108868	0	0	0	0
989	8	33	1	2214592512	0	0	0	0
989	8	38	4	2550147072	0	7864520	13107400	0
989	8	1	1	67108868	0	0	0	0
989	12	33	1	2214592512	0	0	0	0
989	12	38	4	2550147072	0	7864520	13107400	0
989	12	1	1	67108868	0	0	0	0
989	16	33	1	2214592512	0	0	0	0
989	16	38	4	2550147072	0	7864520	13107400	0
989	16	1	1	67108868	0	0	0	0
989	20	33	1	2214592512	0	0	0	0
989	20	38	4	2550147072	0	7864520	13107400	0
989	20	1	1	67108868	0	0	0	0
989	24	33	1	2214592512	0	0	0	0
989	24	38	4	2550147072	0	7864520	13107400	0
989	24	1	1	67108868	0	0	0	0
989	28	33	1	2214592512	0	0	0	0
989	28	38	4	2550147072	0	7864520	13107400	0
989	28	1	1	67108868	0	0	0	0
989	32	33	1	2214592512	0	0	0	0
989	32	38	4	2550147072	0	7864520	13107400	0
989	32	1	1	67108868	0	0	0	0
989	36	33	1	2214592512	0	0	0	0
989	36	38	4	2550147072	0	7864520	13107400	0
989	36	1	1	67108868	0	0	0	0
989	40	33	1	2214592512	0	0	0	0
989	40	38	4	2550147072	0	7864520	13107400	0
989	40	1	1	67108868	0	0	0	0
989	44	33	1	2214592512	0	0	0	0
989	44	38	4	2550147072	0	7864520	13107400	0
989	44	1	1	67108868	0	0	0	0
989	48	33	1	2214592512	0	0	0	0
989	48	38	4	2550147072	0	7864520	13107400	0
989	48	1	1	67108868	0	0	0	0
989	52	33	1	2214592512	0	0	0	0
989	52	38	4	2550147072	0	7864520	13107400	0
989	52	1	1	67108868	0	0	0	0
989	56	33	1	2214592512	0	0	0	0
989	56	38	4	2550147072	0	7864520	13107400	0
989	56	1	1	67108868	0	0	0	0
989	60	33	1	2214592512	0	0	0	0
989	60	38	4	2550147072	0	7864520	13107400	0
989	60	1	1	67108868	0	0	0	0
989	64	33	1	2214592512	0	0	0	0
989	64	14	1	939524384	0	0	0	0
989	64	38	4	2550150144	0	0	0	0
989	64	38	4	2550159360	0	0	0	0
989	64	38	4	2616755200	0	0	0	0
989	64	23	1	1543503873	0	0	0	0
989	64	0	1	0	0	0	0	0
990	0	47	1	3154116611	0	0	0	0
990	0	2	1	134217731	0	0	0	0
990	3	49	1	3288334346	0	0	0	0
990	3	21	1	1409286145	0	0	0	0
990	3	2	1	134217741	0	0	0	0
990	13	29	1	1946157059	0	0	0	0
990	13	0	1	0	0	0	0	0
991	0	40	1	2689597441	0	0	0	0
991	0	14	1	939524213	0	0	0	0
991	0	38	4	2550148096	0	0	4287102976	0
991	0	1	1	67108868	0	0	0	0
991	4	38	4	2550148096	0	0	4287102976	0
991	4	0	1	0	0	0	0	0
992	0	40	1	2689597441	0	0	0	0
992	0	47	1	3154116611	0	0	0	0
992	0	1	1	67108868	0	0	0	0
992	4	14	1	939524202	0	0	0	0
992	4	38	4	2550148096	0	3932160	0	0
992	4	1	1	67108874	0	0	0	0
992	14	14	1	939524202	0	0	0	0
992	14	38	4	2550148096	0	3932160	0	0
992	14	37	1	2483027968	0	0	0	0
993	0	40	1	2689597441	0	0	0	0
993	0	1	1	67108864	0	0	0	0
993	0	38	4	2550153216	0	6553600	0	0
993	0	2	1	134217747	0	0	0	0
993	19	22	1	1476395009	0	0	0	0
993	19	23	1	1543503873	0	0	0	0
993	19	38	4	2550148096	0	0	0	0
993	19	0	1	0	0	0	0	0
994	0	17	1	1140851726	0	0	0	0
994	0	14	1	939524191	0	0	0	0
994	0	38	4	2550150144	0	0	0	0
994	0	1	1	67108894	0	0	0	0
994	30	40	1	2692743170	0	0	0	0
994	30	0	1	0	0	0	0	0
995	0	14	1	939524180	0	0	0	0
995	0	32	1	2147483650	0	0	0	0
995	0	38	4	2550148096	0	100	6553700	0
995	0	1	1	67108870	0	0	0	0
995	6	33	1	2214592512	0	0	0	0
995	6	38	4	2550148096	0	100	6553700	0
995	6	1	1	67108870	0	0	0	0
995	12	33	1	2214592512	0	0	0	0
995	12	0	1	0	0	0	0	0
996	0	47	1	3154116611	0	0	0	0
996	0	1	1	67108868	0	0	0	0
996	4	47	1	3154116612	0	0	0	0
996	4	0	1	0	0	0	0	0
997	0	47	1	3154116623	0	0	0	0
997	0	0	1	0	0	0	0	0
998	0	47	1	3154116612	0	0	0	0
998	0	1	1	67108867	0	0	0	0
998	3	47	1	3154116611	0	0	0	0
998	3	0	1	0	0	0	0	0
999	0	17	1	1140851741	0	0	0	0
999	0	40	1	2689597442	0	0	0	0
999	0	40	1	2692743170	0	0	0	0
999	0	0	1	0	0	0	0	0
1000	0	40	1	2689597442	0	0	0	0
1000	0	40	1	2692743170	0	0	0	0
1000	0	0	1	0	0	0	0	0
1001	0	40	1	2689597442	0	0	0	0
1001	0	0	1	0	0	0	0	0
1002	0	43	1	2885681154	0	0	0	0
1002	0	29	1	1946157059	0	0	0	0
1002	0	2	1	134217752	0	0	0	0
1002	24	29	1	1946157057	0	0	0	0
1002	24	1	1	67108866	0	0	0	0
1002	26	22	1	1476395009	0	0	0	0
1002	26	0	1	0	0	0	0	0
1003	0	49	1	3288334343	0	0	0	0
1003	0	38	4	2550180864	0	0	0	0
1003	0	14	1	939524107	0	0	0	0
1003	0	38	4	2550168576	0	0	0	0
1003	0	29	1	1946157059	0	0	0	0
1003	0	2	1	134217748	0	0	0	0
1003	20	29	1	1946157057	0	0	0	0
1003	20	50	1	3355443207	0	0	0	0
1003	20	0	1	0	0	0	0	0
1004	0	29	1	1946157059	0	0	0	0
1004	0	2	1	134217743	0	0	0	0
1004	15	38	4	2550150144	0	0	0	0
1004	15	3	5	201498816	13107350	0	1514553707	19005440
1004	15	3	5	209887424	10485760	0	1514553707	19005440
1004	15	1	1	67108868	0	0	0	0
1004	19	29	1	1946157057	0	0	0	0
1004	19	1	1	67108868	0	0	0	0
1004	23	6	1	402653184	0	0	0	0
1004	23	0	1	0	0	0	0	0
1005	0	29	1	1946157059	0	0	0	0
1005	0	2	1	134217744	0	0	0	0
1005	16	38	4	2550150144	0	0	0	0
1005	16	3	5	201449664	14418040	0	1514553667	19005440
1005	16	3	5	209830080	14417950	0	1514553667	19005440
1005	16	1	1	67108868	0	0	0	0
1005	20	29	1	1946157057	0	0	0	0
1005	20	6	1	402653184	0	0	0	0
1005	20	1	1	67108869	0	0	0	0
1005	25	3	5	201400512	13107250	0	1514553667	19005440
1005	25	3	5	209780928	13107232	0	1514553667	19005440
1005	25	1	1	67108872	0	0	0	0
1005	33	6	1	402653184	0	0	0	0
1005	33	0	1	0	0	0	0	0
1006	0	49	1	3288334345	0	0	0	0
1006	0	38	4	2550180864	0	0	0	0
1006	0	14	1	939524113	0	0	0	0
1006	0	38	4	2550168576	0	0	0	0
1006	0	29	1	1946157059	0	0	0	0
1006	0	2	1	134217752	0	0	0	0
1006	24	29	1	1946157057	0	0	0	0
1006	24	0	1	0	0	0	0	0
1007	0	38	4	2550168576	0	0	0	0
1007	0	29	1	1946157059	0	0	0	0
1007	0	20	1	1342177280	0	0	0	0
1007	0	2	1	134217729	0	0	0	0
1007	1	3	5	201556160	17694720	0	1514553747	2228224
1007	1	3	5	209928384	15728640	0	1514553747	2228224
1007	1	3	5	218144960	10485760	0	1514553747	2228224
1007	1	19	1	1275068458	0	0	0	0
1007	1	38	4	2550156288	65456	4283170816	0	0
1007	1	1	1	67108866	0	0	0	0
1007	3	29	1	1946157057	0	0	0	0
1007	3	1	1	67108870	0	0	0	0
1007	9	6	1	402653184	0	0	0	0
1007	9	0	1	0	0	0	0	0
1008	0	38	4	2550168576	0	0	0	0
1008	0	29	1	1946157059	0	0	0	0
1008	0	20	1	1342177280	0	0	0	0
1008	0	2	1	134217731	0	0	0	0
1008	3	3	5	201367680	9830400	0	1514553747	2228224
1008	3	3	5	209797248	18350080	0	1514553747	2228224
1008	3	38	4	2550156288	0	4285136896	0	0
1008	3	19	1	1275068458	0	0	0	0
1008	3	1	1	67108866	0	0	0	0
1008	5	29	1	1946157057	0	0	0	0
1008	5	1	1	67108866	0	0	0	0
1008	7	6	1	402653184	0	0	0	0
1008	7	0	1	0	0	0	0	0
1009	0	14	1	939524107	0	0	0	0
1009	0	38	4	2550168576	120	0	0	0
1009	0	2	1	134217732	0	0	0	0
1009	4	38	4	2550153216	6553600	0	0	0
1009	4	29	1	1946157059	0	0	0	0
1009	4	2	1	134217748	0	0	0	0
1009	20	29	1	1946157057	0	0	0	0
1009	20	22	1	1476395009	0	0	0	0
1009	20	0	1	0	0	0	0	0
1010	0	14	1	939524107	0	0	0	0
1010	0	38	4	2550168576	120	0	0	0
1010	0	2	1	134217732	0	0	0	0
1010	4	38	4	2550152192	4288413696	0	0	0
1010	4	29	1	1946157059	0	0	0	0
1010	4	2	1	134217747	0	0	0	0
1010	19	38	4	2550150144	4278190080	0	0	0
1010	19	2	1	134217748	0	0	0	0
1010	20	29	1	1946157057	0	0	0	0
1010	20	0	1	0	0	0	0	0
1011	0	43	1	2885681158	0	0	0	0
1011	0	38	4	2616756224	0	0	0	0
1011	0	17	1	1140851742	0	0	0	0
1011	0	29	1	1946157059	0	0	0	0
1012	0	47	1	3154116611	0	0	0	0
1012	0	17	1	1140851737	0	0	0	0
1012	0	43	1	2885681158	0	0	0	0
1012	0	32	1	2147483660	0	0	0	0
1012	0	38	4	2550177792	130	200	17039560	0
1012	0	1	1	67108874	0	0	0	0
1012	10	33	1	2214592512	0	0	0	0
1012	10	38	4	2550177792	130	200	17039560	0
1012	10	1	1	67108874	0	0	0	0
1012	20	33	1	2214592512	0	0	0	0
1012	20	38	4	2550177792	130	200	17039560	0
1012	20	1	1	67108874	0	0	0	0
1012	30	33	1	2214592512	0	0	0	0
1012	30	38	4	2550177792	130	200	17039560	0
1012	30	1	1	67108874	0	0	0	0
1012	40	33	1	2214592512	0	0	0	0
1012	40	38	4	2550177792	130	200	17039560	0
1012	40	1	1	67108874	0	0	0	0
1012	50	33	1	2214592512	0	0	0	0
1012	50	38	4	2550177792	130	200	17039560	0
1012	50	1	1	67108874	0	0	0	0
1012	60	33	1	2214592512	0	0	0	0
1012	60	38	4	2550177792	130	200	17039560	0
1012	60	1	1	67108874	0	0	0	0
1012	70	33	1	2214592512	0	0	0	0
1012	70	38	4	2550177792	130	200	17039560	0
1012	70	1	1	67108874	0	0	0	0
1012	80	33	1	2214592512	0	0	0	0
1012	80	38	4	2550177792	130	200	17039560	0
1012	80	1	1	67108874	0	0	0	0
1012	90	33	1	2214592512	0	0	0	0
1012	90	38	4	2550177792	130	200	17039560	0
1012	90	1	1	67108874	0	0	0	0
1012	100	33	1	2214592512	0	0	0	0
1012	100	38	4	2550177792	130	200	17039560	0
1012	100	1	1	67108874	0	0	0	0
1012	110	33	1	2214592512	0	0	0	0
1012	110	38	4	2550177792	130	200	17039560	0
1012	110	1	1	67108874	0	0	0	0
1012	120	33	1	2214592512	0	0	0	0
1013	0	18	1	1207960594	0	0	0	0
1013	0	43	1	2885681158	0	0	0	0
1013	0	47	1	3154116611	0	0	0	0
1013	0	38	4	2550228992	130	200	17039560	0
1013	0	1	1	67108874	0	0	0	0
1014	0	47	1	3154116611	0	0	0	0
1014	0	38	4	2550148096	0	4287102976	3932160	0
1014	0	2	1	134217734	0	0	0	0
1014	6	3	5	201326640	19660800	20971840	1514553347	2097152
1014	6	14	1	939524115	0	0	0	0
1014	6	1	1	67108865	0	0	0	0
1014	7	6	1	402653184	0	0	0	0
1014	7	0	1	0	0	0	0	0
1015	0	20	1	1342177280	0	0	0	0
1015	0	14	1	939524114	0	0	0	0
1015	0	2	1	134217732	0	0	0	0
1015	4	29	1	1946157058	0	0	0	0
1015	4	2	1	134217746	0	0	0	0
1015	18	14	1	939524127	0	0	0	0
1015	18	38	4	2565372928	0	0	0	0
1015	18	38	4	2550156288	0	4285136896	0	0
1015	18	38	4	2616755200	0	0	0	0
1015	18	2	1	134217748	0	0	0	0
1015	20	23	1	1543503873	0	0	0	0
1015	20	47	1	3154116609	0	0	0	0
1015	20	29	1	1946157057	0	0	0	0
1015	20	0	1	0	0	0	0	0
1016	0	47	1	3154116609	0	0	0	0
1016	0	20	1	1342177280	0	0	0	0
1016	0	14	1	939524114	0	0	0	0
1016	0	2	1	134217732	0	0	0	0
1016	4	29	1	1946157058	0	0	0	0
1016	4	2	1	134217743	0	0	0	0
1016	15	3	5	201539904	13107400	0	1514471427	4329216
1016	15	3	5	209920320	9175040	0	1514471427	4329216
1016	15	14	1	939524127	0	0	0	0
1016	15	38	4	2550156288	0	4285136896	0	0
1016	15	38	4	2616755200	0	0	0	0
1016	15	38	4	2563768320	19660800	0	0	0
1016	15	2	1	134217743	0	0	0	0
1016	15	6	1	402653184	0	0	0	0
1016	15	23	1	1543503874	0	0	0	0
1016	15	29	1	1946157057	0	0	0	0
1016	15	0	1	0	0	0	0	0
1017	0	47	1	3154116611	0	0	0	0
1017	0	49	1	3288334342	0	0	0	0
1017	0	17	1	1140851736	0	0	0	0
1017	0	2	1	134217748	0	0	0	0
1017	20	40	1	2692743169	0	0	0	0
1017	20	2	1	134217788	0	0	0	0
1017	60	22	1	1476395009	0	0	0	0
1017	60	2	1	134217810	0	0	0	0
1017	82	40	1	2692743168	0	0	0	0
1017	82	0	1	0	0	0	0	0
1018	0	40	1	2692743170	0	0	0	0
1018	0	47	1	3154116611	0	0	0	0
1018	0	2	1	134217731	0	0	0	0
1018	3	3	5	201449616	14418040	0	294010883	2097152
1018	3	3	5	209830032	14417950	0	294010883	2097152
1018	3	19	1	1275068459	0	0	0	0
1018	3	1	1	67108867	0	0	0	0
1018	6	6	1	402653184	0	0	0	0
1018	6	2	1	134217737	0	0	0	0
1018	9	22	1	1476395009	0	0	0	0
1018	9	40	1	2692743168	0	0	0	0
1018	9	0	1	0	0	0	0	0
1019	0	40	1	2692743170	0	0	0	0
1019	0	47	1	3154116611	0	0	0	0
1019	0	2	1	134217730	0	0	0	0
1019	2	3	5	201449616	14418040	0	294010883	2097152
1019	2	3	5	209830032	14417950	0	294010883	2097152
1019	2	19	1	1275068459	0	0	0	0
1019	2	1	1	67108868	0	0	0	0
1019	6	6	1	402653184	0	0	0	0
1019	6	2	1	134217739	0	0	0	0
1019	11	22	1	1476395009	0	0	0	0
1019	11	40	1	2692743168	0	0	0	0
1019	11	0	1	0	0	0	0	0
1020	0	40	1	2689597442	0	0	0	0
1020	0	40	1	2692743170	0	0	0	0
1020	0	2	1	134217729	0	0	0	0
1020	1	38	4	2550148096	0	0	4287102976	0
1020	1	2	1	134217732	0	0	0	0
1020	4	38	4	2550148096	0	0	4287102976	0
1020	4	3	5	201441651	16384000	0	335953923	21631360
1020	4	19	1	1275068457	0	0	0	0
1020	4	1	1	67108866	0	0	0	0
1020	6	38	4	2550168576	256	25165824	0	0
1020	6	3	5	201441648	16384000	0	1514553347	20973440
1020	6	1	1	67108870	0	0	0	0
1020	12	6	1	402653184	0	0	0	0
1020	12	40	1	2689597440	0	0	0	0
1020	12	40	1	2692743168	0	0	0	0
1020	12	0	1	0	0	0	0	0
1021	0	2	1	134217733	0	0	0	0
1021	5	19	1	1275068458	0	0	0	0
1021	5	3	5	201539856	14418120	0	310788099	2232704
1021	5	3	5	209928464	13107200	0	310788099	2232704
1021	5	3	5	218317072	9175040	0	310788099	2232704
1021	5	1	1	67108870	0	0	0	0
1021	11	6	1	402653184	0	0	0	0
1021	11	0	1	0	0	0	0	0
1022	0	2	1	134217733	0	0	0	0
1022	5	3	5	201539792	18415556	3276800	335953923	2228224
1022	5	3	5	209928400	18350200	6553600	335953923	2228224
1022	5	19	1	1275068458	0	0	0	0
1022	5	1	1	67108870	0	0	0	0
1022	11	6	1	402653184	0	0	0	0
1022	11	1	1	67108873	0	0	0	0
1022	20	3	5	201539824	18415556	0	210206723	4326656
1022	20	3	5	209928432	18350260	0	210206723	4326656
1022	20	19	1	1275068458	0	0	0	0
1022	20	1	1	67108869	0	0	0	0
1022	25	6	1	402653184	0	0	0	0
1022	25	0	1	0	0	0	0	0
1023	0	47	1	3154116612	0	0	0	0
1023	0	2	1	134217732	0	0	0	0
1023	4	38	4	2550148096	0	0	0	0
1023	4	3	5	201539920	13107200	0	335872003	2232704
1023	4	3	5	209928528	14418080	0	377815043	2232704
1023	4	19	1	1275068458	0	0	0	0
1023	4	1	1	67108869	0	0	0	0
1023	9	6	1	402653184	0	0	0	0
1023	9	2	1	134217750	0	0	0	0
1023	22	0	1	0	0	0	0	0
1024	0	47	1	3154116609	0	0	0	0
1024	0	2	1	134217736	0	0	0	0
1024	8	20	1	1342177280	0	0	0	0
1024	8	38	4	2563800064	7864320	0	0	0
1024	8	2	1	134217740	0	0	0	0
1024	12	19	1	1275068459	0	0	0	0
1024	12	3	5	201539760	23593060	0	293806083	4327936
1024	12	3	5	209928368	23592960	0	293806083	4327936
1024	12	3	5	218144944	17039360	0	293806083	4327936
1024	12	38	4	2550156288	0	4285136896	0	0
1024	12	1	1	67108868	0	0	0	0
1024	16	6	1	402653184	0	0	0	0
1024	16	1	1	67108874	0	0	0	0
1024	26	19	1	1275068459	0	0	0	0
1024	26	3	5	201499024	23593060	0	1514635267	4330496
1024	26	3	5	209887632	23592960	0	1514635267	4330496
1024	26	3	5	218145168	17039360	0	1514635267	4330496
1024	26	1	1	67108869	0	0	0	0
1024	31	6	1	402653184	0	0	0	0
1024	31	0	1	0	0	0	0	0
1025	0	19	1	1275068674	0	0	0	0
1025	0	40	1	2689597442	0	0	0	0
1025	0	40	1	2692743170	0	0	0	0
1025	0	2	1	134217734	0	0	0	0
1025	6	28	1	1885339651	0	0	0	0
1025	6	28	1	1886912515	0	0	0	0
1025	6	28	1	1883766787	0	0	0	0
1025	6	2	1	134217740	0	0	0	0
1025	12	38	4	2558032896	7864320	0	0	0
1025	12	3	5	201450067	18350240	0	377896963	4856064
1025	12	3	5	209789523	18350240	0	377896963	4856064
1025	12	38	4	2550156288	0	4285136896	0	0
1025	12	19	1	1275068457	0	0	0	0
1025	12	20	1	1342177280	0	0	0	0
1025	12	1	1	67108866	0	0	0	0
1025	14	27	1	1811939329	0	0	0	0
1025	14	3	5	201449904	16384160	0	377896963	4200704
1025	14	3	5	209789360	16384160	0	377896963	4200704
1025	14	3	5	218227120	13107200	0	377896963	4200704
1025	14	3	5	226566576	13107200	0	377896963	4200704
1025	14	1	1	67108868	0	0	0	0
1025	18	6	1	402653184	0	0	0	0
1025	18	1	1	67108872	0	0	0	0
1025	26	40	1	2689597440	0	0	0	0
1025	26	40	1	2692743168	0	0	0	0
1025	26	0	1	0	0	0	0	0
1026	0	47	1	3154116611	0	0	0	0
1026	0	28	1	1892155395	0	0	0	0
1026	0	28	1	1889533955	0	0	0	0
1026	0	28	1	1892679683	0	0	0	0
1026	0	28	1	1890058243	0	0	0	0
1026	0	20	1	1342177280	0	0	0	0
1026	0	2	1	134217733	0	0	0	0
1026	5	47	1	3154116612	0	0	0	0
1026	5	3	5	201499088	13827966	0	168099843	4331776
1026	5	3	5	209887696	18350208	0	168099843	4331776
1026	5	38	4	2563800064	14417920	0	0	0
1026	5	38	4	2550150144	0	0	0	0
1026	5	19	1	1275068457	0	0	0	0
1026	5	1	1	67108865	0	0	0	0
1026	6	27	1	1811939329	0	0	0	0
1026	6	1	1	67108868	0	0	0	0
1026	10	6	1	402653184	0	0	0	0
1026	10	1	1	67108870	0	0	0	0
1026	16	3	5	201539984	18350208	0	168099843	4330496
1026	16	3	5	209887632	18350208	0	168099843	4330496
1026	16	19	1	1275068458	0	0	0	0
1026	16	1	1	67108868	0	0	0	0
1026	20	6	1	402653184	0	0	0	0
1026	20	1	1	67108866	0	0	0	0
1026	22	11	1	738197504	0	0	0	0
1026	22	11	1	738197505	0	0	0	0
1026	22	1	1	67108867	0	0	0	0
1026	25	6	1	402653184	0	0	0	0
1026	25	2	1	134217759	0	0	0	0
1026	31	47	1	3154116611	0	0	0	0
1026	31	0	1	0	0	0	0	0
1027	0	2	1	134217732	0	0	0	0
1027	4	22	1	1476395058	0	0	0	0
1027	4	3	5	201490896	19726242	4194304	1514553347	4326656
1027	4	3	5	209887696	15794146	0	1514553347	4326656
1027	4	3	5	218276304	16384100	0	1514553347	4326656
1027	4	19	1	1275068457	0	0	0	0
1027	4	1	1	67108868	0	0	0	0
1027	8	3	5	201490736	19726242	4194304	1514553347	2228224
1027	8	3	5	209887536	15794146	0	1514553347	2228224
1027	8	3	5	218276144	16384100	0	1514553347	2228224
1027	8	1	1	67108892	0	0	0	0
1027	36	22	1	1476395008	0	0	0	0
1027	36	6	1	402653184	0	0	0	0
1027	36	0	1	0	0	0	0	0
1028	0	2	1	134217733	0	0	0	0
1028	5	40	1	2689597442	0	0	0	0
1028	5	22	1	1476395058	0	0	0	0
1028	5	3	5	201392656	18350260	0	147210243	4325376
1028	5	3	5	209781264	15728860	0	147210243	4325376
1028	5	19	1	1275068674	0	0	0	0
1028	5	1	1	67108869	0	0	0	0
1028	10	6	1	402653184	0	0	0	0
1028	10	1	1	67108867	0	0	0	0
1028	13	22	1	1476395008	0	0	0	0
1028	13	40	1	2689597440	0	0	0	0
1028	13	0	1	0	0	0	0	0
1029	0	2	1	134217732	0	0	0	0
1029	4	22	1	1476395108	0	0	0	0
1029	4	3	5	201531888	11796608	0	1514553347	4326656
1029	4	3	5	209879536	11796480	0	1514553347	4326656
1029	4	3	5	218317296	15728754	4292804608	1514553347	4326656
1029	4	3	5	226664784	15728720	0	1514553347	2228224
1029	4	19	1	1275068457	0	0	0	0
1029	4	1	1	67108868	0	0	0	0
1029	8	3	5	201531728	11796608	0	1514553347	2228224
1029	8	3	5	209879376	11796480	0	1514553347	2228224
1029	8	3	5	218317136	15728754	4292804608	1514553347	2228224
1029	8	3	5	226664784	15728720	0	1514553347	2228224
1029	8	1	1	67108878	0	0	0	0
1029	22	6	1	402653184	0	0	0	0
1029	22	1	1	67108874	0	0	0	0
1029	32	22	1	1476395008	0	0	0	0
1029	32	0	1	0	0	0	0	0
1030	0	22	1	1476395058	0	0	0	0
1030	0	2	1	134217732	0	0	0	0
1030	4	19	1	1275068457	0	0	0	0
1030	4	3	5	201540048	14417920	0	336035843	4326656
1030	4	3	5	209928656	17039548	0	336035843	4326656
1030	4	1	1	67108869	0	0	0	0
1030	9	3	5	201539952	14417920	0	335994883	2229504
1030	9	3	5	209928560	17039548	0	335994883	2229504
1030	9	1	1	67108875	0	0	0	0
1030	20	6	1	402653184	0	0	0	0
1030	20	22	1	1476395008	0	0	0	0
1030	20	0	1	0	0	0	0	0
1031	0	2	1	134217733	0	0	0	0
1031	5	22	1	1476395048	0	0	0	0
1031	5	3	5	201539984	17039424	3276800	273039363	4328576
1031	5	3	5	209879440	19660950	1966080	273039363	4328576
1031	5	19	1	1275068457	0	0	0	0
1031	5	1	1	67108868	0	0	0	0
1031	9	8	1	537198592	0	0	0	0
1031	9	8	1	545587200	0	0	0	0
1031	9	1	1	67108880	0	0	0	0
1031	25	22	1	1476395008	0	0	0	0
1031	25	6	1	402653184	0	0	0	0
1031	25	0	1	0	0	0	0	0
1032	0	2	1	134217784	0	0	0	0
1032	56	17	1	1140851733	0	0	0	0
1032	56	38	4	2550154240	160	0	0	0
1032	56	44	1	2982412288	0	0	0	0
1032	56	2	1	134217791	0	0	0	0
1032	63	23	1	1543503873	0	0	0	0
1032	63	0	1	0	0	0	0	0
1033	0	47	1	3154116611	0	0	0	0
1033	0	14	1	939524216	0	0	0	0
1033	0	32	1	2147483650	0	0	0	0
1033	0	38	4	2550148096	0	4287102976	3932160	0
1033	0	1	1	67108868	0	0	0	0
1033	4	33	1	2214592512	0	0	0	0
1033	4	38	4	2550148096	0	4287102976	3932160	0
1033	4	1	1	67108868	0	0	0	0
1033	8	33	1	2214592512	0	0	0	0
1033	8	0	1	0	0	0	0	0
1034	0	2	1	134217738	0	0	0	0
1034	10	14	1	939524217	0	0	0	0
1034	10	1	1	67108868	0	0	0	0
1034	14	38	4	2550148096	0	3932160	0	0
1035	0	52	1	3540008896	0	0	0	0
1035	0	2	1	134217733	0	0	0	0
1035	5	52	1	3540008832	0	0	0	0
1035	5	38	4	2550153216	65486	4288413696	0	0
1035	5	2	1	134217738	0	0	0	0
1035	10	22	1	1476395009	0	0	0	0
1035	10	23	1	1543503873	0	0	0	0
1035	10	2	1	134217748	0	0	0	0
1035	20	14	1	939524216	0	0	0	0
1035	20	38	4	2550148096	0	0	0	0
1035	20	0	1	0	0	0	0	0
1036	0	14	1	939524190	0	0	0	0
1036	0	38	4	2550150144	0	0	0	0
1036	0	0	1	0	0	0	0	0
1037	0	14	1	939524189	0	0	0	0
1037	0	32	1	2147483650	0	0	0	0
1037	0	38	4	2550148096	0	100	6553700	0
1037	0	1	1	67108870	0	0	0	0
1037	6	33	1	2214592512	0	0	0	0
1037	6	38	4	2550148096	0	100	6553700	0
1037	6	1	1	67108870	0	0	0	0
1037	12	33	1	2214592512	0	0	0	0
1037	12	0	1	0	0	0	0	0
1038	0	52	1	3489676864	0	0	0	0
1038	0	14	1	939524170	0	0	0	0
1038	0	38	4	2550150144	0	0	0	0
1038	0	0	1	0	0	0	0	0
1039	0	17	1	1140851957	0	0	0	0
1039	0	0	1	0	0	0	0	0
1040	0	2	1	134217732	0	0	0	0
1040	4	38	4	2550153216	0	0	0	0
1040	4	14	1	939524107	0	0	0	0
1040	4	17	1	1140851939	0	0	0	0
1040	4	29	1	1946157059	0	0	0	0
1040	4	2	1	134217748	0	0	0	0
1040	20	29	1	1946157057	0	0	0	0
1040	20	22	1	1476395009	0	0	0	0
1040	20	0	1	0	0	0	0	0
1041	0	2	1	134217732	0	0	0	0
1041	4	38	4	2550152192	0	0	0	0
1041	4	14	1	939524107	0	0	0	0
1041	4	17	1	1140851939	0	0	0	0
1041	4	29	1	1946157059	0	0	0	0
1041	4	2	1	134217748	0	0	0	0
1041	20	29	1	1946157057	0	0	0	0
1041	20	0	1	0	0	0	0	0
1042	0	49	1	3288334343	0	0	0	0
1042	0	38	4	2550180864	0	0	0	0
1042	0	17	1	1140851939	0	0	0	0
1042	0	14	1	939524107	0	0	0	0
1042	0	38	4	2550168576	0	0	0	0
1042	0	29	1	1946157059	0	0	0	0
1042	0	2	1	134217748	0	0	0	0
1042	20	29	1	1946157057	0	0	0	0
1042	20	50	1	3355443207	0	0	0	0
1042	20	0	1	0	0	0	0	0
1043	0	17	1	1140851939	0	0	0	0
1043	0	14	1	939524113	0	0	0	0
1043	0	38	4	2550168576	0	0	0	0
1043	0	29	1	1946157059	0	0	0	0
1043	0	2	1	134217752	0	0	0	0
1043	24	29	1	1946157057	0	0	0	0
1043	24	0	1	0	0	0	0	0
1044	0	17	1	1140851940	0	0	0	0
1044	0	43	1	2885681153	0	0	0	0
1044	0	43	1	2886729729	0	0	0	0
1044	0	38	4	2616756224	0	0	0	0
1044	0	29	1	1946157059	0	0	0	0
1045	0	47	1	3154116611	0	0	0	0
1045	0	17	1	1140851942	0	0	0	0
1045	0	43	1	2885681153	0	0	0	0
1045	0	43	1	2886729729	0	0	0	0
1045	0	32	1	2147483657	0	0	0	0
1045	0	38	4	2550177792	130	200	17039560	0
1045	0	1	1	67108874	0	0	0	0
1045	10	33	1	2214592512	0	0	0	0
1045	10	38	4	2550177792	130	200	17039560	0
1045	10	1	1	67108874	0	0	0	0
1045	20	33	1	2214592512	0	0	0	0
1045	20	38	4	2550177792	130	200	17039560	0
1045	20	1	1	67108874	0	0	0	0
1045	30	33	1	2214592512	0	0	0	0
1045	30	38	4	2550177792	130	200	17039560	0
1045	30	1	1	67108874	0	0	0	0
1045	40	33	1	2214592512	0	0	0	0
1045	40	38	4	2550177792	130	200	17039560	0
1045	40	1	1	67108874	0	0	0	0
1045	50	33	1	2214592512	0	0	0	0
1045	50	38	4	2550177792	130	200	17039560	0
1045	50	1	1	67108874	0	0	0	0
1045	60	33	1	2214592512	0	0	0	0
1045	60	38	4	2550177792	130	200	17039560	0
1045	60	1	1	67108874	0	0	0	0
1045	70	33	1	2214592512	0	0	0	0
1045	70	38	4	2550177792	130	200	17039560	0
1045	70	1	1	67108874	0	0	0	0
1045	80	33	1	2214592512	0	0	0	0
1045	80	38	4	2550177792	130	200	17039560	0
1045	80	1	1	67108874	0	0	0	0
1045	90	33	1	2214592512	0	0	0	0
1046	0	18	1	1207960810	0	0	0	0
1046	0	43	1	2885681153	0	0	0	0
1046	0	47	1	3154116611	0	0	0	0
1046	0	38	4	2550228992	130	240	15728880	0
1046	0	1	1	67108874	0	0	0	0
1047	0	47	1	3154116611	0	0	0	0
1047	0	17	1	1140851943	0	0	0	0
1047	0	2	1	134217738	0	0	0	0
1047	10	49	1	3288334342	0	0	0	0
1047	10	2	1	134217788	0	0	0	0
1047	60	22	1	1476395009	0	0	0	0
1047	60	0	1	0	0	0	0	0
1048	0	47	1	3154116611	0	0	0	0
1048	0	38	4	2550148096	0	4287102976	3932160	0
1048	0	2	1	134217734	0	0	0	0
1048	6	3	5	201408560	19660800	0	1514553347	2097152
1048	6	14	1	939524115	0	0	0	0
1048	6	1	1	67108865	0	0	0	0
1048	7	6	1	402653184	0	0	0	0
1048	7	0	1	0	0	0	0	0
1049	0	19	1	1275068459	0	0	0	0
1049	0	1	1	67108868	0	0	0	0
1049	4	29	1	1946157058	0	0	0	0
1049	4	2	1	134217742	0	0	0	0
1049	14	17	1	1140851935	0	0	0	0
1049	14	14	1	939524114	0	0	0	0
1049	14	38	4	2550168576	200	18350080	0	0
1049	14	38	4	2550156288	0	4285136896	0	0
1049	14	38	4	2616755200	0	0	0	0
1049	14	23	1	1543503873	0	0	0	0
1049	14	29	1	1946157057	0	0	0	0
1049	14	0	1	0	0	0	0	0
1050	0	47	1	3154116611	0	0	0	0
1050	0	14	1	939524139	0	0	0	0
1050	0	2	1	134217731	0	0	0	0
1050	3	47	1	3154116612	0	0	0	0
1050	3	2	1	134217744	0	0	0	0
1050	16	29	1	1946157058	0	0	0	0
1050	16	38	4	2550152192	65486	3276800	0	0
1050	16	20	1	1342177280	0	0	0	0
1050	16	19	1	1275068457	0	0	0	0
1050	16	2	1	134217746	0	0	0	0
1050	18	14	1	939524127	0	0	0	0
1050	18	38	4	2616755200	0	0	0	0
1050	18	3	5	201367952	9830400	0	1514471427	4331776
1050	18	52	1	3523215362	0	0	0	0
1050	18	1	1	67108872	0	0	0	0
1050	26	23	1	1543503874	0	0	0	0
1050	26	6	1	402653184	0	0	0	0
1050	26	29	1	1946157057	0	0	0	0
1050	26	1	1	67108872	0	0	0	0
1050	34	47	1	3154116611	0	0	0	0
1050	34	0	1	0	0	0	0	0
1051	0	2	1	134217730	0	0	0	0
1051	2	3	5	201408592	13107200	0	314900483	1024
1051	2	3	5	209789008	13107200	0	314900483	1024
1051	2	19	1	1275068459	0	0	0	0
1051	2	1	1	67108866	0	0	0	0
1051	4	6	1	402653184	0	0	0	0
1051	4	2	1	134217740	0	0	0	0
1051	12	22	1	1476395009	0	0	0	0
1051	12	0	1	0	0	0	0	0
1052	0	2	1	134217731	0	0	0	0
1052	3	3	5	201457744	16384016	0	314900483	1024
1052	3	3	5	209838160	16384000	0	314900483	1024
1052	3	19	1	1275068459	0	0	0	0
1052	3	1	1	67108867	0	0	0	0
1052	6	6	1	402653184	0	0	0	0
1052	6	2	1	134217740	0	0	0	0
1052	12	22	1	1476395009	0	0	0	0
1052	12	0	1	0	0	0	0	0
1053	0	52	1	3540008880	0	0	0	0
1053	0	47	1	3154116612	0	0	0	0
1053	0	20	1	1342177280	0	0	0	0
1053	0	38	4	2550156288	0	0	0	0
1053	0	19	1	1275068457	0	0	0	0
1053	0	2	1	134217730	0	0	0	0
1053	2	3	5	201457744	11796480	0	126238923	0
1053	2	1	1	67108868	0	0	0	0
1053	6	6	1	402653184	0	0	0	0
1053	6	3	5	201408592	11796480	0	84295863	0
1053	6	1	1	67108868	0	0	0	0
1053	10	6	1	402653184	0	0	0	0
1053	10	32	1	2147483650	0	0	0	0
1053	10	3	5	201457744	11796480	0	42352679	0
1053	10	1	1	67108871	0	0	0	0
1053	17	6	1	402653184	0	0	0	0
1053	17	3	5	201408592	11796480	0	42352679	0
1053	17	1	1	67108870	0	0	0	0
1053	23	6	1	402653184	0	0	0	0
1053	23	33	1	2214592512	0	0	0	0
1053	23	3	5	201457744	11796480	0	42352679	0
1053	23	1	1	67108871	0	0	0	0
1053	30	6	1	402653184	0	0	0	0
1053	30	3	5	201408592	11796480	0	42352679	0
1053	30	1	1	67108870	0	0	0	0
1053	36	6	1	402653184	0	0	0	0
1053	36	33	1	2214592512	0	0	0	0
1053	36	1	1	67108867	0	0	0	0
1053	39	43	1	2885681152	0	0	0	0
1053	39	3	5	201425072	19660800	7864400	1514553347	2103552
1053	39	1	1	67108870	0	0	0	0
1053	45	6	1	402653184	0	0	0	0
1053	45	0	1	0	0	0	0	0
1054	0	52	1	3489677312	0	0	0	0
1054	0	2	1	134217734	0	0	0	0
1054	6	52	1	3489677184	0	0	0	0
1054	6	2	1	134217735	0	0	0	0
1054	7	40	1	2689597440	0	0	0	0
1054	7	40	1	2692743168	0	0	0	0
1054	7	1	1	67108866	0	0	0	0
1054	9	3	5	201326832	21626880	28835950	419594243	2107392
1054	9	3	5	209715440	21626880	28901266	419594243	2107392
1054	9	3	5	218104048	17039360	9830400	419594243	2107392
1054	9	19	1	1275068458	0	0	0	0
1054	9	1	1	67108874	0	0	0	0
1054	19	6	1	402653184	0	0	0	0
1054	19	1	1	67108868	0	0	0	0
1054	23	40	1	2689597440	0	0	0	0
1054	23	40	1	2692743168	0	0	0	0
1054	23	0	1	0	0	0	0	0
1055	0	47	1	3154116610	0	0	0	0
1055	0	2	1	134217731	0	0	0	0
1055	3	3	5	201482480	11796500	0	252067843	2228224
1055	3	3	5	209879280	17039500	0	252067843	2228224
1055	3	19	1	1275068458	0	0	0	0
1055	3	1	1	67108868	0	0	0	0
1055	7	6	1	402653184	0	0	0	0
1055	7	0	1	0	0	0	0	0
1056	0	52	1	3540008864	0	0	0	0
1056	0	47	1	3154116612	0	0	0	0
1056	0	2	1	134217740	0	0	0	0
1056	12	20	1	1342177280	0	0	0	0
1056	12	19	1	1275068457	0	0	0	0
1056	12	38	4	2552790016	65519	4194304	0	0
1056	12	38	4	2550156288	0	4285136896	0	0
1056	12	3	5	201368080	19660800	0	168181763	222434304
1056	12	1	1	67108870	0	0	0	0
1056	18	3	5	201367952	17694720	0	168181763	222433024
1056	18	1	1	67108872	0	0	0	0
1056	26	52	1	3540008960	0	0	0	0
1056	26	6	1	402653184	0	0	0	0
1056	26	1	1	67108870	0	0	0	0
1056	32	43	1	2885681153	0	0	0	0
1056	32	38	4	2550169600	0	0	0	0
1056	32	38	4	2550150144	65476	5242880	0	0
1056	32	14	1	939524395	0	0	0	0
1056	32	1	1	67108884	0	0	0	0
1056	52	47	1	3154116608	0	0	0	0
1056	52	0	1	0	0	0	0	0
1057	0	2	1	134217735	0	0	0	0
1057	7	38	4	2550168576	300	4288413696	0	0
1057	7	20	1	1342177280	0	0	0	0
1057	7	28	1	1885339651	0	0	0	0
1057	7	3	5	201425456	22282240	6553600	357007363	4197632
1057	7	38	4	2550150144	0	0	0	0
1057	7	19	1	1275068457	0	0	0	0
1057	7	1	1	67108868	0	0	0	0
1057	11	27	1	1811939329	0	0	0	0
1057	11	1	1	67108869	0	0	0	0
1057	16	6	1	402653184	0	0	0	0
1057	16	52	1	3489677248	0	0	0	0
1057	16	0	1	0	0	0	0	0
1058	0	52	1	3489677312	0	0	0	0
1058	0	2	1	134217734	0	0	0	0
1058	6	52	1	3489677248	0	0	0	0
1058	6	53	1	3607101441	0	0	0	0
1058	6	28	1	1891631107	0	0	0	0
1058	6	28	1	1892155395	0	0	0	0
1058	6	28	1	1889009667	0	0	0	0
1058	6	28	1	1889533955	0	0	0	0
1058	6	38	4	2550150144	65476	0	0	0
1058	6	20	1	1342177280	0	0	0	0
1058	6	2	1	134217745	0	0	0	0
1058	17	27	1	1811939329	0	0	0	0
1058	17	2	1	134217750	0	0	0	0
1058	22	52	1	3489677184	0	0	0	0
1058	22	3	5	201368080	24903680	0	1514594307	205655808
1058	22	1	1	67108865	0	0	0	0
1058	23	47	1	3154116612	0	0	0	0
1058	23	38	4	2550159360	0	5898240	0	0
1058	23	38	4	2550170624	0	0	0	0
1058	23	53	1	3607101440	0	0	0	0
1058	23	14	1	939524391	0	0	0	0
1058	23	43	1	2885681153	0	0	0	0
1058	23	3	5	201368080	24903680	65456	1514594307	138546944
1058	23	3	5	209715728	19660800	3277140	1514594306	138546944
1058	23	3	5	218104336	19660800	3342116	1514594306	138546944
1058	23	1	1	67108870	0	0	0	0
1058	29	6	1	402653184	0	0	0	0
1058	29	2	1	134217787	0	0	0	0
1058	59	43	1	2885681152	0	0	0	0
1058	59	47	1	3154116608	0	0	0	0
1058	59	0	1	0	0	0	0	0
1059	0	52	1	3489677312	0	0	0	0
1059	0	2	1	134217732	0	0	0	0
1059	4	52	1	3489677184	0	0	0	0
1059	4	2	1	134217733	0	0	0	0
1059	5	22	1	1476395041	0	0	0	0
1059	5	3	5	201367952	24903680	4293001246	281427971	4326656
1059	5	19	1	1275068458	0	0	0	0
1059	5	1	1	67108868	0	0	0	0
1059	9	3	5	201367824	19005440	4293001246	281427971	2228224
1059	9	1	1	67108888	0	0	0	0
1059	33	22	1	1476395008	0	0	0	0
1059	33	6	1	402653184	0	0	0	0
1059	33	0	1	0	0	0	0	0
1060	0	2	1	134217733	0	0	0	0
1060	5	22	1	1476395058	0	0	0	0
1060	5	3	5	201482704	14483436	0	1514553347	4327296
1060	5	3	5	209887696	20316160	4293656576	1514553347	4327296
1060	5	19	1	1275068457	0	0	0	0
1060	5	1	1	67108868	0	0	0	0
1060	9	3	5	201482576	14483436	0	1514512387	2228864
1060	9	3	5	209887568	16384000	4293656576	1514512387	2228864
1060	9	1	1	67108884	0	0	0	0
1060	29	6	1	402653184	0	0	0	0
1060	29	22	1	1476395008	0	0	0	0
1060	29	0	1	0	0	0	0	0
1061	0	2	1	134217738	0	0	0	0
1061	10	22	1	1476395009	0	0	0	0
1061	10	3	5	201531920	15794146	2949120	1514553347	4326656
1061	10	3	5	209920528	19005520	1966080	1514553347	4326656
1061	10	19	1	1275068457	0	0	0	0
1061	10	1	1	67108868	0	0	0	0
1061	14	3	5	201531728	14483426	2949120	1514553347	2228224
1061	14	3	5	209920336	17694800	1966080	1514553347	2228224
1061	14	1	1	67108870	0	0	0	0
1061	20	22	1	1476395008	0	0	0	0
1061	20	6	1	402653184	0	0	0	0
1061	20	0	1	0	0	0	0	0
1062	0	2	1	134217734	0	0	0	0
1062	6	22	1	1476395028	0	0	0	0
1062	6	3	5	201367728	20971520	0	314982663	2228224
1062	6	3	5	209920176	22282350	0	314982663	2228224
1062	6	1	1	67108870	0	0	0	0
1062	12	3	5	202416464	22282240	0	252108803	4195584
1062	12	3	5	210968912	24248430	0	252108803	4195584
1062	12	19	1	1275068457	0	0	0	0
1062	12	1	1	67108866	0	0	0	0
1062	14	22	1	1476395008	0	0	0	0
1062	14	6	1	402653184	0	0	0	0
1062	14	0	1	0	0	0	0	0
1063	0	52	1	3489677312	0	0	0	0
1063	0	2	1	134217732	0	0	0	0
1063	4	52	1	3489677184	0	0	0	0
1063	4	2	1	134217735	0	0	0	0
1063	7	22	1	1476395033	0	0	0	0
1063	7	32	1	2147483653	0	0	0	0
1063	7	19	1	1275068458	0	0	0	0
1063	7	3	5	201326768	23592960	4292345856	3917807619	2228224
1063	7	3	5	209715376	22282240	3276800	3917807619	2228224
1063	7	1	1	67108867	0	0	0	0
1063	10	6	1	402653184	0	0	0	0
1063	10	1	1	67108867	0	0	0	0
1063	13	33	1	2214592512	0	0	0	0
1063	13	19	1	1275068458	0	0	0	0
1063	13	3	5	201326768	23592960	4292345856	3917807619	2228224
1063	13	3	5	209715376	22282240	3276800	3917807619	2228224
1063	13	1	1	67108867	0	0	0	0
1063	16	6	1	402653184	0	0	0	0
1063	16	1	1	67108867	0	0	0	0
1063	19	33	1	2214592512	0	0	0	0
1063	19	19	1	1275068458	0	0	0	0
1063	19	3	5	201326768	23592960	4292345856	3917807619	2228224
1063	19	3	5	209715376	22282240	3276800	3917807619	2228224
1063	19	1	1	67108867	0	0	0	0
1063	22	6	1	402653184	0	0	0	0
1063	22	1	1	67108867	0	0	0	0
1063	25	33	1	2214592512	0	0	0	0
1063	25	19	1	1275068458	0	0	0	0
1063	25	3	5	201326768	23592960	4292345856	3917807619	2228224
1063	25	3	5	209715376	22282240	3276800	3917807619	2228224
1063	25	1	1	67108867	0	0	0	0
1063	28	6	1	402653184	0	0	0	0
1063	28	1	1	67108867	0	0	0	0
1063	31	33	1	2214592512	0	0	0	0
1063	31	19	1	1275068458	0	0	0	0
1063	31	3	5	201326768	23592960	4292345856	3917807619	2228224
1063	31	3	5	209715376	22282240	3276800	3917807619	2228224
1063	31	1	1	67108867	0	0	0	0
1063	34	6	1	402653184	0	0	0	0
1063	34	1	1	67108867	0	0	0	0
1063	37	33	1	2214592512	0	0	0	0
1063	37	22	1	1476395008	0	0	0	0
1063	37	0	1	0	0	0	0	0
1064	0	47	1	3154116611	0	0	0	0
1064	0	38	4	2550156288	0	4280549376	0	0
1064	0	48	1	3221225472	0	0	0	0
1064	0	40	1	2693267456	0	0	0	0
1064	0	2	1	134217759	0	0	0	0
1064	31	21	1	1409286145	0	0	0	0
1064	31	49	1	3288334342	0	0	0	0
1064	31	44	1	2965110784	0	0	0	0
1064	31	14	1	939524361	0	0	0	0
1064	31	14	1	939524098	0	0	0	0
1064	31	38	4	2559081472	50	22282240	0	0
1064	31	1	1	67108866	0	0	0	0
1064	33	38	4	2559068160	50	22282240	0	0
1064	33	1	1	67108865	0	0	0	0
1064	34	38	4	2550156288	0	4280549376	0	0
1064	34	32	1	2147483652	0	0	0	0
1064	34	38	4	2559068160	50	22282240	0	0
1064	34	1	1	67108869	0	0	0	0
1064	39	33	1	2214592512	0	0	0	0
1064	39	38	4	2559068160	50	22282240	0	0
1064	39	1	1	67108869	0	0	0	0
1064	44	33	1	2214592512	0	0	0	0
1064	44	38	4	2559068160	50	22282240	0	0
1064	44	1	1	67108869	0	0	0	0
1064	49	33	1	2214592512	0	0	0	0
1064	49	38	4	2559068160	50	22282240	0	0
1064	49	1	1	67108869	0	0	0	0
1064	54	33	1	2214592512	0	0	0	0
1064	54	1	1	67108865	0	0	0	0
1064	55	0	1	0	0	0	0	0
1065	0	40	1	2687500289	0	0	0	0
1065	0	47	1	3154116611	0	0	0	0
1065	0	38	4	2550150144	0	0	0	0
1065	0	38	4	2550168576	180	0	0	0
1065	0	0	1	0	0	0	0	0
1066	0	40	1	2687500289	0	0	0	0
1066	0	49	1	3288334343	0	0	0	0
1066	0	47	1	3154116611	0	0	0	0
1066	0	44	1	2963800100	0	0	0	0
1066	0	14	1	939524282	0	0	0	0
1066	0	32	1	2147483652	0	0	0	0
1066	0	38	4	2550159360	0	0	0	0
1066	0	1	1	67108875	0	0	0	0
1066	11	33	1	2214592512	0	0	0	0
1066	11	38	4	2550159360	0	0	0	0
1066	11	1	1	67108875	0	0	0	0
1066	22	33	1	2214592512	0	0	0	0
1066	22	38	4	2550159360	0	0	0	0
1066	22	1	1	67108875	0	0	0	0
1066	33	33	1	2214592512	0	0	0	0
1066	33	38	4	2550159360	0	0	0	0
1066	33	1	1	67108875	0	0	0	0
1066	44	33	1	2214592512	0	0	0	0
1066	44	0	1	0	0	0	0	0
1067	0	40	1	2687500289	0	0	0	0
1067	0	17	1	1140851940	0	0	0	0
1067	0	44	1	2964062208	0	0	0	0
1067	0	3	5	201425345	12058624	0	1514348547	37884928
1067	0	3	5	209715649	14417920	1048496	3980722179	38141952
1067	0	38	4	2550169600	0	0	0	0
1067	0	38	4	2553311232	65376	4284481536	0	0
1067	0	14	1	939524283	0	0	0	0
1068	0	2	1	134217746	0	0	0	0
1068	18	52	1	3540008448	0	0	0	0
1068	18	52	1	3489676864	0	0	0	0
1068	18	1	1	67108867	0	0	0	0
1068	21	52	1	3489677184	0	0	0	0
1068	21	0	1	0	0	0	0	0
1069	0	38	4	2550159360	0	0	0	0
1069	0	38	4	2550169600	0	0	0	0
1069	0	38	4	2550166528	280	0	0	0
1069	0	3	5	201326945	27525120	18350080	251985923	88219136
1069	0	25	1	1677721600	0	0	0	0
1069	0	14	1	939524096	0	0	0	0
1069	0	14	1	939524395	0	0	0	0
1069	0	2	1	134217730	0	0	0	0
1069	2	6	1	402653184	0	0	0	0
1069	2	2	1	134217744	0	0	0	0
1069	16	22	1	1476395009	0	0	0	0
1069	16	0	1	0	0	0	0	0
1070	0	49	1	3288334345	0	0	0	0
1070	0	47	1	3154116611	0	0	0	0
1070	0	29	1	1946157059	0	0	0	0
1070	0	38	4	2550156288	0	4283170816	0	0
1070	0	38	4	2550168576	240	13107200	0	0
1070	0	14	1	939524285	0	0	0	0
1070	0	3	5	201326850	23592960	15728640	4148576419	2621440
1070	0	1	1	67108866	0	0	0	0
1070	2	29	1	1946157057	0	0	0	0
1070	2	6	1	402653184	0	0	0	0
1070	2	0	1	0	0	0	0	0
1071	0	49	1	3288334345	0	0	0	0
1071	0	47	1	3154116611	0	0	0	0
1071	0	29	1	1946157059	0	0	0	0
1071	0	38	4	2550156288	0	4283170816	0	0
1071	0	38	4	2550168576	240	13107200	0	0
1071	0	14	1	939524285	0	0	0	0
1071	0	3	5	201326850	23592960	15728640	4148576419	2621440
1071	0	1	1	67108866	0	0	0	0
1071	2	29	1	1946157057	0	0	0	0
1071	2	6	1	402653184	0	0	0	0
1071	2	0	1	0	0	0	0	0
1072	0	47	1	3154116611	0	0	0	0
1072	0	2	1	134217738	0	0	0	0
1072	10	43	1	2885681154	0	0	0	0
1072	10	2	1	134217741	0	0	0	0
1072	13	43	1	2885681155	0	0	0	0
1072	13	2	1	134217743	0	0	0	0
1072	15	43	1	2885681154	0	0	0	0
1072	15	2	1	134217745	0	0	0	0
1072	17	43	1	2885681152	0	0	0	0
1072	17	2	1	134217818	0	0	0	0
1072	90	43	1	2885681154	0	0	0	0
1072	90	2	1	134217821	0	0	0	0
1072	93	43	1	2885681155	0	0	0	0
1072	93	2	1	134217823	0	0	0	0
1072	95	43	1	2885681154	0	0	0	0
1072	95	2	1	134217825	0	0	0	0
1072	97	43	1	2885681152	0	0	0	0
1072	97	2	1	134217827	0	0	0	0
1072	99	43	1	2885681154	0	0	0	0
1072	99	2	1	134217830	0	0	0	0
1072	102	43	1	2885681155	0	0	0	0
1072	102	2	1	134217832	0	0	0	0
1072	104	43	1	2885681154	0	0	0	0
1072	104	2	1	134217834	0	0	0	0
1072	106	43	1	2885681152	0	0	0	0
1072	106	2	1	134217949	0	0	0	0
1072	221	43	1	2885681154	0	0	0	0
1072	221	2	1	134217951	0	0	0	0
1072	223	43	1	2885681155	0	0	0	0
1072	223	2	1	134217953	0	0	0	0
1072	225	43	1	2885681154	0	0	0	0
1072	225	2	1	134217956	0	0	0	0
1072	228	43	1	2885681152	0	0	0	0
1072	228	2	1	134217958	0	0	0	0
1072	230	43	1	2885681153	0	0	0	0
1072	230	2	1	134217978	0	0	0	0
1072	250	43	1	2885681158	0	0	0	0
1072	250	2	1	134218080	0	0	0	0
1072	352	43	1	2885681152	0	0	0	0
1072	352	2	1	134218108	0	0	0	0
1073	0	17	1	1140851698	0	0	0	0
1073	0	49	1	3288334345	0	0	0	0
1073	0	38	4	2550180864	0	0	0	0
1073	0	14	1	939524113	0	0	0	0
1073	0	38	4	2550168576	0	0	0	0
1073	0	29	1	1946157059	0	0	0	0
1073	0	2	1	134217752	0	0	0	0
1073	24	29	1	1946157057	0	0	0	0
1073	24	0	1	0	0	0	0	0
1074	0	17	1	1140851698	0	0	0	0
1074	0	49	1	3288334343	0	0	0	0
1074	0	38	4	2550180864	0	0	0	0
1074	0	14	1	939524107	0	0	0	0
1074	0	38	4	2550168576	0	0	0	0
1074	0	29	1	1946157059	0	0	0	0
1074	0	2	1	134217748	0	0	0	0
1074	20	29	1	1946157057	0	0	0	0
1074	20	50	1	3355443207	0	0	0	0
1074	20	0	1	0	0	0	0	0
1075	0	2	1	134217732	0	0	0	0
1075	4	38	4	2550153216	0	0	0	0
1075	4	14	1	939524107	0	0	0	0
1075	4	17	1	1140851697	0	0	0	0
1075	4	29	1	1946157059	0	0	0	0
1075	4	2	1	134217748	0	0	0	0
1075	20	29	1	1946157057	0	0	0	0
1075	20	22	1	1476395009	0	0	0	0
1075	20	0	1	0	0	0	0	0
1076	0	2	1	134217732	0	0	0	0
1076	4	38	4	2550152192	0	0	0	0
1076	4	14	1	939524107	0	0	0	0
1076	4	17	1	1140851697	0	0	0	0
1076	4	29	1	1946157059	0	0	0	0
1076	4	2	1	134217748	0	0	0	0
1076	20	29	1	1946157057	0	0	0	0
1076	20	0	1	0	0	0	0	0
1077	0	38	4	2550168576	0	0	0	0
1077	0	2	1	134217729	0	0	0	0
1077	1	20	1	1342177280	0	0	0	0
1077	1	3	5	201326720	21626880	9830400	1514553747	2228224
1077	1	19	1	1275068458	0	0	0	0
1077	1	38	4	2550156288	65456	4283170816	0	0
1077	1	1	1	67108866	0	0	0	0
1077	3	29	1	1946157057	0	0	0	0
1077	3	1	1	67108878	0	0	0	0
1077	17	6	1	402653184	0	0	0	0
1077	17	0	1	0	0	0	0	0
1078	0	52	1	3540008864	0	0	0	0
1078	0	14	1	939524107	0	0	0	0
1078	0	38	4	2550153216	6553600	0	0	0
1078	0	29	1	1946157059	0	0	0	0
1078	0	1	1	67108878	0	0	0	0
1078	14	29	1	1946157057	0	0	0	0
1078	14	0	1	0	0	0	0	0
1079	0	40	1	2690646017	0	0	0	0
1079	0	17	1	1140851689	0	0	0	0
1079	0	43	1	2885681155	0	0	0	0
1079	0	43	1	2886729729	0	0	0	0
1079	0	38	4	2616756224	0	0	0	0
1079	0	29	1	1946157059	0	0	0	0
1080	0	38	4	2550168576	0	7864520	13107400	0
1080	0	32	1	2147483651	0	0	0	0
1080	0	38	4	2550147072	0	7864520	13107400	0
1080	0	1	1	67108868	0	0	0	0
1080	4	33	1	2214592512	0	0	0	0
1080	4	38	4	2550147072	0	7864520	13107400	0
1080	4	1	1	67108868	0	0	0	0
1080	8	33	1	2214592512	0	0	0	0
1080	8	38	4	2550147072	0	7864520	13107400	0
1080	8	1	1	67108868	0	0	0	0
1080	12	33	1	2214592512	0	0	0	0
1081	0	40	1	2690646017	0	0	0	0
1081	0	47	1	3154116611	0	0	0	0
1081	0	17	1	1140851692	0	0	0	0
1081	0	43	1	2885681155	0	0	0	0
1081	0	43	1	2886729729	0	0	0	0
1081	0	32	1	2147483657	0	0	0	0
1081	0	38	4	2550177792	130	200	17039560	0
1081	0	1	1	67108874	0	0	0	0
1081	10	33	1	2214592512	0	0	0	0
1081	10	38	4	2550177792	130	200	17039560	0
1081	10	1	1	67108874	0	0	0	0
1081	20	33	1	2214592512	0	0	0	0
1081	20	38	4	2550177792	130	200	17039560	0
1081	20	1	1	67108874	0	0	0	0
1081	30	33	1	2214592512	0	0	0	0
1081	30	38	4	2550177792	130	200	17039560	0
1081	30	1	1	67108874	0	0	0	0
1081	40	33	1	2214592512	0	0	0	0
1081	40	38	4	2550177792	130	200	17039560	0
1081	40	1	1	67108874	0	0	0	0
1081	50	33	1	2214592512	0	0	0	0
1081	50	38	4	2550177792	130	200	17039560	0
1081	50	1	1	67108874	0	0	0	0
1081	60	33	1	2214592512	0	0	0	0
1081	60	38	4	2550177792	130	200	17039560	0
1081	60	1	1	67108874	0	0	0	0
1081	70	33	1	2214592512	0	0	0	0
1081	70	38	4	2550177792	130	200	17039560	0
1081	70	1	1	67108874	0	0	0	0
1081	80	33	1	2214592512	0	0	0	0
1081	80	38	4	2550177792	130	200	17039560	0
1081	80	1	1	67108874	0	0	0	0
1081	90	33	1	2214592512	0	0	0	0
1082	0	40	1	2690646017	0	0	0	0
1082	0	18	1	1207960557	0	0	0	0
1082	0	43	1	2885681155	0	0	0	0
1082	0	47	1	3154116611	0	0	0	0
1082	0	38	4	2550228992	130	240	15728880	0
1082	0	1	1	67108874	0	0	0	0
1083	0	47	1	3154116612	0	0	0	0
1083	0	2	1	134217730	0	0	0	0
1083	2	14	1	939524203	0	0	0	0
1083	2	38	4	2550148096	0	3932160	0	0
1083	2	1	1	67108874	0	0	0	0
1083	12	14	1	939524203	0	0	0	0
1083	12	38	4	2550148096	0	3932160	0	0
1083	12	37	1	2483027968	0	0	0	0
1084	0	1	1	67108866	0	0	0	0
1084	2	14	1	939525085	0	0	0	0
1084	2	38	4	2550148096	0	3932160	0	0
1084	2	0	1	0	0	0	0	0
1085	0	43	1	2885681157	0	0	0	0
1085	0	38	4	2550153216	0	7864320	0	0
1085	0	2	1	134217736	0	0	0	0
1085	8	22	1	1476395009	0	0	0	0
1085	8	23	1	1543503873	0	0	0	0
1085	8	38	4	2550148096	0	0	0	0
1085	8	0	1	0	0	0	0	0
1086	0	14	1	939525084	0	0	0	0
1086	0	38	4	2550150144	0	0	0	0
1086	0	0	1	0	0	0	0	0
1087	0	14	1	939525116	0	0	0	0
1087	0	32	1	2147483650	0	0	0	0
1087	0	38	4	2550148096	0	100	6553700	0
1087	0	1	1	67108870	0	0	0	0
1087	6	33	1	2214592512	0	0	0	0
1087	6	38	4	2550148096	0	100	6553700	0
1087	6	1	1	67108870	0	0	0	0
1087	12	33	1	2214592512	0	0	0	0
1087	12	0	1	0	0	0	0	0
1088	0	2	1	134217731	0	0	0	0
1088	3	43	1	2885681154	0	0	0	0
1088	3	2	1	134217734	0	0	0	0
1088	6	43	1	2885681155	0	0	0	0
1088	6	2	1	134217739	0	0	0	0
1088	11	43	1	2885681154	0	0	0	0
1088	11	2	1	134217741	0	0	0	0
1088	13	43	1	2885681157	0	0	0	0
1088	13	17	1	1140851711	0	0	0	0
1088	13	40	1	2689597442	0	0	0	0
1088	13	2	1	134217813	0	0	0	0
1088	85	22	1	1476395009	0	0	0	0
1088	85	2	1	134217830	0	0	0	0
1088	102	40	1	2689597440	0	0	0	0
1088	102	1	1	67108867	0	0	0	0
1088	105	43	1	2885681154	0	0	0	0
1088	105	1	1	67108867	0	0	0	0
1088	108	43	1	2885681155	0	0	0	0
1088	108	1	1	67108867	0	0	0	0
1088	111	43	1	2885681154	0	0	0	0
1088	111	1	1	67108867	0	0	0	0
1088	114	43	1	2885681152	0	0	0	0
1088	114	0	1	0	0	0	0	0
1089	0	20	1	1342177280	0	0	0	0
1089	0	2	1	134217732	0	0	0	0
1089	4	29	1	1946157058	0	0	0	0
1089	4	2	1	134217743	0	0	0	0
1089	15	38	4	2550168576	380	20971520	0	0
1089	15	38	4	2550156288	0	4285136896	0	0
1089	15	38	4	2616755200	0	0	0	0
1089	15	14	1	939524127	0	0	0	0
1089	15	23	1	1543503873	0	0	0	0
1089	15	14	1	939524114	0	0	0	0
1089	15	2	1	134217740	0	0	0	0
1089	15	29	1	1946157057	0	0	0	0
1089	15	0	1	0	0	0	0	0
1090	0	2	1	134217737	0	0	0	0
1090	9	29	1	1946157058	0	0	0	0
1090	9	38	4	2550156288	0	4270063616	0	0
1090	9	14	1	939525080	0	0	0	0
1090	9	14	1	939524358	0	0	0	0
1090	9	2	1	134217751	0	0	0	0
1090	23	38	4	2550156288	0	4270063616	0	0
1090	23	14	1	939524358	0	0	0	0
1090	23	2	1	134217761	0	0	0	0
1090	33	38	4	2550156288	0	4270063616	0	0
1090	33	14	1	939524358	0	0	0	0
1090	33	2	1	134217772	0	0	0	0
1090	44	14	1	939524357	0	0	0	0
1090	44	38	4	2550168576	320	4272685056	0	0
1090	44	38	4	2550156288	0	4270063616	0	0
1090	44	38	4	2616755200	0	0	0	0
1090	44	23	1	1543503874	0	0	0	0
1090	44	14	1	939524114	0	0	0	0
1090	44	6	1	402653184	0	0	0	0
1090	44	29	1	1946157057	0	0	0	0
1090	44	0	1	0	0	0	0	0
1091	0	47	1	3154116611	0	0	0	0
1091	0	2	1	134217731	0	0	0	0
1091	3	3	5	201408592	15073300	0	1514348547	1280
1091	3	3	5	209780816	13107200	0	1514348547	1280
1091	3	19	1	1275068459	0	0	0	0
1091	3	1	1	67108869	0	0	0	0
1091	8	6	1	402653184	0	0	0	0
1091	8	2	1	134217738	0	0	0	0
1091	10	22	1	1476395009	0	0	0	0
1091	10	0	1	0	0	0	0	0
1092	0	47	1	3154116611	0	0	0	0
1092	0	2	1	134217731	0	0	0	0
1092	3	3	5	201457744	15073350	0	293806083	1280
1092	3	3	5	209829968	13107200	0	293806083	1280
1092	3	19	1	1275068459	0	0	0	0
1092	3	1	1	67108868	0	0	0	0
1092	7	6	1	402653184	0	0	0	0
1092	7	2	1	134217738	0	0	0	0
1092	10	22	1	1476395009	0	0	0	0
1092	10	0	1	0	0	0	0	0
1093	0	2	1	134217733	0	0	0	0
1093	5	3	5	201482416	14417940	0	147210243	2229504
1093	5	3	5	209879216	21627020	0	147210243	2229504
1093	5	19	1	1275068458	0	0	0	0
1093	5	1	1	67108873	0	0	0	0
1093	14	6	1	402653184	0	0	0	0
1093	14	0	1	0	0	0	0	0
1094	0	2	1	134217732	0	0	0	0
1094	4	3	5	201326995	17039360	13107200	1514430467	19534848
1094	4	38	4	2550156288	0	0	0	0
1094	4	19	1	1275068457	0	0	0	0
1094	4	1	1	67108868	0	0	0	0
1094	8	8	1	537133056	0	0	0	0
1094	8	1	1	67108880	0	0	0	0
1094	24	6	1	402653184	0	0	0	0
1094	24	0	1	0	0	0	0	0
1095	0	2	1	134217735	0	0	0	0
1095	7	3	5	201474448	13107220	0	1514553347	2229504
1095	7	3	5	209895824	19398688	3932160	1514553347	2229504
1095	7	19	1	1275068458	0	0	0	0
1095	7	1	1	67108870	0	0	0	0
1095	13	6	1	402653184	0	0	0	0
1095	13	0	1	0	0	0	0	0
1096	0	2	1	134217735	0	0	0	0
1096	7	3	5	201474384	13107220	0	1514553347	2229504
1096	7	3	5	209895760	19398688	3932160	1514553347	2229504
1096	7	19	1	1275068458	0	0	0	0
1096	7	1	1	67108870	0	0	0	0
1096	13	6	1	402653184	0	0	0	0
1096	13	0	1	0	0	0	0	0
1097	0	2	1	134217735	0	0	0	0
1097	7	3	5	201474320	13107220	0	1514553347	2229504
1097	7	3	5	209895696	19398688	3932160	1514553347	2229504
1097	7	19	1	1275068458	0	0	0	0
1097	7	1	1	67108870	0	0	0	0
1097	13	6	1	402653184	0	0	0	0
1097	13	0	1	0	0	0	0	0
1098	0	2	1	134217734	0	0	0	0
1098	6	3	5	201490768	14417940	0	335994883	2232064
1098	6	3	5	209895760	20971590	2097152	335994883	2232064
1098	6	19	1	1275068458	0	0	0	0
1098	6	1	1	67108868	0	0	0	0
1098	10	3	5	201490704	14417940	0	356966403	2230784
1098	10	3	5	209895696	16384070	2097152	356966403	2230784
1098	10	1	1	67108867	0	0	0	0
1098	13	6	1	402653184	0	0	0	0
1098	13	0	1	0	0	0	0	0
1099	0	47	1	3154116611	0	0	0	0
1099	0	2	1	134217732	0	0	0	0
1099	4	47	1	3154116612	0	0	0	0
1099	4	2	1	134217733	0	0	0	0
1099	5	3	5	201539984	15073280	4287561728	126156803	2230784
1099	5	3	5	209928592	15073280	8388608	126156803	2230784
1099	5	19	1	1275068458	0	0	0	0
1099	5	1	1	67108870	0	0	0	0
1099	11	6	1	402653184	0	0	0	0
1099	11	2	1	134217744	0	0	0	0
1099	16	47	1	3154116611	0	0	0	0
1099	16	0	1	0	0	0	0	0
1100	0	47	1	3154116611	0	0	0	0
1100	0	2	1	134217732	0	0	0	0
1100	4	38	4	2558032896	3932160	0	0	0
1100	4	2	1	134217745	0	0	0	0
1100	17	17	1	1140851690	0	0	0	0
1100	17	3	5	201441936	13107200	0	1514565635	4196864
1100	17	3	5	209838736	17039520	0	1514565635	4196864
1100	17	38	4	2550156288	0	4285136896	0	0
1100	17	19	1	1275068457	0	0	0	0
1100	17	1	1	67108870	0	0	0	0
1100	23	6	1	402653184	0	0	0	0
1100	23	0	1	0	0	0	0	0
1101	0	47	1	3154116611	0	0	0	0
1101	0	2	1	134217732	0	0	0	0
1101	4	38	4	2558032896	3932160	0	0	0
1101	4	2	1	134217745	0	0	0	0
1101	17	17	1	1140851690	0	0	0	0
1101	17	3	5	201441904	13107200	0	1514565635	4196864
1101	17	3	5	209838704	17039520	0	1514565635	4196864
1101	17	38	4	2550156288	0	4285136896	0	0
1101	17	19	1	1275068457	0	0	0	0
1101	17	1	1	67108870	0	0	0	0
1101	23	6	1	402653184	0	0	0	0
1101	23	0	1	0	0	0	0	0
1102	0	47	1	3154116611	0	0	0	0
1102	0	2	1	134217732	0	0	0	0
1102	4	38	4	2558032896	3932160	0	0	0
1102	4	2	1	134217745	0	0	0	0
1102	17	17	1	1140851690	0	0	0	0
1102	17	3	5	201441872	13107200	0	1514565635	4196864
1102	17	3	5	209838672	17039520	0	1514565635	4196864
1102	17	38	4	2550156288	0	4285136896	0	0
1102	17	19	1	1275068457	0	0	0	0
1102	17	1	1	67108870	0	0	0	0
1102	23	6	1	402653184	0	0	0	0
1102	23	0	1	0	0	0	0	0
1103	0	47	1	3154116611	0	0	0	0
1103	0	2	1	134217732	0	0	0	0
1103	4	38	4	2558032896	3932160	0	0	0
1103	4	2	1	134217745	0	0	0	0
1103	17	17	1	1140851690	0	0	0	0
1103	17	3	5	201441840	13107200	0	1514565635	4196864
1103	17	3	5	209838640	17039520	0	1514565635	4196864
1103	17	38	4	2550156288	0	4285136896	0	0
1103	17	19	1	1275068457	0	0	0	0
1103	17	1	1	67108870	0	0	0	0
1103	23	6	1	402653184	0	0	0	0
1103	23	0	1	0	0	0	0	0
1104	0	47	1	3154116611	0	0	0	0
1104	0	2	1	134217732	0	0	0	0
1104	4	38	4	2558032896	3932160	0	0	0
1104	4	2	1	134217745	0	0	0	0
1104	17	17	1	1140851690	0	0	0	0
1104	17	3	5	201441808	13107200	0	1514565635	4196864
1104	17	3	5	209838608	17039520	0	1514565635	4196864
1104	17	38	4	2550156288	0	4285136896	0	0
1104	17	19	1	1275068457	0	0	0	0
1104	17	1	1	67108870	0	0	0	0
1104	23	6	1	402653184	0	0	0	0
1104	23	0	1	0	0	0	0	0
1105	0	2	1	134217734	0	0	0	0
1105	6	20	1	1342177280	0	0	0	0
1105	6	38	4	2550150144	0	0	0	0
1105	6	38	4	2564324352	6553600	5242880	0	0
1105	6	22	1	1476395028	0	0	0	0
1105	6	3	5	201367632	16384000	0	461783287	131072
1105	6	3	5	209936464	19660800	0	545669303	131072
1105	6	19	1	1275068458	0	0	0	0
1105	6	1	1	67108866	0	0	0	0
1105	8	3	5	201367632	16384000	0	461783243	131072
1105	8	3	5	209936464	19660800	0	545669243	131072
1105	8	19	1	1275068458	0	0	0	0
1105	8	1	1	67108868	0	0	0	0
1105	12	6	1	402653184	0	0	0	0
1105	12	1	1	67108867	0	0	0	0
1105	15	38	4	2550156288	0	4285136896	0	0
1105	15	3	5	201368080	23593010	4291690496	315064323	4330496
1105	15	3	5	209895952	26214400	0	315064323	4330496
1105	15	19	1	1275068457	0	0	0	0
1105	15	1	1	67108871	0	0	0	0
1105	22	6	1	402653184	0	0	0	0
1105	22	0	1	0	0	0	0	0
1106	0	47	1	3154116612	0	0	0	0
1106	0	2	1	134217736	0	0	0	0
1106	8	38	4	2563800064	7864320	0	0	0
1106	8	20	1	1342177280	0	0	0	0
1106	8	3	5	201548304	23592980	6553600	1514635267	4327936
1106	8	3	5	209887760	14417970	0	1514635267	4327936
1106	8	3	5	218145296	11796480	0	1514635267	4329216
1106	8	38	4	2550153216	0	0	0	0
1106	8	19	1	1275068458	0	0	0	0
1106	8	1	1	67108868	0	0	0	0
1106	12	6	1	402653184	0	0	0	0
1106	12	1	1	67108868	0	0	0	0
1106	16	38	4	2563800064	7864320	0	0	0
1106	16	11	1	738197504	0	0	0	0
1106	16	11	1	738197505	0	0	0	0
1106	16	11	1	738197506	0	0	0	0
1106	16	38	4	2550152192	0	0	0	0
1106	16	19	1	1275068458	0	0	0	0
1106	16	1	1	67108869	0	0	0	0
1106	21	47	1	3154116608	0	0	0	0
1106	21	6	1	402653184	0	0	0	0
1106	21	0	1	0	0	0	0	0
1107	0	2	1	134217732	0	0	0	0
1107	4	22	1	1476395058	0	0	0	0
1107	4	3	5	201368016	13762560	0	1514553347	4325376
1107	4	3	5	209895888	13762610	0	1514553347	4325376
1107	4	3	5	218317264	11796550	0	1514553347	4325376
1107	4	19	1	1275068458	0	0	0	0
1107	4	1	1	67108868	0	0	0	0
1107	8	3	5	201367888	13762560	0	1514553347	131072
1107	8	3	5	209895760	13762610	0	1514553347	131072
1107	8	3	5	218317136	11796550	0	1514553347	131072
1107	8	1	1	67108884	0	0	0	0
1107	28	22	1	1476395008	0	0	0	0
1107	28	6	1	402653184	0	0	0	0
1107	28	0	1	0	0	0	0	0
1108	0	2	1	134217735	0	0	0	0
1108	7	22	1	1476395009	0	0	0	0
1108	7	3	5	201368048	13107200	0	1514553347	4325376
1108	7	3	5	209928688	20971670	2621440	4022747139	4325376
1108	7	19	1	1275068457	0	0	0	0
1108	7	1	1	67108867	0	0	0	0
1108	10	9	1	612399104	0	0	0	0
1108	10	1	1	67108869	0	0	0	0
1108	15	6	1	402653184	0	0	0	0
1108	15	22	1	1476395008	0	0	0	0
1108	15	0	1	0	0	0	0	0
1109	0	2	1	134217734	0	0	0	0
1109	6	22	1	1476395028	0	0	0	0
1109	6	3	5	201367824	14417920	0	1514553347	2229504
1109	6	3	5	209895696	16384070	0	1514553347	2229504
1109	6	3	5	218267920	14417920	0	1514553347	2229504
1109	6	19	1	1275068458	0	0	0	0
1109	6	1	1	67108868	0	0	0	0
1109	10	6	1	402653184	0	0	0	0
1109	10	52	1	3489677312	0	0	0	0
1109	10	1	1	67108870	0	0	0	0
1109	16	52	1	3489677248	0	0	0	0
1109	16	1	1	67108868	0	0	0	0
1109	20	3	5	201367952	14417920	0	1514553347	4326656
1109	20	3	5	209936784	16384070	0	1514553347	4326656
1109	20	3	5	218309008	14417920	0	1514553347	4326656
1109	20	19	1	1275068458	0	0	0	0
1109	20	1	1	67108872	0	0	0	0
1109	28	52	1	3489677096	0	0	0	0
1109	28	22	1	1476395008	0	0	0	0
1109	28	6	1	402653184	0	0	0	0
1109	28	0	1	0	0	0	0	0
1110	0	2	1	134217732	0	0	0	0
1110	4	22	1	1476395028	0	0	0	0
1110	4	3	5	201539664	20971520	1310720	461783419	131072
1110	4	3	5	209887312	20971520	1310720	461783419	131072
1110	4	19	1	1275068459	0	0	0	0
1110	4	1	1	67108868	0	0	0	0
1110	8	6	1	402653184	0	0	0	0
1110	8	1	1	67108866	0	0	0	0
1110	10	3	5	202416560	20971520	0	377978883	4195584
1110	10	3	5	210969008	20971630	0	377978883	4195584
1110	10	19	1	1275068457	0	0	0	0
1110	10	1	1	67108869	0	0	0	0
1110	15	22	1	1476395008	0	0	0	0
1110	15	6	1	402653184	0	0	0	0
1110	15	0	1	0	0	0	0	0
1111	0	2	1	134217732	0	0	0	0
1111	4	22	1	1476395028	0	0	0	0
1111	4	3	5	201539664	20971520	2949120	3917889659	2097152
1111	4	3	5	209887312	20971520	0	3917889659	2097152
1111	4	19	1	1275068606	0	0	0	0
1111	4	1	1	67108866	0	0	0	0
1111	6	6	1	402653184	0	0	0	0
1111	6	32	1	2147483658	0	0	0	0
1111	6	1	1	67108865	0	0	0	0
1111	7	11	1	738197504	0	0	0	0
1111	7	11	1	738197505	0	0	0	0
1111	7	19	1	1275068606	0	0	0	0
1111	7	1	1	67108866	0	0	0	0
1111	9	6	1	402653184	0	0	0	0
1111	9	33	1	2214592512	0	0	0	0
1111	9	1	1	67108865	0	0	0	0
1111	10	11	1	738197504	0	0	0	0
1111	10	11	1	738197505	0	0	0	0
1111	10	19	1	1275068606	0	0	0	0
1111	10	1	1	67108866	0	0	0	0
1111	12	6	1	402653184	0	0	0	0
1111	12	33	1	2214592512	0	0	0	0
1111	12	1	1	67108865	0	0	0	0
1111	13	11	1	738197504	0	0	0	0
1111	13	11	1	738197505	0	0	0	0
1111	13	19	1	1275068606	0	0	0	0
1111	13	1	1	67108866	0	0	0	0
1111	15	6	1	402653184	0	0	0	0
1111	15	33	1	2214592512	0	0	0	0
1111	15	1	1	67108865	0	0	0	0
1111	16	11	1	738197504	0	0	0	0
1111	16	11	1	738197505	0	0	0	0
1111	16	19	1	1275068606	0	0	0	0
1111	16	1	1	67108866	0	0	0	0
1111	18	6	1	402653184	0	0	0	0
1111	18	33	1	2214592512	0	0	0	0
1111	18	1	1	67108865	0	0	0	0
1111	19	11	1	738197504	0	0	0	0
1111	19	11	1	738197505	0	0	0	0
1111	19	19	1	1275068606	0	0	0	0
1111	19	1	1	67108866	0	0	0	0
1111	21	6	1	402653184	0	0	0	0
1111	21	33	1	2214592512	0	0	0	0
1111	21	1	1	67108865	0	0	0	0
1111	22	11	1	738197504	0	0	0	0
1111	22	11	1	738197505	0	0	0	0
1111	22	19	1	1275068606	0	0	0	0
1111	22	1	1	67108866	0	0	0	0
1111	24	6	1	402653184	0	0	0	0
1111	24	33	1	2214592512	0	0	0	0
1111	24	1	1	67108865	0	0	0	0
1111	25	11	1	738197504	0	0	0	0
1111	25	11	1	738197505	0	0	0	0
1111	25	19	1	1275068606	0	0	0	0
1111	25	1	1	67108866	0	0	0	0
1111	27	6	1	402653184	0	0	0	0
1111	27	33	1	2214592512	0	0	0	0
1111	27	1	1	67108865	0	0	0	0
1111	28	11	1	738197504	0	0	0	0
1111	28	11	1	738197505	0	0	0	0
1111	28	19	1	1275068606	0	0	0	0
1111	28	1	1	67108866	0	0	0	0
1111	30	6	1	402653184	0	0	0	0
1111	30	33	1	2214592512	0	0	0	0
1111	30	1	1	67108865	0	0	0	0
1111	31	11	1	738197504	0	0	0	0
1111	31	11	1	738197505	0	0	0	0
1111	31	19	1	1275068606	0	0	0	0
1111	31	1	1	67108866	0	0	0	0
1111	33	6	1	402653184	0	0	0	0
1111	33	33	1	2214592512	0	0	0	0
1111	33	1	1	67108865	0	0	0	0
1111	34	11	1	738197504	0	0	0	0
1111	34	11	1	738197505	0	0	0	0
1111	34	19	1	1275068606	0	0	0	0
1111	34	1	1	67108866	0	0	0	0
1111	36	6	1	402653184	0	0	0	0
1111	36	33	1	2214592512	0	0	0	0
1111	36	22	1	1476395008	0	0	0	0
1111	36	0	1	0	0	0	0	0
1112	0	40	1	2690646017	0	0	0	0
1112	0	43	1	2885681153	0	0	0	0
1112	0	43	1	2886729729	0	0	0	0
1112	0	47	1	3154116612	0	0	0	0
1112	0	38	4	2550150144	0	0	0	0
1112	0	38	4	2616755200	0	0	0	0
1112	0	1	1	67108866	0	0	0	0
1112	2	47	1	3154116608	0	0	0	0
1112	2	2	1	134217752	0	0	0	0
1112	24	47	1	3154116612	0	0	0	0
1112	24	1	1	67108865	0	0	0	0
1112	25	0	1	0	0	0	0	0
1113	0	29	1	1946157059	0	0	0	0
1113	0	2	1	134217745	0	0	0	0
1113	17	38	4	2550150144	0	0	0	0
1113	17	3	5	201490640	18350230	0	1514553587	19005440
1113	17	3	5	209879248	9830400	0	1514553587	19005440
1113	17	1	1	67108869	0	0	0	0
1113	22	6	1	402653184	0	0	0	0
1113	22	1	1	67108866	0	0	0	0
1113	24	3	5	201490640	18350230	0	1514553587	19005440
1113	24	3	5	209879248	9830400	0	1514553587	19005440
1113	24	29	1	1946157057	0	0	0	0
1113	24	1	1	67108867	0	0	0	0
1113	27	6	1	402653184	0	0	0	0
1113	27	0	1	0	0	0	0	0
1114	0	49	1	3288375305	0	0	0	0
1114	0	38	4	2550150144	0	0	0	0
1114	0	38	4	2550168576	16711680	0	0	0
1114	0	2	1	134217733	0	0	0	0
1114	5	21	1	1409286145	0	0	0	0
1114	5	2	1	134217744	0	0	0	0
1114	16	22	1	1476395009	0	0	0	0
1114	16	0	1	0	0	0	0	0
1115	0	40	1	2690646017	0	0	0	0
1115	0	43	1	2885681153	0	0	0	0
1115	0	17	1	1140851696	0	0	0	0
1115	0	0	1	0	0	0	0	0
1116	0	1	1	67108904	0	0	0	0
1116	40	14	1	939525084	0	0	0	0
1116	40	23	1	1543503873	0	0	0	0
1116	40	0	1	0	0	0	0	0
1117	0	47	1	3154116611	0	0	0	0
1117	0	14	1	939524216	0	0	0	0
1117	0	32	1	2147483650	0	0	0	0
1117	0	38	4	2550148096	0	4287102976	3932160	0
1117	0	1	1	67108868	0	0	0	0
1117	4	33	1	2214592512	0	0	0	0
1117	4	38	4	2550148096	0	4287102976	3932160	0
1117	4	1	1	67108868	0	0	0	0
1117	8	33	1	2214592512	0	0	0	0
1117	8	0	1	0	0	0	0	0
1118	0	2	1	134217738	0	0	0	0
1118	10	14	1	939524217	0	0	0	0
1118	10	1	1	67108868	0	0	0	0
1118	14	38	4	2550148096	0	3932160	0	0
1119	0	2	1	134217733	0	0	0	0
1119	5	38	4	2550153216	65486	4288413696	0	0
1119	5	2	1	134217738	0	0	0	0
1119	10	22	1	1476395009	0	0	0	0
1119	10	23	1	1543503873	0	0	0	0
1119	10	2	1	134217748	0	0	0	0
1119	20	14	1	939524216	0	0	0	0
1119	20	38	4	2550148096	0	0	0	0
1119	20	0	1	0	0	0	0	0
1120	0	17	1	1140851447	0	0	0	0
1120	0	14	1	939524190	0	0	0	0
1120	0	38	4	2550150144	0	0	0	0
1120	0	0	1	0	0	0	0	0
1121	0	14	1	939524189	0	0	0	0
1121	0	32	1	2147483650	0	0	0	0
1121	0	38	4	2550148096	0	100	6553700	0
1121	0	1	1	67108870	0	0	0	0
1121	6	33	1	2214592512	0	0	0	0
1121	6	38	4	2550148096	0	100	6553700	0
1121	6	1	1	67108870	0	0	0	0
1121	12	33	1	2214592512	0	0	0	0
1121	12	0	1	0	0	0	0	0
1122	0	14	1	939524189	0	0	0	0
1122	0	32	1	2147483650	0	0	0	0
1122	0	38	4	2550148096	0	100	6553700	0
1122	0	1	1	67108868	0	0	0	0
1122	4	40	1	2689597441	0	0	0	0
1122	4	1	1	67108866	0	0	0	0
1122	6	33	1	2214592512	0	0	0	0
1122	6	38	4	2550148096	0	100	6553700	0
1122	6	1	1	67108868	0	0	0	0
1122	10	40	1	2689597441	0	0	0	0
1122	10	1	1	67108866	0	0	0	0
1122	12	33	1	2214592512	0	0	0	0
1122	12	2	1	134217784	0	0	0	0
1122	56	40	1	2689597440	0	0	0	0
1122	56	0	1	0	0	0	0	0
1123	0	49	1	3288334345	0	0	0	0
1123	0	38	4	2550180864	0	0	0	0
1123	0	17	1	1140851441	0	0	0	0
1123	0	14	1	939524113	0	0	0	0
1123	0	38	4	2550168576	0	0	0	0
1123	0	29	1	1946157059	0	0	0	0
1123	0	2	1	134217752	0	0	0	0
1123	24	29	1	1946157057	0	0	0	0
1123	24	0	1	0	0	0	0	0
1124	0	49	1	3288334343	0	0	0	0
1124	0	38	4	2550180864	0	0	0	0
1124	0	14	1	939524107	0	0	0	0
1124	0	38	4	2550168576	0	0	0	0
1124	0	29	1	1946157059	0	0	0	0
1124	0	2	1	134217748	0	0	0	0
1124	20	29	1	1946157057	0	0	0	0
1124	20	50	1	3355443207	0	0	0	0
1124	20	0	1	0	0	0	0	0
1125	0	14	1	939524107	0	0	0	0
1125	0	38	4	2550168576	120	0	0	0
1125	0	2	1	134217732	0	0	0	0
1125	4	17	1	1140851441	0	0	0	0
1125	4	38	4	2550153216	6553600	0	0	0
1125	4	29	1	1946157059	0	0	0	0
1125	4	2	1	134217748	0	0	0	0
1125	20	29	1	1946157057	0	0	0	0
1125	20	22	1	1476395009	0	0	0	0
1125	20	0	1	0	0	0	0	0
1126	0	14	1	939524107	0	0	0	0
1126	0	38	4	2550168576	120	0	0	0
1126	0	2	1	134217732	0	0	0	0
1126	4	17	1	1140851441	0	0	0	0
1126	4	38	4	2550152192	4288413696	0	0	0
1126	4	29	1	1946157059	0	0	0	0
1126	4	2	1	134217748	0	0	0	0
1126	20	29	1	1946157057	0	0	0	0
1126	20	0	1	0	0	0	0	0
1127	0	38	4	2550168576	0	0	0	0
1127	0	29	1	1946157059	0	0	0	0
1127	0	2	1	134217730	0	0	0	0
1127	2	17	1	1140851447	0	0	0	0
1127	2	2	1	134217733	0	0	0	0
1127	5	3	5	201457856	18350100	0	1514553747	4194304
1127	5	3	5	209838272	13107200	0	1514553747	4194304
1127	5	19	1	1275068458	0	0	0	0
1127	5	38	4	2550156288	65456	4283170816	0	0
1127	5	1	1	67108866	0	0	0	0
1127	7	29	1	1946157057	0	0	0	0
1127	7	1	1	67108866	0	0	0	0
1127	9	6	1	402653184	0	0	0	0
1127	9	0	1	0	0	0	0	0
1128	0	38	4	2550168576	0	0	0	0
1128	0	29	1	1946157059	0	0	0	0
1128	0	17	1	1140851447	0	0	0	0
1128	0	2	1	134217731	0	0	0	0
1128	3	3	5	201367744	9830400	0	1514553747	2228224
1128	3	3	5	209936576	18350160	0	1514553747	2228224
1128	3	38	4	2550156288	0	4285136896	0	0
1128	3	19	1	1275068458	0	0	0	0
1128	3	1	1	67108866	0	0	0	0
1128	5	29	1	1946157057	0	0	0	0
1128	5	1	1	67108868	0	0	0	0
1128	9	6	1	402653184	0	0	0	0
1128	9	0	1	0	0	0	0	0
1129	0	38	4	2616756224	0	0	0	0
1129	0	17	1	1140851445	0	0	0	0
1129	0	43	1	2885681153	0	0	0	0
1129	0	29	1	1946157059	0	0	0	0
1130	0	47	1	3154116611	0	0	0	0
1130	0	17	1	1140851446	0	0	0	0
1130	0	43	1	2885681157	0	0	0	0
1130	0	32	1	2147483654	0	0	0	0
1130	0	38	4	2550177792	130	200	17039560	0
1130	0	1	1	67108884	0	0	0	0
1130	20	33	1	2214592512	0	0	0	0
1130	20	38	4	2550177792	130	200	17039560	0
1130	20	1	1	67108884	0	0	0	0
1130	40	33	1	2214592512	0	0	0	0
1130	40	38	4	2550177792	130	200	17039560	0
1130	40	1	1	67108884	0	0	0	0
1130	60	33	1	2214592512	0	0	0	0
1130	60	38	4	2550177792	130	200	17039560	0
1130	60	1	1	67108884	0	0	0	0
1130	80	33	1	2214592512	0	0	0	0
1130	80	38	4	2550177792	130	200	17039560	0
1130	80	1	1	67108884	0	0	0	0
1130	100	33	1	2214592512	0	0	0	0
1130	100	38	4	2550177792	130	200	17039560	0
1130	100	1	1	67108884	0	0	0	0
1130	120	33	1	2214592512	0	0	0	0
1131	0	18	1	1207960316	0	0	0	0
1131	0	43	1	2885681155	0	0	0	0
1131	0	47	1	3154116611	0	0	0	0
1131	0	38	4	2550228992	130	200	17039560	0
1131	0	1	1	67108874	0	0	0	0
1132	0	47	1	3154116611	0	0	0	0
1132	0	38	4	2550148096	0	4287102976	3932160	0
1132	0	2	1	134217734	0	0	0	0
1132	6	3	5	201408560	19660800	0	1514553347	2097152
1132	6	14	1	939524115	0	0	0	0
1132	6	1	1	67108865	0	0	0	0
1132	7	6	1	402653184	0	0	0	0
1132	7	0	1	0	0	0	0	0
1133	0	29	1	1946157059	0	0	0	0
1133	0	2	1	134217748	0	0	0	0
1133	20	43	1	2885681153	0	0	0	0
1133	20	38	4	2550150144	0	0	0	0
1133	20	3	5	201425088	16384000	5242880	1514553707	19005440
1133	20	1	1	67108866	0	0	0	0
1133	22	6	1	402653184	0	0	0	0
1133	22	1	1	67108867	0	0	0	0
1133	25	3	5	201425088	16384000	5242880	1514553707	19005440
1133	25	29	1	1946157057	0	0	0	0
1133	25	1	1	67108866	0	0	0	0
1133	27	6	1	402653184	0	0	0	0
1133	27	1	1	67108878	0	0	0	0
1133	41	43	1	2885681152	0	0	0	0
1133	41	0	1	0	0	0	0	0
1134	0	29	1	1946157059	0	0	0	0
1134	0	2	1	134217748	0	0	0	0
1134	20	38	4	2550150144	0	0	0	0
1134	20	3	5	201531584	16384035	4291690526	1514553707	19005440
1134	20	1	1	67108866	0	0	0	0
1134	22	6	1	402653184	0	0	0	0
1134	22	1	1	67108866	0	0	0	0
1134	24	3	5	201531584	16384035	4291690526	1514553707	19005440
1134	24	29	1	1946157057	0	0	0	0
1134	24	1	1	67108866	0	0	0	0
1134	26	6	1	402653184	0	0	0	0
1134	26	0	1	0	0	0	0	0
1135	0	2	1	134217738	0	0	0	0
1135	10	29	1	1946157058	0	0	0	0
1135	10	2	1	134217747	0	0	0	0
1135	19	19	1	1275068457	0	0	0	0
1135	19	17	1	1140851450	0	0	0	0
1135	19	38	4	2550156288	0	4285136896	0	0
1135	19	1	1	67108868	0	0	0	0
1135	23	14	1	939524114	0	0	0	0
1135	23	38	4	2550168576	340	9830400	0	0
1135	23	38	4	2616755200	0	0	0	0
1135	23	23	1	1543503873	0	0	0	0
1135	23	29	1	1946157057	0	0	0	0
1135	23	0	1	0	0	0	0	0
1136	0	47	1	3154116611	0	0	0	0
1136	0	14	1	939524139	0	0	0	0
1136	0	2	1	134217731	0	0	0	0
1136	3	47	1	3154116612	0	0	0	0
1136	3	2	1	134217744	0	0	0	0
1136	16	29	1	1946157058	0	0	0	0
1136	16	38	4	2550152192	65486	3276800	0	0
1136	16	20	1	1342177280	0	0	0	0
1136	16	19	1	1275068457	0	0	0	0
1136	16	2	1	134217746	0	0	0	0
1136	18	14	1	939524127	0	0	0	0
1136	18	38	4	2616755200	0	0	0	0
1136	18	3	5	201367952	9830400	0	1514471427	4331776
1136	18	52	1	3523215362	0	0	0	0
1136	18	1	1	67108872	0	0	0	0
1136	26	23	1	1543503874	0	0	0	0
1136	26	6	1	402653184	0	0	0	0
1136	26	29	1	1946157057	0	0	0	0
1136	26	1	1	67108872	0	0	0	0
1136	34	47	1	3154116611	0	0	0	0
1136	34	0	1	0	0	0	0	0
1137	0	47	1	3154116611	0	0	0	0
1137	0	49	1	3288334342	0	0	0	0
1137	0	17	1	1140851449	0	0	0	0
1137	0	2	1	134217737	0	0	0	0
1137	9	40	1	2689597442	0	0	0	0
1137	9	2	1	134217788	0	0	0	0
1137	60	22	1	1476395009	0	0	0	0
1137	60	2	1	134217798	0	0	0	0
1137	70	40	1	2689597440	0	0	0	0
1137	70	0	1	0	0	0	0	0
1138	0	2	1	134217733	0	0	0	0
1138	5	3	5	201392272	9895916	0	377692163	1920
1138	5	3	5	209797264	18350110	0	461578243	1920
1138	5	19	1	1275068459	0	0	0	0
1138	5	1	1	67108868	0	0	0	0
1138	9	6	1	402653184	0	0	0	0
1138	9	1	1	67108866	0	0	0	0
1138	11	22	1	1476395009	0	0	0	0
1138	11	0	1	0	0	0	0	0
1139	0	1	1	67108870	0	0	0	0
1139	6	3	5	201457936	19660830	0	294092803	2100352
1139	6	3	5	209838352	13107200	0	294092803	2100352
1139	6	19	1	1275068458	0	0	0	0
1139	6	1	1	67108869	0	0	0	0
1139	11	6	1	402653184	0	0	0	0
1139	11	0	1	0	0	0	0	0
1140	0	20	1	1342177280	0	0	0	0
1140	0	2	1	134217733	0	0	0	0
1140	5	38	4	2550153216	65476	5242880	0	0
1140	5	14	1	939524107	0	0	0	0
1140	5	19	1	1275068457	0	0	0	0
1140	5	3	5	201327120	16384000	6553620	1514553347	4327936
1140	5	1	1	67108869	0	0	0	0
1140	10	3	5	201326992	16384000	6553620	1514553347	4327296
1140	10	32	1	2147483650	0	0	0	0
1140	10	38	4	2550148096	0	4288413746	3276850	0
1140	10	1	1	67108869	0	0	0	0
1140	15	33	1	2214592512	0	0	0	0
1140	15	38	4	2550148096	0	4288413746	3276850	0
1140	15	1	1	67108869	0	0	0	0
1140	20	33	1	2214592512	0	0	0	0
1140	20	6	1	402653184	0	0	0	0
1140	20	1	1	67108869	0	0	0	0
1140	25	14	1	939524224	0	0	0	0
1140	25	32	1	2147483650	0	0	0	0
1140	25	38	4	2550148096	0	4288413696	0	0
1140	25	1	1	67108870	0	0	0	0
1140	31	33	1	2214592512	0	0	0	0
1140	31	38	4	2550148096	0	4288413696	0	0
1140	31	1	1	67108870	0	0	0	0
1140	37	33	1	2214592512	0	0	0	0
1140	37	0	1	0	0	0	0	0
1141	0	2	1	134217735	0	0	0	0
1141	7	40	1	2689597441	0	0	0	0
1141	7	1	1	67108867	0	0	0	0
1141	10	3	5	201409008	19660840	0	1514553347	4982656
1141	10	3	5	209789424	13107200	0	1514553347	4982656
1141	10	19	1	1275068458	0	0	0	0
1141	10	1	1	67108866	0	0	0	0
1141	12	6	1	402653184	0	0	0	0
1141	12	1	1	67108877	0	0	0	0
1141	25	40	1	2689597440	0	0	0	0
1141	25	0	1	0	0	0	0	0
1142	0	2	1	134217735	0	0	0	0
1142	7	40	1	2689597441	0	0	0	0
1142	7	1	1	67108867	0	0	0	0
1142	10	3	5	201408976	19660840	0	1514553347	4982656
1142	10	3	5	209789392	13107200	0	1514553347	4982656
1142	10	19	1	1275068458	0	0	0	0
1142	10	1	1	67108866	0	0	0	0
1142	12	6	1	402653184	0	0	0	0
1142	12	1	1	67108877	0	0	0	0
1142	25	40	1	2689597440	0	0	0	0
1142	25	0	1	0	0	0	0	0
1143	0	2	1	134217735	0	0	0	0
1143	7	40	1	2689597441	0	0	0	0
1143	7	1	1	67108867	0	0	0	0
1143	10	3	5	201408944	19660840	0	1514553347	4982656
1143	10	3	5	209789360	13107200	0	1514553347	4982656
1143	10	19	1	1275068458	0	0	0	0
1143	10	1	1	67108866	0	0	0	0
1143	12	6	1	402653184	0	0	0	0
1143	12	1	1	67108877	0	0	0	0
1143	25	40	1	2689597440	0	0	0	0
1143	25	0	1	0	0	0	0	0
1144	0	2	1	134217732	0	0	0	0
1144	4	40	1	2689597441	0	0	0	0
1144	4	40	1	2692743169	0	0	0	0
1144	4	1	1	67108867	0	0	0	0
1144	7	19	1	1275068458	0	0	0	0
1144	7	17	1	1140851448	0	0	0	0
1144	7	3	5	201326992	25559040	26214480	377815043	2104192
1144	7	3	5	209715600	25559040	26279856	377815043	2104192
1144	7	3	5	218104208	17039360	9830400	377815043	2104192
1144	7	1	1	67108866	0	0	0	0
1144	9	3	5	201326864	24903680	20971600	377815043	2104192
1144	9	3	5	209715472	24903680	21036976	377815043	2104192
1144	9	3	5	218104080	17039360	9830400	377815043	2104192
1144	9	1	1	67108876	0	0	0	0
1144	21	6	1	402653184	0	0	0	0
1144	21	1	1	67108868	0	0	0	0
1144	25	40	1	2689597440	0	0	0	0
1144	25	40	1	2692743168	0	0	0	0
1144	25	0	1	0	0	0	0	0
1145	0	47	1	3154116612	0	0	0	0
1145	0	2	1	134217732	0	0	0	0
1145	4	40	1	2689597441	0	0	0	0
1145	4	2	1	134217733	0	0	0	0
1145	5	38	4	2550148096	0	4285792256	0	0
1145	5	3	5	201408784	16384030	25	189009923	2560
1145	5	3	5	209781008	11796500	0	189009923	2560
1145	5	19	1	1275068458	0	0	0	0
1145	5	1	1	67108872	0	0	0	0
1145	13	40	1	2689597440	0	0	0	0
1145	13	6	1	402653184	0	0	0	0
1145	13	47	1	3154116608	0	0	0	0
1145	13	0	1	0	0	0	0	0
1146	0	47	1	3154116612	0	0	0	0
1146	0	43	1	2885681156	0	0	0	0
1146	0	2	1	134217740	0	0	0	0
1146	12	20	1	1342177280	0	0	0	0
1146	12	19	1	1275068457	0	0	0	0
1146	12	38	4	2552790016	65519	4194304	0	0
1146	12	38	4	2550156288	0	4285136896	0	0
1146	12	3	5	201368144	19660800	0	1514553347	222434304
1146	12	1	1	67108870	0	0	0	0
1146	18	3	5	201367952	17694720	0	1514553347	222433024
1146	18	1	1	67108872	0	0	0	0
1146	26	6	1	402653184	0	0	0	0
1146	26	1	1	67108870	0	0	0	0
1146	32	43	1	2885681153	0	0	0	0
1146	32	38	4	2550169600	0	0	0	0
1146	32	38	4	2550150144	65476	5242880	0	0
1146	32	14	1	939524395	0	0	0	0
1146	32	1	1	67108884	0	0	0	0
1146	52	43	1	2885681152	0	0	0	0
1146	52	47	1	3154116608	0	0	0	0
1146	52	0	1	0	0	0	0	0
1147	0	1	1	67108868	0	0	0	0
1147	4	38	4	2558032896	3932160	0	0	0
1147	4	2	1	134217742	0	0	0	0
1147	14	38	4	2550156288	0	4285136896	0	0
1147	14	20	1	1342177280	0	0	0	0
1147	14	19	1	1275068457	0	0	0	0
1147	14	3	5	201441872	19660800	2621440	294010883	4200704
1147	14	3	5	209838672	22282330	0	294010883	4200704
1147	14	1	1	67108870	0	0	0	0
1147	20	6	1	402653184	0	0	0	0
1147	20	1	1	67108870	0	0	0	0
1147	26	52	1	3489742784	0	0	0	0
1147	26	0	1	0	0	0	0	0
1148	0	2	1	134217734	0	0	0	0
1148	6	53	1	3607101441	0	0	0	0
1148	6	28	1	1891631107	0	0	0	0
1148	6	28	1	1892155395	0	0	0	0
1148	6	28	1	1889009667	0	0	0	0
1148	6	28	1	1889533955	0	0	0	0
1148	6	38	4	2550150144	65476	0	0	0
1148	6	20	1	1342177280	0	0	0	0
1148	6	2	1	134217745	0	0	0	0
1148	17	27	1	1811939329	0	0	0	0
1148	17	2	1	134217750	0	0	0	0
1148	22	3	5	201368144	24903680	0	1514594307	205655808
1148	22	1	1	67108865	0	0	0	0
1148	23	47	1	3154116612	0	0	0	0
1148	23	38	4	2550159360	0	5898240	0	0
1148	23	38	4	2550170624	0	0	0	0
1148	23	49	1	3288334345	0	0	0	0
1148	23	53	1	3607101440	0	0	0	0
1148	23	14	1	939524391	0	0	0	0
1148	23	3	5	201368144	24903680	65456	1514594307	138546944
1148	23	3	5	209715792	19660800	3277140	1514594306	138546944
1148	23	3	5	218104400	19660800	3342116	1514594306	138546944
1148	23	1	1	67108870	0	0	0	0
1148	29	6	1	402653184	0	0	0	0
1148	29	2	1	134217787	0	0	0	0
1148	59	47	1	3154116608	0	0	0	0
1148	59	0	1	0	0	0	0	0
1149	0	2	1	134217733	0	0	0	0
1149	5	22	1	1476395041	0	0	0	0
1149	5	3	5	201368016	24903680	4293001246	252067843	4327296
1149	5	19	1	1275068458	0	0	0	0
1149	5	1	1	67108868	0	0	0	0
1149	9	3	5	201367888	19005440	4293001246	252067843	2228224
1149	9	1	1	67108888	0	0	0	0
1149	33	22	1	1476395008	0	0	0	0
1149	33	6	1	402653184	0	0	0	0
1149	33	0	1	0	0	0	0	0
1150	0	2	1	134217733	0	0	0	0
1150	5	22	1	1476395058	0	0	0	0
1150	5	3	5	201482640	14483436	0	1514512387	2230784
1150	5	3	5	209887632	20316160	4293656576	1514512387	2230784
1150	5	19	1	1275068458	0	0	0	0
1150	5	1	1	67108868	0	0	0	0
1150	9	3	5	201482448	14483436	0	1514512387	133632
1150	9	3	5	209887440	16384000	4293656576	1514512387	133632
1150	9	1	1	67108884	0	0	0	0
1150	29	6	1	402653184	0	0	0	0
1150	29	22	1	1476395008	0	0	0	0
1150	29	0	1	0	0	0	0	0
1151	0	2	1	134217738	0	0	0	0
1151	10	22	1	1476395058	0	0	0	0
1151	10	3	5	201368080	20316160	65456	1514594307	4327936
1151	10	19	1	1275068457	0	0	0	0
1151	10	1	1	67108870	0	0	0	0
1151	16	3	5	201367824	17694720	65486	1514594307	2230784
1151	16	1	1	67108876	0	0	0	0
1151	28	22	1	1476395008	0	0	0	0
1151	28	6	1	402653184	0	0	0	0
1151	28	0	1	0	0	0	0	0
1152	0	2	1	134217730	0	0	0	0
1152	2	40	1	2689597441	0	0	0	0
1152	2	40	1	2692743169	0	0	0	0
1152	2	2	1	134217736	0	0	0	0
1152	8	3	5	201409040	20971545	0	377937923	71305728
1152	8	3	5	209846800	20971545	0	377937923	71305728
1152	8	14	1	939524334	0	0	0	0
1152	8	14	1	939524147	0	0	0	0
1152	8	38	4	2550168576	280	0	0	0
1152	8	22	1	1476395009	0	0	0	0
1152	8	1	1	67108868	0	0	0	0
1152	12	3	5	201408784	15728640	0	377896963	2099712
1152	12	3	5	209846544	15728640	0	377896963	2099712
1152	12	1	1	67108882	0	0	0	0
1152	30	22	1	1476395008	0	0	0	0
1152	30	6	1	402653184	0	0	0	0
1152	30	40	1	2689597440	0	0	0	0
1152	30	40	1	2692743168	0	0	0	0
1152	30	0	1	0	0	0	0	0
1153	0	2	1	134217735	0	0	0	0
1153	7	22	1	1476395033	0	0	0	0
1153	7	32	1	2147483652	0	0	0	0
1153	7	19	1	1275068458	0	0	0	0
1153	7	3	5	201326736	23592960	4292345856	3917889679	2228224
1153	7	3	5	209715344	22282240	3276800	3917889679	2228224
1153	7	1	1	67108867	0	0	0	0
1153	10	6	1	402653184	0	0	0	0
1153	10	1	1	67108867	0	0	0	0
1153	13	33	1	2214592512	0	0	0	0
1153	13	19	1	1275068458	0	0	0	0
1153	13	3	5	201326736	23592960	4292345856	3917889679	2228224
1153	13	3	5	209715344	22282240	3276800	3917889679	2228224
1153	13	1	1	67108867	0	0	0	0
1153	16	6	1	402653184	0	0	0	0
1153	16	1	1	67108867	0	0	0	0
1153	19	33	1	2214592512	0	0	0	0
1153	19	19	1	1275068458	0	0	0	0
1153	19	3	5	201326736	23592960	4292345856	3917889679	2228224
1153	19	3	5	209715344	22282240	3276800	3917889679	2228224
1153	19	1	1	67108867	0	0	0	0
1153	22	6	1	402653184	0	0	0	0
1153	22	1	1	67108867	0	0	0	0
1153	25	33	1	2214592512	0	0	0	0
1153	25	19	1	1275068458	0	0	0	0
1153	25	3	5	201326736	23592960	4292345856	3917889679	2228224
1153	25	3	5	209715344	22282240	3276800	3917889679	2228224
1153	25	1	1	67108867	0	0	0	0
1153	28	6	1	402653184	0	0	0	0
1153	28	1	1	67108867	0	0	0	0
1153	31	33	1	2214592512	0	0	0	0
1153	31	1	1	67108865	0	0	0	0
1153	32	19	1	1275068457	0	0	0	0
1153	32	3	5	201326800	23592960	4292345856	3917807619	4327936
1153	32	3	5	209715408	22282240	3276800	3917807619	4327936
1153	32	1	1	67108870	0	0	0	0
1153	38	22	1	1476395008	0	0	0	0
1153	38	6	1	402653184	0	0	0	0
1153	38	0	1	0	0	0	0	0
1154	0	47	1	3154116612	0	0	0	0
1154	0	14	1	939524173	0	0	0	0
1154	0	40	1	2689597441	0	0	0	0
1154	0	40	1	2692743169	0	0	0	0
1154	0	38	4	2550150144	0	0	0	0
1154	0	1	1	67108874	0	0	0	0
1154	10	40	1	2689597440	0	0	0	0
1154	10	40	1	2692743168	0	0	0	0
1154	10	1	1	67108870	0	0	0	0
1154	16	47	1	3154116608	0	0	0	0
1154	16	0	1	0	0	0	0	0
1155	0	43	1	2885681153	0	0	0	0
1155	0	40	1	2687500289	0	0	0	0
1155	0	40	1	2695888897	0	0	0	0
1155	0	17	1	1140851445	0	0	0	0
1155	0	14	1	939524865	0	0	0	0
1155	0	32	1	2147483654	0	0	0	0
1155	0	1	1	67108869	0	0	0	0
1155	5	38	4	2560640000	4268752896	0	0	0
1155	5	1	1	67108870	0	0	0	0
1155	11	33	1	2214592512	0	0	0	0
1155	11	1	1	67108869	0	0	0	0
1155	16	38	4	2560640000	4268752896	0	0	0
1155	16	1	1	67108870	0	0	0	0
1155	22	33	1	2214592512	0	0	0	0
1155	22	1	1	67108869	0	0	0	0
1155	27	38	4	2560640000	4268752896	0	0	0
1155	27	1	1	67108870	0	0	0	0
1155	33	33	1	2214592512	0	0	0	0
1155	33	1	1	67108869	0	0	0	0
1155	38	38	4	2560640000	4268752896	0	0	0
1155	38	1	1	67108870	0	0	0	0
1155	44	33	1	2214592512	0	0	0	0
1155	44	1	1	67108869	0	0	0	0
1155	49	38	4	2560640000	4268752896	0	0	0
1155	49	1	1	67108870	0	0	0	0
1155	55	33	1	2214592512	0	0	0	0
1155	55	1	1	67108869	0	0	0	0
1155	60	38	4	2560640000	4268752896	0	0	0
1155	60	1	1	67108870	0	0	0	0
1155	66	33	1	2214592512	0	0	0	0
1155	66	1	1	67108865	0	0	0	0
1155	67	38	4	2550166528	4288413816	50	3276850	0
1155	67	1	1	67108866	0	0	0	0
1155	69	40	1	2687500288	0	0	0	0
1155	69	40	1	2695888896	0	0	0	0
1155	69	38	4	2550166528	13107400	50	3276850	0
1155	69	38	4	2550170624	0	0	0	0
1155	69	43	1	2885681157	0	0	0	0
1155	69	44	1	2956460032	0	0	0	0
1155	69	14	1	939524097	0	0	0	0
1155	69	14	1	939524232	0	0	0	0
1155	69	23	1	1543503873	0	0	0	0
1155	69	1	1	67108916	0	0	0	0
1155	121	43	1	2885681155	0	0	0	0
1155	121	0	1	0	0	0	0	0
1156	0	49	1	3288334345	0	0	0	0
1156	0	38	4	2554887168	0	0	0	0
1156	0	38	4	2550159360	0	0	0	0
1156	0	2	1	134217739	0	0	0	0
1156	11	43	1	2885681156	0	0	0	0
1156	11	23	1	1543503874	0	0	0	0
1156	11	17	1	1140851451	0	0	0	0
1156	11	19	1	1275068457	0	0	0	0
1156	11	44	1	2968780812	0	0	0	0
1156	11	38	4	2550156288	0	4283170816	0	0
1156	11	14	1	939524217	0	0	0	0
1156	11	28	1	1883242498	0	0	0	0
1156	11	28	1	1883766786	0	0	0	0
1156	11	3	5	201392576	18350095	65516	1514553347	4330496
1156	11	52	1	3523215361	0	0	0	0
1156	11	1	1	67108872	0	0	0	0
1156	19	14	1	939524217	0	0	0	0
1156	19	1	1	67108868	0	0	0	0
1156	23	27	1	1811939329	0	0	0	0
1156	23	3	5	201392448	13107215	65516	1514594307	4330496
1156	23	52	1	3523215361	0	0	0	0
1156	23	1	1	67108868	0	0	0	0
1156	27	14	1	939524217	0	0	0	0
1156	27	1	1	67108872	0	0	0	0
1156	35	14	1	939524217	0	0	0	0
1156	35	2	1	134217765	0	0	0	0
1156	37	23	1	1543503872	0	0	0	0
1156	37	6	1	402653184	0	0	0	0
1156	37	43	1	2885681152	0	0	0	0
1156	37	1	1	67108872	0	0	0	0
1156	45	14	1	939524224	0	0	0	0
1156	45	32	1	2147483651	0	0	0	0
1156	45	38	4	2550148096	0	4288413696	0	0
1156	45	1	1	67108868	0	0	0	0
1156	49	33	1	2214592512	0	0	0	0
1156	49	38	4	2550148096	0	4288413696	0	0
1156	49	1	1	67108868	0	0	0	0
1156	53	33	1	2214592512	0	0	0	0
1156	53	38	4	2550148096	0	4288413696	0	0
1156	53	1	1	67108868	0	0	0	0
1156	57	33	1	2214592512	0	0	0	0
1156	57	0	1	0	0	0	0	0
1157	0	49	1	3288334345	0	0	0	0
1157	0	38	4	2554887168	0	0	0	0
1157	0	38	4	2550159360	0	0	0	0
1157	0	2	1	134217739	0	0	0	0
1157	11	43	1	2885681156	0	0	0	0
1157	11	22	1	1476395009	0	0	0	0
1157	11	23	1	1543503874	0	0	0	0
1157	11	17	1	1140851451	0	0	0	0
1157	11	19	1	1275068457	0	0	0	0
1157	11	44	1	2968780812	0	0	0	0
1157	11	38	4	2550156288	0	4283170816	0	0
1157	11	28	1	1883242498	0	0	0	0
1157	11	28	1	1883766786	0	0	0	0
1157	11	3	5	201392576	18350095	65516	1514553347	4330496
1157	11	52	1	3523215361	0	0	0	0
1157	11	2	1	134217751	0	0	0	0
1157	23	27	1	1811939329	0	0	0	0
1157	23	3	5	201392448	13107215	65516	1514594307	4330496
1157	23	52	1	3523215361	0	0	0	0
1157	23	2	1	134217765	0	0	0	0
1157	37	23	1	1543503872	0	0	0	0
1157	37	6	1	402653184	0	0	0	0
1157	37	43	1	2885681152	0	0	0	0
1157	37	0	1	0	0	0	0	0
1158	0	49	1	3288580103	0	0	0	0
1158	0	38	4	2550159360	0	0	0	0
1158	0	2	1	134217732	0	0	0	0
1158	4	22	1	1476395010	0	0	0	0
1158	4	1	1	67108865	0	0	0	0
1158	5	17	1	1140851440	0	0	0	0
1158	5	14	1	939524288	0	0	0	0
1158	5	23	1	1543503874	0	0	0	0
1158	5	32	1	2147483651	0	0	0	0
1158	5	19	1	1275068635	0	0	0	0
1158	5	3	5	201326640	13107200	17039510	440401927	2236544
1158	5	3	5	209715248	13107200	17104746	524288007	2238464
1158	5	3	5	218103856	13107200	6553600	419430407	2242304
1158	5	1	1	67108866	0	0	0	0
1158	7	6	1	402653184	0	0	0	0
1158	7	1	1	67108866	0	0	0	0
1158	9	19	1	1275068635	0	0	0	0
1158	9	11	1	738197504	0	0	0	0
1158	9	11	1	738197505	0	0	0	0
1158	9	11	1	738197506	0	0	0	0
1158	9	1	1	67108866	0	0	0	0
1158	11	6	1	402653184	0	0	0	0
1158	11	1	1	67108866	0	0	0	0
1158	13	38	4	2550148096	0	100	6553700	0
1158	13	33	1	2214592512	0	0	0	0
1158	13	19	1	1275068635	0	0	0	0
1158	13	3	5	201326640	13107200	17039510	440401927	2236544
1158	13	3	5	209715248	13107200	17104746	524288007	2238464
1158	13	3	5	218103856	13107200	6553600	419430407	2242304
1158	13	1	1	67108866	0	0	0	0
1158	15	6	1	402653184	0	0	0	0
1158	15	1	1	67108866	0	0	0	0
1158	17	19	1	1275068635	0	0	0	0
1158	17	11	1	738197504	0	0	0	0
1158	17	11	1	738197505	0	0	0	0
1158	17	11	1	738197506	0	0	0	0
1158	17	1	1	67108866	0	0	0	0
1158	19	6	1	402653184	0	0	0	0
1158	19	1	1	67108866	0	0	0	0
1158	21	38	4	2550148096	0	100	6553700	0
1158	21	33	1	2214592512	0	0	0	0
1158	21	19	1	1275068635	0	0	0	0
1158	21	3	5	201326640	13107200	17039510	440401927	2236544
1158	21	3	5	209715248	13107200	17104746	524288007	2238464
1158	21	3	5	218103856	13107200	6553600	419430407	2242304
1158	21	1	1	67108866	0	0	0	0
1158	23	6	1	402653184	0	0	0	0
1158	23	1	1	67108866	0	0	0	0
1158	25	19	1	1275068635	0	0	0	0
1158	25	11	1	738197504	0	0	0	0
1158	25	11	1	738197505	0	0	0	0
1158	25	11	1	738197506	0	0	0	0
1158	25	1	1	67108866	0	0	0	0
1158	27	6	1	402653184	0	0	0	0
1158	27	1	1	67108866	0	0	0	0
1158	29	38	4	2550148096	0	100	6553700	0
1158	29	33	1	2214592512	0	0	0	0
1158	29	19	1	1275068635	0	0	0	0
1158	29	11	1	738197504	0	0	0	0
1158	29	11	1	738197505	0	0	0	0
1158	29	11	1	738197506	0	0	0	0
1158	29	1	1	67108866	0	0	0	0
1158	31	6	1	402653184	0	0	0	0
1158	31	1	1	67108865	0	0	0	0
1158	32	40	1	2689597441	0	0	0	0
1158	32	40	1	2692743169	0	0	0	0
1158	32	1	1	67108865	0	0	0	0
1158	33	23	1	1543503876	0	0	0	0
1158	33	22	1	1476395009	0	0	0	0
1158	33	19	1	1275068458	0	0	0	0
1158	33	3	5	201326864	19660800	21627030	1514409987	4201984
1158	33	3	5	209715472	19660800	21692266	1514409987	4201984
1158	33	3	5	218104080	16384000	7864320	1514409987	4201984
1158	33	1	1	67108872	0	0	0	0
1158	41	6	1	402653184	0	0	0	0
1158	41	1	1	67108876	0	0	0	0
1158	53	23	1	1543503872	0	0	0	0
1158	53	40	1	2689597440	0	0	0	0
1158	53	40	1	2692743168	0	0	0	0
1158	53	0	1	0	0	0	0	0
1159	0	49	1	3288334346	0	0	0	0
1159	0	38	4	2550159360	0	0	0	0
1159	0	38	4	2550171648	0	0	0	0
1159	0	14	1	939524271	0	0	0	0
1159	0	14	1	939524375	0	0	0	0
1159	0	14	1	939524385	0	0	0	0
1159	0	3	5	201326800	29491200	6553800	377896978	105000192
1159	0	3	5	209715408	29491200	6618936	377896978	105000192
1159	0	1	1	67108872	0	0	0	0
1159	8	6	1	402653184	0	0	0	0
1159	8	0	1	0	0	0	0	0
1160	0	2	1	134217730	0	0	0	0
1160	2	38	4	2550150144	65476	0	0	0
1160	2	2	1	134217731	0	0	0	0
1160	3	14	1	939524179	0	0	0	0
1160	3	21	1	1409286145	0	0	0	0
1160	3	2	1	134217745	0	0	0	0
1160	17	38	4	2550209536	140	0	0	0
1160	17	20	1	1342177280	0	0	0	0
1160	17	2	1	134217754	0	0	0	0
1160	26	22	1	1476395009	0	0	0	0
1160	26	23	1	1543503874	0	0	0	0
1160	26	52	1	3489726464	0	0	0	0
1160	26	3	5	201368016	22937600	0	273080323	71440640
1160	26	19	1	1275068457	0	0	0	0
1160	26	1	1	67108894	0	0	0	0
1160	56	52	1	3489742720	0	0	0	0
1160	56	1	1	67108872	0	0	0	0
1160	64	23	1	1543503872	0	0	0	0
1160	64	6	1	402653184	0	0	0	0
1160	64	0	1	0	0	0	0	0
1161	0	38	4	2550148096	0	4287102976	0	0
1161	0	2	1	134217731	0	0	0	0
1161	3	14	1	939524179	0	0	0	0
1161	3	2	1	134217745	0	0	0	0
1161	17	38	4	2550209536	140	0	0	0
1161	17	20	1	1342177280	0	0	0	0
1161	17	2	1	134217754	0	0	0	0
1161	26	22	1	1476395009	0	0	0	0
1161	26	23	1	1543503874	0	0	0	0
1161	26	52	1	3489726464	0	0	0	0
1161	26	3	5	201368016	22937600	0	273080323	71440640
1161	26	19	1	1275068457	0	0	0	0
1161	26	1	1	67108894	0	0	0	0
1161	56	52	1	3489742720	0	0	0	0
1161	56	1	1	67108872	0	0	0	0
1161	64	23	1	1543503872	0	0	0	0
1161	64	6	1	402653184	0	0	0	0
1161	64	0	1	0	0	0	0	0
1162	0	0	1	0	0	0	0	0
1163	0	47	1	3154116611	0	0	0	0
1163	0	48	1	3221225472	0	0	0	0
1163	0	40	1	2693267456	0	0	0	0
1163	0	2	1	134217738	0	0	0	0
1163	10	38	4	2559081472	5898240	0	0	0
1163	10	19	1	1275068676	0	0	0	0
1163	10	3	5	201441459	15073430	0	1514553347	4849664
1163	10	1	1	67108868	0	0	0	0
1163	14	6	1	402653184	0	0	0	0
1163	14	2	1	134217743	0	0	0	0
1163	15	38	4	2550156288	0	4280549376	0	0
1163	15	21	1	1409286145	0	0	0	0
1163	15	49	1	3288334342	0	0	0	0
1163	15	14	1	939524281	0	0	0	0
1163	15	2	1	134217765	0	0	0	0
1163	37	48	1	3221225473	0	0	0	0
1163	37	40	1	2693791743	0	0	0	0
1163	37	0	1	0	0	0	0	0
1164	0	48	1	3221225472	0	0	0	0
1164	0	40	1	2693267456	0	0	0	0
1164	0	2	1	134217738	0	0	0	0
1164	10	38	4	2559081472	5898240	0	0	0
1164	10	19	1	1275068676	0	0	0	0
1164	10	3	5	201441459	15073430	0	1514553347	4849664
1164	10	1	1	67108868	0	0	0	0
1164	14	6	1	402653184	0	0	0	0
1164	14	2	1	134217743	0	0	0	0
1164	15	38	4	2550153216	0	4280549376	0	0
1164	15	21	1	1409286145	0	0	0	0
1164	15	49	1	3288334342	0	0	0	0
1164	15	14	1	939524281	0	0	0	0
1164	15	2	1	134217765	0	0	0	0
1164	37	48	1	3221225473	0	0	0	0
1164	37	40	1	2693791743	0	0	0	0
1164	37	0	1	0	0	0	0	0
1165	0	40	1	2692743170	0	0	0	0
1165	0	40	1	2689597442	0	0	0	0
1165	0	49	1	3288334345	0	0	0	0
1165	0	38	4	2550159360	0	0	0	0
1165	0	2	1	134217745	0	0	0	0
1165	17	22	1	1476395010	0	0	0	0
1165	17	1	1	67108865	0	0	0	0
1165	18	14	1	939524288	0	0	0	0
1165	18	23	1	1543503874	0	0	0	0
1165	18	44	1	2978742272	0	0	0	0
1165	18	32	1	2147483651	0	0	0	0
1165	18	19	1	1275068635	0	0	0	0
1165	18	3	5	201326707	17039360	9895886	419840303	2752512
1165	18	3	5	209715315	17039360	14680160	419840303	2752512
1165	18	3	5	218103923	0	20971712	419840303	2752512
1165	18	1	1	67108869	0	0	0	0
1165	23	0	1	0	0	0	0	0
1166	0	48	1	3221225472	0	0	0	0
1166	0	40	1	2692743170	0	0	0	0
1166	0	40	1	2689597442	0	0	0	0
1166	0	23	1	1543503876	0	0	0	0
1166	0	1	1	67108865	0	0	0	0
1166	1	19	1	1275068635	0	0	0	0
1166	1	22	1	1476395009	0	0	0	0
1166	1	19	1	1275068458	0	0	0	0
1166	1	1	1	67108865	0	0	0	0
1166	2	29	1	1946157059	0	0	0	0
1166	2	38	4	2550168576	0	0	0	0
1166	2	3	5	201327123	13107200	6750095	1514655747	4852224
1166	2	3	5	209715731	13107200	15728740	1514655747	4852224
1166	2	3	5	218104339	13107200	4194512	1514655747	4852224
1166	2	1	1	67108867	0	0	0	0
1166	5	6	1	402653184	0	0	0	0
1166	5	29	1	1946157057	0	0	0	0
1166	5	1	1	67108866	0	0	0	0
1166	7	21	1	1409286146	0	0	0	0
1166	7	1	1	67108869	0	0	0	0
1166	12	21	1	1409286147	0	0	0	0
1166	12	1	1	67108873	0	0	0	0
1166	21	23	1	1543503872	0	0	0	0
1166	21	40	1	2689597440	0	0	0	0
1166	21	40	1	2692743168	0	0	0	0
1166	21	48	1	3221225473	0	0	0	0
1166	21	0	1	0	0	0	0	0
1167	0	47	1	3154116611	0	0	0	0
1167	0	44	1	2962489344	0	0	0	0
1167	0	0	1	0	0	0	0	0
1168	0	2	1	134217732	0	0	0	0
1168	4	38	4	2550153216	0	0	0	0
1168	4	14	1	939524107	0	0	0	0
1168	4	17	1	1140851625	0	0	0	0
1168	4	29	1	1946157059	0	0	0	0
1168	4	2	1	134217748	0	0	0	0
1168	20	29	1	1946157057	0	0	0	0
1168	20	22	1	1476395009	0	0	0	0
1168	20	0	1	0	0	0	0	0
1169	0	2	1	134217732	0	0	0	0
1169	4	38	4	2550152192	0	0	0	0
1169	4	14	1	939524107	0	0	0	0
1169	4	17	1	1140851625	0	0	0	0
1169	4	29	1	1946157059	0	0	0	0
1169	4	2	1	134217748	0	0	0	0
1169	20	29	1	1946157057	0	0	0	0
1169	20	0	1	0	0	0	0	0
1170	0	49	1	3288334345	0	0	0	0
1170	0	47	1	3154116611	0	0	0	0
1170	0	29	1	1946157059	0	0	0	0
1170	0	38	4	2550156288	0	4283170816	0	0
1170	0	38	4	2550168576	240	13107200	0	0
1170	0	14	1	939524285	0	0	0	0
1170	0	3	5	201326818	26214400	15728640	251904003	531968
1170	0	1	1	67108866	0	0	0	0
1170	2	29	1	1946157057	0	0	0	0
1170	2	6	1	402653184	0	0	0	0
1170	2	0	1	0	0	0	0	0
1171	0	18	1	1207960482	0	0	0	0
1171	0	43	1	2885681153	0	0	0	0
1171	0	47	1	3154116611	0	0	0	0
1171	0	38	4	2550228992	130	240	15728880	0
1171	0	1	1	67108874	0	0	0	0
1172	0	17	1	1140851624	0	0	0	0
1172	0	43	1	2885681153	0	0	0	0
1172	0	43	1	2886729729	0	0	0	0
1172	0	38	4	2616756224	0	0	0	0
1172	0	29	1	1946157059	0	0	0	0
1173	0	47	1	3154116611	0	0	0	0
1173	0	17	1	1140851614	0	0	0	0
1173	0	43	1	2885681153	0	0	0	0
1173	0	43	1	2886729729	0	0	0	0
1173	0	32	1	2147483657	0	0	0	0
1173	0	38	4	2550177792	130	200	17039560	0
1173	0	1	1	67108874	0	0	0	0
1173	10	33	1	2214592512	0	0	0	0
1173	10	38	4	2550177792	130	200	17039560	0
1173	10	1	1	67108874	0	0	0	0
1173	20	33	1	2214592512	0	0	0	0
1173	20	38	4	2550177792	130	200	17039560	0
1173	20	1	1	67108874	0	0	0	0
1173	30	33	1	2214592512	0	0	0	0
1173	30	38	4	2550177792	130	200	17039560	0
1173	30	1	1	67108874	0	0	0	0
1173	40	33	1	2214592512	0	0	0	0
1173	40	38	4	2550177792	130	200	17039560	0
1173	40	1	1	67108874	0	0	0	0
1173	50	33	1	2214592512	0	0	0	0
1173	50	38	4	2550177792	130	200	17039560	0
1173	50	1	1	67108874	0	0	0	0
1173	60	33	1	2214592512	0	0	0	0
1173	60	38	4	2550177792	130	200	17039560	0
1173	60	1	1	67108874	0	0	0	0
1173	70	33	1	2214592512	0	0	0	0
1173	70	38	4	2550177792	130	200	17039560	0
1173	70	1	1	67108874	0	0	0	0
1173	80	33	1	2214592512	0	0	0	0
1173	80	38	4	2550177792	130	200	17039560	0
1173	80	1	1	67108874	0	0	0	0
1173	90	33	1	2214592512	0	0	0	0
1174	0	17	1	1140851627	0	0	0	0
1174	0	0	1	0	0	0	0	0
1175	0	49	1	3288334342	0	0	0	0
1175	0	17	1	1140851629	0	0	0	0
1175	0	0	1	0	0	0	0	0
1176	0	40	1	2689597442	0	0	0	0
1176	0	20	1	1342177280	0	0	0	0
1176	0	2	1	134217732	0	0	0	0
1176	4	29	1	1946157058	0	0	0	0
1176	4	2	1	134217737	0	0	0	0
1176	9	38	4	2550168576	380	20971520	0	0
1176	9	38	4	2550156288	0	4285136896	0	0
1176	9	38	4	2616755200	0	0	0	0
1176	9	23	1	1543503873	0	0	0	0
1176	9	14	1	939524114	0	0	0	0
1176	9	2	1	134217740	0	0	0	0
1176	12	29	1	1946157057	0	0	0	0
1176	12	0	1	0	0	0	0	0
1177	0	20	1	1342177280	0	0	0	0
1177	0	2	1	134217732	0	0	0	0
1177	4	29	1	1946157058	0	0	0	0
1177	4	2	1	134217739	0	0	0	0
1177	11	3	5	201490752	15073420	0	1514512387	21103872
1177	11	3	5	209879360	15073280	0	1514512387	21103872
1177	11	38	4	2550168576	320	4272685056	0	0
1177	11	38	4	2550156288	0	4285136896	0	0
1177	11	38	4	2616755200	0	0	0	0
1177	11	2	1	134217741	0	0	0	0
1177	13	29	1	1946157057	0	0	0	0
1177	13	1	1	67108870	0	0	0	0
1177	19	23	1	1543503874	0	0	0	0
1177	19	14	1	939524114	0	0	0	0
1177	19	6	1	402653184	0	0	0	0
1177	19	0	1	0	0	0	0	0
1178	0	47	1	3154116611	0	0	0	0
1178	0	40	1	2689597442	0	0	0	0
1178	0	2	1	134217731	0	0	0	0
1178	3	3	5	201408659	15073330	0	1514348547	655360
1178	3	3	5	209780883	13107200	655360	1514348547	655360
1178	3	19	1	1275068676	0	0	0	0
1178	3	1	1	67108866	0	0	0	0
1178	5	38	4	2550168576	310	23592960	0	0
1178	5	6	1	402653184	0	0	0	0
1178	5	2	1	134217738	0	0	0	0
1178	10	22	1	1476395009	0	0	0	0
1178	10	40	1	2689597440	0	0	0	0
1178	10	0	1	0	0	0	0	0
1179	0	47	1	3154116611	0	0	0	0
1179	0	40	1	2692743170	0	0	0	0
1179	0	2	1	134217730	0	0	0	0
1179	2	3	5	201449619	15073400	0	293806083	655360
1179	2	3	5	209830035	13107200	655360	293806083	655360
1179	2	19	1	1275068676	0	0	0	0
1179	2	1	1	67108867	0	0	0	0
1179	5	38	4	2550168576	80	21626880	0	0
1179	5	6	1	402653184	0	0	0	0
1179	5	2	1	134217738	0	0	0	0
1179	10	22	1	1476395009	0	0	0	0
1179	10	40	1	2692743168	0	0	0	0
1179	10	0	1	0	0	0	0	0
1180	0	40	1	2692743170	0	0	0	0
1180	0	2	1	134217730	0	0	0	0
1180	2	3	5	201457875	18350130	0	1514553347	2755072
1180	2	3	5	209830099	13107200	0	1514553347	2755072
1180	2	19	1	1275068675	0	0	0	0
1180	2	1	1	67108867	0	0	0	0
1180	5	38	4	2550168576	200	28180480	0	0
1180	5	6	1	402653184	0	0	0	0
1180	5	1	1	67108870	0	0	0	0
1180	11	40	1	2692743168	0	0	0	0
1180	11	0	1	0	0	0	0	0
1181	0	47	1	3154116611	0	0	0	0
1181	0	2	1	134217732	0	0	0	0
1181	4	47	1	3154116612	0	0	0	0
1181	4	2	1	134217732	0	0	0	0
1181	4	3	5	201531792	15073380	0	147128323	2099712
1181	4	3	5	209920400	15138767	0	147128323	2099712
1181	4	19	1	1275068458	0	0	0	0
1181	4	1	1	67108868	0	0	0	0
1181	8	6	1	402653184	0	0	0	0
1181	8	2	1	134217744	0	0	0	0
1181	16	47	1	3154116611	0	0	0	0
1181	16	0	1	0	0	0	0	0
1182	0	47	1	3154116609	0	0	0	0
1182	0	2	1	134217733	0	0	0	0
1182	5	3	5	201523600	14417940	0	335953923	2230784
1182	5	3	5	209920400	19660848	0	335953923	2230784
1182	5	19	1	1275068458	0	0	0	0
1182	5	1	1	67108872	0	0	0	0
1182	13	38	4	2550148096	16	4291756032	0	0
1182	13	6	1	402653184	0	0	0	0
1182	13	0	1	0	0	0	0	0
1183	0	2	1	134217732	0	0	0	0
1183	4	22	1	1476395058	0	0	0	0
1183	4	3	5	201368080	13762560	0	1514512387	4327936
1183	4	3	5	209879568	13762660	0	1514512387	4327936
1183	4	3	5	218309136	11796550	0	1514512387	4327936
1183	4	19	1	1275068458	0	0	0	0
1183	4	1	1	67108868	0	0	0	0
1183	8	3	5	201367952	13762560	0	1514512387	2229504
1183	8	3	5	209879440	13762660	0	1514512387	2229504
1183	8	3	5	218309008	11796550	0	1514512387	2229504
1183	8	1	1	67108892	0	0	0	0
1183	36	22	1	1476395008	0	0	0	0
1183	36	6	1	402653184	0	0	0	0
1183	36	0	1	0	0	0	0	0
1184	0	40	1	2689597442	0	0	0	0
1184	0	2	1	134217732	0	0	0	0
1184	4	22	1	1476395028	0	0	0	0
1184	4	3	5	201392531	15728672	0	1514553347	2752512
1184	4	3	5	209797523	15728656	0	1514553347	2752512
1184	4	19	1	1275068675	0	0	0	0
1184	4	1	1	67108865	0	0	0	0
1184	5	38	4	2550168576	408	27525120	0	0
1184	5	1	1	67108868	0	0	0	0
1184	9	22	1	1476395008	0	0	0	0
1184	9	6	1	402653184	0	0	0	0
1184	9	0	1	0	0	0	0	0
1185	0	2	1	134217737	0	0	0	0
1185	9	22	1	1476395028	0	0	0	0
1185	9	3	5	201368080	14417920	0	1514553347	4326656
1185	9	3	5	209920528	16384120	0	1514553347	4326656
1185	9	3	5	218309136	14417920	0	1514553347	4326656
1185	9	19	1	1275068457	0	0	0	0
1185	9	1	1	67108868	0	0	0	0
1185	13	3	5	201368016	14417920	0	1514553347	4325376
1185	13	3	5	209920464	16384120	0	1514553347	4325376
1185	13	3	5	218309072	14417920	0	1514553347	4325376
1185	13	1	1	67108870	0	0	0	0
1185	19	22	1	1476395008	0	0	0	0
1185	19	6	1	402653184	0	0	0	0
1185	19	0	1	0	0	0	0	0
1186	0	48	1	3221225472	0	0	0	0
1186	0	40	1	2692743170	0	0	0	0
1186	0	2	1	134217733	0	0	0	0
1186	5	22	1	1476395028	0	0	0	0
1186	5	3	5	201441715	15728640	0	294051843	2754432
1186	5	3	5	209830323	20971630	0	294051843	2754432
1186	5	19	1	1275068675	0	0	0	0
1186	5	1	1	67108867	0	0	0	0
1186	8	38	4	2550168576	768	0	0	0
1186	8	1	1	67108867	0	0	0	0
1186	11	22	1	1476395008	0	0	0	0
1186	11	6	1	402653184	0	0	0	0
1186	11	1	1	67108865	0	0	0	0
1186	12	48	1	3221225473	0	0	0	0
1186	12	0	1	0	0	0	0	0
1187	0	48	1	3221225472	0	0	0	0
1187	0	40	1	2692743168	0	0	0	0
1187	0	40	1	2689597440	0	0	0	0
1187	0	2	1	134217735	0	0	0	0
1187	7	22	1	1476395028	0	0	0	0
1187	7	3	5	201392592	16253072	4292804608	3917889539	4325376
1187	7	3	5	209830352	16253072	4292804608	3917889539	4325376
1187	7	3	5	218169808	13107264	4292804608	3917889539	4325376
1187	7	3	5	226607568	13107264	4292804608	3917889539	4325376
1187	7	19	1	1275068457	0	0	0	0
1187	7	1	1	67108868	0	0	0	0
1187	11	8	1	537165824	0	0	0	0
1187	11	8	1	545554432	0	0	0	0
1187	11	8	1	553943040	0	0	0	0
1187	11	8	1	562331648	0	0	0	0
1187	11	9	1	604010496	0	0	0	0
1187	11	9	1	612399104	0	0	0	0
1187	11	9	1	620782592	0	0	0	0
1187	11	9	1	620782592	0	0	0	0
1187	11	1	1	67108874	0	0	0	0
1187	21	22	1	1476395008	0	0	0	0
1187	21	6	1	402653184	0	0	0	0
1187	21	1	1	67108874	0	0	0	0
1187	31	48	1	3221225473	0	0	0	0
1187	31	0	1	0	0	0	0	0
1188	0	2	1	134217736	0	0	0	0
1188	8	38	4	2554362880	0	0	0	0
1188	8	2	1	134217740	0	0	0	0
1188	12	47	1	3154116612	0	0	0	0
1188	12	2	1	134217740	0	0	0	0
1188	12	3	5	201392688	13107200	0	1514553347	4329216
1188	12	3	5	209781296	18350180	0	1514553347	4329216
1188	12	38	4	2550156288	0	4283170816	0	0
1188	12	19	1	1275068457	0	0	0	0
1188	12	20	1	1342177280	0	0	0	0
1188	12	1	1	67108867	0	0	0	0
1188	15	8	1	537329664	0	0	0	0
1188	15	8	1	545718272	0	0	0	0
1188	15	1	1	67108867	0	0	0	0
1188	18	6	1	402653184	0	0	0	0
1188	18	2	1	134217756	0	0	0	0
1188	28	38	4	2550148096	0	4283170816	0	0
1188	28	2	1	134217758	0	0	0	0
1188	30	47	1	3154116611	0	0	0	0
1188	30	0	1	0	0	0	0	0
1189	0	2	1	134217732	0	0	0	0
1189	4	38	4	2550168576	256	4287561728	0	0
1189	4	2	1	134217737	0	0	0	0
1189	9	3	5	201490512	13107200	0	524697943	2228224
1189	9	3	5	209879120	18350150	0	524697943	2228224
1189	9	3	5	218308688	13107200	0	524697943	2228224
1189	9	3	5	226697296	18350150	0	524697943	2228224
1189	9	38	4	2550150144	0	0	0	0
1189	9	17	1	1140851628	0	0	0	0
1189	9	1	1	67108866	0	0	0	0
1189	11	6	1	402653184	0	0	0	0
1189	11	1	1	67108866	0	0	0	0
1189	13	3	5	201327120	19660800	25165824	335880195	4333056
1189	13	3	5	209920528	19660870	0	335880195	4333056
1189	13	3	5	218104336	19660800	37748736	335880195	4333056
1189	13	3	5	226656752	19660870	0	335728643	4335616
1189	13	19	1	1275068457	0	0	0	0
1189	13	1	1	67108870	0	0	0	0
1189	19	6	1	402653184	0	0	0	0
1189	19	1	1	67108871	0	0	0	0
1189	26	38	4	2550148096	16	4291756032	0	0
1189	26	0	1	0	0	0	0	0
1190	0	48	1	3221225472	0	0	0	0
1190	0	40	1	2692743170	0	0	0	0
1190	0	2	1	134217735	0	0	0	0
1190	7	47	1	3154116612	0	0	0	0
1190	7	2	1	134217736	0	0	0	0
1190	8	3	5	201458163	19398656	0	168181763	4853504
1190	8	3	5	209838579	15073280	0	168181763	4853504
1190	8	38	4	2550168576	100	25165824	0	0
1190	8	38	4	2550150144	0	0	0	0
1190	8	19	1	1275068674	0	0	0	0
1190	8	20	1	1342177280	0	0	0	0
1190	8	1	1	67108867	0	0	0	0
1190	11	6	1	402653184	0	0	0	0
1190	11	1	1	67108869	0	0	0	0
1190	16	11	1	738197504	0	0	0	0
1190	16	11	1	738197505	0	0	0	0
1190	16	19	1	1275068674	0	0	0	0
1190	16	38	4	2550168576	100	4270784512	0	0
1190	16	1	1	67108866	0	0	0	0
1190	18	6	1	402653184	0	0	0	0
1190	18	2	1	134217762	0	0	0	0
1190	34	47	1	3154116611	0	0	0	0
1190	34	2	1	134217765	0	0	0	0
1190	37	48	1	3221225473	0	0	0	0
1190	37	0	1	0	0	0	0	0
1191	0	2	1	134217734	0	0	0	0
1191	6	40	1	2692743170	0	0	0	0
1191	6	40	1	2689597442	0	0	0	0
1191	6	47	1	3154116612	0	0	0	0
1191	6	2	1	134217735	0	0	0	0
1191	7	38	4	2550168576	11010328	32768000	0	0
1191	7	3	5	201409011	14417920	0	1514553347	4849664
1191	7	3	5	209846771	14417920	0	1514553347	4849664
1191	7	3	5	218104339	14417920	8388864	1514553347	4849664
1191	7	38	4	2550156288	0	4283170816	0	0
1191	7	19	1	1275068675	0	0	0	0
1191	7	1	1	67108866	0	0	0	0
1191	9	6	1	402653184	0	0	0	0
1191	9	1	1	67108867	0	0	0	0
1191	12	40	1	2692743168	0	0	0	0
1191	12	40	1	2689597440	0	0	0	0
1191	12	2	1	134217752	0	0	0	0
1191	24	47	1	3154116611	0	0	0	0
1191	24	0	1	0	0	0	0	0
1192	0	2	1	134217734	0	0	0	0
1192	6	40	1	2692743170	0	0	0	0
1192	6	40	1	2689597442	0	0	0	0
1192	6	47	1	3154116612	0	0	0	0
1192	6	2	1	134217735	0	0	0	0
1192	7	38	4	2550168576	11010178	32768000	0	0
1192	7	3	5	201408979	14417920	0	1514553347	4849664
1192	7	3	5	209846739	14417920	0	1514553347	4849664
1192	7	3	5	218104307	14417920	8388864	1514553347	4849664
1192	7	38	4	2550156288	0	4283170816	0	0
1192	7	19	1	1275068675	0	0	0	0
1192	7	1	1	67108866	0	0	0	0
1192	9	6	1	402653184	0	0	0	0
1192	9	1	1	67108867	0	0	0	0
1192	12	40	1	2692743168	0	0	0	0
1192	12	40	1	2689597440	0	0	0	0
1192	12	2	1	134217752	0	0	0	0
1192	24	47	1	3154116611	0	0	0	0
1192	24	0	1	0	0	0	0	0
1193	0	2	1	134217734	0	0	0	0
1193	6	40	1	2692743170	0	0	0	0
1193	6	40	1	2689597442	0	0	0	0
1193	6	47	1	3154116612	0	0	0	0
1193	6	2	1	134217735	0	0	0	0
1193	7	38	4	2550168576	11075564	32768000	0	0
1193	7	3	5	201408947	14417920	0	1514553347	4849664
1193	7	3	5	209846707	14417920	0	1514553347	4849664
1193	7	3	5	218104275	14417920	8388864	1514553347	4849664
1193	7	38	4	2550156288	0	4283170816	0	0
1193	7	19	1	1275068675	0	0	0	0
1193	7	1	1	67108866	0	0	0	0
1193	9	6	1	402653184	0	0	0	0
1193	9	1	1	67108867	0	0	0	0
1193	12	40	1	2692743168	0	0	0	0
1193	12	40	1	2689597440	0	0	0	0
1193	12	2	1	134217752	0	0	0	0
1193	24	47	1	3154116611	0	0	0	0
1193	24	0	1	0	0	0	0	0
1194	0	40	1	2692743170	0	0	0	0
1194	0	14	1	939524214	0	0	0	0
1194	0	32	1	2147483650	0	0	0	0
1194	0	38	4	2550148096	0	4287102976	3932160	0
1194	0	1	1	67108870	0	0	0	0
1194	6	33	1	2214592512	0	0	0	0
1194	6	38	4	2550148096	0	4287102976	3932160	0
1194	6	1	1	67108870	0	0	0	0
1194	12	33	1	2214592512	0	0	0	0
1194	12	0	1	0	0	0	0	0
1195	0	40	1	2692743170	0	0	0	0
1195	0	2	1	134217730	0	0	0	0
1195	2	14	1	939524203	0	0	0	0
1195	2	38	4	2550148096	0	3932160	0	0
1195	2	1	1	67108874	0	0	0	0
1195	12	14	1	939524203	0	0	0	0
1195	12	38	4	2550148096	0	3932160	0	0
1195	12	37	1	2483027968	0	0	0	0
1196	0	47	1	3154116612	0	0	0	0
1196	0	2	1	134217738	0	0	0	0
1196	10	3	5	201490768	13828015	0	1514553347	21105792
1196	10	3	5	209879376	13762560	0	1514553347	21103872
1196	10	3	5	218267984	13762640	0	1514553347	21103872
1196	10	38	4	2550156288	0	0	0	0
1196	10	19	1	1275068457	0	0	0	0
1196	10	1	1	67108869	0	0	0	0
1196	15	3	5	201490672	13828015	0	1514553347	21105152
1196	15	3	5	209879280	13762560	0	1514553347	21103872
1196	15	3	5	218267888	13762640	0	1514553347	21103872
1196	15	1	1	67108867	0	0	0	0
1196	18	6	1	402653184	0	0	0	0
1196	18	47	1	3154116608	0	0	0	0
1196	18	0	1	0	0	0	0	0
1197	0	14	1	939524181	0	0	0	0
1197	0	17	1	1140851616	0	0	0	0
1197	0	32	1	2147483650	0	0	0	0
1197	0	38	4	2550148096	0	100	6553700	0
1197	0	1	1	67108870	0	0	0	0
1197	6	33	1	2214592512	0	0	0	0
1197	6	38	4	2550148096	0	100	6553700	0
1197	6	1	1	67108870	0	0	0	0
1197	12	33	1	2214592512	0	0	0	0
1197	12	0	1	0	0	0	0	0
1198	0	17	1	1140851625	0	0	0	0
1198	0	14	1	939524113	0	0	0	0
1198	0	38	4	2550168576	0	0	0	0
1198	0	29	1	1946157059	0	0	0	0
1198	0	2	1	134217752	0	0	0	0
1198	24	29	1	1946157057	0	0	0	0
1198	24	0	1	0	0	0	0	0
1199	0	49	1	3288334343	0	0	0	0
1199	0	38	4	2550180864	0	0	0	0
1199	0	17	1	1140851625	0	0	0	0
1199	0	14	1	939524107	0	0	0	0
1199	0	38	4	2550168576	0	0	0	0
1199	0	29	1	1946157059	0	0	0	0
1199	0	2	1	134217748	0	0	0	0
1199	20	29	1	1946157057	0	0	0	0
1199	20	50	1	3355443207	0	0	0	0
1199	20	0	1	0	0	0	0	0
1200	0	29	1	1946157059	0	0	0	0
1200	0	2	1	134217743	0	0	0	0
1200	15	38	4	2550150144	0	0	0	0
1200	15	3	5	201531600	11796580	0	1514553587	19005440
1200	15	3	5	209920208	11468800	0	1514553587	19005440
1200	15	3	5	218308816	11534223	0	1514553587	19005440
1200	15	1	1	67108866	0	0	0	0
1200	17	6	1	402653184	0	0	0	0
1200	17	1	1	67108867	0	0	0	0
1200	20	3	5	201531600	11796580	0	1514553587	19005440
1200	20	3	5	209920208	11468800	0	1514553587	19005440
1200	20	3	5	218308816	11534223	0	1514553587	19005440
1200	20	29	1	1946157057	0	0	0	0
1200	20	1	1	67108867	0	0	0	0
1200	23	6	1	402653184	0	0	0	0
1200	23	0	1	0	0	0	0	0
1201	0	29	1	1946157059	0	0	0	0
1201	0	2	1	134217743	0	0	0	0
1201	15	38	4	2550150144	0	0	0	0
1201	15	3	5	201441488	11796590	65503	1514553587	19005440
1201	15	3	5	209830096	11468816	0	1514553587	19005440
1201	15	1	1	67108866	0	0	0	0
1201	17	6	1	402653184	0	0	0	0
1201	17	1	1	67108867	0	0	0	0
1201	20	3	5	201490640	13107310	0	1514553587	19005440
1201	20	3	5	209879248	11468800	2097152	1514553587	19005440
1201	20	3	5	218144976	11468816	0	1514553587	19005440
1201	20	29	1	1946157057	0	0	0	0
1201	20	1	1	67108867	0	0	0	0
1201	23	6	1	402653184	0	0	0	0
1201	23	0	1	0	0	0	0	0
1202	0	14	1	939524194	0	0	0	0
1202	0	17	1	1140851424	0	0	0	0
1202	0	38	4	2550150144	0	0	0	0
1202	0	0	1	0	0	0	0	0
1203	0	14	1	939524183	0	0	0	0
1203	0	17	1	1140851425	0	0	0	0
1203	0	32	1	2147483650	0	0	0	0
1203	0	38	4	2550148096	0	100	6553700	0
1203	0	1	1	67108870	0	0	0	0
1203	6	33	1	2214592512	0	0	0	0
1203	6	38	4	2550148096	0	100	6553700	0
1203	6	1	1	67108870	0	0	0	0
1203	12	33	1	2214592512	0	0	0	0
1203	12	0	1	0	0	0	0	0
1204	0	49	1	3288334345	0	0	0	0
1204	0	38	4	2550179840	0	0	0	0
1204	0	17	1	1140851424	0	0	0	0
1204	0	14	1	939524113	0	0	0	0
1204	0	38	4	2550168576	0	0	0	0
1204	0	29	1	1946157059	0	0	0	0
1204	0	2	1	134217752	0	0	0	0
1204	24	29	1	1946157057	0	0	0	0
1204	24	0	1	0	0	0	0	0
1205	0	29	1	1946157059	0	0	0	0
1205	0	38	4	2550168576	0	0	0	0
1205	0	17	1	1140851417	0	0	0	0
1205	0	2	1	134217734	0	0	0	0
1205	6	51	1	3422552064	0	0	0	0
1205	6	2	1	134217735	0	0	0	0
1205	7	3	5	201416851	14417920	200	1514553787	4849664
1205	7	3	5	209797267	10485760	0	1514553787	4849664
1205	7	19	1	1275068675	0	0	0	0
1205	7	38	4	2550156288	65456	4283170816	0	0
1205	7	1	1	67108866	0	0	0	0
1205	9	29	1	1946157057	0	0	0	0
1205	9	1	1	67108867	0	0	0	0
1205	12	6	1	402653184	0	0	0	0
1205	12	1	1	67108866	0	0	0	0
1205	14	51	1	3422814207	0	0	0	0
1205	14	0	1	0	0	0	0	0
1206	0	38	4	2550168576	0	0	0	0
1206	0	29	1	1946157059	0	0	0	0
1206	0	17	1	1140851417	0	0	0	0
1206	0	2	1	134217739	0	0	0	0
1206	11	51	1	3422552064	0	0	0	0
1206	11	2	1	134217740	0	0	0	0
1206	12	3	5	201416851	14417920	240	1514553787	4849664
1206	12	3	5	209797267	10485760	0	1514553787	4849664
1206	12	19	1	1275068675	0	0	0	0
1206	12	38	4	2550156288	65456	4283170816	0	0
1206	12	1	1	67108866	0	0	0	0
1206	14	29	1	1946157057	0	0	0	0
1206	14	1	1	67108868	0	0	0	0
1206	18	6	1	402653184	0	0	0	0
1206	18	29	1	1946157059	0	0	0	0
1206	18	1	1	67108866	0	0	0	0
1206	20	51	1	3422814207	0	0	0	0
1206	20	0	1	0	0	0	0	0
1207	0	47	1	3154116611	0	0	0	0
1207	0	17	1	1140851925	0	0	0	0
1207	0	43	1	2885681153	0	0	0	0
1207	0	43	1	2886729729	0	0	0	0
1207	0	32	1	2147483653	0	0	0	0
1207	0	38	4	2550177792	130	200	17039560	0
1207	0	1	1	67108885	0	0	0	0
1207	21	33	1	2214592512	0	0	0	0
1207	21	38	4	2550177792	130	200	17039560	0
1207	21	1	1	67108885	0	0	0	0
1207	42	33	1	2214592512	0	0	0	0
1207	42	38	4	2550177792	130	200	17039560	0
1207	42	1	1	67108885	0	0	0	0
1207	63	33	1	2214592512	0	0	0	0
1207	63	38	4	2550177792	130	200	17039560	0
1207	63	1	1	67108885	0	0	0	0
1207	84	33	1	2214592512	0	0	0	0
1207	84	38	4	2550177792	130	200	17039560	0
1207	84	1	1	67108885	0	0	0	0
1207	105	33	1	2214592512	0	0	0	0
1208	0	18	1	1207960296	0	0	0	0
1208	0	43	1	2885681154	0	0	0	0
1208	0	47	1	3154116611	0	0	0	0
1208	0	38	4	2550228992	150	240	19661040	0
1208	0	1	1	67108874	0	0	0	0
1209	0	47	1	3154116611	0	0	0	0
1209	0	38	4	2550148096	0	4287102976	3932160	0
1209	0	2	1	134217730	0	0	0	0
1209	2	40	1	2695364608	0	0	0	0
1209	2	40	1	2694840319	0	0	0	0
1209	2	2	1	134217734	0	0	0	0
1209	6	3	5	201441328	19660800	0	1514553347	2097152
1209	6	14	1	939524115	0	0	0	0
1209	6	1	1	67108865	0	0	0	0
1209	7	6	1	402653184	0	0	0	0
1209	7	2	1	134217741	0	0	0	0
1209	13	40	1	2695888895	0	0	0	0
1209	13	40	1	2694316032	0	0	0	0
1209	13	0	1	0	0	0	0	0
1210	0	0	1	0	0	0	0	0
1211	0	17	1	1140851426	0	0	0	0
1211	0	0	1	0	0	0	0	0
1212	0	49	1	3288334342	0	0	0	0
1212	0	2	1	134217732	0	0	0	0
1212	4	38	4	2555935744	3932160	0	0	0
1212	4	40	1	2695364608	0	0	0	0
1212	4	40	1	2694840319	0	0	0	0
1212	4	40	1	2694840320	0	0	0	0
1212	4	40	1	2690646015	0	0	0	0
1212	4	40	1	2689597441	0	0	0	0
1212	4	1	1	67108896	0	0	0	0
1212	36	17	1	1140851431	0	0	0	0
1212	36	1	1	67108939	0	0	0	0
1212	111	17	1	1140851427	0	0	0	0
1212	111	1	1	67108872	0	0	0	0
1212	119	40	1	2689597440	0	0	0	0
1212	119	0	1	0	0	0	0	0
1213	0	47	1	3154116611	0	0	0	0
1213	0	2	1	134217733	0	0	0	0
1213	5	51	1	3422552064	0	0	0	0
1213	5	2	1	134217734	0	0	0	0
1213	6	3	5	201416851	14417920	250	1514348547	656384
1213	6	3	5	209797267	10485760	0	1514348547	656384
1213	6	19	1	1275068676	0	0	0	0
1213	6	1	1	67108868	0	0	0	0
1213	10	6	1	402653184	0	0	0	0
1213	10	38	4	2555935744	0	11796570	5898330	0
1213	10	2	1	134217738	0	0	0	0
1213	10	22	1	1476395009	0	0	0	0
1213	10	2	1	134217740	0	0	0	0
1213	12	51	1	3422814207	0	0	0	0
1213	12	0	1	0	0	0	0	0
1214	0	47	1	3154116611	0	0	0	0
1214	0	2	1	134217733	0	0	0	0
1214	5	51	1	3422552064	0	0	0	0
1214	5	2	1	134217734	0	0	0	0
1214	6	3	5	201416787	14417920	250	1514348547	656384
1214	6	3	5	209797203	10485760	0	1514348547	656384
1214	6	19	1	1275068676	0	0	0	0
1214	6	1	1	67108866	0	0	0	0
1214	8	6	1	402653184	0	0	0	0
1214	8	38	4	2555935744	0	11796570	5898330	0
1214	8	1	1	67108866	0	0	0	0
1214	10	51	1	3422814207	0	0	0	0
1214	10	2	1	134217742	0	0	0	0
1214	14	22	1	1476395009	0	0	0	0
1214	14	0	1	0	0	0	0	0
1215	0	38	4	2550148096	0	3932160	0	0
1215	0	20	1	1342177280	0	0	0	0
1215	0	40	1	2694840320	0	0	0	0
1215	0	40	1	2690646015	0	0	0	0
1215	0	40	1	2695364608	0	0	0	0
1215	0	40	1	2694840319	0	0	0	0
1215	0	52	1	3489742528	0	0	0	0
1215	0	52	1	3540008967	0	0	0	0
1215	0	1	1	67108868	0	0	0	0
1215	4	52	1	3489742720	0	0	0	0
1215	4	52	1	3540008872	0	0	0	0
1215	4	3	5	201326928	18350080	9830480	1514553347	2230784
1215	4	38	4	2550148096	0	3932160	0	0
1215	4	1	1	67108868	0	0	0	0
1215	8	8	1	537067520	0	0	0	0
1215	8	9	1	620790272	0	0	0	0
1215	8	2	1	134217740	0	0	0	0
1215	12	19	1	1275068458	0	0	0	0
1215	12	38	4	2550148096	0	3932160	0	0
1215	12	52	1	3540008906	0	0	0	0
1215	12	2	1	134217744	0	0	0	0
1215	16	6	1	402653184	0	0	0	0
1215	16	38	4	2550148096	0	3932160	0	0
1215	16	52	1	3489742688	0	0	0	0
1215	16	2	1	134217754	0	0	0	0
1215	26	40	1	2695364607	0	0	0	0
1215	26	40	1	2690121728	0	0	0	0
1215	26	40	1	2695888895	0	0	0	0
1215	26	40	1	2694316032	0	0	0	0
1215	26	1	1	67108868	0	0	0	0
1215	30	52	1	3539992576	0	0	0	0
1215	30	0	1	0	0	0	0	0
1216	0	52	1	3489677248	0	0	0	0
1216	0	47	1	3154116611	0	0	0	0
1216	0	2	1	134217740	0	0	0	0
1216	12	51	1	3422552064	0	0	0	0
1216	12	2	1	134217742	0	0	0	0
1216	14	52	1	3489677184	0	0	0	0
1216	14	17	1	1140851424	0	0	0	0
1216	14	3	5	201417267	17039360	280	1514553347	4849664
1216	14	3	5	209797651	11796480	0	1514553347	4849664
1216	14	38	4	2550148096	0	4288413696	5242980	0
1216	14	19	1	1275068674	0	0	0	0
1216	14	1	1	67108866	0	0	0	0
1216	16	38	4	2550168576	300	26214400	0	0
1216	16	1	1	67108868	0	0	0	0
1216	20	6	1	402653184	0	0	0	0
1216	20	1	1	67108866	0	0	0	0
1216	22	51	1	3422814207	0	0	0	0
1216	22	0	1	0	0	0	0	0
1217	0	52	1	3489677190	0	0	0	0
1217	0	47	1	3154116611	0	0	0	0
1217	0	2	1	134217735	0	0	0	0
1217	7	51	1	3422552064	0	0	0	0
1217	7	2	1	134217736	0	0	0	0
1217	8	3	5	201416979	13107200	240	331759619	4852224
1217	8	3	5	209797395	10485760	0	331759619	4852224
1217	8	19	1	1275068675	0	0	0	0
1217	8	1	1	67108873	0	0	0	0
1217	17	38	4	2550168576	60	4271374336	0	0
1217	17	6	1	402653184	0	0	0	0
1217	17	1	1	67108866	0	0	0	0
1217	19	51	1	3422814207	0	0	0	0
1217	19	0	1	0	0	0	0	0
1218	0	52	1	3489677312	0	0	0	0
1218	0	47	1	3154116611	0	0	0	0
1218	0	2	1	134217736	0	0	0	0
1218	8	38	4	2555935744	0	11796480	0	0
1218	8	47	1	3154116612	0	0	0	0
1218	8	51	1	3422552064	0	0	0	0
1218	8	2	1	134217738	0	0	0	0
1218	10	52	1	3489677184	0	0	0	0
1218	10	2	1	134217740	0	0	0	0
1218	12	3	5	201417075	15728640	250	335851523	2758912
1218	12	3	5	209797491	11796480	0	335851523	2758912
1218	12	19	1	1275068675	0	0	0	0
1218	12	1	1	67108872	0	0	0	0
1218	20	6	1	402653184	0	0	0	0
1218	20	1	1	67108866	0	0	0	0
1218	22	51	1	3422814207	0	0	0	0
1218	22	1	1	67108870	0	0	0	0
1218	28	47	1	3154116611	0	0	0	0
1218	28	52	1	3489677248	0	0	0	0
1218	28	0	1	0	0	0	0	0
1219	0	52	1	3489677209	0	0	0	0
1219	0	20	1	1342177280	0	0	0	0
1219	0	47	1	3154116611	0	0	0	0
1219	0	2	1	134217733	0	0	0	0
1219	5	38	4	2555935744	0	11796480	0	0
1219	5	2	1	134217743	0	0	0	0
1219	15	51	1	3422552064	0	0	0	0
1219	15	2	1	134217744	0	0	0	0
1219	16	3	5	201417299	18350080	270	210161667	2755840
1219	16	3	5	209805907	18350080	130	210161667	2755840
1219	16	3	5	218186323	13107200	0	210161667	2755840
1219	16	19	1	1275068674	0	0	0	0
1219	16	2	1	134217745	0	0	0	0
1219	17	47	1	3154116612	0	0	0	0
1219	17	1	1	67108867	0	0	0	0
1219	20	38	4	2550156288	0	4288413696	0	0
1219	20	3	5	201417043	15728640	270	1514590211	2754816
1219	20	3	5	209805651	15728640	130	1514590211	2754816
1219	20	3	5	218186067	11796480	0	1514590211	2754816
1219	20	1	1	67108870	0	0	0	0
1219	26	6	1	402653184	0	0	0	0
1219	26	1	1	67108866	0	0	0	0
1219	28	51	1	3422814207	0	0	0	0
1219	28	2	1	134217765	0	0	0	0
1219	37	47	1	3154116611	0	0	0	0
1219	37	0	1	0	0	0	0	0
1220	0	20	1	1342177280	0	0	0	0
1220	0	47	1	3154116611	0	0	0	0
1220	0	2	1	134217730	0	0	0	0
1220	2	38	4	2555935744	0	11796480	0	0
1220	2	2	1	134217735	0	0	0	0
1220	7	51	1	3422552064	0	0	0	0
1220	7	2	1	134217737	0	0	0	0
1220	9	3	5	201417299	13107200	180	331735043	4853504
1220	9	3	5	209797715	10485760	0	331735043	4853504
1220	9	19	1	1275068674	0	0	0	0
1220	9	38	4	2550156288	0	4281860096	0	0
1220	9	1	1	67108868	0	0	0	0
1220	13	3	5	201416947	13107200	180	1514553347	656640
1220	13	3	5	209797363	10485760	0	1514553347	656640
1220	13	1	1	67108874	0	0	0	0
1220	23	14	1	939524173	0	0	0	0
1220	23	1	1	67108868	0	0	0	0
1220	27	6	1	402653184	0	0	0	0
1220	27	1	1	67108865	0	0	0	0
1220	28	51	1	3422814207	0	0	0	0
1220	28	0	1	0	0	0	0	0
1221	0	52	1	3489677191	0	0	0	0
1221	0	47	1	3154116611	0	0	0	0
1221	0	2	1	134217734	0	0	0	0
1221	6	47	1	3154116612	0	0	0	0
1221	6	2	1	134217736	0	0	0	0
1221	8	51	1	3422552064	0	0	0	0
1221	8	2	1	134217737	0	0	0	0
1221	9	38	4	2555935744	0	11796570	5898330	0
1221	9	38	4	2550152192	0	9830400	0	0
1221	9	20	1	1342177280	0	0	0	0
1221	9	19	1	1275068674	0	0	0	0
1221	9	3	5	201417139	14417920	260	168181763	4854784
1221	9	3	5	209797555	9830400	0	168181763	4854784
1221	9	1	1	67108869	0	0	0	0
1221	14	6	1	402653184	0	0	0	0
1221	14	1	1	67108866	0	0	0	0
1221	16	51	1	3422814207	0	0	0	0
1221	16	2	1	134217748	0	0	0	0
1221	20	51	1	3422552064	0	0	0	0
1221	20	2	1	134217749	0	0	0	0
1221	21	38	4	2550153216	0	4285136896	0	0
1221	21	38	4	2555935744	0	11796570	5898330	0
1221	21	19	1	1275068674	0	0	0	0
1221	21	3	5	201417139	14417920	260	168181763	4854784
1221	21	3	5	209797555	9830400	0	168181763	4854784
1221	21	1	1	67108867	0	0	0	0
1221	24	6	1	402653184	0	0	0	0
1221	24	1	1	67108866	0	0	0	0
1221	26	51	1	3422814207	0	0	0	0
1221	26	2	1	134217770	0	0	0	0
1221	42	47	1	3154116611	0	0	0	0
1221	42	0	1	0	0	0	0	0
1222	0	2	1	134217732	0	0	0	0
1222	4	22	1	1476395058	0	0	0	0
1222	4	3	5	201589168	15728650	0	1514553347	2230144
1222	4	3	5	209936816	15728700	0	1514553347	2230144
1222	4	3	5	218145200	17039360	0	1514553347	2230144
1222	4	19	1	1275068459	0	0	0	0
1222	4	1	1	67108866	0	0	0	0
1222	6	3	5	201589040	15728650	0	1514553347	132352
1222	6	3	5	209936688	15728700	0	1514553347	132352
1222	6	3	5	218145072	17039360	0	1514553347	132352
1222	6	1	1	67108888	0	0	0	0
1222	30	22	1	1476395008	0	0	0	0
1222	30	6	1	402653184	0	0	0	0
1222	30	0	1	0	0	0	0	0
1223	0	22	1	1476395058	0	0	0	0
1223	0	52	1	3489677280	0	0	0	0
1223	0	2	1	134217742	0	0	0	0
1223	14	51	1	3422552064	0	0	0	0
1223	14	2	1	134217743	0	0	0	0
1223	15	52	1	3489677196	0	0	0	0
1223	15	38	4	2555935744	0	11796570	5898330	0
1223	15	3	5	201417299	18350080	250	1514553347	4850304
1223	15	3	5	209797715	14417920	0	1514553347	4850304
1223	15	19	1	1275068674	0	0	0	0
1223	15	1	1	67108867	0	0	0	0
1223	18	3	5	201417043	11796480	250	1514553347	4849664
1223	18	3	5	209797459	9830400	0	1514553347	4849664
1223	18	19	1	1275068674	0	0	0	0
1223	18	1	1	67108881	0	0	0	0
1223	35	22	1	1476395008	0	0	0	0
1223	35	6	1	402653184	0	0	0	0
1223	35	1	1	67108866	0	0	0	0
1223	37	51	1	3422814207	0	0	0	0
1223	37	52	1	3489677248	0	0	0	0
1223	37	0	1	0	0	0	0	0
1224	0	22	1	1476395058	0	0	0	0
1224	0	52	1	3489677196	0	0	0	0
1224	0	2	1	134217734	0	0	0	0
1224	6	38	4	2555935744	0	11796570	5898330	0
1224	6	3	5	201547984	18350090	0	272773123	2233344
1224	6	3	5	209936592	18350170	0	272773123	2233344
1224	6	3	5	218144976	20316160	0	272773123	2233344
1224	6	19	1	1275068458	0	0	0	0
1224	6	1	1	67108872	0	0	0	0
1224	14	6	1	402653184	0	0	0	0
1224	14	1	1	67108868	0	0	0	0
1224	18	3	5	201588944	18350090	0	1514471427	4329216
1224	18	3	5	209977552	18350170	0	1514471427	4329216
1224	18	3	5	218144976	20316160	0	1514471427	4329216
1224	18	19	1	1275068458	0	0	0	0
1224	18	1	1	67108873	0	0	0	0
1224	27	22	1	1476395008	0	0	0	0
1224	27	6	1	402653184	0	0	0	0
1224	27	52	1	3489677248	0	0	0	0
1224	27	0	1	0	0	0	0	0
1225	0	52	1	3489677196	0	0	0	0
1225	0	2	1	134217732	0	0	0	0
1225	4	51	1	3422552064	0	0	0	0
1225	4	2	1	134217733	0	0	0	0
1225	5	22	1	1476395028	0	0	0	0
1225	5	38	4	2555935744	0	11796570	5898330	0
1225	5	3	5	201417203	19660800	100	294010883	4850304
1225	5	3	5	209797619	13107200	0	294010883	4850304
1225	5	19	1	1275068674	0	0	0	0
1225	5	1	1	67108908	0	0	0	0
1225	49	6	1	402653184	0	0	0	0
1225	49	1	1	67108866	0	0	0	0
1225	51	51	1	3422814207	0	0	0	0
1225	51	1	1	67108872	0	0	0	0
1225	59	22	1	1476395008	0	0	0	0
1225	59	0	1	0	0	0	0	0
1226	0	52	1	3489677190	0	0	0	0
1226	0	2	1	134217732	0	0	0	0
1226	4	51	1	3422552064	0	0	0	0
1226	4	2	1	134217733	0	0	0	0
1226	5	22	1	1476395038	0	0	0	0
1226	5	38	4	2555935744	0	11796570	5898330	0
1226	5	3	5	201409043	13107250	9830400	1514553347	4852224
1226	5	3	5	209797651	13172686	9830400	1514553347	4852224
1226	5	3	5	218186257	19660800	0	3959750659	4852864
1226	5	19	1	1275068674	0	0	0	0
1226	5	2	1	134217735	0	0	0	0
1226	7	40	1	2695364608	0	0	0	0
1226	7	40	1	2694840319	0	0	0	0
1226	7	48	1	3221225472	0	0	0	0
1226	7	2	1	134217793	0	0	0	0
1226	65	6	1	402653184	0	0	0	0
1226	65	22	1	1476395008	0	0	0	0
1226	65	1	1	67108866	0	0	0	0
1226	67	51	1	3422814207	0	0	0	0
1226	67	1	1	67108876	0	0	0	0
1226	79	41	1	2751463424	0	0	0	0
1226	79	48	1	3221225473	0	0	0	0
1226	79	0	1	0	0	0	0	0
1227	0	47	1	3154116611	0	0	0	0
1227	0	2	1	134217733	0	0	0	0
1227	5	51	1	3422552064	0	0	0	0
1227	5	2	1	134217734	0	0	0	0
1227	6	3	5	201416819	14417920	250	1514553347	2753280
1227	6	3	5	209797235	10485760	0	1514553347	2753280
1227	6	19	1	1275068674	0	0	0	0
1227	6	19	1	1275068825	0	0	0	0
1227	6	1	1	67108870	0	0	0	0
1227	12	6	1	402653184	0	0	0	0
1227	12	38	4	2555935744	0	11796570	5898330	0
1227	12	1	1	67108866	0	0	0	0
1227	14	51	1	3422814207	0	0	0	0
1227	14	0	1	0	0	0	0	0
1228	0	52	1	3489677248	0	0	0	0
1228	0	47	1	3154116611	0	0	0	0
1228	0	2	1	134217737	0	0	0	0
1228	9	40	1	2690646015	0	0	0	0
1228	9	40	1	2694840320	0	0	0	0
1228	9	2	1	134217738	0	0	0	0
1228	10	40	1	2690121729	0	0	0	0
1228	10	2	1	134217754	0	0	0	0
1228	26	52	1	3489677216	0	0	0	0
1228	26	40	1	2690646015	0	0	0	0
1228	26	17	1	1140851417	0	0	0	0
1228	26	49	1	3288334342	0	0	0	0
1228	26	38	4	2550150144	0	0	0	0
1228	26	38	4	2555411456	0	0	0	0
1228	26	21	1	1409286145	0	0	0	0
1228	26	2	1	134217766	0	0	0	0
1228	38	40	1	2695364607	0	0	0	0
1228	38	40	1	2690121728	0	0	0	0
1228	38	0	1	0	0	0	0	0
1229	0	52	1	3489677280	0	0	0	0
1229	0	38	4	2550150144	0	0	0	0
1229	0	14	1	939524305	0	0	0	0
1229	0	17	1	1140851420	0	0	0	0
1229	0	44	1	2964324392	0	0	0	0
1229	0	49	1	3288580103	0	0	0	0
1229	0	51	1	3422552064	0	0	0	0
1229	0	2	1	134217734	0	0	0	0
1229	6	22	1	1476395009	0	0	0	0
1229	6	2	1	134217736	0	0	0	0
1229	8	32	1	2147483651	0	0	0	0
1229	8	38	4	2552790016	0	200	3277400	0
1229	8	3	5	201326627	13107200	13107200	591396871	17436416
1229	8	3	5	209715235	14417920	13107500	633339911	17437696
1229	8	3	5	218103843	14417920	13172436	633339911	17437696
1229	8	1	1	67108868	0	0	0	0
1229	12	6	1	402653184	0	0	0	0
1229	12	1	1	67108868	0	0	0	0
1229	16	33	1	2214592512	0	0	0	0
1229	16	38	4	2552790016	0	200	3277400	0
1229	16	3	5	201326627	13107200	13107200	591396871	17436416
1229	16	3	5	209715235	14417920	13107500	633339911	17437696
1229	16	3	5	218103843	14417920	13172436	633339911	17437696
1229	16	1	1	67108868	0	0	0	0
1229	20	6	1	402653184	0	0	0	0
1229	20	1	1	67108868	0	0	0	0
1229	24	33	1	2214592512	0	0	0	0
1229	24	38	4	2552790016	0	200	3277400	0
1229	24	3	5	201326627	13107200	13107200	591396871	17436416
1229	24	3	5	209715235	14417920	13107500	633339911	17437696
1229	24	3	5	218103843	14417920	13172436	633339911	17437696
1229	24	1	1	67108868	0	0	0	0
1229	28	6	1	402653184	0	0	0	0
1229	28	1	1	67108868	0	0	0	0
1229	32	33	1	2214592512	0	0	0	0
1229	32	32	1	2147483651	0	0	0	0
1229	32	38	4	2552790016	0	200	3277400	0
1229	32	11	1	738197504	0	0	0	0
1229	32	11	1	738197505	0	0	0	0
1229	32	11	1	738197506	0	0	0	0
1229	32	1	1	67108868	0	0	0	0
1229	36	6	1	402653184	0	0	0	0
1229	36	1	1	67108868	0	0	0	0
1229	40	33	1	2214592512	0	0	0	0
1229	40	38	4	2552790016	0	200	3277400	0
1229	40	11	1	738197504	0	0	0	0
1229	40	11	1	738197505	0	0	0	0
1229	40	11	1	738197506	0	0	0	0
1229	40	1	1	67108868	0	0	0	0
1229	44	6	1	402653184	0	0	0	0
1229	44	1	1	67108868	0	0	0	0
1229	48	33	1	2214592512	0	0	0	0
1229	48	38	4	2552790016	0	200	3277400	0
1229	48	11	1	738197504	0	0	0	0
1229	48	11	1	738197505	0	0	0	0
1229	48	11	1	738197506	0	0	0	0
1229	48	1	1	67108868	0	0	0	0
1229	52	6	1	402653184	0	0	0	0
1229	52	1	1	67108868	0	0	0	0
1229	56	33	1	2214592512	0	0	0	0
1229	56	52	1	3489677184	0	0	0	0
1229	56	3	5	201326899	16384000	14417920	335953923	4857344
1229	56	3	5	209715507	18350080	14418195	335953923	4857344
1229	56	3	5	218104115	18350080	14483181	335953923	4857344
1229	56	0	1	0	0	0	0	0
1230	0	0	1	0	0	0	0	0
1231	0	52	1	3489677280	0	0	0	0
1231	0	38	4	2550150144	0	0	0	0
1231	0	14	1	939524305	0	0	0	0
1231	0	17	1	1140851420	0	0	0	0
1231	0	44	1	2964324392	0	0	0	0
1231	0	49	1	3288580103	0	0	0	0
1231	0	51	1	3422552064	0	0	0	0
1231	0	2	1	134217734	0	0	0	0
1231	6	22	1	1476395010	0	0	0	0
1231	6	2	1	134217736	0	0	0	0
1231	8	32	1	2147483651	0	0	0	0
1231	8	38	4	2552790016	0	200	3277400	0
1231	8	3	5	201326643	13107200	13107200	293601287	17440256
1231	8	3	5	209715251	14417920	13107450	356515847	17440256
1231	8	3	5	218103859	14417920	13172486	482344967	17441536
1231	8	52	1	3523215361	0	0	0	0
1231	8	1	1	67108868	0	0	0	0
1231	12	6	1	402653184	0	0	0	0
1231	12	1	1	67108868	0	0	0	0
1231	16	33	1	2214592512	0	0	0	0
1231	16	38	4	2552790016	0	200	3277400	0
1231	16	3	5	201326643	13107200	13107200	293601287	17440256
1231	16	3	5	209715251	14417920	13107450	356515847	17440256
1231	16	3	5	218103859	14417920	13172486	482344967	17441536
1231	16	52	1	3523215361	0	0	0	0
1231	16	1	1	67108868	0	0	0	0
1231	20	6	1	402653184	0	0	0	0
1231	20	1	1	67108868	0	0	0	0
1231	24	33	1	2214592512	0	0	0	0
1231	24	38	4	2552790016	0	200	3277400	0
1231	24	3	5	201326643	13107200	13107200	293601287	17440256
1231	24	3	5	209715251	14417920	13107450	356515847	17440256
1231	24	3	5	218103859	14417920	13172486	482344967	17441536
1231	24	52	1	3523215361	0	0	0	0
1231	24	1	1	67108868	0	0	0	0
1231	28	6	1	402653184	0	0	0	0
1231	28	1	1	67108868	0	0	0	0
1231	32	33	1	2214592512	0	0	0	0
1231	32	32	1	2147483651	0	0	0	0
1231	32	38	4	2552790016	0	200	3277400	0
1231	32	3	5	201326643	13107200	13107200	293601287	17438976
1231	32	3	5	209715251	14417920	13107450	356515847	17438976
1231	32	3	5	218103859	14417920	13172486	545259527	17439616
1231	32	52	1	3523215361	0	0	0	0
1231	32	1	1	67108868	0	0	0	0
1231	36	6	1	402653184	0	0	0	0
1231	36	1	1	67108868	0	0	0	0
1231	40	33	1	2214592512	0	0	0	0
1231	40	38	4	2552790016	0	200	3277400	0
1231	40	3	5	201326643	13107200	13107200	293601287	17438976
1231	40	3	5	209715251	14417920	13107450	356515847	17438976
1231	40	3	5	218103859	14417920	13172486	545259527	17439616
1231	40	52	1	3523215361	0	0	0	0
1231	40	1	1	67108868	0	0	0	0
1231	44	6	1	402653184	0	0	0	0
1231	44	1	1	67108868	0	0	0	0
1231	48	33	1	2214592512	0	0	0	0
1231	48	38	4	2552790016	0	200	3277400	0
1231	48	3	5	201326643	13107200	13107200	293601287	17438976
1231	48	3	5	209715251	14417920	13107450	356515847	17438976
1231	48	3	5	218103859	14417920	13172486	545259527	17439616
1231	48	52	1	3523215361	0	0	0	0
1231	48	1	1	67108868	0	0	0	0
1231	52	6	1	402653184	0	0	0	0
1231	52	1	1	67108868	0	0	0	0
1231	56	33	1	2214592512	0	0	0	0
1231	56	52	1	3489677184	0	0	0	0
1231	56	3	5	201326899	16384000	14417920	1514635267	4855424
1231	56	3	5	209715507	18350080	14418195	1514635267	4855424
1231	56	3	5	218104115	18350080	14483181	1514635267	4855424
1231	56	1	1	67108872	0	0	0	0
1231	64	6	1	402653184	0	0	0	0
1231	64	51	1	3422814207	0	0	0	0
1231	64	22	1	1476395009	0	0	0	0
1231	64	0	1	0	0	0	0	0
