SAGAS-DATA	1
fighter	action	animation	flags	script
68	2	4538	-1	-2
68	3	4538	-1	-2
68	5	4497	266338304	-1
68	6	4497	266338304	-1
68	7	4544	-1	-1
68	8	4546	-1	-1
68	9	4497	266338304	-1
68	10	4497	266338304	-1
68	11	4498	0	-1
68	12	4499	0	-1
68	13	4500	0	-1
68	14	4501	-1	-1
68	15	4502	-1	-2
68	16	4503	-1	-1
68	17	4504	-1	-1
68	18	4505	-1	-2
68	19	4506	-1	-1
68	20	4516	-1	-1
68	21	4516	-1	-1
68	22	4507	-1	-2
68	23	4508	266338304	-2
68	24	4509	266338304	-2
68	25	4510	266338304	-2
68	26	4511	-1	-1
68	27	4512	-1	-1
68	28	4513	-1	-1
68	29	4514	-1	-1
68	30	4515	-1	-1
68	31	4516	-1	-1
68	32	4516	-1	-1
68	33	4517	-1	-1
68	34	4517	-1	-1
68	35	4518	266338304	-2
68	36	4519	266338304	-2
68	37	4520	-1	-2
68	38	4521	-1	-2
68	39	4522	-1	-2
68	40	4523	-1	-2
68	41	4524	-1	-2
68	42	4525	-1	-2
68	43	4526	-1	-2
68	44	4527	-1	-2
68	45	4528	-1	-2
68	46	4529	-1	-2
68	47	4530	-1	-2
68	48	4531	-1	-2
68	49	4532	-1	-2
68	50	4532	-1	-2
68	51	4533	-1	-2
68	52	4534	-1	-2
68	53	4535	-1	-2
68	54	4536	-1	-2
68	55	4537	-1	-2
68	56	4538	-1	-2
68	57	4538	-1	-2
68	58	4539	266338304	-1
68	59	4640	266338304	-1
68	60	4538	-1	-1
68	62	4540	-1	-1
68	64	4541	-1	-1
68	65	4542	-1	-1
68	66	4543	-1	-1
68	67	4544	-1	-2
68	68	4545	-1	-2
68	71	4546	-1	-1
68	72	4547	-1	-1
68	73	4548	-1	0
68	74	4549	-1	0
68	75	4550	-1	-1
68	76	4551	-1	-1
68	77	4552	-1	-1
68	78	4553	-1	-1
68	79	4554	266338304	-2
68	80	4555	268435456	-2
68	81	4556	-1	1
68	83	4557	-1	-1
68	84	4558	-1	-1
68	85	4559	-1	-1
68	86	4560	-1	-1
68	87	4561	-1	-1
68	88	4562	-1	-1
68	89	4563	-1	-1
68	90	4564	-1	-1
68	91	4565	-1	-1
68	92	4566	-1	-1
68	93	4567	-1	-2
68	94	4568	-1	-1
68	95	4569	1340080128	-2
68	96	4570	-1	-1
68	97	4571	-1	-1
68	98	4572	-1	-1
68	99	4573	-1	-1
68	100	4574	-1	-1
68	101	4575	-1	-1
68	104	4576	-1	-1
68	105	4577	-1	-1
68	106	4578	-1	-1
68	107	4578	-1	-1
68	108	4579	-1	-1
68	109	4580	-1	-1
68	110	4578	-1	-1
68	111	4578	-1	-1
68	112	4579	-1	-1
68	113	4580	-1	-1
68	114	4581	-1	-1
68	115	4581	-1	-1
68	116	4582	-1	-1
68	117	4583	-1	-1
68	118	4581	-1	-1
68	119	4581	-1	-1
68	120	4582	-1	-1
68	121	4583	-1	-1
68	122	4584	-1	-1
68	123	4584	-1	-1
68	124	4584	-1	-1
68	125	4584	-1	-1
68	126	4585	-1	-1
68	127	4586	-1	-1
68	128	4587	-1	-1
68	129	4588	-1	-1
68	130	4585	-1	-1
68	131	4586	-1	-1
68	132	4587	-1	-1
68	133	4588	-1	-1
68	134	4585	-1	-1
68	135	4586	-1	-1
68	136	4587	-1	-1
68	137	4588	-1	-1
68	138	4585	-1	-1
68	139	4586	-1	-1
68	140	4587	-1	-1
68	141	4588	-1	-1
68	142	4589	-1	-1
68	143	4590	-1	-1
68	144	4589	-1	-1
68	145	4590	-1	-1
68	146	4591	266338304	-1
68	147	4592	266338304	-1
68	148	4592	266338304	-1
68	149	4592	266338304	-1
68	150	4592	266338304	-1
68	151	4592	266338304	-1
68	152	4593	2950692864	-1
68	154	4594	2950692864	-1
68	156	4595	-1	-1
68	157	4596	-1	-1
68	158	4536	-1	2
68	159	4538	-1	-1
68	160	4544	-1	-1
68	161	4545	-1	-1
68	162	4546	-1	-1
68	163	4547	-1	-1
68	164	4597	266338304	3
68	165	4597	266338304	4
68	166	4598	-1	-2
68	167	4599	-1	-1
68	169	4600	-1	-2
68	170	4601	-1	-2
68	171	4602	-1	-2
68	173	4538	-1	-2
68	175	4538	-1	-1
68	176	4538	-1	-1
68	177	4602	-1	-2
68	178	4497	266338304	-1
68	179	4522	-1	-2
68	180	4538	-1	-2
68	181	4603	-1	-2
68	182	4604	-1	-2
68	184	4605	-1	-2
68	185	4606	-1	-2
68	186	4607	-1	-2
68	189	4608	266338304	-2
68	190	4609	-1	-2
68	191	4610	-1	-2
68	192	4611	1340080128	-2
68	193	4612	266338304	-2
68	194	0	-1	-2
68	195	4614	266338304	-2
68	196	0	-1	-2
68	197	4616	266338304	-2
68	199	4617	266338304	-2
68	201	4618	266338304	-2
68	202	0	-1	-1
68	204	4619	266338304	-2
68	206	0	-1	-1
68	207	4620	266338304	-2
68	208	4621	266338304	-2
68	209	4622	266338304	-2
68	210	4623	266338304	-2
68	211	4624	268435456	-2
68	212	4625	266338304	-2
68	213	4626	-1	-2
68	215	4516	-1	-1
68	218	4627	-1	-1
68	216	4516	-1	-1
68	219	4516	-1	-1
68	223	4632	-1	-1
68	224	4633	-1	-1
52	5	2491	-1	-1
52	9	2491	-1	-1
52	6	2491	-1	-1
52	11	2651	-1	-1
52	12	2652	-1	5
52	13	2653	-1	6
52	37	2507	-1	-1
52	38	2508	-1	-1
52	39	2509	-1	-1
52	40	2510	-1	-1
52	41	2511	-1	-1
52	42	2512	-1	-1
52	43	2513	-1	-1
52	44	2514	-1	-1
52	45	2515	-1	-1
52	46	2516	-1	-1
52	47	2517	-1	-1
52	48	2518	-1	-1
52	49	2600	-1	-1
52	50	2600	-1	-1
52	165	2609	-1	7
52	164	2609	-1	8
52	81	2528	-1	9
52	73	2657	-1	10
52	74	2658	-1	10
52	62	2599	-1	-1
52	64	2608	-1	-1
52	28	2538	-1	-1
52	29	2539	-1	-1
52	30	2540	-1	-1
52	66	2524	-1	-1
52	67	2525	-1	-1
52	160	2525	-1	-1
52	7	2525	-1	-1
52	68	2526	-1	-1
52	161	2526	-1	-1
52	71	2527	-1	-1
52	72	2570	-1	-1
52	8	2527	-1	-1
52	162	2527	-1	-1
52	163	2570	-1	-1
52	75	2615	-1	-1
52	76	2625	-1	-1
52	77	2641	-1	-1
52	78	2642	-1	-1
52	80	2656	-1	11
52	79	2677	-1	12
52	84	2578	-1	-1
52	85	2579	-1	-1
52	86	2580	-1	-1
52	89	2628	-1	-1
52	87	2626	-1	-1
52	88	2627	-1	-1
52	90	2629	-1	-1
52	91	2630	-1	-1
52	96	2631	-1	-1
52	97	2632	-1	-1
52	98	2633	-1	-1
52	99	2634	-1	-1
52	92	2574	-1	13
52	93	2575	-1	14
52	94	2576	-1	15
52	95	2577	-1	16
52	51	2643	-1	-1
52	52	2519	-1	-1
52	53	2520	-1	-1
52	54	2521	-1	-1
52	55	2522	-1	-1
52	2	2523	-1	-1
52	3	2523	-1	-1
52	56	2523	-1	-1
52	57	2523	-1	-1
52	60	2523	-1	-1
52	158	2521	-1	17
52	159	2523	-1	-1
52	173	2523	-1	-1
52	175	2523	-1	-1
52	176	2523	-1	-1
52	179	2509	-1	-1
52	180	2523	-1	-1
52	100	2529	-1	-1
52	101	2614	-1	-1
52	104	2530	-1	-1
52	105	2618	-1	-1
52	106	2619	-1	-1
52	107	2619	-1	-1
52	110	2619	-1	-1
52	108	2620	-1	-1
52	112	2620	-1	-1
52	109	2621	-1	-1
52	113	2621	-1	-1
52	114	2622	-1	-1
52	118	2622	-1	-1
52	115	2622	-1	-1
52	119	2622	-1	-1
52	116	2623	-1	-1
52	120	2623	-1	-1
52	117	2624	-1	-1
52	121	2624	-1	-1
52	122	2613	-1	-1
52	123	2613	-1	-1
52	124	2613	-1	-1
52	125	2613	-1	-1
52	142	2542	-1	-1
52	143	2543	-1	-1
52	144	2542	-1	-1
52	145	2543	-1	-1
52	146	2616	-1	-1
52	147	2617	-1	-1
52	148	2617	-1	-1
52	149	2617	-1	-1
52	150	2617	-1	-1
52	151	2617	-1	-1
52	171	2531	-1	-1
52	178	2491	-1	-1
52	177	2531	-1	-1
52	181	2532	-1	-1
52	184	2533	-1	-1
52	185	2534	-1	-1
52	186	2535	-1	-1
52	189	2569	-1	18
52	18	2536	-1	19
52	190	2492	-1	20
52	191	2493	-1	21
52	201	2545	-1	22
52	209	2546	-1	23
52	10	2491	0	-1
52	20	2494	0	-1
52	21	2494	0	-1
52	31	2494	0	-1
52	32	2494	0	-1
52	59	2494	0	-1
52	26	2496	-1	-1
52	27	2573	-1	-1
52	210	2497	-1	24
52	215	2541	-1	-1
52	214	2494	-1	-1
52	219	2494	-1	-1
52	166	2498	268435456	-2
52	204	2500	1073741824	25
52	202	0	0	-2
52	206	0	0	-2
52	208	2654	-1	26
52	167	2499	268435456	27
52	169	2491	0	-2
52	170	2544	268435456	-2
52	182	2635	-1	-1
52	152	2680	-1	-1
52	154	2681	-1	-1
52	34	2682	-1	-1
52	33	2682	-1	-1
52	156	2683	-1	-1
52	157	2684	-1	-1
52	224	2504	-1	28
52	225	2506	-1	29
52	226	2505	-1	30
52	229	2501	1342177280	-2
52	230	2502	1342177280	31
52	232	2503	1342177280	32
52	222	2488	0	33
52	223	2489	0	34
52	228	2495	1	35
52	231	2495	1	35
52	233	2562	1073741824	36
52	58	2490	-1	-1
52	211	2559	-1	37
52	216	2678	-1	-1
52	212	2563	-1	38
52	213	2547	0	39
52	218	2548	0	40
52	199	2549	-1	41
52	207	2553	-1	42
52	35	2551	-1	43
52	36	2550	-1	-1
52	193	2560	-1	44
52	195	2552	-1	45
52	197	2561	-1	46
52	15	2554	-1	47
52	16	2555	-1	48
52	19	2604	-1	49
52	17	2603	-1	-1
52	192	2556	-1	50
52	22	2558	-1	51
52	23	2571	-1	51
52	25	2647	0	52
52	24	2572	-1	52
52	126	2644	-1	-1
52	127	2648	-1	-1
52	128	2645	-1	-1
52	129	2646	-1	-1
52	130	2644	-1	-1
52	131	2648	-1	-1
52	132	2645	-1	-1
52	133	2646	-1	-1
52	134	2644	-1	-1
52	135	2648	-1	-1
52	136	2645	-1	-1
52	137	2646	-1	-1
52	138	2644	-1	-1
52	139	2648	-1	-1
52	140	2645	-1	-1
52	141	2646	-1	-1
52	220	2650	1073741825	53
52	221	2650	1073741825	53
56	35	-1	-1	54
56	158	-1	-1	55
56	152	3206	-1	-1
56	154	3207	-1	-1
56	34	3210	-1	-1
56	33	3210	-1	-1
56	164	3267	-1	56
56	165	3267	-1	57
56	51	3158	-1	-1
56	52	3159	-1	-1
56	53	3160	-1	-1
56	72	3153	-1	-1
56	163	3153	-1	-1
56	7	3156	-1	-1
56	8	3153	-1	-1
56	68	3156	-1	-1
56	161	3156	-1	-1
56	79	3199	-1	58
56	81	-1	-1	59
56	73	3154	-1	60
56	74	3155	-1	60
56	11	3165	-1	61
56	12	3166	-1	-1
56	13	3167	-1	-1
56	15	3113	-1	-1
56	16	3114	-1	-1
56	17	3115	-1	-1
56	19	3116	-1	-1
56	28	3108	-1	-1
56	29	3109	-1	-1
56	30	3110	-1	-1
56	20	3190	-1	-1
56	21	3190	-1	-1
56	31	3190	-1	-1
56	32	3190	-1	-1
56	59	3190	-1	-1
56	219	3190	-1	-1
56	215	3219	-1	-1
56	216	3220	-1	-1
56	27	3196	-1	-1
56	22	3139	-1	62
56	23	3140	-1	62
56	24	3141	-1	63
56	25	3197	-1	63
56	26	3111	-1	-1
56	58	3119	-1	64
56	10	3107	-1	-2
56	6	3107	-1	-1
56	5	3107	-1	-1
56	9	3107	-1	-1
56	178	3107	-1	-1
56	18	3202	-1	-1
56	156	3129	-1	65
56	157	3130	-1	66
56	189	3195	-1	67
56	114	3191	-1	-1
56	115	3191	-1	-1
56	116	3192	-1	-1
56	117	3193	-1	-1
56	118	3191	-1	-1
56	119	3191	-1	-1
56	120	3192	-1	-1
56	121	3193	-1	-1
56	128	3251	-1	-1
56	129	3249	-1	-1
56	126	3136	-1	-1
56	127	3137	-1	-1
56	132	3251	-1	-1
56	133	3249	-1	-1
56	130	3136	-1	-1
56	131	3137	-1	-1
56	136	3251	-1	-1
56	137	3249	-1	-1
56	134	3136	-1	-1
56	135	3137	-1	-1
56	140	3251	-1	-1
56	141	3249	-1	-1
56	138	3136	-1	-1
56	139	3137	-1	-1
56	142	3123	-1	-1
56	144	3123	-1	-1
56	84	3174	-1	-2
56	85	3175	-1	-2
56	86	3176	-1	-1
56	87	3177	-1	-1
56	88	3178	-1	-1
56	89	3179	-1	-1
56	90	3180	-1	-1
56	91	3181	-1	-1
56	92	3182	-1	-1
56	93	3183	-1	68
56	94	3184	-1	69
56	95	3185	-1	-1
56	96	3186	-1	-1
56	97	3187	-1	-1
56	98	3188	-1	-1
56	99	3189	-1	-1
56	166	3161	-1	-2
56	167	3162	-1	-1
56	169	3163	-1	-2
56	170	3164	268435456	-2
56	171	3157	-1	-1
56	177	3157	-1	-1
56	188	712	-1	-1
56	190	3131	-1	70
56	191	3132	-1	71
56	220	3133	-1	72
56	221	3134	-1	73
56	222	3135	-1	74
56	192	3142	-1	75
56	199	3112	0	76
56	193	3147	0	77
56	194	0	0	-2
56	195	3148	0	78
56	196	0	0	-2
56	197	3149	0	79
56	201	3151	0	80
56	208	3143	-1	81
56	204	3146	0	82
56	207	3150	0	83
56	211	3152	0	84
56	210	3120	-1	85
56	213	3138	-1	86
56	209	3144	-1	-1
56	212	3145	-1	87
56	62	5094	-1	-2
56	64	5095	-1	-2
56	223	3209	-1	88
56	224	3209	-1	88
56	227	3117	0	89
56	228	3117	0	90
56	230	3118	0	91
56	236	3122	-1	92
56	239	3127	0	93
56	241	3126	-1	92
56	245	3128	0	93
72	2	4856	-1	-2
72	3	4856	-1	-2
72	5	4814	-1	-2
72	6	4814	-1	-2
72	7	4859	-1	-1
72	8	4861	-1	-1
72	9	4814	-1	-2
72	10	4814	-1	-2
72	11	4815	-1	-1
72	12	4816	-1	-2
72	13	4817	-1	-2
72	14	4818	-1	-1
72	15	4819	-1	94
72	16	4820	-1	95
72	17	4821	-1	-1
72	18	4822	-1	-1
72	19	4823	-1	-1
72	20	4833	-1	-1
72	21	4833	-1	-1
72	22	4824	-1	96
72	23	4825	-1	96
72	24	4826	-1	97
72	25	4827	-1	97
72	26	4828	-1	-1
72	27	4829	-1	-1
72	28	4830	-1	-1
72	29	4831	-1	-1
72	30	4832	-1	-1
72	31	4833	-1	-1
72	32	4833	-1	-1
72	33	4834	-1	-1
72	34	4834	-1	-1
72	35	4835	-1	-1
72	36	4836	-1	-1
72	37	4838	-1	-2
72	38	4839	-1	-2
72	39	4840	-1	-2
72	40	4841	-1	-2
72	41	4842	-1	-2
72	42	4843	-1	-2
72	43	4844	-1	-2
72	44	4845	-1	-2
72	45	4846	-1	-2
72	46	4847	-1	-2
72	47	4848	-1	-2
72	48	4849	-1	-2
72	49	4855	-1	-2
72	50	4855	-1	-2
72	51	4850	-1	-2
72	52	4851	-1	-2
72	53	4852	-1	-2
72	54	4853	-1	-2
72	55	4854	-1	-2
72	56	4856	-1	-2
72	57	4856	-1	-2
72	58	4857	-1	-1
72	59	4833	-1	-1
72	60	4856	-1	-1
72	62	4947	-1	-2
72	64	4948	-1	-1
72	65	4949	-1	-1
72	66	4858	-1	-1
72	67	4859	-1	-2
72	68	4860	-1	-2
72	71	4861	-1	-1
72	72	4862	-1	-1
72	73	4863	-1	98
72	74	4864	-1	98
72	75	4865	-1	99
72	76	4866	-1	99
72	77	4867	-1	99
72	78	4868	-1	99
72	79	4869	-1	-2
72	80	4870	-1	-2
72	81	4871	-1	100
72	83	4872	-1	-1
72	84	4888	-1	101
72	85	4889	-1	102
72	86	4890	-1	-1
72	87	4891	-1	-1
72	88	4892	-1	-1
72	89	4893	-1	-1
72	90	4894	-1	-1
72	91	4895	-1	-1
72	92	4896	-1	-1
72	93	4897	-1	-2
72	94	4898	-1	-1
72	95	4899	-1	-2
72	96	4900	-1	-1
72	97	4901	-1	-1
72	98	4902	-1	-1
72	99	4903	-1	103
72	100	4904	-1	-1
72	101	4913	-1	-1
72	104	4909	-1	-1
72	105	4908	-1	-1
72	106	4905	-1	-1
72	107	4905	-1	-1
72	108	4906	-1	-1
72	109	4907	-1	-1
72	110	4905	-1	-1
72	111	4905	-1	-1
72	112	4906	-1	-1
72	113	4907	-1	-1
72	114	4910	-1	-1
72	115	4910	-1	-1
72	116	4911	-1	-1
72	117	4912	-1	-1
72	118	4910	-1	-1
72	119	4910	-1	-1
72	120	4911	-1	-1
72	121	4912	-1	-1
72	122	4914	-1	-1
72	123	4914	-1	-1
72	124	4914	-1	-1
72	125	4914	-1	-1
72	126	4915	-1	-1
72	127	4916	-1	-1
72	128	4917	-1	-1
72	129	4918	-1	-1
72	130	4915	-1	-1
72	131	4916	-1	-1
72	132	4917	-1	-1
72	133	4918	-1	-1
72	134	4915	-1	-1
72	135	4916	-1	-1
72	136	4917	-1	-1
72	137	4918	-1	-1
72	138	4915	-1	-1
72	139	4916	-1	-1
72	140	4917	-1	-1
72	141	4918	-1	-1
72	142	4921	-1	-1
72	143	4922	-1	-1
72	144	4921	-1	-1
72	145	4922	-1	-1
72	146	4919	-1	-2
72	147	4920	-1	-2
72	148	4920	-1	-2
72	149	4920	-1	-2
72	150	4920	-1	-2
72	151	4920	-1	-2
72	152	4873	-1	-1
72	154	4874	-1	-1
72	156	4875	-1	-1
72	157	4876	-1	-1
72	158	4853	-1	104
72	159	4856	-1	-1
72	160	4859	-1	-1
72	161	4860	-1	-1
72	162	4861	-1	-1
72	163	4862	-1	-1
72	164	4837	-1	105
72	165	4837	-1	106
72	166	4877	-1	-2
72	167	4878	-1	-1
72	169	4879	1342177280	-2
72	170	4880	-1	-2
72	171	4881	-1	-2
72	173	4856	-1	-2
72	175	4856	-1	-1
72	176	4856	-1	-1
72	177	4881	-1	-2
72	178	4814	-1	-2
72	179	4840	-1	-1
72	180	4856	-1	-1
72	181	4882	-1	-2
72	182	4883	-1	-2
72	184	4884	-1	-2
72	185	4886	-1	-2
72	186	4885	-1	-2
72	189	4887	268435456	-2
72	190	4923	-1	-2
72	191	0	0	-2
72	192	4926	-1	-2
72	193	4927	-1	-2
72	195	4928	-1	-2
72	197	4929	-1	-2
72	199	4930	0	-2
72	201	4931	0	-2
72	202	0	0	-2
72	203	0	0	-2
72	204	4934	1073741824	-2
72	205	0	0	-2
72	206	0	0	-2
72	207	4937	-1	-2
72	208	4938	-1	-2
72	209	4939	-1	-2
72	210	4940	-1	-2
72	211	4941	-1	-2
72	212	4942	-1	-2
72	213	4943	0	-2
72	215	4944	-1	-1
72	216	4945	-1	-1
72	217	4946	-1	-1
72	219	4833	-1	-1
72	220	0	0	-2
72	222	4950	-1	107
72	221	4951	-1	107
34	5	4488	-1	-1
34	6	4488	-1	-1
34	10	4488	-1	-1
34	9	4488	-1	-1
34	15	2268	-1	-1
34	19	4692	-1	-1
34	17	4693	-1	-1
34	11	5124	-1	-2
34	12	5125	-1	-2
34	13	2287	-1	-2
34	16	2269	-1	108
34	156	2264	-1	-2
34	157	2265	-1	109
34	22	2266	-1	-1
34	23	2267	-1	-1
34	24	2278	-1	110
34	25	2279	-1	110
34	190	-1	-1	111
34	95	-1	-1	112
34	73	-1	-1	113
34	74	-1	-1	113
34	81	-1	-1	114
34	192	-1	-1	115
34	209	2281	-1	-2
34	214	2320	-1	116
34	210	2282	-1	-2
34	212	-1	-1	-2
34	211	2283	-1	-2
34	193	-1	-1	117
34	194	-1	-1	118
34	195	-1	-1	119
34	196	-1	-1	120
34	197	-1	-1	120
34	199	-1	-1	121
34	201	2276	-1	-2
34	207	2280	-1	-2
34	208	2277	-1	-2
34	202	-1	-1	122
34	203	-1	-1	123
34	204	-1	-1	124
34	205	-1	-1	125
34	206	-1	-1	126
34	189	2319	-1	127
34	178	4488	-1	-1
64	2	4201	-1	-1
64	3	4201	-1	-1
64	5	4098	-1	-2
64	6	4098	-1	-2
64	7	4203	-1	-1
64	8	4205	-1	-1
64	9	4098	-1	-2
64	10	4098	-1	-2
64	11	4167	-1	-1
64	12	4168	-1	-1
64	13	4169	-1	-1
64	15	4099	-1	128
64	16	4100	-1	129
64	17	4101	-1	-1
64	18	4102	-1	130
64	19	4103	-1	-1
64	20	4110	-1	-1
64	21	4110	-1	-1
64	22	4104	-1	131
64	23	4105	-1	131
64	24	4106	-1	-2
64	25	4106	0	-2
64	26	4108	-1	-1
64	27	4109	-1	-1
64	28	4131	-1	132
64	29	4132	-1	133
64	30	4133	-1	-1
64	31	4110	-1	-1
64	32	4110	-1	-1
64	35	4258	-1	134
64	36	4259	-1	134
64	37	4184	-1	-2
64	38	4185	-1	-2
64	39	4186	-1	-2
64	40	4187	-1	-2
64	41	4188	-1	-2
64	42	4189	-1	-2
64	43	4190	-1	-2
64	44	4191	-1	-2
64	45	4192	-1	-2
64	46	4193	-1	-2
64	47	4194	-1	-2
64	48	4195	-1	-2
64	49	4202	-1	-2
64	50	4202	-1	-2
64	51	4196	-1	-2
64	52	4197	-1	-2
64	53	4198	-1	-2
64	54	4199	-1	-2
64	55	4200	-1	-2
64	57	4201	-1	-2
64	56	4201	-1	-2
64	58	4115	-1	-1
64	59	4116	-1	135
64	60	4201	-1	-1
64	62	4223	-1	-1
64	64	4224	-1	-1
64	65	4225	-1	-1
64	66	4268	-1	-1
64	67	4203	-1	-2
64	68	4204	-1	-2
64	71	4205	-1	136
64	72	4206	-1	136
64	73	4207	-1	137
64	74	4208	-1	137
64	75	4209	-1	-1
64	76	4210	-1	-1
64	77	4211	-1	-1
64	78	4212	-1	-1
64	79	4213	-1	138
64	80	4214	-1	139
64	81	4215	-1	140
64	83	4278	-1	-1
64	84	4238	-1	-2
64	85	4239	-1	-2
64	86	4170	-1	-1
64	87	4171	-1	-1
64	88	4172	-1	-1
64	89	4173	-1	-1
64	90	4174	-1	-1
64	91	4175	-1	-1
64	92	4176	-1	-1
64	93	4177	-1	141
64	94	4178	-1	-1
64	95	4179	-1	142
64	96	4180	-1	-1
64	97	4181	-1	-1
64	98	4182	-1	-1
64	99	4183	-1	-1
64	100	4267	-1	-1
64	101	4256	-1	-1
64	104	4266	-1	-1
64	105	4240	-1	-1
64	106	4241	-1	-1
64	107	4241	-1	-1
64	108	4242	-1	-1
64	109	4243	-1	-1
64	110	4241	-1	-1
64	111	4241	-1	-1
64	112	4242	-1	-1
64	113	4243	-1	-1
64	114	4244	-1	-1
64	115	4244	-1	-1
64	116	4245	-1	-1
64	117	4246	-1	-1
64	118	4244	-1	-1
64	119	4244	-1	-1
64	120	4245	-1	-1
64	121	4246	-1	-1
64	122	4257	-1	-1
64	123	4257	-1	-1
64	124	4257	-1	-1
64	125	4257	-1	-1
64	126	4262	-1	-1
64	127	4263	-1	-1
64	128	4264	-1	-1
64	129	4265	-1	-1
64	130	4262	-1	-1
64	131	4263	-1	-1
64	132	4264	-1	-1
64	133	4265	-1	-1
64	134	4262	-1	-1
64	135	4263	-1	-1
64	136	4264	-1	-1
64	137	4265	-1	-1
64	138	4262	-1	-1
64	139	4263	-1	-1
64	140	4264	-1	-1
64	141	4265	-1	-1
64	142	4117	-1	-1
64	143	4118	-1	-1
64	144	4117	-1	-1
64	145	4118	-1	-1
64	146	4129	-1	-2
64	147	4130	-1	-2
64	148	4130	-1	-2
64	149	4130	-1	-2
64	150	4130	-1	-2
64	151	4130	-1	-2
64	152	4157	-1	-1
64	154	4158	-1	-1
64	34	4159	-1	-1
64	33	4159	-1	-1
64	156	4160	-1	-1
64	157	4161	-1	-1
64	158	4199	-1	-2
64	159	4201	-1	143
64	160	4203	-1	-1
64	161	4204	-1	-1
64	162	4205	-1	-1
64	163	4206	-1	-1
64	164	4279	-1	144
64	165	4279	-1	145
64	166	4143	-1	-2
64	167	4144	-1	-1
64	169	4145	-1	-2
64	170	4149	-1	-2
64	171	4250	-1	-2
64	173	4201	-1	-2
64	175	4201	1	-1
64	176	4201	1	-1
64	177	4250	-1	-2
64	178	4098	1	-1
64	179	4186	-1	-2
64	180	4201	-1	-2
64	181	4251	-1	-2
64	182	4252	-1	-2
64	183	-1	-1	-1
64	184	4253	-1	-2
64	185	4254	-1	-2
64	186	4255	-1	-2
64	189	4155	-1	146
64	190	4134	0	147
64	191	4135	0	148
64	220	4136	1073741824	149
64	221	4134	0	147
64	222	4135	0	148
64	192	4137	-1	150
64	193	0	0	-2
64	194	0	0	-2
64	195	4153	-1	151
64	196	0	0	-2
64	197	0	0	-2
64	199	4138	0	152
64	201	4146	1073741824	153
64	202	0	0	-2
64	203	0	0	-2
64	204	4154	-1	154
64	205	0	0	-2
64	206	0	0	-2
64	207	4147	0	155
64	208	4142	0	156
64	209	4140	-1	157
64	210	4139	-1	158
64	211	4150	-1	159
64	212	4148	-1	160
64	213	4141	-1	161
64	214	4110	-1	-1
64	215	4110	-1	-1
64	216	4221	-1	-1
64	217	4219	-1	162
64	218	4222	-1	163
64	219	4110	-1	-1
75	189	-1	-1	-2
75	190	-1	-1	164
75	191	-1	-1	165
75	192	-1	-1	166
75	193	-1	-1	167
75	195	-1	-1	167
75	197	-1	-1	167
75	199	5197	0	168
75	201	-1	-1	169
75	202	-1	-1	170
75	203	-1	-1	171
75	204	-1	-1	172
75	205	-1	-1	173
75	206	-1	-1	173
75	207	-1	-1	174
75	208	-1	-1	175
75	209	-1	-1	176
75	210	5199	-1	-2
75	211	-1	-1	177
75	212	-1	-1	178
75	213	5200	0	179
75	215	0	-1	-2
75	220	5198	1073741824	180
75	223	-1	-1	181
75	224	-1	-1	182
75	225	-1	-1	183
75	226	-1	-1	184
75	227	-1	-1	-2
75	228	-1	-1	-2
75	169	-1	-1	-2
75	170	2371	1342177280	-2
32	189	2138	-1	185
32	190	-1	-1	186
32	191	-1	-1	187
32	192	-1	-1	188
32	193	-1	-1	189
32	195	-1	-1	190
32	197	-1	-1	191
32	199	-1	-1	192
32	201	-1	-1	193
32	202	-1	-1	194
32	203	-1	-1	195
32	204	-1	-1	196
32	205	-1	-1	197
32	206	-1	-1	198
32	207	-1	-1	199
32	208	-1	-1	200
32	209	-1	-1	201
32	210	2137	-1	202
32	211	-1	-1	203
32	212	-1	-1	204
32	213	2136	0	205
32	220	-1	-1	206
32	223	-1	-1	207
32	224	-1	-1	208
32	225	-1	-1	209
32	226	-1	-1	209
32	227	-1	-1	210
32	228	-1	-1	211
32	170	2371	1342177280	-2
71	10	4715	-1	-2
71	9	4715	-1	-2
71	15	4806	-1	-1
71	16	4756	-1	-1
71	17	4765	-1	-1
71	22	4736	-1	-2
71	23	4722	-1	-2
71	24	4737	-1	-2
71	25	4740	-1	-2
71	26	4723	-1	-1
71	27	4723	-1	-1
71	189	4741	0	-2
71	35	-1	-1	-2
71	36	-1	-1	-2
71	93	-1	-1	-2
71	95	-1	-1	-2
71	152	4800	-1	-1
71	154	4801	-1	-1
71	158	-1	-1	212
71	164	-1	-1	213
71	165	-1	-1	214
71	81	-1	-1	-2
71	73	-1	-1	-2
71	74	-1	-1	-2
71	156	-1	-1	-2
71	157	-1	-1	-2
71	20	4788	-1	-1
71	21	4788	-1	-1
71	31	4788	-1	-1
71	32	4788	-1	-1
71	59	4788	-1	-1
71	219	4788	-1	-1
71	169	4804	-1	-2
71	170	4805	1342177280	-2
71	190	4759	-1	-2
71	191	4760	-1	-2
71	192	4786	-1	-2
71	193	4717	-1	-2
71	194	4784	-1	-2
71	195	4718	-1	-2
71	196	4785	-1	-2
71	197	4719	-1	-2
71	199	4764	-1	-2
71	201	4787	-1	-2
71	207	4716	0	-2
71	208	4724	-1	-2
71	202	4768	0	-2
71	203	4769	0	-2
71	204	4770	0	-2
71	205	4771	0	-2
71	206	4772	0	-2
71	209	4725	-1	-2
71	210	4742	-1	-2
71	211	4720	-1	-2
71	212	4774	-1	-2
71	213	4735	-1	-2
71	216	4721	-1	-1
71	215	4743	-1	-1
71	224	4757	-1	-2
71	225	4758	-1	-2
71	226	0	0	-2
71	227	0	0	-2
71	228	4747	1073741824	-2
71	229	4773	0	-2
71	230	4748	0	-2
71	231	4750	0	-2
71	232	4751	0	-2
71	233	4749	0	-2
35	204	-1	-1	215
45	213	-1	-1	216
45	204	-1	-1	-2
45	199	-1	-1	217
45	226	-1	-1	218
45	230	-1	-1	218
47	213	-1	-1	219
47	158	-1	-1	220
47	164	-1	-1	221
47	165	-1	-1	222
47	81	-1	-1	223
47	73	-1	-1	224
47	74	-1	-1	224
47	189	-1	-1	225
47	192	-1	-1	226
47	230	-1	-1	227
47	231	-1	-1	227
47	232	-1	-1	228
47	233	-1	-1	228
47	234	-1	-1	229
47	235	-1	-1	229
51	211	-1	-1	230
51	213	-1	-1	231
70	5	4308	-1	-2
70	6	4308	-1	-2
70	10	4308	-1	-2
70	9	4308	-1	-2
70	28	4315	-1	-1
70	29	4316	-1	-1
70	30	4317	-1	-1
70	11	4668	-1	-1
70	22	4311	-1	232
70	23	4314	-1	232
70	24	4312	-1	233
70	25	4313	-1	233
70	26	4309	-1	-1
70	27	4310	-1	-1
70	58	4448	-1	-1
70	35	4472	-1	-2
70	36	4473	-1	-1
70	73	-1	-1	234
70	74	-1	-1	234
70	156	-1	-1	235
70	157	-1	-1	236
70	81	-1	-1	237
70	158	-1	-1	238
70	164	4434	-1	239
70	165	4434	-1	-2
70	189	4744	-1	-2
70	15	4686	-1	-1
70	16	4672	-1	-1
70	17	-1	-1	-1
70	19	-1	-1	-1
70	20	4429	0	-1
70	21	4429	0	-1
70	31	4429	0	-1
70	32	4429	0	-1
70	59	4429	0	-1
70	216	4429	0	-1
70	217	4429	0	-1
70	218	4429	0	-1
70	219	4429	0	-1
70	62	4435	-1	-1
70	64	4436	-1	-1
70	85	4399	-1	-1
70	88	4394	-1	-1
70	91	4395	-1	-1
70	92	4390	-1	-1
70	93	4391	-1	-2
70	95	4393	-1	-2
70	97	4396	-1	-1
70	98	4397	-1	-1
70	99	4398	-1	-1
70	79	4425	-1	-2
70	80	4424	-1	-2
70	71	4418	-1	-1
70	72	4423	-1	-1
70	75	4420	-1	-1
70	76	4422	-1	-1
70	77	4421	-1	-1
70	78	4419	-1	-1
70	178	4308	-1	-1
70	190	4330	-1	-2
70	192	4673	1073741824	-2
70	193	0	0	-2
70	195	600	0	-2
70	197	0	0	-2
70	199	4671	1073741824	-2
70	201	4325	0	-2
70	202	0	0	-2
70	203	0	0	-2
70	204	4335	0	-2
70	205	0	0	-2
70	206	0	0	-2
70	207	4303	0	-2
70	208	4340	0	-2
70	209	4669	-1	-2
70	210	4297	-1	-2
70	211	2146	-1	-2
70	212	4294	-1	-2
70	213	4298	0	-2
70	132	-1	-1	-2
70	166	4382	-1	-2
70	167	4383	-1	-1
70	169	4384	-1	-2
70	170	2371	1342177280	-2
70	152	4478	-1	-1
70	154	4479	-1	-1
29	10	2695	-1	-1
29	9	2695	-1	-1
29	178	2695	-1	-1
29	6	2695	-1	-1
29	5	2695	-1	-1
29	16	-1	-1	240
29	15	-1	-1	241
29	24	-1	-1	242
29	25	-1	-1	242
29	166	-1	-1	-2
29	169	-1	-1	-2
29	170	-1	-1	-2
29	156	-1	-1	243
29	157	-1	-1	244
29	73	-1	-1	245
29	74	-1	-1	245
29	81	-1	-1	246
29	35	-1	-1	247
29	158	-1	-1	248
29	164	-1	-1	249
29	165	-1	-1	250
29	189	2152	-1	251
29	190	-1	-1	252
29	191	-1	-1	253
29	192	-1	-1	254
29	193	-1	-1	255
29	194	-1	-1	256
29	195	-1	-1	257
29	196	-1	-1	258
29	199	2153	-1	259
29	201	-1	-1	260
29	204	2151	-1	261
29	207	-1	-1	262
29	211	-1	-1	263
29	212	-1	-1	264
29	213	-1	-1	265
29	225	745	-1	266
29	226	2402	-1	267
29	231	-1	-1	268
29	232	-1	-1	269
29	236	-1	-1	270
29	241	-1	-1	271
53	5	2491	-1	-1
53	9	2491	-1	-1
53	6	2491	-1	-1
53	11	2651	-1	-1
53	12	2652	-1	272
53	13	2653	-1	273
53	37	2507	-1	-1
53	38	2508	-1	-1
53	39	2509	-1	-1
53	40	2510	-1	-1
53	41	2511	-1	-1
53	42	2512	-1	-1
53	43	2513	-1	-1
53	44	2514	-1	-1
53	45	2515	-1	-1
53	46	2516	-1	-1
53	47	2517	-1	-1
53	48	2518	-1	-1
53	49	2600	-1	-1
53	50	2600	-1	-1
53	165	2609	-1	-2
53	164	2609	-1	-2
53	81	2528	-1	-2
53	73	2657	-1	-2
53	74	2658	-1	-2
53	62	2599	-1	-1
53	64	2608	-1	-1
53	28	2538	-1	-1
53	29	2539	-1	-1
53	30	2540	-1	-1
53	66	2524	-1	-1
53	67	2525	-1	-1
53	160	2525	-1	-1
53	7	2525	-1	-1
53	68	2526	-1	-1
53	161	2526	-1	-1
53	71	2527	-1	-1
53	72	2570	-1	-1
53	8	2527	-1	-1
53	162	2527	-1	-1
53	163	2570	-1	-1
53	75	2615	-1	-1
53	76	2625	-1	-1
53	77	2641	-1	-1
53	78	2642	-1	-1
53	80	2656	-1	274
53	79	2677	-1	275
53	84	2578	-1	-1
53	85	2579	-1	-1
53	86	2580	-1	-1
53	89	2628	-1	-1
53	87	2626	-1	-1
53	88	2627	-1	-1
53	90	2629	-1	-1
53	91	2630	-1	-1
53	96	2631	-1	-1
53	97	2632	-1	-1
53	98	2633	-1	-1
53	99	2634	-1	-1
53	92	2574	-1	276
53	93	2575	-1	277
53	94	2576	-1	278
53	95	2577	-1	279
53	51	2643	-1	-1
53	52	2519	-1	-1
53	53	2520	-1	-1
53	54	2521	-1	-1
53	55	2522	-1	-1
53	2	2523	-1	-1
53	3	2523	-1	-1
53	56	2523	-1	-1
53	57	2523	-1	-1
53	60	2523	-1	-1
53	158	2521	-1	-2
53	159	2523	-1	-1
53	173	2523	-1	-1
53	175	2523	-1	-1
53	176	2523	-1	-1
53	179	2509	-1	-1
53	180	2523	-1	-1
53	100	2529	-1	-1
53	101	2614	-1	-1
53	104	2530	-1	-1
53	105	2618	-1	-1
53	106	2619	-1	-1
53	107	2619	-1	-1
53	110	2619	-1	-1
53	111	2619	-1	-1
53	108	2620	-1	-1
53	112	2620	-1	-1
53	109	2621	-1	-1
53	113	2621	-1	-1
53	114	2622	-1	-1
53	118	2622	-1	-1
53	115	2622	-1	-1
53	119	2622	-1	-1
53	116	2623	-1	-1
53	120	2623	-1	-1
53	117	2624	-1	-1
53	121	2624	-1	-1
53	122	2613	-1	-1
53	123	2613	-1	-1
53	124	2613	-1	-1
53	125	2613	-1	-1
53	142	2542	-1	-1
53	143	2543	-1	-1
53	144	2542	-1	-1
53	145	2543	-1	-1
53	146	2616	-1	-1
53	147	2617	-1	-1
53	148	2617	-1	-1
53	149	2617	-1	-1
53	150	2617	-1	-1
53	151	2617	-1	-1
53	171	2531	-1	-1
53	178	2491	-1	-1
53	177	2531	-1	-1
53	181	2532	-1	-1
53	184	2533	-1	-1
53	185	2534	-1	-1
53	186	2535	-1	-1
53	189	2569	-1	-2
53	18	5454	-1	280
53	190	2492	-1	281
53	191	2493	-1	282
53	201	2545	-1	283
53	209	5447	-1	284
53	10	2491	0	-1
53	20	2494	0	-1
53	21	2494	0	-1
53	31	2494	0	-1
53	32	2494	0	-1
53	59	2494	0	-1
53	26	2496	-1	-1
53	27	2573	-1	-1
53	210	2497	-1	285
53	215	2541	-1	-1
53	214	2494	-1	-1
53	219	2494	-1	-1
53	166	5444	268435456	-2
53	204	2500	1073741824	286
53	202	0	0	-2
53	206	0	0	-2
53	208	5446	-1	287
53	167	2499	268435456	-2
53	170	2544	268435456	-2
53	182	2635	-1	-1
53	152	2680	-1	-1
53	154	2681	-1	-1
53	34	2682	-1	-1
53	33	2682	-1	-1
53	156	2683	-1	-1
53	157	2684	-1	-1
53	224	2504	-1	288
53	225	2506	-1	289
53	226	2505	-1	290
53	229	2501	1342177280	-2
53	230	2502	1342177280	291
53	232	2503	1342177280	292
53	222	2488	0	293
53	223	2489	0	294
53	228	2495	1	295
53	231	2495	1	295
53	233	2562	1073741824	296
53	58	2490	-1	-1
53	211	2559	-1	297
53	216	2678	-1	-1
53	212	5448	-1	298
53	213	5449	0	299
53	218	2548	0	300
53	199	5450	0	301
53	207	5445	-1	302
53	35	2551	-1	-2
53	36	2550	-1	-1
53	193	5451	-1	303
53	195	5452	-1	304
53	197	5453	-1	305
53	15	2554	-1	-2
53	16	2555	-1	306
53	19	2604	-1	-2
53	17	2603	-1	-1
53	192	2556	-1	307
53	22	2558	-1	-2
53	23	2571	-1	-2
53	25	2647	0	-2
53	24	2572	-1	-2
53	126	2644	-1	-1
53	127	2648	-1	-1
53	128	2645	-1	-1
53	129	2646	-1	-1
53	130	2644	-1	-1
53	131	2648	-1	-1
53	132	2645	-1	-1
53	133	2646	-1	-1
53	134	2644	-1	-1
53	135	2648	-1	-1
53	136	2645	-1	-1
53	137	2646	-1	-1
53	138	2644	-1	-1
53	139	2648	-1	-1
53	140	2645	-1	-1
53	141	2646	-1	-1
53	220	2692	-1	308
53	221	2693	-1	308
30	10	-1	-1	-2
30	9	-1	-1	-2
30	16	-1	-1	309
30	35	-1	-1	-2
30	24	-1	-1	310
30	25	-1	-1	310
30	67	-1	-1	-2
30	68	-1	-1	-2
30	71	-1	-1	311
30	72	-1	-1	311
30	73	-1	-1	312
30	74	-1	-1	312
30	81	-1	-1	313
30	93	-1	-1	314
30	95	-1	-1	315
30	189	2145	-1	316
30	158	-1	-1	317
30	164	-1	-1	318
30	165	-1	-1	319
30	190	-1	-1	320
30	192	-1	-1	321
30	193	-1	-1	322
30	194	-1	-1	323
30	195	-1	-1	324
30	196	-1	-1	325
30	197	-1	-1	326
30	199	-1	-1	327
30	201	-1	-1	328
30	202	0	0	-2
30	204	1614	0	329
30	206	0	0	-2
30	207	2132	0	330
30	208	2133	-1	331
30	209	1639	-1	332
30	210	2135	-1	333
30	211	-1	-1	334
30	212	-1	-1	335
30	213	-1	-1	336
30	214	1643	-1	-2
30	215	0	-1	-2
30	224	2694	1073741824	-2
30	225	2694	1073741824	-2
30	226	2697	1073741824	337
30	227	2696	1073741824	337
30	228	-1	-1	338
30	229	-1	-1	339
30	230	-1	-1	340
30	231	-1	-1	341
30	232	-1	-1	342
30	233	-1	-1	343
30	235	-1	-1	-2
30	236	-1	-1	344
30	237	-1	-1	345
30	238	-1	-1	-2
65	5	4308	-1	346
65	6	4308	-1	-2
65	10	4308	-1	-2
65	9	4308	-1	-2
65	28	4315	-1	-1
65	29	4316	-1	-1
65	30	4317	-1	-1
65	22	4311	-1	347
65	23	4314	-1	347
65	24	4312	-1	348
65	25	4313	-1	348
65	26	4309	-1	-1
65	27	4310	-1	-1
65	58	4448	-1	-1
65	35	4472	-1	-2
65	36	4473	-1	-1
65	73	-1	-1	349
65	74	-1	-1	349
65	81	-1	-1	350
65	158	-1	-1	351
65	164	4434	-1	352
65	165	4434	-1	353
65	189	4333	-1	-2
65	15	4430	-1	-1
65	16	4431	-1	-1
65	17	4432	-1	-1
65	19	4433	-1	-1
65	20	4429	0	-1
65	21	4429	0	-1
65	31	4429	0	-1
65	32	4429	0	-1
65	59	4429	0	-1
65	216	4429	0	-1
65	217	4429	0	-1
65	218	4429	0	-1
65	219	4429	0	-1
65	62	4435	-1	-1
65	64	4436	-1	-1
65	85	4399	-1	-1
65	88	4394	-1	-1
65	91	4395	-1	-1
65	92	4390	-1	-1
65	93	4391	-1	-2
65	95	4393	-1	-2
65	97	4396	-1	-1
65	98	4397	-1	-1
65	99	4398	-1	354
65	79	4425	-1	-2
65	80	4424	-1	-2
65	71	4418	-1	-1
65	72	4423	-1	-1
65	75	4420	-1	-1
65	76	4422	-1	-1
65	77	4421	-1	-1
65	78	4419	-1	-1
65	178	4308	-1	-1
65	190	4330	-1	-2
65	191	4331	-1	-2
65	192	4346	1073741824	-2
65	193	4326	268435456	-2
65	195	4327	268435456	-2
65	197	4328	268435456	-2
65	199	4293	0	-2
65	201	4325	0	-2
65	202	0	0	-2
65	203	0	0	-2
65	204	4335	0	-2
65	205	0	0	-2
65	206	0	0	-2
65	207	4303	0	-2
65	208	4340	0	-2
65	209	4296	-1	-2
65	210	4297	-1	-2
65	211	4295	-1	-2
65	212	4294	-1	-2
65	213	4298	0	-2
65	132	-1	-1	-2
65	122	-1	-1	-2
65	123	-1	-1	-2
65	124	-1	-1	-2
65	125	-1	-1	-2
65	166	4382	-1	-2
65	167	4383	-1	-1
65	169	4384	-1	-2
65	170	4385	-1	-2
65	152	4478	-1	-1
65	154	4479	-1	-1
44	211	-1	-1	355
44	213	-1	-1	356
40	191	-1	-1	357
40	220	-1	-1	358
41	231	-1	-1	359
41	232	-1	-1	360
41	221	-1	-1	361
41	208	-1	-1	362
41	201	-1	-1	363
41	229	-1	-1	-2
41	230	-1	-1	-2
48	191	-1	-1	364
48	208	-1	-1	365
48	207	-1	-1	366
48	212	-1	-1	367
48	221	-1	-1	368
48	228	-1	-1	-2
48	230	-1	-1	369
48	270	-1	-1	-2
48	279	-1	-1	-2
48	265	-1	-1	370
48	266	-1	-1	371
48	267	-1	-1	372
39	199	-1	-1	373
39	207	-1	-1	374
39	211	-1	-1	375
39	209	-1	-1	376
39	210	-1	-1	377
39	213	-1	-1	378
43	191	-1	-1	379
43	170	-1	-1	-2
43	169	-1	-1	-2
43	225	-1	-1	380
43	226	-1	-1	381
42	191	-1	-1	382
42	170	-1	-1	-2
37	191	-1	-1	383
37	212	-1	-1	384
37	199	-1	-1	385
37	207	-1	-1	386
37	208	-1	-1	387
37	204	-1	-1	388
37	236	-1	-1	389
37	231	-1	-1	389
50	190	-1	-1	390
50	192	-1	-1	391
50	204	-1	-1	-2
50	199	-1	-1	392
50	193	-1	-1	393
50	197	-1	-1	394
50	233	-1	-1	395
50	236	-1	-1	395
46	158	-1	-1	396
46	164	-1	-1	397
46	165	-1	-1	398
46	81	-1	-1	399
46	73	-1	-1	400
46	74	-1	-1	400
46	208	-1	-1	401
46	169	-1	-1	-2
46	189	-1	-1	402
46	192	-1	-1	403
46	230	-1	-1	404
46	231	-1	-1	404
46	232	-1	-1	405
46	233	-1	-1	405
46	234	-1	-1	406
46	235	-1	-1	406
36	191	-1	-1	407
36	207	-1	-1	408
36	227	-1	-1	409
36	228	-1	-1	410
49	199	-1	-1	411
49	201	-1	-1	412
49	208	-1	-1	413
76	2	5251	-1	-2
76	3	5251	-1	-2
76	5	5209	-1	-1
76	6	5209	-1	-1
76	7	5254	-1	-1
76	8	5256	-1	-1
76	9	5209	-1	-2
76	10	5209	-1	-2
76	11	5210	-1	-1
76	12	5211	-1	-1
76	13	5212	-1	-1
76	14	5213	-1	-1
76	15	5214	-1	-1
76	16	5215	-1	-1
76	17	5216	-1	-1
76	18	5217	-1	-1
76	19	5218	-1	-1
76	20	5228	-1	-1
76	21	5228	-1	-1
76	22	5219	-1	-2
76	23	5220	-1	-2
76	24	5221	-1	-2
76	25	5222	-1	-2
76	26	5223	-1	-1
76	27	5224	-1	-1
76	28	5225	-1	-1
76	29	5226	-1	-1
76	30	5227	-1	-1
76	31	5228	-1	-1
76	32	5228	-1	-1
76	33	5229	-1	-1
76	34	5229	-1	-1
76	35	5230	-1	-1
76	36	5231	-1	-1
76	37	5233	-1	-2
76	38	5234	-1	-2
76	39	5235	-1	-2
76	40	5236	-1	-2
76	41	5237	-1	-2
76	42	5238	-1	-2
76	43	5239	-1	-2
76	44	5240	-1	-2
76	45	5241	-1	-2
76	46	5242	-1	-2
76	47	5243	-1	-2
76	48	5244	-1	-2
76	49	5250	-1	-2
76	50	5250	-1	-2
76	51	5245	-1	-2
76	52	5246	-1	-2
76	53	5247	-1	-2
76	54	5248	-1	-2
76	55	5249	-1	-2
76	56	5251	-1	-2
76	57	5251	-1	-2
76	58	5252	-1	-2
76	59	5228	-1	-1
76	60	5251	-1	-1
76	62	5342	-1	-1
76	64	5343	-1	-1
76	65	5344	-1	-1
76	66	5253	-1	-1
76	67	5254	-1	-1
76	68	5255	-1	-1
76	71	5256	-1	-1
76	72	5257	-1	-1
76	73	5258	-1	414
76	74	5259	-1	414
76	75	5260	-1	-1
76	76	5261	-1	-1
76	77	5262	-1	-1
76	78	5263	-1	-1
76	79	5264	-1	-2
76	80	5265	-1	-2
76	81	5266	-1	415
76	83	5267	-1	-1
76	84	5283	-1	-1
76	85	5284	-1	-1
76	86	5285	-1	-1
76	87	5286	-1	-1
76	88	5287	-1	-1
76	89	5288	-1	-1
76	90	5289	-1	-1
76	91	5290	-1	-1
76	92	5291	-1	-1
76	93	5292	-1	-2
76	94	5293	-1	-1
76	95	5294	-1	-2
76	96	5295	-1	-1
76	97	5296	-1	-1
76	98	5297	-1	-1
76	99	5298	-1	-1
76	100	5299	-1	-1
76	101	5308	-1	-1
76	104	5304	-1	-1
76	105	5303	-1	-1
76	106	5300	-1	-1
76	107	5300	-1	-1
76	108	5301	-1	-1
76	109	5302	-1	-1
76	110	5300	-1	-1
76	111	5300	-1	-1
76	112	5301	-1	-1
76	113	5302	-1	-1
76	114	5305	-1	-1
76	115	5305	-1	-1
76	116	5306	-1	-1
76	117	5307	-1	-1
76	118	5305	-1	-1
76	119	5305	-1	-1
76	120	5306	-1	-1
76	121	5307	-1	-1
76	122	5309	-1	-1
76	123	5309	-1	-1
76	124	5309	-1	-1
76	125	5309	-1	-1
76	126	5310	-1	-1
76	127	5311	-1	-1
76	128	5312	-1	-1
76	129	5313	-1	-1
76	130	5310	-1	-1
76	131	5311	-1	-1
76	132	5312	-1	-1
76	133	5313	-1	-1
76	134	5310	-1	-1
76	135	5311	-1	-1
76	136	5312	-1	-1
76	137	5313	-1	-1
76	138	5310	-1	-1
76	139	5311	-1	-1
76	140	5312	-1	-1
76	141	5313	-1	-1
76	142	5316	-1	-1
76	143	5317	-1	-1
76	144	5316	-1	-1
76	145	5317	-1	-1
76	146	5314	-1	-1
76	147	5315	-1	-1
76	148	5315	-1	-1
76	149	5315	-1	-1
76	150	5315	-1	-1
76	151	5315	-1	-1
76	152	5268	-1	-1
76	154	5269	-1	-1
76	156	5270	-1	-1
76	157	5271	-1	-1
76	158	5248	-1	416
76	159	5251	-1	-1
76	160	5254	-1	-1
76	161	5255	-1	-1
76	162	5256	-1	-1
76	163	5257	-1	-1
76	164	5232	-1	417
76	165	5232	-1	418
76	166	5272	-1	-2
76	167	5273	-1	-2
76	169	5274	1342177280	-2
76	170	5275	268435456	-2
76	171	5276	-1	-2
76	173	5251	-1	-2
76	175	5251	-1	-1
76	176	5251	-1	-1
76	177	5276	-1	-2
76	178	5209	-1	-2
76	179	5235	-1	-1
76	180	5251	-1	-1
76	181	5277	-1	-2
76	182	5278	-1	-2
76	184	5279	-1	-2
76	185	5281	-1	-2
76	186	5280	-1	-2
76	189	5282	-1	-2
76	190	5318	-1	-2
76	191	5319	-1	-2
76	192	5321	-1	-2
76	193	5322	-1	-2
76	195	5323	-1	-2
76	197	5324	-1	-2
76	199	5325	0	-2
76	201	5326	0	-2
76	202	5327	-1	-2
76	203	0	0	-2
76	204	5329	-1	-2
76	205	0	0	-2
76	206	5331	-1	-2
76	207	5332	-1	-2
76	208	5333	-1	-2
76	209	5334	-1	-2
76	210	5335	0	-2
76	211	5336	-1	-2
76	212	5337	-1	-2
76	213	5338	0	-2
76	215	5339	-1	-1
76	216	5340	-1	-1
76	217	0	0	-2
76	218	5341	0	-2
76	219	5228	-1	-1
76	225	0	0	-2
76	226	0	0	-2
76	227	0	0	-2
76	228	0	0	-2
38	190	2351	0	419
38	191	2352	0	420
38	220	2353	0	421
38	209	2358	-1	422
38	210	2359	-1	423
38	211	2360	-1	424
38	212	2426	-1	425
38	213	2361	-1	426
38	195	2355	0	427
38	193	2367	0	428
38	197	2368	0	429
38	199	2356	-1	430
38	201	2427	-2147483648	431
38	207	2330	2147483648	432
38	208	2357	0	433
38	166	2417	-1	-2
38	167	2418	-1	434
38	169	2423	-1	-2
38	204	-1	-1	435
38	192	2354	-1	436
38	22	-1	-1	437
38	23	-1	-1	437
38	189	2432	0	438
38	93	-1	-1	439
38	95	-1	-1	440
38	164	-1	-1	441
38	73	-1	-1	442
38	74	-1	-1	442
38	81	-1	-1	443
38	158	-1	-1	444
38	165	-1	-1	445
38	35	-1	-1	446
38	24	-1	-1	447
38	25	-1	-1	447
38	226	2331	1073741824	448
38	227	2332	-1	449
38	237	2333	-1	450
38	238	2334	-1	451
38	239	2334	-1	452
38	240	2335	-1	453
38	241	2336	-1	450
38	242	2337	-1	451
38	243	2337	-1	452
38	244	2338	-1	453
38	58	2346	-1	-1
38	228	2339	-1	454
38	229	2340	-1	-1
38	230	2341	-1	-1
38	232	2342	-1	454
38	233	2343	-1	-1
38	234	2344	-1	-1
38	236	2345	-1	455
38	231	2345	-1	455
38	221	2471	1342177280	456
38	222	2472	1342177280	456
69	12	-1	-1	457
69	13	-1	-1	458
69	15	-1	-1	459
69	16	-1	-1	460
69	31	-1	-1	461
69	32	-1	-1	462
69	59	-1	-1	462
69	215	-1	-1	463
69	216	-1	-1	463
69	219	-1	-1	463
63	2	3930	-1	-2
63	3	3930	-1	-2
63	5	3889	-1	-2
63	6	3889	-1	-2
63	7	3936	-1	-1
63	8	3938	-1	-1
63	9	3889	-1	-2
63	10	3889	-1	-2
63	11	3890	-1	-1
63	12	3891	-1	-1
63	13	3892	-1	-1
63	14	3893	-1	-1
63	15	3894	268435456	464
63	16	3895	-1	465
63	17	3896	-1	466
63	18	3897	-1	467
63	19	3898	-1	-1
63	20	3908	-1	-1
63	21	3908	-1	-1
63	22	3899	-1	468
63	23	3900	-1	468
63	24	3901	268435456	469
63	25	3902	268435456	469
63	26	3903	-1	-1
63	27	3904	-1	-1
63	28	3905	-1	-1
63	29	3906	-1	-1
63	30	3907	-1	-1
63	31	3908	-1	-1
63	32	3908	-1	-1
63	33	3909	-1	-1
63	34	3909	-1	-1
63	35	3910	-1	470
63	36	3911	-1	470
63	37	3912	-1	-2
63	38	3913	-1	-2
63	39	3914	-1	-2
63	40	3915	-1	-2
63	41	3916	-1	-2
63	42	3917	-1	-2
63	43	3918	-1	-2
63	44	3919	-1	-2
63	45	3920	-1	-2
63	46	3921	-1	-2
63	47	3922	-1	-2
63	48	3923	-1	-2
63	49	3924	-1	-2
63	50	3924	-1	-2
63	51	3925	-1	-2
63	52	3926	-1	-2
63	53	3927	-1	-2
63	54	3928	-1	-2
63	55	3929	-1	-2
63	56	3930	-1	-2
63	57	3930	-1	-2
63	58	3931	-1	-1
63	59	3908	-1	-1
63	60	3930	-1	-1
63	62	3932	-1	-1
63	64	3933	-1	-1
63	65	3934	-1	-1
63	66	3935	-1	-1
63	67	3936	-1	-2
63	68	3937	-1	-2
63	71	3938	-1	471
63	72	3939	-1	471
63	73	3940	-1	472
63	74	3941	-1	472
63	75	3942	1342177280	473
63	76	3943	1342177280	473
63	77	3944	1342177280	473
63	78	3945	1342177280	473
63	79	3946	-1	474
63	80	3947	-1	475
63	81	3948	-1	476
63	83	3949	-1	-1
63	84	3950	-1	477
63	85	3951	-1	478
63	86	3952	-1	-1
63	87	3953	-1	-1
63	88	3954	-1	-1
63	89	3955	-1	-1
63	90	3956	-1	-1
63	91	3957	-1	-1
63	92	3958	-1	-1
63	93	3959	-1	479
63	94	3960	-1	-1
63	95	3961	-1	480
63	96	3962	-1	-1
63	97	3963	-1	-1
63	98	3964	-1	-1
63	99	3965	-1	-1
63	100	3966	-1	-1
63	101	5431	-1	-1
63	104	3968	-1	-1
63	105	3969	-1	-1
63	106	3970	-1	-1
63	107	3970	-1	-1
63	108	3971	-1	-1
63	109	3972	-1	-1
63	110	3970	-1	-1
63	111	3970	-1	-1
63	112	3971	-1	-1
63	113	3972	-1	-1
63	114	3973	-1	-1
63	115	3973	-1	-1
63	116	3974	-1	-1
63	117	3975	-1	-1
63	118	3973	-1	-1
63	119	3973	-1	-1
63	120	3974	-1	-1
63	121	3975	-1	-1
63	122	4052	-1	-1
63	123	4052	-1	-1
63	124	4052	-1	-1
63	125	4052	-1	-1
63	126	3977	-1	-1
63	127	3978	-1	-1
63	128	3979	-1	-1
63	129	3980	-1	-1
63	130	3977	-1	-1
63	131	3978	-1	-1
63	132	3979	-1	-1
63	133	3980	-1	-1
63	134	3977	-1	-1
63	135	3978	-1	-1
63	136	3979	-1	-1
63	137	3980	-1	-1
63	138	3977	-1	-1
63	139	3978	-1	-1
63	140	3979	-1	-1
63	141	3980	-1	-1
63	142	3981	-1	-1
63	143	3982	-1	-1
63	144	3981	-1	-1
63	145	3982	-1	-1
63	146	3983	-1	-2
63	147	3984	-1	-2
63	148	3984	-1	-2
63	149	3984	-1	-2
63	150	3984	-1	-2
63	151	3984	-1	-2
63	152	3985	-1	-1
63	154	3986	-1	-1
63	156	3987	1342177280	481
63	157	3988	1342177280	482
63	158	3928	-1	483
63	159	3930	-1	484
63	160	3936	-1	-1
63	161	3937	-1	-1
63	162	3938	-1	-1
63	163	3939	-1	-1
63	164	3989	-1	485
63	165	3989	-1	486
63	166	3990	-1	-2
63	167	3991	-1	-1
63	169	3992	-1	487
63	170	3993	1342177280	-2
63	171	3994	-1	-2
63	173	3930	-1	-2
63	175	3930	-1	-1
63	176	3930	-1	-1
63	177	3994	-1	-2
63	178	3889	-1	-1
63	179	3914	-1	-1
63	180	3930	-1	-2
63	181	3995	-1	-2
63	182	3996	-1	-2
63	184	3997	-1	-2
63	185	3998	-1	-2
63	186	3999	-1	-2
63	189	4000	-1	488
63	190	4001	-1	489
63	191	4002	-1	490
63	192	4003	-1	491
63	193	4004	-1	492
63	194	0	0	-2
63	195	4006	1	493
63	196	0	0	-2
63	197	4008	-1	494
63	199	4009	-1	495
63	201	4010	-1	496
63	202	0	-1	-2
63	204	4012	-1	497
63	206	0	-1	-2
63	207	4014	0	498
63	208	4015	-1	499
63	209	4016	-1	500
63	210	4017	-1	501
63	211	4018	-1	502
63	212	4019	-1	503
63	213	4020	-1	504
63	215	4021	-1	-1
63	216	4022	-1	-1
63	219	3908	-1	-1
58	2	3277	-1	-2
58	3	3277	-1	-2
58	5	3278	-1	-1
58	6	3278	-1	-1
58	7	3279	-1	-1
58	8	3280	-1	-1
58	9	3278	-1	-2
58	10	3278	-1	-2
58	11	3281	-1	-1
58	12	3282	-1	-1
58	13	3283	-1	-1
58	14	3284	-1	-1
58	15	3285	-1	-1
58	16	3286	-1	-1
58	17	3287	-1	-1
58	18	3288	-1	-1
58	19	3289	-1	-1
58	20	3290	-1	-1
58	21	3290	-1	-1
58	22	3291	-1	505
58	23	3292	-1	505
58	24	3293	-1	506
58	25	3294	-1	506
58	26	3295	-1	-1
58	27	3296	-1	-1
58	28	3297	-1	-1
58	29	3298	-1	-1
58	30	3299	-1	-1
58	31	3290	-1	-1
58	32	3290	-1	-1
58	33	3300	-1	-1
58	34	3300	-1	-1
58	35	3301	-1	507
58	36	3302	-1	508
58	37	3303	-1	-2
58	38	3304	-1	-2
58	39	3305	-1	-2
58	40	3306	-1	-2
58	41	3307	-1	-2
58	42	3308	-1	-2
58	43	3309	-1	-2
58	44	3310	-1	-2
58	45	3311	-1	-2
58	46	3312	-1	-2
58	47	3313	-1	-2
58	48	3314	-1	-2
58	49	3315	-1	-2
58	50	3315	-1	-2
58	51	3316	-1	-2
58	52	3317	-1	-2
58	53	3318	-1	-2
58	54	3319	-1	-2
58	55	3320	-1	-2
58	56	3277	-1	-2
58	57	3277	-1	-2
58	58	3321	-1	-1
58	59	3290	-1	-1
58	60	3277	-1	-1
58	62	3322	-1	-1
58	64	3323	-1	-1
58	65	3324	-1	-1
58	66	3325	-1	-1
58	67	3279	-1	-2
58	68	3326	-1	-2
58	71	3280	-1	509
58	72	3327	-1	509
58	73	3328	-1	510
58	74	3329	-1	510
58	75	3330	-1	-1
58	76	3331	-1	-1
58	77	3332	-1	-1
58	78	3333	-1	-1
58	79	3334	-1	511
58	80	3335	-1	512
58	81	3336	-1	513
58	83	3337	-1	-1
58	84	3338	-1	514
58	85	3339	-1	515
58	86	3340	-1	-1
58	87	3341	-1	-1
58	88	3342	-1	-1
58	89	3343	-1	-1
58	90	3344	-1	-1
58	91	3345	-1	-1
58	92	3346	-1	-1
58	93	3347	-1	516
58	94	3348	-1	-1
58	95	3349	-1	517
58	96	3350	-1	-1
58	97	3351	-1	-1
58	98	3352	-1	-1
58	99	3353	-1	-1
58	100	3354	-1	-1
58	101	3355	-1	-1
58	104	3356	-1	-1
58	105	3357	-1	-1
58	106	3358	-1	-1
58	107	3358	-1	-1
58	108	3359	-1	-1
58	109	3360	-1	-1
58	110	3358	-1	-1
58	111	3358	-1	-1
58	112	3359	-1	-1
58	113	3360	-1	-1
58	114	3361	-1	-1
58	115	3361	-1	-1
58	116	3362	-1	-1
58	117	3363	-1	-1
58	118	3361	-1	-1
58	119	3361	-1	-1
58	120	3362	-1	-1
58	121	3363	-1	-1
58	122	3364	-1	-1
58	123	3364	-1	-1
58	124	3364	-1	-1
58	125	3364	-1	-1
58	126	3365	-1	-2
58	127	3366	-1	-2
58	128	3367	-1	-2
58	129	3368	-1	-2
58	130	3365	-1	-2
58	131	3366	-1	-2
58	132	3367	-1	-2
58	133	3368	-1	-2
58	134	3365	-1	-2
58	135	3366	-1	-2
58	136	3367	-1	-2
58	137	3368	-1	-2
58	138	3365	-1	-2
58	139	3366	-1	-2
58	140	3367	-1	-2
58	141	3368	-1	-2
58	142	3369	-1	-1
58	143	3370	-1	-1
58	144	3369	-1	-1
58	145	3370	-1	-1
58	146	3371	-1	-2
58	147	3372	-1	-2
58	148	3372	-1	-2
58	149	3372	-1	-2
58	150	3372	-1	-2
58	151	3372	-1	-2
58	152	3373	-1	-1
58	154	3374	-1	-1
58	156	3375	-1	518
58	157	3376	-1	519
58	158	3319	-1	520
58	159	3277	-1	521
58	160	3279	-1	-1
58	161	3326	-1	-1
58	162	3280	-1	-1
58	163	3327	-1	-1
58	164	3377	-1	522
58	165	3377	-1	523
58	166	3378	-1	-2
58	167	3379	-1	-1
58	169	3380	-1	-2
58	170	3381	-1	-2
58	171	3382	-1	-2
58	173	3277	-1	-2
58	175	3277	-1	-1
58	176	3277	-1	-1
58	177	3382	-1	-2
58	178	3278	-1	-1
58	179	3305	-1	-2
58	180	3277	-1	-2
58	181	3383	-1	-2
58	182	3384	-1	-2
58	183	-1	-1	-1
58	184	3385	-1	-2
58	185	3386	-1	-2
58	186	3387	-1	-2
58	187	-1	-1	-1
58	188	-1	-1	-1
58	189	3388	-1	524
58	190	3389	-1	525
58	191	3390	-1	526
58	192	3391	-1	527
58	193	0	0	-2
58	194	0	0	-2
58	195	3392	-1	528
58	196	0	0	-2
58	197	0	0	-2
58	199	3393	-1	529
58	201	3394	-1	530
58	202	0	0	-2
58	203	0	0	-2
58	204	3395	-1	531
58	205	0	0	-2
58	206	0	0	-2
58	207	3396	0	532
58	208	3397	-1	533
58	209	3398	-1	534
58	210	3399	-1	535
58	211	3400	-1	536
58	212	3401	-1	537
58	213	3402	-1	538
58	214	-1	-1	-1
58	215	3403	-1	-1
58	216	3404	-1	-1
58	217	-1	-1	-1
58	218	-1	-1	-1
58	219	3290	-1	-1
58	238	0	0	-2
57	2	2983	0	-1
57	3	2983	0	-1
57	5	2942	0	-1
57	6	2942	0	-1
57	7	2989	0	-1
57	8	2991	0	-1
57	9	2942	0	-1
57	10	2942	0	-1
57	11	2943	0	-1
57	12	2944	0	-1
57	13	2945	0	-1
57	14	2946	0	-1
57	15	2947	0	-1
57	16	2948	0	539
57	17	2949	0	-1
57	18	2950	0	-1
57	19	2951	1073741824	540
57	20	2961	0	-1
57	21	2961	0	-1
57	22	2952	0	541
57	23	2953	0	541
57	24	2954	1073741824	542
57	25	2955	1073741824	542
57	26	2956	0	-1
57	27	2957	0	-1
57	28	2958	0	-1
57	29	2959	0	-1
57	30	2960	0	-1
57	31	2961	0	-1
57	32	2961	0	-1
57	33	2962	0	-1
57	34	2962	0	-1
57	35	2963	0	-2
57	36	2964	0	-2
57	37	2965	0	-1
57	38	2966	0	-1
57	39	2967	0	-1
57	40	2968	0	-1
57	41	2969	0	-1
57	42	2970	0	-1
57	43	2971	0	-1
57	44	2972	0	-1
57	45	2973	0	-1
57	46	2974	0	-1
57	47	2975	0	-1
57	48	2976	0	-1
57	49	2977	0	-1
57	50	2977	0	-1
57	51	2978	0	-1
57	52	2979	0	-1
57	53	2980	0	-1
57	54	2981	0	-1
57	55	2982	0	-1
57	56	2983	0	-1
57	57	2983	0	-1
57	58	2984	0	-1
57	59	2961	0	-1
57	60	2983	0	-1
57	62	2985	0	-1
57	64	2986	0	-1
57	65	2987	0	-1
57	66	2988	0	-1
57	67	2989	0	543
57	68	2990	0	543
57	71	2991	0	-1
57	72	2992	0	-1
57	73	2993	1073741824	544
57	74	2994	1073741824	544
57	75	2995	1073741824	-1
57	76	2996	1073741824	-1
57	77	2997	1073741824	-1
57	78	2998	1073741824	-1
57	79	2999	0	545
57	80	3000	0	546
57	81	3001	0	547
57	83	3002	0	-1
57	84	3003	1073741824	548
57	85	3004	1073741824	549
57	86	3005	1073741824	-1
57	87	3006	1073741824	-1
57	88	3007	1073741824	-1
57	89	3008	1073741824	-1
57	90	3009	1073741824	-1
57	91	3010	1073741824	-1
57	92	3011	1073741824	-1
57	93	3012	1073741824	550
57	94	3013	1073741824	-1
57	95	3014	1073741824	551
57	96	3015	1073741824	-1
57	97	3016	1073741824	-1
57	98	3017	1073741824	-1
57	99	3018	1073741824	-1
57	100	3019	0	-1
57	101	3020	268435456	-1
57	104	3021	0	-1
57	105	3022	1073741824	-1
57	106	3023	0	-1
57	107	3023	0	-1
57	108	3024	0	-1
57	109	3025	0	-1
57	110	3023	0	-1
57	111	3023	0	-1
57	112	3024	0	-1
57	113	3025	0	-1
57	114	3026	0	-1
57	115	3026	0	-1
57	116	3027	0	-1
57	117	3028	0	-1
57	118	3026	0	-1
57	119	3026	0	-1
57	120	3027	0	-1
57	121	3028	0	-1
57	122	3029	268435456	-1
57	123	3029	268435456	-1
57	124	3029	268435456	-1
57	125	3029	268435456	-1
57	126	3030	0	-1
57	127	3031	0	-1
57	128	3032	1073741824	-1
57	129	3033	1073741824	-1
57	130	3030	0	-1
57	131	3031	0	-1
57	132	3032	1073741824	-1
57	133	3033	1073741824	-1
57	134	3030	0	-1
57	135	3031	0	-1
57	136	3032	1073741824	-1
57	137	3033	1073741824	-1
57	138	3030	0	-1
57	139	3031	0	-1
57	140	3032	1073741824	-1
57	141	3033	1073741824	-1
57	142	3034	0	552
57	143	3035	0	552
57	144	3034	0	552
57	145	3035	0	552
57	146	3036	0	-1
57	147	3037	0	-1
57	148	3037	0	-1
57	149	3037	0	-1
57	150	3037	0	-1
57	151	3037	0	-1
57	152	3038	2684354560	-1
57	154	3039	2684354560	-1
57	156	3040	1073741824	-1
57	157	3041	1073741824	-1
57	158	2981	0	553
57	159	2983	0	554
57	160	2989	0	-1
57	161	2990	0	-1
57	162	2991	0	-1
57	163	2992	0	-1
57	164	3042	0	555
57	165	3042	0	556
57	166	3043	268435456	-2
57	167	3044	268435456	557
57	169	3045	268435456	-2
57	170	3046	268435456	-2
57	171	3047	2147483648	-1
57	173	2983	0	-1
57	175	2983	0	-1
57	176	2983	0	-1
57	177	3047	2147483648	-1
57	178	2942	0	-1
57	179	2967	0	-1
57	180	2983	0	-1
57	181	3048	2147483648	-1
57	182	3049	2147483648	-1
57	184	3050	2147483648	-1
57	185	3051	2147483648	-1
57	186	3052	2147483648	-1
57	189	3053	0	558
57	190	3054	0	559
57	191	0	0	-2
57	192	3056	1073741824	560
57	193	3057	0	561
57	195	3058	0	562
57	197	3059	0	563
57	199	3060	0	564
57	201	3061	0	565
57	202	3062	0	566
57	204	3063	0	567
57	206	3064	0	568
57	207	3065	0	569
57	208	3066	0	570
57	209	3067	0	571
57	210	3068	268435456	572
57	211	3069	0	573
57	212	3070	0	574
57	213	3071	0	575
57	214	3073	0	576
57	215	3072	0	577
57	216	2961	0	-1
57	217	2961	0	-1
57	218	2961	0	-1
57	219	2961	0	-1
57	220	3074	1073741824	578
57	221	3075	1073741824	578
57	222	3089	268435456	579
57	223	3090	268435456	580
57	224	3091	268435456	581
57	225	3092	268435456	582
57	226	3093	268435456	583
57	228	3094	268435456	584
57	229	3087	268435456	585
57	230	3088	268435456	585
57	231	3055	0	586
57	232	3095	0	587
57	233	3096	0	-2
94	2	4538	-1	-2
94	3	4538	-1	-2
94	5	4497	266338304	-1
94	6	4497	266338304	-1
94	7	4544	-1	-1
94	8	4546	-1	-1
94	9	4497	266338304	-1
94	10	4497	266338304	-1
94	11	4498	0	-1
94	12	4499	0	-1
94	13	4500	0	-1
94	14	4501	-1	-1
94	15	4502	-1	-2
94	16	4503	-1	-1
94	17	4504	-1	-1
94	18	4505	-1	-2
94	19	4506	-1	-1
94	20	4516	-1	-1
94	21	4516	-1	-1
94	22	4507	-1	-2
94	23	4508	266338304	-2
94	24	4509	266338304	-2
94	25	4510	266338304	-2
94	26	4511	-1	-1
94	27	4512	-1	-1
94	28	4513	-1	-1
94	29	4514	-1	-1
94	30	4515	-1	-1
94	31	4516	-1	-1
94	32	4516	-1	-1
94	33	4517	-1	-1
94	34	4517	-1	-1
94	35	4518	266338304	-2
94	36	4519	266338304	-2
94	37	4520	-1	-2
94	38	4521	-1	-2
94	39	4522	-1	-2
94	40	4523	-1	-2
94	41	4524	-1	-2
94	42	4525	-1	-2
94	43	4526	-1	-2
94	44	4527	-1	-2
94	45	4528	-1	-2
94	46	4529	-1	-2
94	47	4530	-1	-2
94	48	4531	-1	-2
94	49	4532	-1	-2
94	50	4532	-1	-2
94	51	4533	-1	-2
94	52	4534	-1	-2
94	53	4535	-1	-2
94	54	4536	-1	-2
94	55	4537	-1	-2
94	56	4538	-1	-2
94	57	4538	-1	-2
94	58	4539	266338304	-1
94	59	4640	266338304	-1
94	60	4538	-1	-1
94	62	4540	-1	-1
94	64	4541	-1	-1
94	65	4542	-1	-1
94	66	4543	-1	-1
94	67	4544	-1	-2
94	68	4545	-1	-2
94	71	4546	-1	-1
94	72	4547	-1	-1
94	73	4548	-1	-2
94	74	4549	-1	-2
94	75	4550	-1	-1
94	76	4551	-1	-1
94	77	4552	-1	-1
94	78	4553	-1	-1
94	79	4554	266338304	-2
94	80	4555	268435456	-2
94	81	4556	-1	-2
94	83	4557	-1	-1
94	84	4558	-1	-1
94	85	4559	-1	-1
94	86	4560	-1	-1
94	87	4561	-1	-1
94	88	4562	-1	-1
94	89	4563	-1	-1
94	90	4564	-1	-1
94	91	4565	-1	-1
94	92	4566	-1	-1
94	93	4567	-1	-2
94	94	4568	-1	-1
94	95	4569	1340080128	-2
94	96	4570	-1	-1
94	97	4571	-1	-1
94	98	4572	-1	-1
94	99	4573	-1	-1
94	100	4574	-1	-1
94	101	4575	-1	-1
94	104	4576	-1	-1
94	105	4577	-1	-1
94	106	4578	-1	-1
94	107	4578	-1	-1
94	108	4579	-1	-1
94	109	4580	-1	-1
94	110	4578	-1	-1
94	111	4578	-1	-1
94	112	4579	-1	-1
94	113	4580	-1	-1
94	114	4581	-1	-1
94	115	4581	-1	-1
94	116	4582	-1	-1
94	117	4583	-1	-1
94	118	4581	-1	-1
94	119	4581	-1	-1
94	120	4582	-1	-1
94	121	4583	-1	-1
94	122	4584	-1	-1
94	123	4584	-1	-1
94	124	4584	-1	-1
94	125	4584	-1	-1
94	126	4585	-1	-1
94	127	4586	-1	-1
94	128	4587	-1	-1
94	129	4588	-1	-1
94	130	4585	-1	-1
94	131	4586	-1	-1
94	132	4587	-1	-1
94	133	4588	-1	-1
94	134	4585	-1	-1
94	135	4586	-1	-1
94	136	4587	-1	-1
94	137	4588	-1	-1
94	138	4585	-1	-1
94	139	4586	-1	-1
94	140	4587	-1	-1
94	141	4588	-1	-1
94	142	4589	-1	-1
94	143	4590	-1	-1
94	144	4589	-1	-1
94	145	4590	-1	-1
94	146	4591	266338304	-1
94	147	4592	266338304	-1
94	148	4592	266338304	-1
94	149	4592	266338304	-1
94	150	4592	266338304	-1
94	151	4592	266338304	-1
94	152	4593	2950692864	-1
94	154	4594	2950692864	-1
94	156	4595	-1	-1
94	157	4596	-1	-1
94	158	4536	-1	-2
94	159	4538	-1	-1
94	160	4544	-1	-1
94	161	4545	-1	-1
94	162	4546	-1	-1
94	163	4547	-1	-1
94	164	4597	266338304	-2
94	165	4597	266338304	-2
94	166	4598	-1	-2
94	167	4599	-1	-1
94	169	4600	-1	-2
94	170	4601	-1	-2
94	171	4602	-1	-2
94	173	4538	-1	-2
94	175	4538	-1	-1
94	176	4538	-1	-1
94	177	4602	-1	-2
94	178	4497	266338304	-1
94	179	4522	-1	-2
94	180	4538	-1	-2
94	181	4603	-1	-2
94	182	4604	-1	-2
94	184	4605	-1	-2
94	185	4606	-1	-2
94	186	4607	-1	-2
94	189	4608	266338304	-2
94	190	4609	-1	-2
94	191	4610	-1	-2
94	192	4611	1340080128	-2
94	193	4612	266338304	-2
94	194	0	-1	-2
94	195	4614	266338304	-2
94	196	0	-1	-2
94	197	4616	266338304	-2
94	199	4617	266338304	-2
94	201	4618	266338304	-2
94	202	0	-1	-1
94	204	4619	266338304	-2
94	206	0	-1	-1
94	207	4620	266338304	-2
94	208	4621	266338304	-2
94	209	4622	266338304	-2
94	210	4623	266338304	-2
94	211	4624	268435456	-2
94	212	4625	266338304	-2
94	213	4626	-1	-2
94	215	4516	-1	-1
94	218	4627	-1	-1
94	216	4516	-1	-1
94	219	4516	-1	-1
94	224	4497	266338304	-2
94	225	4497	266338304	-2
94	223	4632	-1	-1
79	5	2491	-1	-1
79	9	2491	-1	-1
79	6	2491	-1	-1
79	11	2651	-1	-1
79	12	2652	-1	-2
79	13	2653	-1	-2
79	37	2507	-1	-1
79	38	2508	-1	-1
79	39	2509	-1	-1
79	40	2510	-1	-1
79	41	2511	-1	-1
79	42	2512	-1	-1
79	43	2513	-1	-1
79	44	2514	-1	-1
79	45	2515	-1	-1
79	46	2516	-1	-1
79	47	2517	-1	-1
79	48	2518	-1	-1
79	49	2600	-1	-1
79	50	2600	-1	-1
79	165	2609	-1	-2
79	164	2609	-1	-2
79	81	2528	-1	-2
79	73	2657	-1	-2
79	74	2658	-1	-2
79	62	2599	-1	-1
79	64	2608	-1	-1
79	28	2538	-1	-1
79	29	2539	-1	-1
79	30	2540	-1	-1
79	66	2524	-1	-1
79	67	2525	-1	-1
79	160	2525	-1	-1
79	7	2525	-1	-1
79	68	2526	-1	-1
79	161	2526	-1	-1
79	71	2527	-1	-1
79	72	2570	-1	-1
79	8	2527	-1	-1
79	162	2527	-1	-1
79	163	2570	-1	-1
79	75	2615	-1	-1
79	76	2625	-1	-1
79	77	2641	-1	-1
79	78	2642	-1	-1
79	80	2656	-1	-2
79	79	2677	-1	-2
79	84	2578	-1	-1
79	85	2579	-1	-1
79	86	2580	-1	-1
79	89	2628	-1	-1
79	87	2626	-1	-1
79	88	2627	-1	-1
79	90	2629	-1	-1
79	91	2630	-1	-1
79	96	2631	-1	-1
79	97	2632	-1	-1
79	98	2633	-1	-1
79	99	2634	-1	-1
79	92	2574	-1	-2
79	93	2575	-1	-2
79	94	2576	-1	-2
79	95	2577	-1	-2
79	51	2643	-1	-1
79	52	2519	-1	-1
79	53	2520	-1	-1
79	54	2521	-1	-1
79	55	2522	-1	-1
79	2	2523	-1	-1
79	3	2523	-1	-1
79	56	2523	-1	-1
79	57	2523	-1	-1
79	60	2523	-1	-1
79	158	2521	-1	-2
79	159	2523	-1	-1
79	173	2523	-1	-1
79	175	2523	-1	-1
79	176	2523	-1	-1
79	179	2509	-1	-1
79	180	2523	-1	-1
79	100	2529	-1	-1
79	101	2614	-1	-1
79	104	2530	-1	-1
79	105	2618	-1	-1
79	106	2619	-1	-1
79	107	2619	-1	-1
79	110	2619	-1	-1
79	108	2620	-1	-1
79	112	2620	-1	-1
79	109	2621	-1	-1
79	113	2621	-1	-1
79	114	2622	-1	-1
79	118	2622	-1	-1
79	115	2622	-1	-1
79	119	2622	-1	-1
79	116	2623	-1	-1
79	120	2623	-1	-1
79	117	2624	-1	-1
79	121	2624	-1	-1
79	122	2613	-1	-1
79	123	2613	-1	-1
79	124	2613	-1	-1
79	125	2613	-1	-1
79	142	2542	-1	-1
79	143	2543	-1	-1
79	144	2542	-1	-1
79	145	2543	-1	-1
79	146	2616	-1	-1
79	147	2617	-1	-1
79	148	2617	-1	-1
79	149	2617	-1	-1
79	150	2617	-1	-1
79	151	2617	-1	-1
79	171	2531	-1	-1
79	178	2491	-1	-1
79	177	2531	-1	-1
79	181	-1	-1	-1
79	184	-1	-1	-1
79	185	2534	-1	-1
79	186	2535	-1	-1
79	189	2569	-1	-2
79	18	2536	-1	-2
79	190	2492	-1	-2
79	191	2493	-1	-2
79	201	2545	-1	-2
79	209	2546	-1	-2
79	10	2491	0	-1
79	20	2494	0	-1
79	21	2494	0	-1
79	31	2494	0	-1
79	32	2494	0	-1
79	59	2494	0	-1
79	26	2496	-1	-1
79	27	2573	-1	-1
79	210	2497	-1	-2
79	215	2541	-1	-1
79	214	2494	-1	-1
79	219	2494	-1	-1
79	166	2498	268435456	-2
79	204	2500	1073741824	-2
79	202	0	0	-2
79	206	0	0	-2
79	208	2654	-1	-2
79	167	2499	268435456	-2
79	170	2544	268435456	-2
79	182	2635	-1	-1
79	152	2680	-1	-1
79	154	2681	-1	-1
79	34	2682	-1	-1
79	33	2682	-1	-1
79	156	2683	-1	-1
79	157	2684	-1	-1
79	224	2504	-1	-2
79	225	2506	-1	-2
79	226	2505	-1	-2
79	229	2501	1342177280	-2
79	230	2502	1342177280	-2
79	232	2503	1342177280	-2
79	222	2488	0	-2
79	223	2489	0	-2
79	228	2495	1	-2
79	231	2495	1	-2
79	233	2562	1073741824	-2
79	58	2490	-1	-1
79	211	2559	-1	-2
79	216	2678	-1	-1
79	212	2563	-1	-2
79	213	2547	0	-2
79	218	2548	0	-2
79	199	2549	-1	-2
79	207	2553	-1	-2
79	35	2551	-1	-2
79	36	2550	-1	-1
79	193	2560	-1	-2
79	195	2552	-1	-2
79	197	2561	-1	-2
79	15	2554	-1	-2
79	16	2555	-1	-2
79	19	2604	-1	-2
79	17	2603	-1	-1
79	192	2556	-1	-2
79	22	2558	-1	-2
79	23	2571	-1	-2
79	25	2647	0	-2
79	24	2572	-1	-2
79	126	2644	-1	-1
79	127	2648	-1	-1
79	128	2645	-1	-1
79	129	2646	-1	-1
79	130	2644	-1	-1
79	131	2648	-1	-1
79	132	2645	-1	-1
79	133	2646	-1	-1
79	134	2644	-1	-1
79	135	2648	-1	-1
79	136	2645	-1	-1
79	137	2646	-1	-1
79	138	2644	-1	-1
79	139	2648	-1	-1
79	140	2645	-1	-1
79	141	2646	-1	-1
79	220	2491	0	-2
79	221	2491	0	-2
93	35	-1	-1	-2
93	158	-1	-1	-2
93	152	3206	-1	-1
93	154	3207	-1	-1
93	34	3210	-1	-1
93	33	3210	-1	-1
93	164	3267	-1	-2
93	165	3267	-1	-2
93	51	3158	-1	-1
93	52	3159	-1	-1
93	53	3160	-1	-1
93	72	3153	-1	-1
93	163	3153	-1	-1
93	7	3156	-1	-1
93	8	3153	-1	-1
93	68	3156	-1	-1
93	161	3156	-1	-1
93	79	3199	-1	-2
93	81	-1	-1	-2
93	73	3154	-1	-2
93	74	3155	-1	-2
93	11	3165	-1	-2
93	12	3166	-1	-1
93	13	3167	-1	-1
93	15	3113	-1	-1
93	16	3114	-1	-1
93	17	3115	-1	-1
93	19	3116	-1	-1
93	28	3108	-1	-1
93	29	3109	-1	-1
93	30	3110	-1	-1
93	20	3190	-1	-1
93	21	3190	-1	-1
93	31	3190	-1	-1
93	32	3190	-1	-1
93	59	3190	-1	-1
93	219	3190	-1	-1
93	215	3219	-1	-1
93	216	3220	-1	-1
93	27	3196	-1	-1
93	22	3139	-1	-2
93	23	3140	-1	-2
93	24	3141	-1	-2
93	25	3197	-1	-2
93	26	3111	-1	-1
93	58	3119	-1	-2
93	10	3107	-1	-2
93	6	3107	-1	-1
93	5	3107	-1	-1
93	9	3107	-1	-1
93	178	3107	-1	-1
93	18	3202	-1	-1
93	156	3129	-1	-2
93	157	3130	-1	-2
93	189	3195	-1	-2
93	114	3191	-1	-1
93	115	3191	-1	-1
93	116	3192	-1	-1
93	117	3193	-1	-1
93	118	3191	-1	-1
93	119	3191	-1	-1
93	120	3192	-1	-1
93	121	3193	-1	-1
93	128	3251	-1	-1
93	129	3249	-1	-1
93	126	3136	-1	-1
93	127	3137	-1	-1
93	132	3251	-1	-1
93	133	3249	-1	-1
93	130	3136	-1	-1
93	131	3137	-1	-1
93	136	3251	-1	-1
93	137	3249	-1	-1
93	134	3136	-1	-1
93	135	3137	-1	-1
93	140	3251	-1	-1
93	141	3249	-1	-1
93	138	3136	-1	-1
93	139	3137	-1	-1
93	142	3123	-1	-1
93	144	3123	-1	-1
93	84	3174	-1	-1
93	85	3175	-1	-1
93	86	3176	-1	-1
93	87	3177	-1	-1
93	88	3178	-1	-1
93	89	3179	-1	-1
93	90	3180	-1	-1
93	91	3181	-1	-1
93	92	3182	-1	-1
93	93	3183	-1	-2
93	94	3184	-1	-2
93	95	3185	-1	-1
93	96	3186	-1	-1
93	97	3187	-1	-1
93	98	3188	-1	-1
93	99	3189	-1	-1
93	166	3161	-1	-2
93	167	3162	-1	-1
93	169	3163	-1	-2
93	170	3164	268435456	-2
93	171	3157	-1	-1
93	177	3157	-1	-1
93	188	712	-1	-1
93	190	3131	-1	-2
93	191	3132	-1	-2
93	220	3133	-1	-2
93	221	3134	-1	-2
93	222	3135	-1	-2
93	192	3142	-1	-2
93	199	3112	0	-2
93	193	3147	0	-2
93	194	0	0	-2
93	195	3148	0	-2
93	196	0	0	-2
93	197	3149	0	-2
93	201	3151	0	-2
93	208	3143	-1	-2
93	204	3146	0	-2
93	207	3150	0	-2
93	211	3152	0	-2
93	210	3120	-1	-2
93	213	3138	-1	-2
93	209	3144	-1	-1
93	212	3145	-1	-2
93	223	3107	0	-2
93	224	3107	0	-2
93	227	3117	0	-2
93	228	3117	0	-2
93	230	3118	0	-2
93	236	3122	-1	-2
93	239	3127	0	-2
93	241	3126	-1	-2
93	245	3128	0	-2
96	2	4856	-1	-2
96	3	4856	-1	-2
96	5	4814	-1	-2
96	6	4814	-1	-2
96	7	4859	-1	-1
96	8	4861	-1	-1
96	9	4814	-1	-2
96	10	4814	-1	-2
96	11	4815	-1	-1
96	12	4816	-1	-2
96	13	4817	-1	-2
96	14	4818	-1	-1
96	15	4819	-1	-2
96	16	4820	-1	-2
96	17	4821	-1	-1
96	18	4822	-1	-1
96	19	4823	-1	-1
96	20	4833	-1	-1
96	21	4833	-1	-1
96	22	4824	-1	-2
96	23	4825	-1	-2
96	24	4826	-1	-2
96	25	4827	-1	-2
96	26	4828	-1	-1
96	27	4829	-1	-1
96	28	4830	-1	-1
96	29	4831	-1	-1
96	30	4832	-1	-1
96	31	4833	-1	-1
96	32	4833	-1	-1
96	33	4834	-1	-1
96	34	4834	-1	-1
96	35	4835	-1	-1
96	36	4836	-1	-1
96	37	4838	-1	-2
96	38	4839	-1	-2
96	39	4840	-1	-2
96	40	4841	-1	-2
96	41	4842	-1	-2
96	42	4843	-1	-2
96	43	4844	-1	-2
96	44	4845	-1	-2
96	45	4846	-1	-2
96	46	4847	-1	-2
96	47	4848	-1	-2
96	48	4849	-1	-2
96	49	4855	-1	-2
96	50	4855	-1	-2
96	51	4850	-1	-2
96	52	4851	-1	-2
96	53	4852	-1	-2
96	54	4853	-1	-2
96	55	4854	-1	-2
96	56	4856	-1	-2
96	57	4856	-1	-2
96	58	4857	-1	-1
96	59	4833	-1	-1
96	60	4856	-1	-1
96	62	4947	-1	-2
96	64	4948	-1	-1
96	65	4949	-1	-1
96	66	4858	-1	-1
96	67	4859	-1	-2
96	68	4860	-1	-2
96	71	4861	-1	-1
96	72	4862	-1	-1
96	73	4863	-1	-2
96	74	4864	-1	-2
96	75	4865	-1	-1
96	76	4866	-1	-1
96	77	4867	-1	-1
96	78	4868	-1	-1
96	79	4869	-1	-2
96	80	4870	-1	-2
96	81	4871	-1	-2
96	83	4872	-1	-1
96	84	4888	-1	-2
96	85	4889	-1	-2
96	86	4890	-1	-1
96	87	4891	-1	-1
96	88	4892	-1	-1
96	89	4893	-1	-1
96	90	4894	-1	-1
96	91	4895	-1	-1
96	92	4896	-1	-1
96	93	4897	-1	-2
96	94	4898	-1	-1
96	95	4899	-1	-2
96	96	4900	-1	-1
96	97	4901	-1	-1
96	98	4902	-1	-1
96	99	4903	-1	-2
96	100	4904	-1	-1
96	101	4913	-1	-1
96	104	4909	-1	-1
96	105	4908	-1	-1
96	106	4905	-1	-1
96	107	4905	-1	-1
96	108	4906	-1	-1
96	109	4907	-1	-1
96	110	4905	-1	-1
96	111	4905	-1	-1
96	112	4906	-1	-1
96	113	4907	-1	-1
96	114	4910	-1	-1
96	115	4910	-1	-1
96	116	4911	-1	-1
96	117	4912	-1	-1
96	118	4910	-1	-1
96	119	4910	-1	-1
96	120	4911	-1	-1
96	121	4912	-1	-1
96	122	4914	-1	-1
96	123	4914	-1	-1
96	124	4914	-1	-1
96	125	4914	-1	-1
96	126	4915	-1	-1
96	127	4916	-1	-1
96	128	4917	-1	-1
96	129	4918	-1	-1
96	130	4915	-1	-1
96	131	4916	-1	-1
96	132	4917	-1	-1
96	133	4918	-1	-1
96	134	4915	-1	-1
96	135	4916	-1	-1
96	136	4917	-1	-1
96	137	4918	-1	-1
96	138	4915	-1	-1
96	139	4916	-1	-1
96	140	4917	-1	-1
96	141	4918	-1	-1
96	142	4921	-1	-1
96	143	4922	-1	-1
96	144	4921	-1	-1
96	145	4922	-1	-1
96	146	4919	-1	-2
96	147	4920	-1	-2
96	148	4920	-1	-2
96	149	4920	-1	-2
96	150	4920	-1	-2
96	151	4920	-1	-2
96	152	4873	-1	-1
96	154	4874	-1	-1
96	156	4875	-1	-1
96	157	4876	-1	-1
96	158	4853	-1	-2
96	159	4856	-1	-1
96	160	4859	-1	-1
96	161	4860	-1	-1
96	162	4861	-1	-1
96	163	4862	-1	-1
96	164	4837	-1	-2
96	165	4837	-1	-2
96	166	4877	-1	-2
96	167	4878	-1	-1
96	169	4879	1342177280	-2
96	170	4880	-1	-2
96	171	4881	-1	-2
96	173	4856	-1	-2
96	175	4856	-1	-1
96	176	4856	-1	-1
96	177	4881	-1	-2
96	178	4814	-1	-2
96	179	4840	-1	-1
96	180	4856	-1	-1
96	181	4882	-1	-2
96	182	4883	-1	-2
96	184	4884	-1	-2
96	185	4886	-1	-2
96	186	4885	-1	-2
96	189	4887	268435456	-2
96	190	4923	-1	-2
96	191	0	0	-2
96	192	4926	-1	-2
96	193	4927	-1	-2
96	195	4928	-1	-2
96	197	4929	-1	-2
96	199	4930	0	-2
96	201	4931	0	-2
96	202	0	0	-2
96	203	0	0	-2
96	204	4934	1073741824	-2
96	205	0	0	-2
96	206	0	0	-2
96	207	4937	-1	-2
96	208	4938	-1	-2
96	209	4939	-1	-2
96	210	4940	-1	-2
96	211	4941	-1	-2
96	212	4942	-1	-2
96	213	4943	0	-2
96	215	4944	-1	-1
96	216	4945	-1	-1
96	217	4946	-1	-1
96	219	4833	-1	-1
87	5	4488	-1	-1
87	6	4488	-1	-1
87	10	4488	-1	-1
87	9	4488	-1	-1
87	15	2268	-1	-1
87	19	4692	-1	-1
87	17	4693	-1	-1
87	11	5124	-1	-2
87	12	5125	-1	-2
87	13	2287	-1	-2
87	16	2269	-1	-2
87	156	2264	-1	-2
87	157	2265	-1	-2
87	22	2266	-1	-1
87	23	2267	-1	-1
87	24	2278	-1	-2
87	25	2279	-1	-2
87	190	-1	-1	-2
87	192	-1	-1	-2
87	209	2281	-1	-2
87	214	2320	-1	-2
87	210	2282	-1	-2
87	212	-1	-1	-2
87	211	2283	-1	-2
87	193	-1	-1	-2
87	194	-1	-1	-2
87	195	-1	-1	-2
87	196	-1	-1	-2
87	197	-1	-1	-2
87	199	-1	-1	-2
87	201	2276	-1	-2
87	207	2280	-1	-2
87	208	2277	-1	-2
87	202	-1	-1	-2
87	203	-1	-1	-2
87	204	-1	-1	-2
87	205	-1	-1	-2
87	206	-1	-1	-2
87	189	2319	-1	-2
87	223	-1	-1	-2
87	220	4488	0	-2
87	221	4488	0	-2
87	178	4488	-1	-1
90	2	4201	-1	-1
90	3	4201	-1	-1
90	5	4098	-1	-2
90	6	4098	-1	-2
90	7	4203	-1	-1
90	8	4205	-1	-1
90	9	4098	-1	-2
90	10	4098	-1	-2
90	11	4167	-1	-1
90	12	4168	-1	-1
90	13	4169	-1	-1
90	15	4099	-1	-2
90	16	4100	-1	-2
90	17	4101	-1	-1
90	18	4102	-1	-2
90	19	4103	-1	-1
90	20	4110	-1	-1
90	21	4110	-1	-1
90	22	4104	-1	-2
90	23	4105	-1	-2
90	24	4106	-1	-2
90	25	4106	0	-2
90	26	4108	-1	-1
90	27	4109	-1	-1
90	28	4131	-1	-2
90	29	4132	-1	-2
90	30	4133	-1	-1
90	31	4110	-1	-1
90	32	4110	-1	-1
90	35	4258	-1	-2
90	36	4259	-1	-2
90	37	4184	-1	-2
90	38	4185	-1	-2
90	39	4186	-1	-2
90	40	4187	-1	-2
90	41	4188	-1	-2
90	42	4189	-1	-2
90	43	4190	-1	-2
90	44	4191	-1	-2
90	45	4192	-1	-2
90	46	4193	-1	-2
90	47	4194	-1	-2
90	48	4195	-1	-2
90	49	4202	-1	-2
90	50	4202	-1	-2
90	51	4196	-1	-2
90	52	4197	-1	-2
90	53	4198	-1	-2
90	54	4199	-1	-2
90	55	4200	-1	-2
90	57	4201	-1	-2
90	56	4201	-1	-2
90	58	4115	-1	-1
90	59	4116	-1	-2
90	60	4201	-1	-1
90	62	4223	-1	-1
90	64	4224	-1	-1
90	65	4225	-1	-1
90	66	4268	-1	-1
90	67	4203	-1	-2
90	68	4204	-1	-2
90	71	4205	-1	-2
90	72	4206	-1	-2
90	73	4207	-1	-2
90	74	4208	-1	-2
90	75	4209	-1	-1
90	76	4210	-1	-1
90	77	4211	-1	-1
90	78	4212	-1	-1
90	79	4213	-1	-2
90	80	4214	-1	-2
90	81	4215	-1	-2
90	83	4278	-1	-1
90	84	4238	-1	-2
90	85	4239	-1	-2
90	86	4170	-1	-1
90	87	4171	-1	-1
90	88	4172	-1	-1
90	89	4173	-1	-1
90	90	4174	-1	-1
90	91	4175	-1	-1
90	92	4176	-1	-1
90	93	4177	-1	-2
90	94	4178	-1	-1
90	95	4179	-1	-2
90	96	4180	-1	-1
90	97	4181	-1	-1
90	98	4182	-1	-1
90	99	4183	-1	-1
90	100	4267	-1	-1
90	101	4256	-1	-1
90	104	4266	-1	-1
90	105	4240	-1	-1
90	106	4241	-1	-1
90	107	4241	-1	-1
90	108	4242	-1	-1
90	109	4243	-1	-1
90	110	4241	-1	-1
90	111	4241	-1	-1
90	112	4242	-1	-1
90	113	4243	-1	-1
90	114	4244	-1	-1
90	115	4244	-1	-1
90	116	4245	-1	-1
90	117	4246	-1	-1
90	118	4244	-1	-1
90	119	4244	-1	-1
90	120	4245	-1	-1
90	121	4246	-1	-1
90	122	4257	-1	-1
90	123	4257	-1	-1
90	124	4257	-1	-1
90	125	4257	-1	-1
90	126	4262	-1	-1
90	127	4263	-1	-1
90	128	4264	-1	-1
90	129	4265	-1	-1
90	130	4262	-1	-1
90	131	4263	-1	-1
90	132	4264	-1	-1
90	133	4265	-1	-1
90	134	4262	-1	-1
90	135	4263	-1	-1
90	136	4264	-1	-1
90	137	4265	-1	-1
90	138	4262	-1	-1
90	139	4263	-1	-1
90	140	4264	-1	-1
90	141	4265	-1	-1
90	142	4117	-1	-1
90	143	4118	-1	-1
90	144	4117	-1	-1
90	145	4118	-1	-1
90	146	4129	-1	-1
90	147	4130	-1	-1
90	148	4130	-1	-1
90	149	4130	-1	-1
90	150	4130	-1	-1
90	151	4130	-1	-1
90	152	4157	-1	-1
90	154	4158	-1	-1
90	34	4159	-1	-1
90	33	4159	-1	-1
90	156	4160	-1	-1
90	157	4161	-1	-1
90	158	4199	-1	-2
90	159	4201	-1	-1
90	160	4203	-1	-1
90	161	4204	-1	-1
90	162	4205	-1	-1
90	163	4206	-1	-1
90	164	4279	-1	-2
90	165	4279	-1	-2
90	166	4143	-1	-2
90	167	4144	-1	-1
90	169	4145	-1	-2
90	170	4149	-1	-2
90	171	4250	-1	-2
90	173	4201	-1	-2
90	175	4201	1	-1
90	176	4201	1	-1
90	177	4250	-1	-2
90	178	4098	1	-1
90	179	4186	-1	-2
90	180	4201	-1	-2
90	181	4251	-1	-2
90	182	4252	-1	-2
90	183	-1	-1	-1
90	184	4253	-1	-2
90	185	4254	-1	-2
90	186	4255	-1	-2
90	189	4155	-1	-2
90	190	4134	0	-2
90	191	4135	0	-2
90	220	4136	1073741824	-2
90	221	4134	0	-2
90	222	4135	0	-2
90	192	4137	-1	-2
90	193	0	0	-2
90	194	0	0	-2
90	195	4153	-1	-2
90	196	0	0	-2
90	197	0	0	-2
90	199	4138	0	-2
90	201	4146	1073741824	-2
90	202	0	0	-2
90	203	0	0	-2
90	204	4154	-1	-2
90	205	0	0	-2
90	206	0	0	-2
90	207	4147	0	-2
90	208	4142	0	-2
90	209	4140	-1	-2
90	210	4139	-1	-2
90	211	4150	-1	-2
90	212	4148	-1	-2
90	213	4141	-1	-2
90	214	4110	-1	-1
90	215	4110	-1	-1
90	216	4221	-1	-1
90	217	4219	-1	-2
90	218	4222	-1	-1
90	219	4110	-1	-1
81	189	2138	-1	-2
81	190	-1	-1	-2
81	191	-1	-1	-2
81	192	-1	-1	-2
81	193	-1	-1	-2
81	195	-1	-1	-2
81	197	-1	-1	-2
81	199	-1	-1	-2
81	201	-1	-1	-2
81	202	-1	-1	-2
81	203	-1	-1	-2
81	204	-1	-1	-2
81	205	-1	-1	-2
81	206	-1	-1	-2
81	207	-1	-1	-2
81	208	-1	-1	-2
81	209	-1	-1	-2
81	210	2137	-1	-2
81	211	-1	-1	-2
81	212	-1	-1	-2
81	213	2136	0	-2
81	220	-1	-1	-2
81	223	-1	-1	-2
81	224	-1	-1	-2
81	225	-1	-1	-2
81	226	-1	-1	-2
81	227	-1	-1	-2
81	228	-1	-1	-2
81	170	2371	1342177280	-2
81	221	499	0	-2
81	222	499	0	-2
85	10	2695	-1	-1
85	9	2695	-1	-1
85	178	2695	-1	-1
85	6	2695	-1	-1
85	5	2695	-1	-1
85	16	-1	-1	-2
85	15	-1	-1	-2
85	24	-1	-1	-2
85	25	-1	-1	-2
85	166	-1	-1	-2
85	169	-1	-1	-2
85	170	-1	-1	-2
85	156	-1	-1	-2
85	157	-1	-1	-2
85	73	-1	-1	-2
85	74	-1	-1	-2
85	81	-1	-1	-2
85	35	-1	-1	-2
85	158	-1	-1	-2
85	164	-1	-1	-2
85	165	-1	-1	-2
85	189	2152	-1	-2
85	190	-1	-1	-2
85	191	-1	-1	-2
85	192	-1	-1	-2
85	193	-1	-1	-2
85	194	-1	-1	-2
85	195	-1	-1	-2
85	196	-1	-1	-2
85	199	2153	-1	-2
85	201	-1	-1	-2
85	204	2151	-1	-2
85	207	-1	-1	-2
85	211	-1	-1	-2
85	212	-1	-1	-2
85	213	-1	-1	-2
85	225	745	-1	-2
85	226	2402	-1	-2
85	231	-1	-1	-2
85	232	-1	-1	-2
85	236	-1	-1	-2
85	241	-1	-1	-2
85	223	642	0	-2
85	224	642	0	-2
86	10	-1	-1	-2
86	9	-1	-1	-2
86	16	-1	-1	-2
86	35	-1	-1	-2
86	24	-1	-1	-2
86	25	-1	-1	-2
86	67	-1	-1	-2
86	68	-1	-1	-2
86	71	-1	-1	-2
86	72	-1	-1	-2
86	73	-1	-1	-2
86	74	-1	-1	-2
86	81	-1	-1	-2
86	93	-1	-1	-2
86	95	-1	-1	-2
86	189	2145	-1	-2
86	158	-1	-1	-2
86	164	-1	-1	-2
86	190	-1	-1	-2
86	192	-1	-1	-2
86	193	-1	-1	-2
86	194	-1	-1	-2
86	195	-1	-1	-2
86	196	-1	-1	-2
86	197	-1	-1	-2
86	199	-1	-1	-2
86	201	-1	-1	-2
86	202	0	0	-2
86	204	1614	0	-2
86	206	0	0	-2
86	207	2132	0	-2
86	208	2133	-1	-2
86	209	1639	-1	-2
86	210	2135	-1	-2
86	211	-1	-1	-2
86	212	-1	-1	-2
86	213	-1	-1	-2
86	214	1643	-1	-2
86	215	0	-1	-2
86	224	1512	0	-2
86	225	1512	0	-2
86	226	1512	0	-2
86	227	1512	0	-2
86	228	-1	-1	-2
86	229	-1	-1	-2
86	230	-1	-1	-2
86	231	-1	-1	-2
86	232	-1	-1	-2
86	233	-1	-1	-2
86	235	-1	-1	-2
86	236	-1	-1	-2
86	237	-1	-1	-2
86	238	-1	-1	-2
92	5	4308	-1	-2
92	6	4308	-1	-2
92	10	4308	-1	-2
92	9	4308	-1	-2
92	28	4315	-1	-1
92	29	4316	-1	-1
92	30	4317	-1	-1
92	22	4311	-1	-2
92	23	4314	-1	-2
92	24	4312	-1	-2
92	25	4313	-1	-2
92	26	4309	-1	-1
92	27	4310	-1	-1
92	58	4448	-1	-1
92	35	4472	-1	-2
92	36	4473	-1	-1
92	73	-1	-1	-2
92	74	-1	-1	-2
92	81	-1	-1	-2
92	158	-1	-1	-2
92	164	4434	-1	-2
92	165	4434	-1	-2
92	189	4333	-1	-2
92	15	4430	-1	-1
92	16	4431	-1	-1
92	17	4432	-1	-1
92	19	4433	-1	-1
92	20	4429	0	-1
92	21	4429	0	-1
92	31	4429	0	-1
92	32	4429	0	-1
92	59	4429	0	-1
92	216	4429	0	-1
92	217	4429	0	-1
92	218	4429	0	-1
92	219	4429	0	-1
92	62	4435	-1	-1
92	64	4436	-1	-1
92	85	4399	-1	-1
92	88	4394	-1	-1
92	91	4395	-1	-1
92	92	4390	-1	-1
92	93	4391	-1	-2
92	95	4393	-1	-2
92	97	4396	-1	-1
92	98	4397	-1	-1
92	99	4398	-1	-1
92	79	4425	-1	-2
92	80	4424	-1	-2
92	71	4418	-1	-1
92	72	4423	-1	-1
92	75	4420	-1	-1
92	76	4422	-1	-1
92	77	4421	-1	-1
92	78	4419	-1	-1
92	178	4308	-1	-1
92	190	4330	-1	-2
92	191	4331	-1	-2
92	192	4346	1073741824	-2
92	193	4326	268435456	-2
92	195	4327	268435456	-2
92	197	4328	268435456	-2
92	199	4293	0	-2
92	201	4325	0	-2
92	202	0	0	-2
92	203	0	0	-2
92	204	4335	0	-2
92	205	0	0	-2
92	206	0	0	-2
92	207	4303	0	-2
92	208	4340	0	-2
92	209	4296	-1	-2
92	210	4297	-1	-2
92	211	4295	-1	-2
92	212	4294	-1	-2
92	213	4298	0	-2
92	132	-1	-1	-2
92	122	-1	-1	-2
92	123	-1	-1	-2
92	124	-1	-1	-2
92	125	-1	-1	-2
92	166	4382	-1	-2
92	167	4383	-1	-1
92	169	4384	-1	-2
92	170	4385	-1	-2
92	152	4478	-1	-1
92	154	4479	-1	-1
78	190	2351	0	-2
78	191	2352	0	-2
78	220	2353	0	-2
78	209	2358	-1	-2
78	210	2359	-1	-2
78	211	2360	-1	-2
78	212	2426	-1	-2
78	213	2361	-1	-2
78	195	2355	0	-2
78	193	2367	0	-2
78	197	2368	0	-2
78	199	2356	-1	-2
78	201	2427	-2147483648	-2
78	207	2330	2147483648	-2
78	208	2357	0	-2
78	166	2417	-1	-2
78	167	2418	-1	-2
78	169	2423	-1	-2
78	204	-1	-1	-2
78	192	2354	-1	-2
78	22	-1	-1	-2
78	23	-1	-1	-2
78	189	2432	0	-2
78	93	-1	-1	-2
78	95	-1	-1	-2
78	164	-1	-1	-2
78	73	-1	-1	-2
78	74	-1	-1	-2
78	81	-1	-1	-2
78	158	-1	-1	-2
78	165	-1	-1	-2
78	35	-1	-1	-2
78	24	-1	-1	-2
78	25	-1	-1	-2
78	226	2331	1073741824	-2
78	227	2332	-1	-2
78	237	2333	-1	-2
78	238	2334	-1	-2
78	239	2334	-1	-2
78	240	2335	-1	-2
78	241	2336	-1	-2
78	242	2337	-1	-2
78	243	2337	-1	-2
78	244	2338	-1	-2
78	58	2346	-1	-1
78	228	2339	-1	-2
78	229	2340	-1	-1
78	230	2341	-1	-1
78	232	2342	-1	-2
78	233	2343	-1	-1
78	234	2344	-1	-1
78	236	2345	-1	-2
78	231	2345	-1	-2
78	221	1664	0	-2
78	222	1664	0	-2
84	2	3930	-1	-2
84	3	3930	-1	-2
84	5	3889	-1	-2
84	6	3889	-1	-2
84	7	3936	-1	-1
84	8	3938	-1	-1
84	9	3889	-1	-2
84	10	3889	-1	-2
84	11	3890	-1	-1
84	12	3891	-1	-1
84	13	3892	-1	-1
84	14	3893	-1	-1
84	15	3894	268435456	588
84	16	3895	-1	-2
84	17	3896	-1	-2
84	18	3897	-1	-2
84	19	3898	-1	-1
84	20	3908	-1	-1
84	21	3908	-1	-1
84	22	3899	-1	-2
84	23	3900	-1	-2
84	24	3901	268435456	589
84	25	3902	268435456	589
84	26	3903	-1	-1
84	27	3904	-1	-1
84	28	3905	-1	-1
84	29	3906	-1	-1
84	30	3907	-1	-1
84	31	3908	-1	-1
84	32	3908	-1	-1
84	33	3909	-1	-1
84	34	3909	-1	-1
84	35	3910	-1	-2
84	36	3911	-1	-2
84	37	3912	-1	-2
84	38	3913	-1	-2
84	39	3914	-1	-2
84	40	3915	-1	-2
84	41	3916	-1	-2
84	42	3917	-1	-2
84	43	3918	-1	-2
84	44	3919	-1	-2
84	45	3920	-1	-2
84	46	3921	-1	-2
84	47	3922	-1	-2
84	48	3923	-1	-2
84	49	3924	-1	-2
84	50	3924	-1	-2
84	51	3925	-1	-2
84	52	3926	-1	-2
84	53	3927	-1	-2
84	54	3928	-1	-2
84	55	3929	-1	-2
84	56	3930	-1	-2
84	57	3930	-1	-2
84	58	3931	-1	-1
84	59	3908	-1	-1
84	60	3930	-1	-1
84	62	3932	-1	-1
84	64	3933	-1	-1
84	65	3934	-1	-1
84	66	3935	-1	-1
84	67	3936	-1	-2
84	68	3937	-1	-2
84	71	3938	-1	-2
84	72	3939	-1	-2
84	73	3940	-1	-2
84	74	3941	-1	-2
84	75	3942	1342177280	-2
84	76	3943	1342177280	-2
84	77	3944	1342177280	-2
84	78	3945	1342177280	-2
84	79	3946	-1	-2
84	80	3947	-1	-2
84	81	3948	-1	-2
84	83	3949	-1	-1
84	84	3950	-1	-2
84	85	3951	-1	-2
84	86	3952	-1	-1
84	87	3953	-1	-1
84	88	3954	-1	-1
84	89	3955	-1	-1
84	90	3956	-1	-1
84	91	3957	-1	-1
84	92	3958	-1	-1
84	93	3959	-1	-2
84	94	3960	-1	-1
84	95	3961	-1	-2
84	96	3962	-1	-1
84	97	3963	-1	-1
84	98	3964	-1	-1
84	99	3965	-1	-1
84	100	3966	-1	-1
84	101	5431	-1	-1
84	104	3968	-1	-1
84	105	3969	-1	-1
84	106	3970	-1	-1
84	107	3970	-1	-1
84	108	3971	-1	-1
84	109	3972	-1	-1
84	110	3970	-1	-1
84	111	3970	-1	-1
84	112	3971	-1	-1
84	113	3972	-1	-1
84	114	3973	-1	-1
84	115	3973	-1	-1
84	116	3974	-1	-1
84	117	3975	-1	-1
84	118	3973	-1	-1
84	119	3973	-1	-1
84	120	3974	-1	-1
84	121	3975	-1	-1
84	122	4052	-1	-1
84	123	4052	-1	-1
84	124	4052	-1	-1
84	125	4052	-1	-1
84	126	3977	-1	-1
84	127	3978	-1	-1
84	128	3979	-1	-1
84	129	3980	-1	-1
84	130	3977	-1	-1
84	131	3978	-1	-1
84	132	3979	-1	-1
84	133	3980	-1	-1
84	134	3977	-1	-1
84	135	3978	-1	-1
84	136	3979	-1	-1
84	137	3980	-1	-1
84	138	3977	-1	-1
84	139	3978	-1	-1
84	140	3979	-1	-1
84	141	3980	-1	-1
84	142	3981	-1	-1
84	143	3982	-1	-1
84	144	3981	-1	-1
84	145	3982	-1	-1
84	146	3983	-1	-1
84	147	3984	-1	-1
84	148	3984	-1	-1
84	149	3984	-1	-1
84	150	3984	-1	-1
84	151	3984	-1	-1
84	152	3985	-1	-1
84	154	3986	-1	-1
84	156	3987	-1	590
84	157	3988	-1	591
84	158	3928	-1	592
84	159	3930	-1	-1
84	160	3936	-1	-1
84	161	3937	-1	-1
84	162	3938	-1	-1
84	163	3939	-1	-1
84	164	3989	-1	593
84	165	3989	-1	594
84	166	3990	-1	-2
84	167	3991	-1	-1
84	169	3992	-1	-2
84	170	3993	1342177280	-2
84	171	3994	-1	-2
84	173	3930	-1	-2
84	175	3930	-1	-1
84	176	3930	-1	-1
84	177	3994	-1	-2
84	178	3889	-1	-1
84	179	3914	-1	-1
84	180	3930	-1	-2
84	181	3995	-1	-2
84	182	3996	-1	-2
84	184	3997	-1	-2
84	185	3998	-1	-2
84	186	3999	-1	-2
84	189	4000	-1	595
84	190	4001	-1	-2
84	191	4002	-1	-2
84	192	4003	-1	596
84	193	4004	-1	-2
84	194	0	0	-2
84	195	4006	1	-2
84	196	0	0	-2
84	197	4008	-1	-2
84	199	4009	-1	-2
84	201	4010	-1	-2
84	202	0	-1	-2
84	204	4012	-1	-2
84	206	0	-1	-2
84	207	4014	0	-2
84	208	4015	-1	-2
84	209	4016	-1	-2
84	210	4017	-1	-2
84	211	4018	-1	-2
84	212	4019	-1	-2
84	213	4020	-1	-2
84	215	4021	-1	-1
84	216	4022	-1	-1
84	219	3908	-1	-1
84	223	4026	-1	-1
84	224	4027	-1	-1
88	2	3277	-1	-2
88	3	3277	-1	-2
88	5	3278	-1	-1
88	6	3278	-1	-1
88	7	3279	-1	-1
88	8	3280	-1	-1
88	9	3278	-1	-2
88	10	3278	-1	-2
88	11	3281	-1	-1
88	12	3282	-1	-1
88	13	3283	-1	-1
88	14	3284	-1	-1
88	15	3285	-1	-1
88	16	3286	-1	-1
88	17	3287	-1	-1
88	18	3288	-1	-1
88	19	3289	-1	-1
88	20	3290	-1	-1
88	21	3290	-1	-1
88	22	3291	-1	-2
88	23	3292	-1	-2
88	24	3293	-1	-2
88	25	3294	-1	-2
88	26	3295	-1	-1
88	27	3296	-1	-1
88	28	3297	-1	-1
88	29	3298	-1	-1
88	30	3299	-1	-1
88	31	3290	-1	-1
88	32	3290	-1	-1
88	33	3300	-1	-1
88	34	3300	-1	-1
88	35	3301	-1	-2
88	36	3302	-1	-2
88	37	3303	-1	-2
88	38	3304	-1	-2
88	39	3305	-1	-2
88	40	3306	-1	-2
88	41	3307	-1	-2
88	42	3308	-1	-2
88	43	3309	-1	-2
88	44	3310	-1	-2
88	45	3311	-1	-2
88	46	3312	-1	-2
88	47	3313	-1	-2
88	48	3314	-1	-2
88	49	3315	-1	-2
88	50	3315	-1	-2
88	51	3316	-1	-2
88	52	3317	-1	-2
88	53	3318	-1	-2
88	54	3319	-1	-2
88	55	3320	-1	-2
88	56	3277	-1	-2
88	57	3277	-1	-2
88	58	3321	-1	-1
88	59	3290	-1	-1
88	60	3277	-1	-1
88	62	3322	-1	-1
88	64	3323	-1	-1
88	65	3324	-1	-1
88	66	3325	-1	-1
88	67	3279	-1	-2
88	68	3326	-1	-2
88	71	3280	-1	-2
88	72	3327	-1	-2
88	73	3328	-1	-2
88	74	3329	-1	-2
88	75	3330	-1	-1
88	76	3331	-1	-1
88	77	3332	-1	-1
88	78	3333	-1	-1
88	79	3334	-1	-2
88	80	3335	-1	-2
88	81	3336	-1	-2
88	83	3337	-1	-1
88	84	3338	-1	-2
88	85	3339	-1	-2
88	86	3340	-1	-1
88	87	3341	-1	-1
88	88	3342	-1	-1
88	89	3343	-1	-1
88	90	3344	-1	-1
88	91	3345	-1	-1
88	92	3346	-1	-1
88	93	3347	-1	-2
88	94	3348	-1	-1
88	95	3349	-1	-2
88	96	3350	-1	-1
88	97	3351	-1	-1
88	98	3352	-1	-1
88	99	3353	-1	-1
88	100	3354	-1	-1
88	101	3355	-1	-1
88	104	3356	-1	-1
88	105	3357	-1	-1
88	106	3358	-1	-1
88	107	3358	-1	-1
88	108	3359	-1	-1
88	109	3360	-1	-1
88	110	3358	-1	-1
88	111	3358	-1	-1
88	112	3359	-1	-1
88	113	3360	-1	-1
88	114	3361	-1	-1
88	115	3361	-1	-1
88	116	3362	-1	-1
88	117	3363	-1	-1
88	118	3361	-1	-1
88	119	3361	-1	-1
88	120	3362	-1	-1
88	121	3363	-1	-1
88	122	3364	-1	-1
88	123	3364	-1	-1
88	124	3364	-1	-1
88	125	3364	-1	-1
88	126	3365	-1	-2
88	127	3366	-1	-2
88	128	3367	-1	-2
88	129	3368	-1	-2
88	130	3365	-1	-2
88	131	3366	-1	-2
88	132	3367	-1	-2
88	133	3368	-1	-2
88	134	3365	-1	-2
88	135	3366	-1	-2
88	136	3367	-1	-2
88	137	3368	-1	-2
88	138	3365	-1	-2
88	139	3366	-1	-2
88	140	3367	-1	-2
88	141	3368	-1	-2
88	142	3369	-1	-1
88	143	3370	-1	-1
88	144	3369	-1	-1
88	145	3370	-1	-1
88	146	3371	-1	-1
88	147	3372	-1	-1
88	148	3372	-1	-1
88	149	3372	-1	-1
88	150	3372	-1	-1
88	151	3372	-1	-1
88	152	3373	-1	-1
88	154	3374	-1	-1
88	156	3375	-1	-2
88	157	3376	-1	-2
88	158	3319	-1	-2
88	159	3277	-1	-2
88	160	3279	-1	-1
88	161	3326	-1	-1
88	162	3280	-1	-1
88	163	3327	-1	-1
88	164	3377	-1	-2
88	165	3377	-1	-2
88	166	3378	-1	-2
88	167	3379	-1	-1
88	169	3380	-1	-2
88	170	3381	-1	-2
88	171	3382	-1	-2
88	173	3277	-1	-2
88	175	3277	-1	-1
88	176	3277	-1	-1
88	177	3382	-1	-2
88	178	3278	-1	-1
88	179	3305	-1	-2
88	180	3277	-1	-2
88	181	3383	-1	-2
88	182	3384	-1	-2
88	183	-1	-1	-1
88	184	3385	-1	-2
88	185	3386	-1	-2
88	186	3387	-1	-2
88	187	-1	-1	-1
88	188	-1	-1	-1
88	189	3388	-1	-2
88	190	3389	-1	-2
88	191	3390	-1	-2
88	192	3391	-1	-2
88	193	0	0	-2
88	194	0	0	-2
88	195	3392	-1	-2
88	196	0	0	-2
88	197	0	0	-2
88	199	3393	-1	-2
88	201	3394	-1	-2
88	202	0	0	-2
88	203	0	0	-2
88	204	3395	-1	-2
88	205	0	0	-2
88	206	0	0	-2
88	207	3396	0	-2
88	208	3397	-1	-2
88	209	3398	-1	-2
88	210	3399	-1	-2
88	211	3400	-1	-2
88	212	3401	-1	-2
88	213	3402	-1	-2
88	214	-1	-1	-1
88	215	3403	-1	-1
88	216	3404	-1	-1
88	217	-1	-1	-1
88	218	-1	-1	-1
88	219	3290	-1	-1
88	238	0	0	-2
89	2	2983	0	-1
89	3	2983	0	-1
89	5	2942	0	-1
89	6	2942	0	-1
89	7	2989	0	-1
89	8	2991	0	-1
89	9	2942	0	-1
89	10	2942	0	-1
89	11	2943	0	-1
89	12	2944	0	-1
89	13	2945	0	-1
89	14	2946	0	-1
89	15	2947	0	-1
89	16	2948	0	-2
89	17	2949	0	-1
89	18	2950	0	-1
89	19	2951	1073741824	-2
89	20	2961	0	-1
89	21	2961	0	-1
89	22	2952	0	-2
89	23	2953	0	-2
89	24	2954	1073741824	-2
89	25	2955	1073741824	-2
89	26	2956	0	-1
89	27	2957	0	-1
89	28	2958	0	-1
89	29	2959	0	-1
89	30	2960	0	-1
89	31	2961	0	-1
89	32	2961	0	-1
89	33	2962	0	-1
89	34	2962	0	-1
89	35	2963	0	-2
89	36	2964	0	-2
89	37	2965	0	-1
89	38	2966	0	-1
89	39	2967	0	-1
89	40	2968	0	-1
89	41	2969	0	-1
89	42	2970	0	-1
89	43	2971	0	-1
89	44	2972	0	-1
89	45	2973	0	-1
89	46	2974	0	-1
89	47	2975	0	-1
89	48	2976	0	-1
89	49	2977	0	-1
89	50	2977	0	-1
89	51	2978	0	-1
89	52	2979	0	-1
89	53	2980	0	-1
89	54	2981	0	-1
89	55	2982	0	-1
89	56	2983	0	-1
89	57	2983	0	-1
89	58	2984	0	-1
89	59	2961	0	-1
89	60	2983	0	-1
89	62	2985	0	-1
89	64	2986	0	-1
89	65	2987	0	-1
89	66	2988	0	-1
89	67	2989	0	-2
89	68	2990	0	-2
89	71	2991	0	-1
89	72	2992	0	-1
89	73	2993	1073741824	-2
89	74	2994	1073741824	-2
89	75	2995	1073741824	-1
89	76	2996	1073741824	-1
89	77	2997	1073741824	-1
89	78	2998	1073741824	-1
89	79	2999	0	-2
89	80	3000	0	-2
89	81	3001	0	-2
89	83	3002	0	-1
89	84	3003	1073741824	-2
89	85	3004	1073741824	-2
89	86	3005	1073741824	-1
89	87	3006	1073741824	-1
89	88	3007	1073741824	-1
89	89	3008	1073741824	-1
89	90	3009	1073741824	-1
89	91	3010	1073741824	-1
89	92	3011	1073741824	-1
89	93	3012	1073741824	-2
89	94	3013	1073741824	-1
89	95	3014	1073741824	-2
89	96	3015	1073741824	-1
89	97	3016	1073741824	-1
89	98	3017	1073741824	-1
89	99	3018	1073741824	-1
89	100	3019	0	-1
89	101	3020	268435456	-1
89	104	3021	0	-1
89	105	3022	1073741824	-1
89	106	3023	0	-1
89	107	3023	0	-1
89	108	3024	0	-1
89	109	3025	0	-1
89	110	3023	0	-1
89	111	3023	0	-1
89	112	3024	0	-1
89	113	3025	0	-1
89	114	3026	0	-1
89	115	3026	0	-1
89	116	3027	0	-1
89	117	3028	0	-1
89	118	3026	0	-1
89	119	3026	0	-1
89	120	3027	0	-1
89	121	3028	0	-1
89	122	3029	268435456	-1
89	123	3029	268435456	-1
89	124	3029	268435456	-1
89	125	3029	268435456	-1
89	126	3030	0	-1
89	127	3031	0	-1
89	128	3032	1073741824	-1
89	129	3033	1073741824	-1
89	130	3030	0	-1
89	131	3031	0	-1
89	132	3032	1073741824	-1
89	133	3033	1073741824	-1
89	134	3030	0	-1
89	135	3031	0	-1
89	136	3032	1073741824	-1
89	137	3033	1073741824	-1
89	138	3030	0	-1
89	139	3031	0	-1
89	140	3032	1073741824	-1
89	141	3033	1073741824	-1
89	142	3034	0	-2
89	143	3035	0	-2
89	144	3034	0	-2
89	145	3035	0	-2
89	146	3036	0	-1
89	147	3037	0	-1
89	148	3037	0	-1
89	149	3037	0	-1
89	150	3037	0	-1
89	151	3037	0	-1
89	152	3038	2684354560	-1
89	154	3039	2684354560	-1
89	156	3040	1073741824	-1
89	157	3041	1073741824	-1
89	158	2981	0	-2
89	159	2983	0	-2
89	160	2989	0	-1
89	161	2990	0	-1
89	162	2991	0	-1
89	163	2992	0	-1
89	164	3042	0	-2
89	165	3042	0	-2
89	166	3043	268435456	-2
89	167	3044	268435456	-2
89	169	3045	268435456	-2
89	170	3046	268435456	-2
89	171	3047	2147483648	-1
89	173	2983	0	-1
89	175	2983	0	-1
89	176	2983	0	-1
89	177	3047	2147483648	-1
89	178	2942	0	-1
89	179	2967	0	-1
89	180	2983	0	-1
89	181	3048	2147483648	-1
89	182	3049	2147483648	-1
89	184	3050	2147483648	-1
89	185	3051	2147483648	-1
89	186	3052	2147483648	-1
89	189	3053	0	-2
89	190	3054	0	-2
89	191	0	0	-2
89	192	3056	1073741824	-2
89	193	3057	0	-2
89	195	3058	0	-2
89	197	3059	0	-2
89	199	3060	0	-2
89	201	3061	0	-2
89	202	3062	0	-2
89	204	3063	0	-2
89	206	3064	0	-2
89	207	3065	0	-2
89	208	3066	0	-2
89	209	3067	0	-2
89	210	3068	268435456	-2
89	211	3069	0	-2
89	212	3070	0	-2
89	213	3071	0	-2
89	214	3073	0	-2
89	215	3072	0	-2
89	216	2961	0	-1
89	217	2961	0	-1
89	218	2961	0	-1
89	219	2961	0	-1
89	220	2942	0	-2
89	221	2942	0	-2
89	222	3089	268435456	-2
89	223	3090	268435456	-2
89	224	3091	268435456	-2
89	225	3092	268435456	-2
89	226	3093	268435456	-2
89	228	3094	268435456	-2
89	229	3087	268435456	-2
89	230	3088	268435456	-2
89	231	3055	0	-2
89	232	3095	0	-2
89	233	3096	0	-2
95	2	5019	-1	-1
95	3	5019	-1	-1
95	5	4977	-1	-1
95	6	4977	-1	-1
95	7	5022	-1	-1
95	8	5024	-1	-1
95	9	4977	-1	-1
95	10	4977	-1	-1
95	11	4978	-1	-1
95	12	4979	-1	-1
95	13	4980	-1	-1
95	14	4999	-1	-1
95	15	4982	-1	-1
95	16	4983	-1	-2
95	17	4984	-1	-1
95	18	4985	-1	-1
95	19	4986	-1	-1
95	20	4996	-1	-1
95	21	4996	-1	-1
95	22	4987	-1	-2
95	23	4988	-1	-2
95	24	4989	1073741824	-2
95	25	4990	1073741824	-2
95	26	4991	-1	-1
95	27	4992	-1	-1
95	28	4993	-1	-1
95	29	4994	-1	-1
95	30	4995	-1	-1
95	31	4996	-1	-1
95	32	4996	-1	-1
95	33	4997	-1	-1
95	34	4997	-1	-1
95	35	4998	-1	-2
95	36	4999	-1	-1
95	37	5001	-1	-1
95	38	5002	-1	-1
95	39	5003	-1	-1
95	40	5004	-1	-1
95	41	5005	-1	-1
95	42	5006	-1	-1
95	43	5007	-1	-1
95	44	5008	-1	-1
95	45	5009	-1	-1
95	46	5010	-1	-1
95	47	5011	-1	-1
95	48	5012	-1	-1
95	49	5018	-1	-1
95	50	5018	-1	-1
95	51	5013	-1	-1
95	52	5014	-1	-1
95	53	5015	-1	-1
95	54	5016	-1	-1
95	55	5017	-1	-1
95	56	5019	-1	-1
95	57	5019	-1	-1
95	58	5020	-1	-1
95	59	4996	-1	-1
95	60	5019	-1	-1
95	62	5108	-1	-1
95	64	5109	-1	-1
95	65	5110	-1	-1
95	66	5021	-1	-1
95	67	5022	-1	-1
95	68	5023	-1	-1
95	71	5024	-1	-1
95	72	5025	-1	-1
95	73	5026	-1	-2
95	74	5027	-1	-2
95	75	5028	-1	-1
95	76	5029	-1	-1
95	77	5030	-1	-1
95	78	5031	-1	-1
95	79	5032	-1	-2
95	80	5033	-1	-2
95	81	5034	-1	-2
95	83	5035	-1	-1
95	84	5053	-1	-1
95	85	5054	-1	-1
95	86	5055	-1	-1
95	87	5056	-1	-1
95	88	5057	-1	-1
95	89	5058	-1	-1
95	90	5059	-1	-1
95	91	5060	-1	-1
95	92	5061	-1	-1
95	93	5062	-1	-2
95	94	5063	-1	-1
95	95	5064	-1	-2
95	96	5065	-1	-1
95	97	5066	-1	-1
95	98	5067	-1	-1
95	99	5068	-1	-1
95	100	5069	-1	-2
95	101	5078	-1	-2
95	104	5074	-1	-2
95	105	5073	-1	-2
95	106	5070	-1	-2
95	107	5070	-1	-2
95	108	5071	-1	-2
95	109	5072	-1	-2
95	110	5070	-1	-2
95	111	5070	-1	-2
95	112	5071	-1	-2
95	113	5072	-1	-2
95	114	5075	-1	-2
95	115	5075	-1	-2
95	116	5076	-1	-2
95	117	5077	-1	-2
95	118	5075	-1	-2
95	119	5075	-1	-2
95	120	5076	-1	-2
95	121	5077	-1	-2
95	122	5079	-1	-2
95	123	5079	-1	-2
95	124	5079	-1	-2
95	125	5079	-1	-2
95	126	5080	-1	-2
95	127	5081	-1	-2
95	128	5082	-1	-2
95	129	5083	-1	-2
95	130	5080	-1	-2
95	131	5081	-1	-2
95	132	5082	-1	-2
95	133	5083	-1	-2
95	134	5080	-1	-2
95	135	5081	-1	-2
95	136	5082	-1	-2
95	137	5083	-1	-2
95	138	5080	-1	-2
95	139	5081	-1	-2
95	140	5082	-1	-2
95	141	5083	-1	-2
95	142	5086	-1	-1
95	143	5087	-1	-1
95	144	5086	-1	-1
95	145	5087	-1	-1
95	146	5084	-1	-2
95	147	5085	-1	-2
95	148	5085	-1	-2
95	149	5085	-1	-2
95	150	5085	-1	-2
95	151	5085	-1	-2
95	152	5036	-1	-1
95	154	5037	-1	-1
95	156	5038	-1	-2
95	157	5039	-1	-2
95	158	5016	-1	-2
95	159	5019	-1	-2
95	160	5022	-1	-1
95	161	5023	-1	-1
95	162	5024	-1	-1
95	163	5025	-1	-1
95	164	5000	-1	-2
95	165	5000	-1	-2
95	166	5040	-1	-2
95	167	5041	-1	-1
95	169	5042	-1	-2
95	170	5043	-1	-2
95	171	5044	-1	-1
95	173	5019	-1	-1
95	175	5019	-1	-1
95	176	5019	-1	-1
95	177	5044	-1	-1
95	178	4977	-1	-1
95	179	5003	-1	-1
95	180	5019	-1	-1
95	181	5045	-1	-1
95	182	5046	-1	-1
95	184	5047	-1	-1
95	185	5048	-1	-1
95	186	5049	-1	-1
95	187	5050	-1	-1
95	188	5051	-1	-1
95	189	5052	-1	-2
95	190	5088	-1	-2
95	191	5089	-1	-2
95	192	5090	-1	-2
95	193	0	-1	-2
95	194	0	-1	-2
95	195	5093	-1	-2
95	196	0	-1	-2
95	197	0	-1	-2
95	199	5096	-1	-2
95	201	5097	-1	-2
95	202	5098	0	-2
95	203	5098	0	-2
95	204	5098	0	-2
95	205	5098	0	-2
95	206	5098	0	-2
95	207	5099	-1	-2
95	208	5100	-1	-2
95	209	5101	-1	-2
95	210	5102	-1	-2
95	211	5103	-1	-2
95	212	5104	-1	-2
95	213	5105	-1	-2
95	215	5106	-1	-1
95	216	5107	-1	-1
95	219	4996	-1	-1
83	2	3804	-1	-1
83	3	3804	-1	-1
83	5	3730	-1	-1
83	6	3730	-1	-1
83	7	3761	-1	-1
83	8	3765	-1	-1
83	9	3730	-1	-1
83	10	3730	-1	-1
83	11	3748	-1	-1
83	12	3749	-1	-1
83	13	3750	-1	-1
83	15	3717	-1	-2
83	16	3741	-1	-2
83	17	3742	-1	-1
83	18	3744	-1	-1
83	19	3745	-1	-2
83	20	3827	-1	-1
83	21	3827	-1	-1
83	22	3739	-1	-2
83	23	3738	-1	-2
83	24	3737	-1	-2
83	25	3736	-1	-2
83	26	3721	-1	-1
83	27	3722	-1	-1
83	28	3714	-1	-2
83	29	3716	-1	-2
83	30	3715	-1	-2
83	31	3827	-1	-1
83	32	3827	-1	-1
83	35	3770	-1	-2
83	36	3771	-1	-2
83	37	3787	-1	-1
83	38	3788	-1	-1
83	39	3789	-1	-1
83	40	3790	-1	-1
83	41	3791	-1	-1
83	42	3792	-1	-1
83	43	3793	-1	-1
83	44	3794	-1	-1
83	45	3795	-1	-1
83	46	3796	-1	-1
83	47	3797	-1	-1
83	48	3798	-1	-1
83	51	3799	-1	-1
83	52	3800	-1	-1
83	53	3801	-1	-1
83	54	3802	-1	-1
83	55	3803	-1	-1
83	57	3804	-1	-1
83	56	3804	-1	-1
83	58	3767	-1	-1
83	59	3827	-1	-1
83	60	3804	-1	-1
83	62	3834	-1	-1
83	64	3835	-1	-1
83	65	3836	-1	-1
83	67	3761	-1	-1
83	68	3762	-1	-1
83	71	3765	-1	-1
83	72	3766	-1	-1
83	73	-1	-1	-2
83	74	-1	-1	-2
83	75	3763	-1	-1
83	76	3764	-1	-1
83	77	3759	-1	-1
83	78	3760	-1	-1
83	79	3772	-1	-2
83	80	3773	-1	-2
83	81	3769	-1	-2
83	86	3831	-1	-1
83	87	3832	-1	-1
83	88	3840	-1	-1
83	89	3837	-1	-1
83	90	3838	-1	-1
83	91	3841	-1	-1
83	92	3832	-1	-1
83	93	3833	-1	-2
83	94	3838	-1	-1
83	95	3839	-1	-2
83	98	3838	-1	-1
83	105	3872	-1	-1
83	116	3874	-1	-1
83	120	3874	-1	-1
83	126	3868	-1	-1
83	127	3869	-1	-1
83	128	3870	-1	-1
83	129	3871	-1	-1
83	130	3868	-1	-1
83	131	3869	-1	-1
83	132	3870	-1	-1
83	133	3871	-1	-1
83	134	3868	-1	-1
83	135	3869	-1	-1
83	136	3870	-1	-1
83	137	3871	-1	-1
83	138	3868	-1	-1
83	139	3869	-1	-1
83	140	3870	-1	-1
83	141	3871	-1	-1
83	143	3826	-1	-1
83	145	3826	-1	-1
83	147	3873	-1	-1
83	148	3873	-1	-1
83	149	3873	-1	-1
83	150	3873	-1	-1
83	151	3873	-1	-1
83	152	3810	-1	-1
83	154	3809	-1	-1
83	156	3875	-1	-2
83	157	3876	-1	-2
83	158	-1	-1	-2
83	159	3804	-1	-1
83	160	3761	-1	-1
83	161	3762	-1	-1
83	162	3765	-1	-1
83	163	3766	-1	-1
83	164	3768	-1	-2
83	165	3768	-1	-2
83	166	3754	-1	-2
83	167	3755	-1	-1
83	169	3758	-1	-2
83	170	3757	-1	-2
83	173	3804	-1	-1
83	175	3804	-1	-1
83	176	3804	-1	-1
83	178	3730	-1	-1
83	180	3804	-1	-1
83	189	3756	-1	-2
83	190	3734	-1	-2
83	191	3735	-1	-2
83	192	3718	-1	-2
83	193	0	0	-2
83	194	0	0	-2
83	195	3753	-1	-2
83	196	0	0	-2
83	197	0	0	-2
83	199	3747	-1	-2
83	201	3720	-1	-2
83	202	0	0	-2
83	203	0	0	-2
83	204	3723	-1	-2
83	205	0	0	-2
83	206	0	0	-2
83	207	3746	-1	-2
83	208	3719	-1	-2
83	209	3712	-1	-2
83	210	3711	-1	-2
83	211	3709	-1	-2
83	212	3713	-1	-2
83	213	3710	-1	-2
83	214	3827	-1	-1
83	215	3829	-1	-1
83	216	3830	-1	-1
83	217	3877	-1	-1
83	218	3827	-1	-1
83	219	3827	-1	-1
83	224	3730	0	-2
83	225	3730	0	-2
82	10	3498	-1	-2
82	6	3498	-1	-2
82	5	3498	-1	-2
82	9	3498	-1	-2
82	178	3498	-1	-2
82	81	3570	-1	-2
82	73	3571	-1	-2
82	74	3572	-1	-2
82	156	-1	-1	-2
82	157	-1	-1	-2
82	84	3589	-1	-1
82	89	3631	-1	-1
82	85	3590	-1	-1
82	86	3605	-1	-1
82	87	3606	-1	-1
82	88	3607	-1	-1
82	92	3606	-1	-1
82	93	3613	-1	-2
82	96	3606	-1	-1
82	97	3617	-1	-1
82	99	-1	-1	-2
82	158	-1	-1	-2
82	2	3528	-1	-2
82	3	3528	-1	-2
82	57	3528	-1	-2
82	56	3528	-1	-2
82	60	3528	-1	-1
82	159	3528	-1	-1
82	177	-1	-1	-2
82	173	3528	-1	-2
82	175	3528	-1	-1
82	176	3528	-1	-1
82	180	3528	-1	-2
82	179	-1	-1	-2
82	184	-1	-1	-2
82	181	-1	-1	-2
82	182	-1	-1	-2
82	171	-1	-1	-2
82	185	-1	-1	-2
82	186	-1	-1	-2
82	188	712	-1	-1
82	164	3540	-1	-2
82	165	3540	-1	-2
82	34	3534	-1	-1
82	33	3534	-1	-1
82	28	3521	-1	-1
82	29	3522	-1	-1
82	30	3523	-1	-1
82	11	3518	-1	-1
82	12	3519	-1	-1
82	13	3520	-1	-1
82	16	3499	-1	-2
82	17	3500	-1	-2
82	19	3501	-1	-2
82	22	3502	-1	-2
82	23	3514	-1	-2
82	24	3508	-1	-2
82	25	3510	-1	-2
82	26	3512	-1	-1
82	27	3513	-1	-1
82	20	3503	-1	-1
82	21	3503	-1	-1
82	31	3503	-1	-1
82	32	3503	-1	-1
82	59	3503	-1	-1
82	219	3503	-1	-1
82	58	3586	-1	-1
82	189	3541	-1	-2
82	166	2154	-1	-1
82	167	2155	-1	-1
82	169	2156	-1	-2
82	170	3646	-1	-2
82	190	3529	-1	-2
82	191	3530	-1	-2
82	220	3531	-1	-2
82	192	3587	-1	-2
82	193	3515	-1	-2
82	194	0	0	-2
82	195	3507	-1	-2
82	196	0	0	-2
82	197	3516	-1	-2
82	199	3517	-1	-2
82	201	3545	-1	-2
82	202	3672	0	-2
82	203	3673	0	-2
82	204	3506	0	-2
82	205	3674	0	-2
82	206	3675	0	-2
82	207	3527	-1	-2
82	208	3544	-1	-2
82	209	3526	-1	-2
82	210	3504	-1	-2
82	211	3525	-1	-2
82	212	3524	-1	-2
82	213	3505	-1	-2
82	62	3532	-1	-1
82	64	3533	-1	-1
82	72	3568	-1	-1
82	161	5418	-1	-1
82	163	3568	-1	-1
82	7	5417	-1	-1
82	8	3567	-1	-1
82	71	3567	-1	-1
82	160	5417	-1	-1
82	162	3567	-1	-1
82	68	5418	-1	-2
82	67	5417	-1	-2
82	80	3576	-1	-2
82	78	3588	-1	-1
82	77	2134	-1	-1
82	75	3666	-1	-1
82	76	3667	-1	-1
82	228	3585	0	-2
82	35	3657	-1	-2
82	36	3656	-1	-1
82	223	3498	0	-2
82	224	3498	0	-2
82	37	-1	-1	-2
82	38	-1	-1	-2
82	39	-1	-1	-2
82	40	-1	-1	-2
82	41	-1	-1	-2
82	42	-1	-1	-2
82	43	-1	-1	-2
82	44	-1	-1	-2
82	45	-1	-1	-2
82	46	-1	-1	-2
82	47	-1	-1	-2
82	48	-1	-1	-2
82	49	-1	-1	-2
82	50	-1	-1	-2
82	51	-1	-1	-2
82	52	-1	-1	-2
82	53	-1	-1	-2
82	54	-1	-1	-2
82	55	-1	-1	-2
77	5	2147	-1	-2
77	9	2147	-1	-2
77	10	2147	-1	-2
77	15	2378	-1	-2
77	16	2379	-1	-2
77	17	2380	-1	-1
77	18	2381	-1	-1
77	19	2382	-1	-2
77	20	2384	-1	-1
77	21	2384	-1	-1
77	22	2374	-1	-2
77	23	2375	-1	-2
77	24	2376	-1	-2
77	25	2377	-1	-2
77	28	2304	-1	-1
77	29	2305	-1	-1
77	30	2306	-1	-1
77	31	2384	-1	-1
77	32	2384	-1	-1
77	59	2384	-1	-1
77	81	-1	-1	-2
77	73	-1	-1	-2
77	74	-1	-1	-2
77	156	-1	-1	-2
77	157	-1	-1	-2
77	92	2386	-1	-1
77	93	2387	-1	-2
77	95	-1	-1	-2
77	158	-1	-1	-2
77	164	-1	-1	-2
77	165	-1	-1	-2
77	166	2308	-1	-2
77	167	2309	-1	-2
77	79	-1	-1	-2
77	80	-1	-1	-2
77	169	2310	1342177280	-2
77	170	2311	1342177280	-2
77	178	2147	-1	-2
77	189	2144	-1	-2
77	190	2299	-1	-2
77	191	2300	-1	-2
77	192	2383	-1	-2
77	193	2301	1073741824	-2
77	194	0	0	-2
77	195	2302	1073741824	-2
77	196	0	0	-2
77	197	2303	1073741824	-2
77	199	2148	0	-2
77	201	2307	-1	-2
77	202	0	0	-2
77	203	0	0	-2
77	204	2157	1073741824	-2
77	205	0	0	-2
77	206	0	0	-2
77	207	2158	-1	-2
77	208	2139	2147483648	-2
77	209	2142	-1	-2
77	210	2149	-1	-2
77	211	2146	-1	-2
77	212	2143	-1	-2
77	213	2150	0	-2
77	219	2384	-1	-1
77	217	2385	-1	-2
77	221	2147	0	-2
77	222	2147	0	-2
77	223	2141	-1	-2
77	224	2140	-1	-2
77	225	2298	0	-2
77	226	2315	0	-2
77	227	2313	0	-2
77	228	2314	0	-2
80	10	2908	-1	-2
80	225	2882	-1	-2
80	226	2883	-1	-2
80	227	2884	0	-2
80	232	2931	0	-2
80	228	2884	0	-2
80	230	2931	0	-2
80	239	-1	-1	-2
80	240	-1	-1	-2
80	244	-1	-1	-2
80	245	-1	-1	-2
80	156	-1	-1	-2
80	157	-1	-1	-2
80	236	-1	-1	-2
80	238	2896	-1	-1
80	241	-1	-1	-2
80	243	2897	-1	-1
80	165	-1	-1	-2
80	158	-1	-1	-2
80	164	-1	-1	-2
80	152	2902	-1	-1
80	154	2903	-1	-1
80	58	2881	-1	-1
80	35	-1	-1	-2
80	100	2918	-1	-1
80	104	2919	-1	-1
80	106	2920	-1	-1
80	107	2920	-1	-1
80	110	2920	-1	-1
80	111	2920	-1	-1
80	108	2921	-1	-1
80	112	2921	-1	-1
80	109	2922	-1	-1
80	113	2922	-1	-1
80	105	2927	-1	-1
80	114	2923	-1	-1
80	115	2923	-1	-1
80	116	2924	-1	-1
80	117	2925	-1	-1
80	118	2923	-1	-1
80	119	2923	-1	-1
80	120	2924	-1	-1
80	121	2925	-1	-1
80	126	2914	-1	-1
80	127	2915	-1	-1
80	128	2916	-1	-1
80	129	2928	-1	-1
80	130	2914	-1	-1
80	131	2915	-1	-1
80	132	2916	-1	-1
80	133	2928	-1	-1
80	134	2914	-1	-1
80	135	2915	-1	-1
80	136	2916	-1	-1
80	137	2928	-1	-1
80	138	2914	-1	-1
80	139	2915	-1	-1
80	140	2916	-1	-1
80	141	2928	-1	-1
80	142	2929	-1	-1
80	143	2930	-1	-1
80	144	2929	-1	-1
80	145	2930	-1	-1
80	34	2926	-1	-1
80	33	2926	-1	-1
80	189	2933	-1	-2
80	166	2876	-1	-1
80	167	2917	-1	-1
80	169	2877	1342177280	-2
80	170	-1	-1	-2
80	18	2909	-1	-1
80	190	2856	-1	-2
80	191	2857	-1	-2
80	220	2858	1073741824	-2
80	201	2864	-1	-2
80	199	2860	-1	-2
80	5	2908	-1	-2
80	9	2908	-1	-2
80	6	2908	-1	-2
80	11	2910	-1	-2
80	12	2911	-1	-2
80	13	2912	-1	-2
80	20	2853	-1	-1
80	21	2853	-1	-1
80	31	2853	-1	-1
80	32	2853	-1	-1
80	59	2853	-1	-1
80	219	2853	-1	-1
80	215	2889	-1	-1
80	216	2888	-1	-1
80	26	2854	-1	-1
80	27	2855	-1	-1
80	209	2868	-1	-2
80	210	2869	-1	-2
80	211	2871	-1	-2
80	212	2870	-1	-2
80	213	2872	-1	-2
80	204	2866	1073741824	-2
80	202	0	0	-2
80	206	0	0	-2
80	207	2865	-1	-2
80	208	2867	-1	-2
80	193	2861	-1	-2
80	194	0	0	-2
80	195	2862	-1	-2
80	196	0	0	-2
80	197	2863	-1	-2
80	15	2913	-1	-2
80	16	2843	-1	-2
80	19	2845	-1	-1
80	17	2844	-1	-1
80	192	2859	-1	-2
80	22	2849	-1	-1
80	23	2850	-1	-1
80	25	2852	-1	-2
80	24	2851	-1	-2
80	28	2846	-1	-1
80	29	2847	-1	-1
80	30	2848	-1	-1
80	81	2893	-1	-2
80	73	2894	-1	-2
80	74	2895	-1	-2
80	71	2890	-1	-1
80	8	2890	-1	-1
80	162	2890	-1	-1
80	75	2880	-1	-1
80	79	2878	-1	-2
80	72	2891	-1	-1
80	163	2891	-1	-1
80	76	2892	-1	-1
80	80	2879	-1	-2
80	78	2899	-1	-1
80	77	2898	-1	-1
80	67	2900	-1	-1
80	160	2900	-1	-1
80	7	2900	-1	-1
80	68	2901	-1	-1
80	161	2901	-1	-1
80	62	3217	-1	-1
80	64	3218	-1	-1
80	223	2908	0	-2
80	224	2908	0	-2
91	22	-1	-1	-2
91	23	-1	-1	-2
91	24	-1	-1	-2
91	25	-1	-1	-2
91	81	-1	-1	-2
91	93	-1	-1	-2
91	95	-1	-1	-2
91	164	-1	-1	-2
91	165	-1	-1	-2
91	166	3884	268435456	-2
91	167	3885	268435456	-2
91	35	-1	-1	-2
91	189	2212	-1	-2
91	190	-1	-1	-2
91	191	-1	-1	-2
91	192	1202	-1	-2
91	195	-1	-1	-2
91	199	-1	-1	-2
91	201	-1	-1	-2
91	204	-1	-1	-2
91	207	2249	-1	-2
91	208	-1	-1	-2
91	209	-1	-1	-2
91	210	-1	-1	-2
91	211	-1	-1	-2
91	212	-1	-1	-2
91	213	-1	-1	-2
91	220	-1	-1	-2
91	229	-1	-1	-2
91	232	-1	-1	-2
91	224	1115	0	-2
91	225	1115	0	-2
91	226	-1	-1	-2
91	227	-1	-1	-2
91	228	-1	-1	-2
73	2	5019	-1	-1
73	3	5019	-1	-1
73	5	4977	-1	-1
73	6	4977	-1	-1
73	7	5022	-1	-1
73	8	5024	-1	-1
73	9	4977	-1	-1
73	10	4977	-1	-1
73	11	4978	-1	-1
73	12	4979	-1	-1
73	13	4980	-1	-1
73	14	4999	-1	-1
73	15	4982	-1	-1
73	16	4983	-1	-2
73	17	4984	-1	-1
73	18	4985	-1	-1
73	19	4986	-1	-1
73	20	4996	-1	-1
73	21	4996	-1	-1
73	22	4987	-1	597
73	23	4988	-1	597
73	24	4989	1073741824	598
73	25	4990	1073741824	598
73	26	4991	-1	-1
73	27	4992	-1	-1
73	28	4993	-1	-1
73	29	4994	-1	-1
73	30	4995	-1	-1
73	31	4996	-1	-1
73	32	4996	-1	-1
73	33	4997	-1	-1
73	34	4997	-1	-1
73	35	4998	-1	599
73	36	4999	-1	-1
73	37	5001	-1	-1
73	38	5002	-1	-1
73	39	5003	-1	-1
73	40	5004	-1	-1
73	41	5005	-1	-1
73	42	5006	-1	-1
73	43	5007	-1	-1
73	44	5008	-1	-1
73	45	5009	-1	-1
73	46	5010	-1	-1
73	47	5011	-1	-1
73	48	5012	-1	-1
73	49	5018	-1	-1
73	50	5018	-1	-1
73	51	5013	-1	-1
73	52	5014	-1	-1
73	53	5015	-1	-1
73	54	5016	-1	-1
73	55	5017	-1	-1
73	56	5019	-1	-1
73	57	5019	-1	-1
73	58	5020	-1	-1
73	59	4996	-1	-1
73	60	5019	-1	-1
73	62	5108	-1	-1
73	64	5109	-1	-1
73	65	5110	-1	-1
73	66	5021	-1	-1
73	67	5022	-1	-1
73	68	5023	-1	-1
73	71	5024	-1	-1
73	72	5025	-1	-1
73	73	5026	-1	600
73	74	5027	-1	600
73	75	5028	-1	-1
73	76	5029	-1	-1
73	77	5030	-1	-1
73	78	5031	-1	-1
73	79	5032	-1	-2
73	80	5033	-1	-2
73	81	5034	-1	601
73	83	5035	-1	-1
73	84	5053	-1	-2
73	85	5054	-1	-2
73	86	5055	-1	-1
73	87	5056	-1	-1
73	88	5057	-1	-1
73	89	5058	-1	-1
73	90	5059	-1	-1
73	91	5060	-1	-1
73	92	5061	-1	-1
73	93	5062	-1	-2
73	94	5063	-1	-1
73	95	5064	-1	-2
73	96	5065	-1	-1
73	97	5066	-1	-1
73	98	5067	-1	-1
73	99	5068	-1	-1
73	100	5069	-1	-2
73	101	5078	-1	-2
73	104	5074	-1	-2
73	105	5073	-1	-2
73	106	5070	-1	-2
73	107	5070	-1	-2
73	108	5071	-1	-2
73	109	5072	-1	-2
73	110	5070	-1	-2
73	111	5070	-1	-2
73	112	5071	-1	-2
73	113	5072	-1	-2
73	114	5075	-1	-2
73	115	5075	-1	-2
73	116	5076	-1	-2
73	117	5077	-1	-2
73	118	5075	-1	-2
73	119	5075	-1	-2
73	120	5076	-1	-2
73	121	5077	-1	-2
73	122	5079	-1	-2
73	123	5079	-1	-2
73	124	5079	-1	-2
73	125	5079	-1	-2
73	126	5080	-1	-2
73	127	5081	-1	-2
73	128	5082	-1	-2
73	129	5083	-1	-2
73	130	5080	-1	-2
73	131	5081	-1	-2
73	132	5082	-1	-2
73	133	5083	-1	-2
73	134	5080	-1	-2
73	135	5081	-1	-2
73	136	5082	-1	-2
73	137	5083	-1	-2
73	138	5080	-1	-2
73	139	5081	-1	-2
73	140	5082	-1	-2
73	141	5083	-1	-2
73	142	5086	-1	-1
73	143	5087	-1	-1
73	144	5086	-1	-1
73	145	5087	-1	-1
73	146	5084	-1	-2
73	147	5085	-1	-2
73	148	5085	-1	-2
73	149	5085	-1	-2
73	150	5085	-1	-2
73	151	5085	-1	-2
73	152	5036	-1	-1
73	154	5037	-1	-1
73	156	5038	-1	602
73	157	5039	-1	603
73	158	5016	-1	604
73	159	5019	-1	605
73	160	5022	-1	606
73	161	5023	-1	606
73	162	5024	-1	607
73	163	5025	-1	607
73	164	5000	-1	608
73	165	5000	-1	609
73	166	5040	-1	-2
73	167	5041	-1	-1
73	169	5042	-1	-2
73	170	5043	-1	-2
73	171	5044	-1	-1
73	173	5019	-1	-1
73	175	5019	-1	-1
73	176	5019	-1	-1
73	177	5044	-1	-1
73	178	4977	-1	-1
73	179	5003	-1	-1
73	180	5019	-1	-1
73	181	5045	-1	-1
73	182	5046	-1	-1
73	184	5047	-1	-1
73	185	5048	-1	-1
73	186	5049	-1	-1
73	187	5050	-1	-1
73	188	5051	-1	-1
73	189	5052	-1	-2
73	190	5088	-1	-2
73	191	5089	-1	-2
73	192	5090	-1	-2
73	193	0	-1	-2
73	194	0	-1	-2
73	195	5093	-1	-2
73	196	0	-1	-2
73	197	0	-1	-2
73	199	5096	-1	-2
73	201	5097	-1	-2
73	202	5098	0	-2
73	203	5098	0	-2
73	204	5098	0	-2
73	205	5098	0	-2
73	206	5098	0	-2
73	207	5099	-1	-2
73	208	5100	-1	-2
73	209	5101	-1	-2
73	210	5102	-1	-2
73	211	5103	-1	-2
73	212	5104	-1	-2
73	213	5105	-1	-2
73	215	5106	-1	-1
73	216	5107	-1	-1
73	219	4996	-1	-1
66	15	4400	-1	-1
66	16	4401	-1	-1
66	17	4402	-1	-1
66	19	4403	-1	-1
66	166	-1	-1	-2
66	169	-1	-1	-2
66	170	-1	-1	-2
66	28	2846	-1	-1
66	29	2847	-1	-1
66	30	2848	-1	-1
66	24	-1	-1	610
66	25	-1	-1	610
66	35	-1	-1	611
66	36	-1	-1	-2
66	156	-1	-1	612
66	157	-1	-1	613
66	73	-1	-1	614
66	74	-1	-1	614
66	81	-1	-1	615
66	158	-1	-1	616
66	164	-1	-1	617
66	165	-1	-1	618
66	189	4464	-1	-2
66	192	4409	-1	619
66	199	4410	-1	620
66	201	2864	-1	621
66	204	2151	-1	622
66	207	-1	-1	623
66	209	-1	-1	624
66	210	4411	-1	625
66	211	4412	-1	626
66	212	4413	-1	627
66	213	-1	-1	628
66	236	4460	-1	629
66	239	4462	0	630
66	241	4461	-1	629
66	245	4463	0	630
66	84	-1	-1	-2
66	85	-1	-1	-2
54	2	2758	-1	-2
54	3	2758	-1	-2
54	5	2717	-1	-2
54	6	2717	-1	-1
54	7	2763	-1	-1
54	8	2764	-1	-1
54	9	2717	-1	-2
54	10	2717	-1	-2
54	11	2720	-1	631
54	12	2720	-1	632
54	13	2720	-1	-1
54	15	2718	-1	633
54	16	2719	-1	634
54	17	2725	-1	-1
54	18	2721	-1	-1
54	19	2726	-1	-1
54	20	2733	-1	-1
54	21	2733	-1	-1
54	22	2727	-1	635
54	23	2728	-1	635
54	24	2729	-1	636
54	25	2730	-1	636
54	26	2731	-1	-1
54	27	2732	-1	-1
54	28	2722	-1	-1
54	29	2723	-1	-1
54	30	2724	-1	-1
54	31	2733	-1	-1
54	32	2733	-1	637
54	33	2748	-1	-1
54	34	2748	-1	-1
54	35	2749	-1	-2
54	36	2750	-1	638
54	37	2751	-1	-2
54	38	2752	-1	-2
54	39	2753	-1	-2
54	40	2751	-1	-2
54	41	2752	-1	-2
54	42	2753	-1	-2
54	43	2751	-1	-2
54	44	2752	-1	-2
54	45	2753	-1	-2
54	46	2751	-1	-2
54	47	2752	-1	-2
54	48	2753	-1	-2
54	49	2754	-1	-2
54	50	2754	-1	-2
54	51	2755	-1	-2
54	52	2755	-1	-2
54	53	2755	-1	-2
54	54	2756	-1	-2
54	55	2757	-1	-2
54	56	2758	-1	-2
54	57	2758	-1	-2
54	58	2747	-1	-1
54	59	2733	-1	637
54	60	2758	-1	-2
54	62	2759	-1	-1
54	64	2760	-1	-1
54	65	2761	-1	-1
54	66	2762	-1	-1
54	67	2763	-1	-1
54	68	2768	-1	-1
54	71	2764	-1	-1
54	72	2769	-1	-1
54	75	2765	-1	-1
54	73	2773	-1	639
54	74	2774	-1	639
54	76	2770	-1	-1
54	77	2766	-1	-1
54	78	2771	-1	-1
54	79	2767	-1	640
54	80	2772	-1	640
54	81	2775	-1	641
54	83	2776	-1	-1
54	84	2777	-1	-1
54	85	2778	-1	-1
54	86	2779	-1	-1
54	87	2780	-1	-1
54	88	2781	-1	-1
54	89	2784	-1	-1
54	90	2785	-1	-1
54	91	2786	-1	-1
54	92	2780	-1	-1
54	93	2782	-1	642
54	94	2787	-1	-1
54	95	2788	-1	643
54	96	2780	-1	-1
54	97	2783	-1	644
54	98	2789	-1	-1
54	99	2790	-1	645
54	100	2791	-1	646
54	101	2798	-1	-1
54	104	2792	-1	-1
54	105	2821	-1	-1
54	106	2793	-1	-1
54	107	2793	-1	-1
54	108	2794	-1	-1
54	109	2795	-1	-1
54	110	2793	-1	-1
54	111	2793	-1	-1
54	112	2794	-1	-1
54	113	2795	-1	-1
54	114	2793	-1	-1
54	115	2793	-1	-1
54	116	2794	-1	-1
54	117	2795	-1	-1
54	118	2793	-1	-1
54	119	2793	-1	-1
54	120	2794	-1	-1
54	121	2795	-1	-1
54	122	2799	-1	-1
54	123	2799	-1	-1
54	124	2799	-1	-1
54	125	2799	-1	-1
54	126	2800	-1	-1
54	127	2801	-1	-1
54	128	2802	1073741824	-1
54	129	2803	-1	-1
54	130	2800	-1	-1
54	131	2801	-1	-1
54	132	2802	1073741824	-1
54	133	2803	-1	-1
54	134	2800	-1	-1
54	135	2801	-1	-1
54	136	2802	1073741824	-1
54	137	2803	-1	-1
54	138	2800	-1	-1
54	139	2801	-1	-1
54	140	2802	1073741824	-1
54	141	2803	-1	-1
54	142	2804	-1	-1
54	143	2804	-1	-1
54	144	2804	-1	-1
54	145	2804	-1	-1
54	146	2805	-1	-1
54	147	2805	-1	-1
54	148	2805	-1	-1
54	149	2805	-1	-1
54	150	2805	-1	-1
54	151	2805	-1	-1
54	152	2806	-1	-1
54	154	2807	-1	-1
54	156	2808	-1	-1
54	157	2809	-1	-1
54	158	2756	-1	647
54	159	2758	-1	-1
54	160	2763	-1	-1
54	161	2768	-1	-1
54	162	2764	-1	-1
54	163	2769	-1	-1
54	164	2810	-1	648
54	165	2810	-1	-2
54	166	2811	-1	-2
54	167	2812	-1	649
54	169	2813	-1	-2
54	170	2814	1342177280	-2
54	171	2815	-1	-1
54	173	2758	-1	-1
54	175	2758	-1	-1
54	176	2758	-1	-1
54	177	2815	-1	-1
54	178	2717	-1	-1
54	179	2753	-1	-1
54	180	2758	-1	-1
54	181	2816	-1	-1
54	182	2818	-1	-1
54	184	2817	-1	-1
54	185	2819	-1	-1
54	186	2820	-1	-1
54	189	2822	-1	-2
54	190	2736	0	650
54	191	0	0	-2
54	192	2735	1073741824	651
54	193	0	0	-2
54	194	0	0	-2
54	195	2734	0	652
54	196	0	0	-2
54	197	0	0	-2
54	199	2737	0	653
54	201	2738	1073741824	654
54	202	0	0	-2
54	203	0	0	-2
54	204	2735	1073741824	655
54	205	0	0	-2
54	206	0	0	-2
54	207	2739	0	656
54	208	2740	0	657
54	209	2741	0	658
54	210	2742	0	659
54	211	2743	0	660
54	212	2744	0	661
54	213	2745	0	662
54	219	2733	0	-1
54	214	0	0	-2
54	215	0	0	-2
54	216	0	0	-2
54	217	0	0	-2
54	218	2733	0	663
54	221	2833	1073741824	664
54	222	2834	1073741824	664
54	223	2831	0	665
54	224	2832	0	665
54	225	2746	0	-2
27	5	5191	-1	-1
27	6	5191	-1	-1
27	9	5191	-1	-1
27	10	5191	-1	-2
27	35	5191	-1	-2
27	36	5191	-1	-2
27	178	5191	-1	-1
27	22	-1	-1	-2
27	23	-1	-1	-2
27	24	-1	-1	-2
27	25	-1	-1	-2
27	165	5191	-1	-2
27	164	5191	-1	-2
27	11	5191	-1	-2
27	12	5191	-1	-2
27	13	5191	-1	-2
27	15	5191	-1	-2
27	16	5191	-1	-2
27	189	0	0	-2
74	2	3277	-1	-2
74	3	3277	-1	-2
74	5	3278	-1	-1
74	6	3278	-1	-1
74	7	3279	-1	-1
74	8	3280	-1	-1
74	9	3278	-1	-2
74	10	3278	-1	-2
74	11	3281	-1	-1
74	12	3282	-1	-1
74	13	3283	-1	-1
74	14	3284	-1	-1
74	15	3285	-1	-1
74	16	3286	-1	-1
74	17	3287	-1	-1
74	18	3288	-1	-1
74	19	3289	-1	-1
74	20	3290	-1	-1
74	21	3290	-1	-1
74	22	3291	-1	666
74	23	3292	-1	666
74	24	3293	-1	667
74	25	3294	-1	667
74	26	3295	-1	-1
74	27	3296	-1	-1
74	28	3297	-1	-1
74	29	3298	-1	-1
74	30	3299	-1	-1
74	31	3290	-1	-1
74	32	3290	-1	-1
74	33	3300	-1	-1
74	34	3300	-1	-1
74	35	3301	-1	668
74	36	3302	-1	669
74	37	3303	-1	-2
74	38	3304	-1	-2
74	39	3305	-1	-2
74	40	3306	-1	-2
74	41	3307	-1	-2
74	42	3308	-1	-2
74	43	3309	-1	-2
74	44	3310	-1	-2
74	45	3311	-1	-2
74	46	3312	-1	-2
74	47	3313	-1	-2
74	48	3314	-1	-2
74	49	3315	-1	-2
74	50	3315	-1	-2
74	51	3316	-1	-2
74	52	3317	-1	-2
74	53	3318	-1	-2
74	54	3319	-1	-2
74	55	3320	-1	-2
74	56	3277	-1	-2
74	57	3277	-1	-2
74	58	3321	-1	-1
74	59	3290	-1	-1
74	60	3277	-1	-1
74	62	3322	-1	-1
74	64	3323	-1	-1
74	65	3324	-1	-1
74	66	3325	-1	-1
74	67	3279	-1	-2
74	68	3326	-1	-2
74	71	3280	-1	670
74	72	3327	-1	670
74	73	3328	-1	671
74	74	3329	-1	671
74	75	3330	-1	-1
74	76	3331	-1	-1
74	77	3332	-1	-1
74	78	3333	-1	-1
74	79	3334	-1	672
74	80	3335	-1	673
74	81	3336	-1	674
74	83	3337	-1	-1
74	84	3338	-1	675
74	85	3339	-1	676
74	86	3340	-1	-1
74	87	3341	-1	-1
74	88	3342	-1	-1
74	89	3343	-1	-1
74	90	3344	-1	-1
74	91	3345	-1	-1
74	92	3346	-1	-1
74	93	3347	-1	677
74	94	3348	-1	-1
74	95	3349	-1	678
74	96	3350	-1	-1
74	97	3351	-1	-1
74	98	3352	-1	-1
74	99	3353	-1	-1
74	100	3354	-1	-1
74	101	3355	-1	-1
74	104	3356	-1	-1
74	105	3357	-1	-1
74	106	3358	-1	-1
74	107	3358	-1	-1
74	108	3359	-1	-1
74	109	3360	-1	-1
74	110	3358	-1	-1
74	111	3358	-1	-1
74	112	3359	-1	-1
74	113	3360	-1	-1
74	114	3361	-1	-1
74	115	3361	-1	-1
74	116	3362	-1	-1
74	117	3363	-1	-1
74	118	3361	-1	-1
74	119	3361	-1	-1
74	120	3362	-1	-1
74	121	3363	-1	-1
74	122	3364	-1	-1
74	123	3364	-1	-1
74	124	3364	-1	-1
74	125	3364	-1	-1
74	126	3365	-1	-2
74	127	3366	-1	-2
74	128	3367	-1	-2
74	129	3368	-1	-2
74	130	3365	-1	-2
74	131	3366	-1	-2
74	132	3367	-1	-2
74	133	3368	-1	-2
74	134	3365	-1	-2
74	135	3366	-1	-2
74	136	3367	-1	-2
74	137	3368	-1	-2
74	138	3365	-1	-2
74	139	3366	-1	-2
74	140	3367	-1	-2
74	141	3368	-1	-2
74	142	3369	-1	-1
74	143	3370	-1	-1
74	144	3369	-1	-1
74	145	3370	-1	-1
74	146	3371	-1	-2
74	147	3372	-1	-2
74	148	3372	-1	-2
74	149	3372	-1	-2
74	150	3372	-1	-2
74	151	3372	-1	-2
74	152	3373	-1	-1
74	154	3374	-1	-1
74	156	3375	-1	679
74	157	3376	-1	680
74	158	3319	-1	681
74	159	3277	-1	682
74	160	3279	-1	-1
74	161	3326	-1	-1
74	162	3280	-1	-1
74	163	3327	-1	-1
74	164	3377	-1	683
74	165	3377	-1	684
74	166	3378	-1	-2
74	167	3379	-1	-1
74	169	3380	-1	-2
74	170	3381	-1	-2
74	171	3382	-1	-2
74	173	3277	-1	-2
74	175	3277	-1	-1
74	176	3277	-1	-1
74	177	3382	-1	-2
74	178	3278	-1	-1
74	179	3305	-1	-2
74	180	3277	-1	-2
74	181	3383	-1	-2
74	182	3384	-1	-2
74	183	-1	-1	-1
74	184	3385	-1	-2
74	185	3386	-1	-2
74	186	3387	-1	-2
74	187	-1	-1	-1
74	188	-1	-1	-1
74	189	5164	-1	685
74	190	5175	-1	686
74	191	0	0	-2
74	192	5176	-1	687
74	193	0	0	-2
74	194	0	0	-2
74	195	3392	-1	688
74	196	0	0	-2
74	197	0	0	-2
74	199	5123	-1	689
74	201	3394	-1	690
74	202	0	0	-2
74	203	0	0	-2
74	204	3395	-1	691
74	205	0	0	-2
74	206	0	0	-2
74	207	3396	0	-2
74	208	3397	-1	-2
74	209	3398	-1	692
74	210	3399	-1	693
74	211	3400	-1	694
74	212	3401	-1	695
74	213	3402	-1	696
74	214	-1	-1	-1
74	215	3403	-1	-1
74	216	3404	-1	-1
74	217	-1	-1	-1
74	218	-1	-1	-1
74	219	3290	-1	-1
74	238	0	0	-2
61	10	3649	-1	-2
61	6	3649	-1	-2
61	5	3649	-1	-2
61	9	3649	-1	-2
61	178	3649	-1	-2
61	81	3570	-1	-2
61	73	3571	-1	-2
61	74	3572	-1	-2
61	156	-1	-1	697
61	157	-1	-1	698
61	84	3589	-1	-1
61	89	3631	-1	-1
61	85	3590	-1	-1
61	86	3605	-1	-1
61	87	3606	-1	-1
61	88	3607	-1	-1
61	92	3606	-1	-1
61	93	3613	-1	-2
61	96	3606	-1	-1
61	97	3617	-1	-2
61	2	3528	-1	-2
61	3	3528	-1	-2
61	57	3528	-1	-2
61	56	3528	-1	-2
61	60	3528	-1	-1
61	159	3528	-1	-1
61	158	-1	-1	-2
61	173	3528	-1	-2
61	175	3528	-1	-1
61	176	3528	-1	-1
61	180	3528	-1	-2
61	179	-1	-1	-2
61	184	-1	-1	-2
61	181	-1	-1	-2
61	182	-1	-1	-2
61	185	-1	-1	-2
61	186	-1	-1	-2
61	188	712	-1	-2
61	177	-1	-1	-2
61	171	-1	-1	-2
61	164	3540	-1	-2
61	165	3540	-1	-2
61	34	3534	-1	-1
61	33	3534	-1	-1
61	28	3521	-1	-1
61	29	3522	-1	-1
61	30	3523	-1	-1
61	11	3518	-1	-1
61	12	3519	-1	-1
61	13	3520	-1	-1
61	15	3639	-1	-1
61	16	3637	-1	-2
61	17	3500	-1	-2
61	19	3501	-1	-1
61	22	3502	-1	-2
61	23	3514	-1	-2
61	24	3508	-1	-2
61	25	3510	-1	-2
61	26	3512	-1	-1
61	27	3513	-1	-1
61	20	3503	-1	-1
61	21	3503	-1	-1
61	31	3503	-1	-1
61	32	3503	-1	-1
61	59	3503	-1	-1
61	219	3503	-1	-1
61	58	3586	-1	-1
61	189	3541	-1	-2
61	166	2154	-1	-1
61	167	2155	-1	-1
61	169	2156	-1	-2
61	170	3646	-1	-2
61	190	3529	-1	699
61	191	3530	-1	700
61	220	3531	-1	701
61	192	3587	-1	-2
61	193	3515	-1	702
61	194	0	0	-2
61	195	3507	-1	703
61	196	0	0	-2
61	197	3516	-1	704
61	199	3517	-1	705
61	201	3545	-1	706
61	202	3672	0	707
61	203	3673	0	708
61	204	3506	0	709
61	205	3674	0	710
61	206	3675	0	711
61	207	3527	-1	712
61	208	3544	-1	713
61	209	3526	-1	714
61	210	3504	-1	715
61	211	3525	-1	716
61	212	3524	-1	717
61	213	3505	-1	718
61	62	3532	-1	-1
61	64	3533	-1	-1
61	72	3568	-1	-1
61	161	5418	-1	-1
61	163	3568	-1	-1
61	7	5417	-1	-1
61	8	3567	-1	-1
61	71	3567	-1	-1
61	160	5417	-1	-1
61	162	3567	-1	-1
61	68	5418	-1	-2
61	67	5417	-1	-2
61	80	3576	-1	-2
61	78	3588	-1	-1
61	77	2134	-1	-1
61	75	3666	-1	-1
61	76	3667	-1	-1
61	228	3585	0	-2
61	236	5429	0	-2
61	241	5430	0	-2
61	35	3659	-1	719
61	36	3658	-1	-1
61	223	3511	-1	720
61	224	2932	-1	720
61	37	-1	-1	-2
61	38	-1	-1	-2
61	39	-1	-1	-2
61	40	-1	-1	-2
61	41	-1	-1	-2
61	42	-1	-1	-2
61	43	-1	-1	-2
61	44	-1	-1	-2
61	45	-1	-1	-2
61	46	-1	-1	-2
61	47	-1	-1	-2
61	48	-1	-1	-2
61	49	-1	-1	-2
61	50	-1	-1	-2
61	51	-1	-1	-2
61	52	-1	-1	-2
61	53	-1	-1	-2
61	54	-1	-1	-2
61	55	-1	-1	-2
60	2	3603	-1	-1
60	3	3603	-1	-1
60	5	3553	-1	-1
60	6	3553	-1	-1
60	7	3599	-1	-1
60	8	3601	-1	-1
60	9	3553	-1	-1
60	10	3553	-1	-2
60	26	3554	-1	-1
60	27	3554	-1	-1
60	35	3553	-1	-2
60	36	3553	-1	-2
60	37	3561	-1	-1
60	38	3562	-1	-1
60	39	3563	-1	-1
60	40	3558	-1	-1
60	41	3559	-1	-1
60	42	3560	-1	-1
60	43	3555	-1	-1
60	44	3556	-1	-1
60	45	3557	-1	-1
60	46	3591	-1	-1
60	47	3592	-1	-1
60	48	3593	-1	-1
60	49	3556	-1	-1
60	50	3556	-1	-1
60	51	3594	-1	-1
60	52	3595	-1	-1
60	53	3596	-1	-1
60	54	3598	-1	-1
60	55	3597	-1	-1
60	56	3603	-1	-1
60	57	3603	-1	-1
60	60	3603	-1	-1
60	67	3599	-1	-1
60	68	3600	-1	-1
60	71	3601	-1	-1
60	72	3602	-1	-1
60	158	3598	-1	-1
60	159	3603	-1	-1
60	160	3599	-1	-1
60	161	3600	-1	-1
60	162	3601	-1	-1
60	163	3602	-1	-1
60	171	3604	-1	-1
60	173	3603	-1	-1
60	175	3603	-1	-1
60	176	3603	-1	-1
60	177	3604	-1	-1
60	178	3553	-1	-1
60	179	3563	-1	-1
60	180	3603	-1	-1
60	22	-1	-1	-2
60	23	-1	-1	-2
60	24	-1	-1	-2
60	25	-1	-1	-2
60	165	3553	-1	-2
60	164	3553	-1	-2
60	11	3553	-1	-2
60	12	3553	-1	-2
60	13	3553	-1	-2
60	15	3553	-1	-2
60	16	3553	-1	-2
60	224	3612	0	-2
60	189	-1	-1	-2
62	2	3804	-1	-1
62	3	3804	-1	-1
62	5	3730	-1	-2
62	6	3730	-1	-2
62	7	3761	-1	-1
62	8	3765	-1	-1
62	9	3730	-1	-2
62	10	3730	-1	-2
62	11	3748	-1	-1
62	12	3749	-1	-1
62	13	3750	-1	-1
62	15	3717	-1	721
62	16	3741	-1	722
62	17	3742	-1	-1
62	18	3744	-1	-1
62	19	3745	-1	723
62	20	3827	-1	-1
62	21	3827	-1	-1
62	22	3739	-1	724
62	23	3738	-1	724
62	24	3737	-1	725
62	25	3736	-1	725
62	26	3721	-1	-1
62	27	3722	-1	-1
62	28	3714	-1	726
62	29	3716	-1	727
62	30	3715	-1	728
62	31	3827	-1	-1
62	32	3827	-1	-1
62	35	3770	-1	729
62	36	3771	-1	730
62	37	3787	-1	-1
62	38	3788	-1	-1
62	39	3789	-1	-1
62	40	3790	-1	-1
62	41	3791	-1	-1
62	42	3792	-1	-1
62	43	3793	-1	-1
62	44	3794	-1	-1
62	45	3795	-1	-1
62	46	3796	-1	-1
62	47	3797	-1	-1
62	48	3798	-1	-1
62	51	3799	-1	-1
62	52	3800	-1	-1
62	53	3801	-1	-1
62	54	3802	-1	-1
62	55	3803	-1	-1
62	57	3804	-1	-1
62	56	3804	-1	-1
62	58	3767	-1	-1
62	59	3827	-1	-1
62	60	3804	-1	-1
62	62	3834	-1	-1
62	64	3835	-1	-1
62	65	3836	-1	-1
62	67	3761	-1	-2
62	68	3762	-1	-2
62	71	3765	-1	731
62	72	3766	-1	731
62	73	-1	-1	732
62	74	-1	-1	732
62	75	3763	-1	-1
62	76	3764	-1	-1
62	77	3759	-1	-1
62	78	3760	-1	-1
62	79	3772	-1	733
62	80	3773	-1	734
62	81	3769	-1	735
62	86	3831	-1	-1
62	87	3832	-1	-1
62	88	3840	-1	-1
62	89	3837	-1	-1
62	90	3838	-1	-1
62	91	3841	-1	-1
62	92	3832	-1	-1
62	93	3833	-1	736
62	94	3838	-1	-1
62	95	3839	-1	737
62	98	3838	-1	-1
62	100	4789	-1	-1
62	104	4790	-1	-1
62	105	3872	-1	-1
62	116	3874	-1	-1
62	120	3874	-1	-1
62	126	3868	-1	-1
62	127	3869	-1	-1
62	128	3870	-1	-1
62	129	3871	-1	-1
62	130	3868	-1	-1
62	131	3869	-1	-1
62	132	3870	-1	-1
62	133	3871	-1	-1
62	134	3868	-1	-1
62	135	3869	-1	-1
62	136	3870	-1	-1
62	137	3871	-1	-1
62	138	3868	-1	-1
62	139	3869	-1	-1
62	140	3870	-1	-1
62	141	3871	-1	-1
62	142	4791	-1	-1
62	143	3826	-1	-1
62	144	4791	-1	-1
62	145	3826	-1	-1
62	147	3873	-1	-1
62	148	3873	-1	-1
62	149	3873	-1	-1
62	150	3873	-1	-1
62	151	3873	-1	-1
62	152	3810	-1	-1
62	154	3809	-1	-1
62	156	3875	-1	738
62	157	3876	-1	739
62	158	-1	-1	740
62	159	3804	-1	-1
62	160	3761	-1	-1
62	161	3762	-1	-1
62	162	3765	-1	-1
62	163	3766	-1	-1
62	164	3768	-1	741
62	165	3768	-1	742
62	166	3754	-1	-2
62	167	3755	-1	-1
62	169	3758	-1	-2
62	170	3757	-1	-2
62	173	3804	-1	-1
62	175	3804	-1	-1
62	176	3804	-1	-1
62	178	3730	-1	-1
62	180	3804	-1	-1
62	189	3756	-1	743
62	190	3734	-1	744
62	191	3735	-1	745
62	192	3718	-1	746
62	193	0	0	-2
62	194	0	0	-2
62	195	3753	-1	747
62	196	0	0	-2
62	197	0	0	-2
62	199	3747	-1	748
62	201	3720	-1	749
62	202	0	0	-2
62	203	0	0	-2
62	204	3723	-1	750
62	205	0	0	-2
62	206	0	0	-2
62	207	3746	-1	751
62	208	3719	-1	752
62	209	3712	-1	753
62	210	3711	-1	754
62	211	3709	-1	755
62	212	3713	-1	756
62	213	3710	-1	757
62	214	3827	-1	-1
62	215	3829	-1	-1
62	216	3830	-1	-1
62	217	3877	-1	-1
62	218	3827	-1	-1
62	219	3827	-1	-1
62	224	3786	1073741833	758
62	225	3785	1073741833	758
67	10	499	-1	-1
67	6	499	-1	-1
67	5	499	-1	-1
67	9	499	-1	-1
67	178	499	-1	-1
67	15	2378	-1	759
67	16	2379	-1	760
67	17	1105	-1	-1
67	18	507	-1	-1
67	19	2382	-1	761
67	26	513	-1	-1
67	27	514	-1	-1
67	22	2374	-1	762
67	23	2375	-1	762
67	24	2376	-1	763
67	25	2377	-1	763
67	28	515	-1	-1
67	29	516	-1	-1
67	30	517	-1	-1
67	59	-1	-1	764
67	11	3165	-1	-1
67	12	3166	-1	-1
67	13	3167	-1	-1
67	35	520	-1	765
67	36	521	-1	-2
67	84	-1	-1	-2
67	85	-1	-1	-2
67	96	584	-1	-1
67	97	585	-1	-1
67	152	557	-1	-1
67	154	558	-1	-1
67	156	-1	-1	766
67	157	-1	-1	767
67	73	-1	-1	768
67	74	-1	-1	768
67	81	-1	-1	769
67	158	-1	-1	770
67	164	-1	-1	771
67	165	-1	-1	772
67	189	2144	-1	773
67	166	2308	-1	-2
67	167	4362	-1	-1
67	169	563	-1	-2
67	170	2311	1342177280	-2
67	190	606	-1	774
67	191	607	-1	775
67	192	1108	-1	776
67	199	2148	-1	777
67	201	1109	-1	778
67	204	2157	1073741824	779
67	207	620	-1	780
67	208	2139	2147483648	781
67	209	2142	-1	782
67	210	2149	-1	783
67	211	624	-1	784
67	212	-1	-1	785
67	213	2150	0	786
67	216	628	-1	-1
67	225	4971	0	787
67	226	4972	0	-2
67	227	-1	-1	788
67	228	-1	-1	788
67	229	-1	-1	789
67	230	-1	-1	789
67	231	-1	-1	790
67	232	-1	-1	790
67	233	-1	-1	791
67	235	-1	-1	792
67	236	-1	-1	793
67	241	-1	-1	794
67	101	597	-1	-1
67	122	598	-1	-1
67	123	598	-1	-1
67	124	598	-1	-1
67	125	598	-1	-1
59	10	3498	-1	795
59	6	3498	-1	795
59	5	3498	-1	795
59	9	3498	-1	795
59	178	3498	-1	795
59	81	3570	-1	796
59	73	3571	-1	797
59	74	3572	-1	797
59	156	-1	-1	798
59	157	-1	-1	799
59	84	3589	-1	-1
59	89	3631	-1	-1
59	85	3590	-1	-1
59	86	3605	-1	-1
59	87	3606	-1	-1
59	88	3607	-1	-1
59	92	3606	-1	-1
59	93	3613	-1	-2
59	96	3606	-1	-1
59	97	3617	-1	-1
59	99	-1	-1	800
59	158	-1	-1	801
59	2	3528	-1	-2
59	3	3528	-1	-2
59	57	3528	-1	-2
59	56	3528	-1	-2
59	60	3528	-1	-1
59	159	3528	-1	-1
59	177	-1	-1	-2
59	173	3528	-1	-2
59	175	3528	-1	-1
59	176	3528	-1	-1
59	180	3528	-1	-2
59	179	-1	-1	-2
59	184	-1	-1	-2
59	181	-1	-1	-2
59	182	-1	-1	-2
59	171	-1	-1	-2
59	185	-1	-1	-2
59	186	-1	-1	-2
59	188	712	-1	-2
59	164	3540	-1	802
59	165	3540	-1	803
59	34	3534	-1	-1
59	33	3534	-1	-1
59	28	3521	-1	-1
59	29	3522	-1	-1
59	30	3523	-1	-1
59	11	3518	-1	-1
59	12	3519	-1	-1
59	13	3520	-1	-1
59	16	3499	-1	804
59	17	3500	-1	805
59	19	3501	-1	806
59	22	3502	-1	807
59	23	3514	-1	807
59	24	3508	-1	808
59	25	3510	-1	808
59	26	3512	-1	-1
59	27	3513	-1	-1
59	20	3503	-1	-1
59	21	3503	-1	-1
59	31	3503	-1	-1
59	32	3503	-1	-1
59	59	3503	-1	-1
59	219	3503	-1	-1
59	58	3586	-1	-1
59	189	3541	-1	809
59	166	2154	-1	-1
59	167	2155	-1	-1
59	169	2156	-1	-2
59	170	3646	-1	-2
59	190	3529	-1	810
59	191	3530	-1	811
59	220	3531	-1	812
59	192	3587	-1	-2
59	193	3515	-1	813
59	194	0	0	-2
59	195	3507	-1	814
59	196	0	0	-2
59	197	3516	-1	815
59	199	3517	-1	816
59	201	3545	-1	817
59	202	3672	0	818
59	203	3673	0	819
59	204	3506	0	820
59	205	3674	0	821
59	206	3675	0	822
59	207	3527	-1	823
59	208	3544	-1	824
59	209	3526	-1	825
59	210	3504	-1	826
59	211	3525	-1	827
59	212	3524	-1	828
59	213	3505	-1	829
59	62	3532	-1	-1
59	64	3533	-1	-1
59	72	3568	-1	-1
59	161	5418	-1	-1
59	163	3568	-1	-1
59	7	5417	-1	-1
59	8	3567	-1	-1
59	71	3567	-1	-1
59	160	5417	-1	-1
59	162	3567	-1	-1
59	68	5418	-1	830
59	67	5417	-1	830
59	80	3576	-1	831
59	78	3588	-1	-1
59	77	2134	-1	-1
59	75	3666	-1	-1
59	76	3667	-1	-1
59	228	3585	0	832
59	35	3657	-1	833
59	36	3656	-1	-1
59	223	3654	-1	-2
59	224	3655	-1	-2
59	37	-1	-1	-2
59	38	-1	-1	-2
59	39	-1	-1	-2
59	40	-1	-1	-2
59	41	-1	-1	-2
59	42	-1	-1	-2
59	43	-1	-1	-2
59	44	-1	-1	-2
59	45	-1	-1	-2
59	46	-1	-1	-2
59	47	-1	-1	-2
59	48	-1	-1	-2
59	49	-1	-1	-2
59	50	-1	-1	-2
59	51	-1	-1	-2
59	52	-1	-1	-2
59	53	-1	-1	-2
59	54	-1	-1	-2
59	55	-1	-1	-2
33	5	2147	-1	-2
33	9	2147	-1	-2
33	10	2147	-1	-2
33	15	2378	-1	834
33	16	2379	-1	835
33	17	2380	-1	-1
33	18	2381	-1	-1
33	19	2382	-1	836
33	20	2384	-1	-1
33	21	2384	-1	-1
33	22	2374	-1	837
33	23	2375	-1	837
33	24	2376	-1	838
33	25	2377	-1	839
33	28	2304	-1	-1
33	29	2305	-1	-1
33	30	2306	-1	-1
33	31	2384	-1	-1
33	32	2384	-1	-1
33	59	2384	-1	-1
33	81	-1	-1	840
33	73	-1	-1	841
33	74	-1	-1	841
33	156	-1	-1	842
33	157	-1	-1	843
33	92	2386	-1	-1
33	93	2387	-1	844
33	95	-1	-1	845
33	158	-1	-1	846
33	164	-1	-1	847
33	165	-1	-1	848
33	166	2308	-1	-2
33	167	2309	-1	-2
33	79	-1	-1	849
33	80	-1	-1	850
33	169	2310	1342177280	-2
33	170	2311	1342177280	-2
33	178	2147	-1	-2
33	189	2144	-1	851
33	190	2299	-1	852
33	191	2300	-1	853
33	192	2383	-1	854
33	193	2301	1073741824	855
33	194	0	0	-2
33	195	2302	1073741824	856
33	196	0	0	-2
33	197	2303	1073741824	857
33	199	2148	0	858
33	201	2307	-1	859
33	202	0	0	-2
33	203	0	0	-2
33	204	2157	1073741824	860
33	205	0	0	-2
33	206	0	0	-2
33	207	2158	-1	861
33	208	2139	2147483648	862
33	209	2142	-1	863
33	210	2149	-1	864
33	211	2146	-1	865
33	212	2143	-1	866
33	213	2150	0	867
33	219	2384	-1	-1
33	217	2385	-1	868
33	221	2391	1073741824	869
33	222	2392	1073741824	869
33	223	2141	-1	-2
33	224	2140	-1	-2
33	225	2298	0	870
33	226	2315	0	871
33	227	2313	0	872
33	228	2314	0	873
55	10	2908	-1	874
55	225	2882	-1	875
55	226	2883	-1	876
55	227	2884	0	877
55	232	2931	0	878
55	228	2884	0	877
55	230	2931	0	878
55	239	-1	-1	879
55	240	-1	-1	879
55	244	-1	-1	879
55	245	-1	-1	879
55	156	-1	-1	880
55	157	-1	-1	881
55	236	-1	-1	882
55	238	2896	-1	-1
55	241	-1	-1	882
55	243	2897	-1	-1
55	165	-1	-1	883
55	158	-1	-1	884
55	164	-1	-1	885
55	152	2902	-1	-1
55	154	2903	-1	-1
55	58	2881	-1	-1
55	35	-1	-1	886
55	100	2918	-1	-1
55	104	2919	-1	-1
55	106	2920	-1	-1
55	107	2920	-1	-1
55	110	2920	-1	-1
55	111	2920	-1	-1
55	108	2921	-1	-1
55	112	2921	-1	-1
55	109	2922	-1	-1
55	113	2922	-1	-1
55	105	2927	-1	-1
55	114	2923	-1	-1
55	115	2923	-1	-1
55	116	2924	-1	-1
55	117	2925	-1	-1
55	118	2923	-1	-1
55	119	2923	-1	-1
55	120	2924	-1	-1
55	121	2925	-1	-1
55	126	2914	-1	-1
55	127	2915	-1	-1
55	128	2916	-1	-1
55	129	2928	-1	-1
55	130	2914	-1	-1
55	131	2915	-1	-1
55	132	2916	-1	-1
55	133	2928	-1	-1
55	134	2914	-1	-1
55	135	2915	-1	-1
55	136	2916	-1	-1
55	137	2928	-1	-1
55	138	2914	-1	-1
55	139	2915	-1	-1
55	140	2916	-1	-1
55	141	2928	-1	-1
55	142	2929	-1	-1
55	143	2930	-1	-1
55	144	2929	-1	-1
55	145	2930	-1	-1
55	34	2926	-1	-1
55	33	2926	-1	-1
55	189	2933	-1	887
55	166	2876	-1	-1
55	167	2917	-1	-1
55	169	2877	1342177280	-2
55	170	-1	-1	-2
55	18	2909	-1	-1
55	190	2856	-1	888
55	191	2857	-1	889
55	220	2858	1073741824	890
55	201	2864	-1	891
55	199	2860	-1	892
55	5	2908	-1	874
55	9	2908	-1	874
55	6	2908	-1	874
55	11	2910	-1	874
55	12	2911	-1	874
55	13	2912	-1	874
55	20	2853	-1	-1
55	21	2853	-1	-1
55	31	2853	-1	-1
55	32	2853	-1	-1
55	59	2853	-1	-1
55	219	2853	-1	-1
55	215	2889	-1	-1
55	216	2888	-1	-1
55	26	2854	-1	-1
55	27	2855	-1	-1
55	209	2868	-1	893
55	210	2869	-1	894
55	211	2871	-1	895
55	212	2870	-1	896
55	213	2872	-1	897
55	204	2866	1073741824	898
55	202	0	0	-2
55	206	0	0	-2
55	207	2865	-1	899
55	208	2867	-1	900
55	193	2861	-1	901
55	194	0	0	-2
55	195	2862	-1	902
55	196	0	0	-2
55	197	2863	-1	903
55	15	2913	-1	904
55	16	2843	-1	905
55	19	2845	-1	-1
55	17	2844	-1	-1
55	192	2859	-1	906
55	22	2849	-1	-1
55	23	2850	-1	-1
55	25	2852	-1	907
55	24	2851	-1	907
55	28	2846	-1	-1
55	29	2847	-1	-1
55	30	2848	-1	-1
55	81	2893	-1	908
55	73	2894	-1	909
55	74	2895	-1	909
55	71	2890	-1	-1
55	8	2890	-1	-1
55	162	2890	-1	-1
55	75	2880	-1	-1
55	79	2878	-1	910
55	72	2891	-1	-1
55	163	2891	-1	-1
55	76	2892	-1	-1
55	80	2879	-1	911
55	78	2899	-1	-1
55	77	2898	-1	-1
55	67	2900	-1	-1
55	160	2900	-1	-1
55	7	2900	-1	-1
55	68	2901	-1	-1
55	161	2901	-1	-1
55	62	3217	-1	-1
55	64	3218	-1	-1
55	223	3216	-1	-1
55	224	2885	-1	-1
31	22	-1	-1	912
31	23	-1	-1	912
31	24	-1	-1	913
31	25	-1	-1	913
31	81	-1	-1	914
31	93	-1	-1	915
31	95	-1	-1	916
31	164	-1	-1	917
31	165	-1	-1	918
31	166	3884	268435456	-2
31	167	3885	268435456	919
31	35	-1	-1	920
31	189	2212	-1	921
31	190	-1	-1	922
31	191	-1	-1	923
31	192	1202	-1	924
31	195	-1	-1	925
31	199	-1	-1	926
31	201	-1	-1	927
31	204	-1	-1	928
31	207	2249	-1	929
31	208	-1	-1	930
31	209	-1	-1	931
31	210	-1	-1	932
31	211	-1	-1	933
31	212	-1	-1	934
31	213	-1	-1	935
31	220	-1	-1	936
31	229	-1	-1	937
31	232	-1	-1	937
31	226	-1	-1	938
31	227	-1	-1	939
31	228	-1	-1	940
