id	name	size	sha256
0	RemixResource0	98384	77df8dce1d50c685e40c06fe096530b3b6a917f008cdb06c32450c4d0c57bb20
1	RemixResource1	39424	96600ca1320405b990cd4bb637e47421199a7a15a718806cd9098f45a41b3f68
2	RemixResource2	35792	4d3559b6d5ba187582c8669b75e2bff3aaf6c1bcc9d2efa976f1ec8e4db7ee5e
3	RemixResource3	25248	0a70f4d19ce15559395eabb08c1bdfd4780553ac363b2e5b0db7e738363e29a6
4	RemixResource4	47520	63d48bc7fac04c39219575c517c7f43adada6e529987dc5f2c690af157c4ae3e
5	RemixResource5	20288	a52f41be2b1b8d14f4d09962e20e97e50f7b68d25a1405f63f80b48220222112
6	RemixResource6	37880	2771c22d5ee17cef56ae0f8e97fa7b20f0b004193ec291f9b7465575fda767c4
7	RemixResource7	24496	26faca1a0040ac6def9e77d545e2d22e886490521865d10156d550ea66d619bd
8	RemixResource8	48576	fcae5b70112b529a131913933a39d68a6a19ef36bd06ef3fee08f109a5a5781a
9	RemixResource9	21328	7775ba3ddc905a43ac6d520bc95a31094be17008bacffd5bda3d55f7d593e7d2
10	RemixResource10	3584	e3368dc1d06c69c1c5de76df626b4e47fc66c7a636368038f3671a890053826f
11	RemixResource11	96464	94631f204fe0fb46da9f7711dd89eb1374e58c04ed041f9745d1de59133b911c
12	RemixResource12	55520	33dab81a46c84f7277b2f08b48251d7fb0dddbeccc9794288b1e5f18539f7fa0
13	RemixResource13	108192	42461ebcb7bf5e6520497c1d63b66fb34a21dfd910a5ea5afd1ebd2191d6e2cb
14	RemixResource14	160720	cd98c690de790f30457f7bcbd0496cf819d2f306b1b7d77e280071d80a02a7f0
15	RemixResource15	39152	45e246fa7a4a1d4c7d3ac8fdb39cf8357413a9c9cabf954bce9425e1b4dffbb9
16	RemixResource16	198864	19ffb82aa15d87571646137fa182f6824ef6c34d7d461a54e58035b42b2ca8cd
17	RemixResource17	163848	474b061c7c830ee6d581fd95e5688667c366878e6cf1fe4901c6f56400ca0c29
18	RemixResource18	12592	c80fb28ae61b87f51a24aaca1c76c296e2a06734d676c33f9ab235949246754d
19	RemixResource19	150048	e9f651de373c066b8a3dafb527d456e33fdb6bc1937f7474204f3b6019e2020d
20	RemixResource20	63576	66617b986f315b3753bd54a3bbd1b7a3ec0e9f8c5f981011697974c797e2a6bb
21	RemixResource21	1168	e1e4d1133603db8f27ee2c40978883154a62caf0223a9f4aeb3bf3670fc35ea6
22	RemixResource22	1520	4d1c693dc2a84206f62d531205786649701b60027fac63265192bf4d2e2ec767
23	RemixResource23	15440	e2745957a14b31ee4c96ca8affd895fd1f7a78026075f26f9ab2cc736dcc4e2a
24	RemixResource24	1504	7499c98a8f64e089424a67d0e412252b2a616745f7d397c54f7f53768b8627fb
25	RemixResource25	208	3a3c5151e8ca4b2889944ae0ebda1a78c26cf8ee9e5191cc1677437af76de8b0
26	RemixResource26	132960	20d772972109496ed965148bbd3d70689fcb57caf400555ad6419f2c3a8f0d6e
27	RemixResource27	132960	24a6eaa876edd373f530fe31ce957065ffce75c582e7157987bf4e8a17f0829f
28	RemixResource28	132960	da4bbab87bcf5e82008fb9a158f6bf78df90b7e7306f0a4df6b8c87e2be8932a
29	RemixResource29	113680	0f7ca857ebebdccd1fdb9430c5befc0e66ea238c9d6a954ab37e216cae3b47a0
30	RemixResource30	56960	984cdb0bbb76336892163c398f141ad4aa2aa16527d666ee8abf3440031e5e61
31	RemixResource31	21776	1f4ec7ac9588a24ba0ac9909b4cdfcf4f7adff041d66902d34452ca72580d2c3
32	RemixResource32	3280	a41fc73dd8b3f5eebd0adb25d3763638772e97287ff486e6896db277a72236c6
33	RemixResource33	4128	fe9f6f655a3c49210f545f16536eebafb9002607c80b5f1776c39fd5affe2aa9
34	RemixResource34	59936	e8f545aac9407f04e0d21098c494b7e1cecf9c1718ed5a2045bb862bc4bc5eec
35	RemixResource35	56624	1cad9968207825e5325074426487461b1ca74b0af0657fcf9767858313d83d90
36	RemixResource36	2336	15bd1245a76449a200758f94cd86a0b2d08193162726d57eae8770553d12021f
37	RemixResource37	33688	90ac612889240c78a766361e6f5b40b6cd40b6dc9a330b1520bcaab5a44bb23c
38	RemixResource38	4512	964215f60e925220ea242325e75c60e7d7a4f944568121c2cb0ccf1d381ebe69
39	RemixResource39	16352	09f5c329e8e53335a0cc927868ac56bfcd885458e9612b86cc8dbe129e827a77
40	RemixResource40	47600	1775fa725125adfe709644f59af343bc44f14339d9be3e0be1386092e07bf666
41	RemixResource41	16864	cecd8e1b3c02d76cb1aca4ebeea2a97238d837e0189b745cab31dca7987fe5d8
42	RemixResource42	4320	58b6570fa4bbd97893452deba6488f93d9c63034a3fc9fbef75e24acff1fa695
43	RemixResource43	8208	4b8a450699c16d708c2030ca6e246c157cce1f98eadf156168941767cb987b38
44	RemixResource44	9504	2463934c03e93cfa880dff8659239da9042403cb2ee4100c499dc00e289ec5f7
45	RemixResource45	30768	8e669a613d1363642c7b6b8bb33169ad0691cf8d51e93d729a81c168756a352a
46	RemixResource46	16304	66b55d92d63141cf536fce861afa2a8ecd2eb87f03c93f50421da90ebd210f63
47	RemixResource47	4176	d0cdb39415589bd18f28fa7418cffd955deb1777921b9766ab30f141c96e647e
48	RemixResource48	24544	b76bddaa397411dcfd1f036dbac46163e411c47bc43002fcd5f1d7e953527b89
49	RemixResource49	4208	b6d24ea3a76aecfba454572109cc1f0afb89b170ee78df3b843ca632227dab97
50	RemixResource50	32368	98f7b2641afcda9f4af71436c6f253a19380cac63380c07ce2baa491edfb958b
51	RemixResource51	17040	a5c2e0f9b77c85fa8cff8284fcd3423577f1f40e84af074d3d78770501a367ef
52	RemixResource52	149280	70ceda32ce16855f1bbf9f2c5c22d1de0662dfe5ade2b6147b45badc8a13d8e4
53	RemixResource53	176928	aa71dd492cad5c046a2fc8f8808ecb4d3d6fa9c7344c232c5ada98ceb7409f68
54	RemixResource54	157376	7ee6c30b6aed42dc057d37cd205276f1dfde289da7efa6561f55aff51f86f813
55	RemixResource55	22768	08007494a6d4fefd0e2416bfc87e76affd3acf50c0ce4c112d8f55c05156b7c7
56	RemixResource56	1008	403a553c125e3890cf88ad2078eb310a1f71aa19a7e2eb01b7d43fc7ddfbec7f
57	RemixResource57	80	377ef7e94b8a9f946fafb7850bf62b79c52ea4ceae6c3810781156fd8055e664
58	RemixResource58	112	9bd78cb4dcee3232ad37897da8967cb1a08eb48da514343b472f4fa3e064b62b
59	RemixResource59	224	64c32830da1acdf5d1bb356ce65b20f780a21564e215ae9eee9686ebcba172b6
60	RemixResource60	240	4070a4cda640e493affb6923821d3d4fc2e4f1734203cabffe4404e2e5152cb1
61	RemixResource61	167600	a85d42a82dfb51b63aaf6823708ed65f0b5f15fb1ee77155aee93e6415ebe0f2
62	RemixResource62	245008	35395427aba7943b4a1c2f99dc8b03c180cc224f7546a0b847e941647626a548
63	RemixResource63	4592	9fed57b93b8c5b20cde13227ef3e920da02d81dd55d427cab6f9d747f0beb087
64	RemixResource64	400	a4d4345c1a85384052ca8c09b7d25758153fd5cda8d0657a05131b28f213eed4
65	RemixResource65	384	0c81e138899aa42d9cd160095944b79371ac3ad8f0c1b4256f4df6a96aa9574b
66	RemixResource66	19168	372197dab4843abc6ddb9bc0d4cbc41ba580c7b7e0e79e34cffcc52826acab9b
67	RemixResource67	51616	71abc52f7465878a8ed5d47617c90f45e9f0b616dcf4d2be05a593b082ecdc93
68	RemixResource68	35440	22de3fd9dee237eb2ac6fa9584bc0485c06a972dc7d5c0789c934af23bc7f83e
69	RemixResource69	36656	fb951a7ddd557d9f397a8bbc9edc8f6b079ca521329d8ec28535732a7b697077
70	RemixResource70	46416	926dc4de21e279c9681ffaba8c55fa222d3eb38331f565efba0c083da4174d5c
71	RemixResource71	257696	e9829c57b476f274107a3818b34acafd95ee2ab43a784418e2eb402ca7ffb8c7
72	RemixResource72	5248	756816c26ad0077341e103a574a85fe927cbcfb3fb2d919019e990a5724fd0f5
73	RemixResource73	249056	ac691bee61dcfa32bf9bd9bf038ba05ebe5558dc0f9004d0d3dd2a96840d26bd
74	RemixResource74	158928	27b53886e9e5470781a74c5a044e5f260038d5889520401a215bc516872cef00
75	RemixResource75	15024	2bab354ce2ee7fce3ca8dc67afccc34f5dac8b42214b73ab0af22ae27ad7a549
76	RemixResource76	1264	c7836b4eeb6eacd56dc57c8a7d97818623594ff184900367ca49a526140b08d7
77	RemixResource77	31488	9575302798b015d2291f37da5897241615b5d0f68887416183295bc3ad33fb0b
78	RemixResource78	2960	9d4211acdb5a4210ec1aa40a2b83eb0183177202991cf8f86283737b4b840f05
79	RemixResource79	140608	3105db3172c41318accaf3f54ef42831687e4ab181506571478ea1e837401c5c
80	RemixResource80	83920	f25762f8ec4826871d4f21e7fd4a755c0a48484a9ad4c58e6d4e30786523704c
81	RemixResource81	1104	e3dd53c4ec58cd9d89096cfb6fbe939439d396dd5f97fd7091ef9838d15bab55
82	RemixResource82	152288	c5f16488daef0c00700c6e9f4c987101af8052d7e5c2e2ae785cf69e3eca9e2c
83	RemixResource83	52736	56af86217f1af4a6cd76cc8ec4c27f5ee420cdccfe3740ef2bbac5350bcfe0b7
84	RemixResource84	28352	d5fbc643e1a5059b593891b83f94d5c8869f56e35d79aa613ff3132ed6918342
85	RemixResource85	13616	c89b1fb7879d0be86dbaf16fbb53303538acc1cdaa26b8d70140e9a6196c7b84
86	RemixResource86	79584	1c642e60401ca5e6df2fe1b0d6ddeb6e322b0288f4c13a1e608875322fbf9438
87	RemixResource87	160	742406d65a776b2810171ca9bee0b54be973eb5417223419f2d03693875fd56a
88	RemixResource88	158928	330ed9dd088bdb25dd9c98ff2a153fc049294ee46de460d602d9518262a2ca67
89	RemixResource89	158928	39648441b62fafab4b497a54022db4ce8613971bc98a122c8c53e25c3075909a
90	RemixResource90	158928	f34c01e607c459ec0d5c97f048389ddb09a5be193342a2ed9256ac4140f10cb5
91	RemixResource91	158928	404c6888bd5fe7870a59f78e4c5438ea78c785d5e97cc137fdaa84a1951641d0
92	RemixResource92	158928	ef2350f73dfae481e9b4eb8a11b24e0b2df244ece68c9ba6a1719da805a59c36
93	RemixResource93	158928	c0b1041345e020921884d8859bd9bc7e8935d6d016016b454fedc40cf83d1c3b
94	RemixResource94	158928	fe8920c2f369d20d71fbe8da45eb84f145cc67736059b6336d4ced1953a54811
95	RemixResource95	158928	a5f7253868fe722be344ef922e0475243bf658b86da06711c3ae1150f6931248
96	RemixResource96	158928	d4e77bc65a9e6a7d3e925ff2fadf1ce6dbc06beaa813734908df901e891993b2
97	RemixResource97	158928	3b3cc7898d1d4f3ebb70bc92191255fa044be9efaf11aa1c2170299937e6d379
98	RemixResource98	158928	8beab41bc18967cdd126ef42536167738e9d7db01c673df6b63719c334a581db
99	RemixResource99	158928	c63dc17d1d7e69ff01a71d883873aedcacf17943b7db2b5c12a05bfd7564f399
100	RemixResource100	10176	6e686421863adfbb13b4abecd4a5ed46fe28d1deba845b6378b15c05d7e6065e
101	RemixResource101	6560	d3a8d194027857751276bf41c4c297877497f16537cd546a9eb9efdfa106b596
102	RemixResource102	10496	71e0748afddc1177851ba216414c86fee35d9282ef0ddbc76116f21cd982e5c0
103	RemixResource103	12224	4109fa4ac31fdf36d25ea228f8475a1efa6758114942ee65b051e56358684afe
104	RemixResource104	17392	1d82f9304458528341452b9610f55952a4951a1ead4c41cd0c5ebdab10380ebd
105	RemixResource105	57184	2e8bb0dcec6832c5d6b8a61ccae076d828225153e5fd3a80045c083260d32f27
106	RemixResource106	17696	fe6bed77c27785f02565806cccfabf2349f6245d89b5cc09f984d365bc069a56
107	RemixResource107	27792	01eeedeaa38f19273d7f166b4c05667f66e78a1eac16ea5d93107b64ced426e3
108	RemixResource108	62944	cd7f42d77f22fc847d9de852dffd1c536e47e1d842f9c0000c283044bd226074
109	RemixResource109	47120	d37d5237473d6352b00ccf8162d5d1106526d4c101e22455faff0b518fb02f36
110	RemixResource110	21040	a29e56feb0dac75bc01b6a1acfb12e81b4380aba99ce02e6662dead9917574e8
111	RemixResource111	47408	cbe83fc302b56b357782aa1d964b02e6f1ed62bcc1582b1fb863d8a0e15c973b
112	RemixResource112	66160	aea98d8356f47b21c78d7315e1cd3450e0332a9c5272dde1c391ca19b9097938
113	RemixResource113	26768	716a7dd68ca4dc39bc073d14b1232e83026f2b31b8bd7b4dd75890173b609127
114	RemixResource114	76128	8da67fd19ea8e5eb1228101e6e9b912081020c3b4e71f328ab79aa9193cdd404
115	RemixResource115	3680	6f98d1e654c4b7020ab1176f7e13053c7fd2920fb866a947114ba7a89adb948c
116	RemixResource116	17328	6af75a2222efc359426b2842cb772ef0a1d230ec196b01eff1536b009b4833ec
117	RemixResource117	16320	b29c29d47d4e84b2d7e90cecacffab8f224f7182a904a3d1ca761085a5675a9e
118	RemixResource118	17744	65f594dccfb1e3a136c870cdff9146a5f4ae2fcc09a65537b4dced6f3e8464f1
119	RemixResource119	158928	931af6d535c7d878f896bddd11241d1adfd4ad8ffa7fab40cb2eae732d35a64e
120	RemixResource120	2672	984258037050ec17643d3b5b876c4083cfb8741f435bb25158fa3d3caa5334ef
121	RemixResource121	2032	fb54463474ffde000ab6a0e129f9d331c282e50a91db962af427126516a6be68
122	RemixResource122	976	e60535bd5d190f560e5cbe418f025c17d9fc40a945e059ea95808a19a9832d4e
123	RemixResource123	3024	063a1c5618a568a9791cc4294079761441d60cc89990799ff7b9018a8f0ed94b
124	RemixResource124	9152	71c04d0dc50dbae8a0453e54469f79224320a87f3be281748e69a8add4ca1b40
125	RemixResource125	10080	d988b9240f854e61d85665039cf87c022a00daeee93d65cb7903af8aee9f9155
126	RemixResource126	9392	3a39f794d79b23bea418c480650a6ed9a6f8d46f60fe2599a6d27db8366c2ed2
127	RemixResource127	7584	136628f3b079e291379f48a22ec1e7633f98fbb74a601bcfb1a88436092eed83
128	RemixResource128	8832	9156e91d9b21743347bb0dfa9d7575965134d2e26e856e169653daccfa14851d
129	RemixResource129	10720	58b8aa8c54ec8fe1a75a80e9bc9d0e9893f33e106ff4a1494bc05175c835cdd0
130	RemixResource130	13536	04b739091006920b85b3ad80396e46c50fd442d58fc9fcf034c312e89f03b1be
131	RemixResource131	7648	a278e5821ac4c36f8cfb1ff1980e4e06c76495d1b331d91f94fe77cb098af5ea
132	RemixResource132	10112	10eadcb2b98146fc40c52530bf0ad5626d16d3d54eb01a52e84d0748bbaf9da6
133	RemixResource133	11488	993f3156ea1944c17c873eb4c5ed741e258edd84a33947d757cc5fa8da0f0976
134	RemixResource134	9808	18b37853b04d9fe92323373402c558aada93dd5699b47243ac55163d66ad6ab2
135	RemixResource135	12496	55ccd2ce2aaba285b5148e2aecdb5c54d6ca3bf45d8ec12801c5f4c5ff8b78e8
136	RemixResource136	25392	e6c01d89c93069509f3be95c6a60318c8902264ae708f38233e46a02cfca8d19
137	RemixResource137	15648	4ad1a83abe9b289a780d0a3397c7c9701453e4de0e5d45bb3626811df62247ae
138	RemixResource138	68624	c9c11b0407b6fe2b4146077b2ff21e467f49c87b519a8a56d8899ae8331428bf
139	RemixResource139	13760	0a8625c190a4a8e7584a98edd34ff4079677c0318da8f12eaee570bbad48b869
140	RemixResource140	10736	f7b2027ba6069d410554142bbc98a175658789d7746e093ee0a7238c25fb4a40
141	RemixResource141	16032	7b31dbf99f49f25fdea60b5da6eac2bc1f989a3dc54810ea8f92cf8c1e522ac0
142	RemixResource142	18768	8e80bc66d289c80c005e64ca41cc71939026bb7e701bfab5071570ab7b2aa182
143	RemixResource143	14352	98fd9cd2701fb2f632c79718529ce24df5d34054b78c884c25a26b2818eefad3
144	RemixResource144	20368	372c78984ab150e38d21af3a2aa0c67429c7f3ff89bcc557cfa953a113c272b5
145	RemixResource145	15568	861663e85a6df01fe45560858532c0e52480724066659512ce3183521e79d8a4
146	RemixResource146	18672	afe44e8415e13b87d9f64e3274441d545cc7195d447c79f1edc6141b12d6004b
147	RemixResource147	21728	fa643256d8dad2c09fd911cba52974889f7282b06b93613c505e06c04355da05
148	RemixResource148	16576	7aa682d3d16de39cef1b08cf0f1b43e4731a221ef3d51e60a4847dfdfabc2184
149	RemixResource149	26768	71c0ff7dd3cecb7cb135ccae3cb9df79f1b174a76a3290efa23a525aa3477885
150	RemixResource150	4480	767699952f8cd206a3deec912f5da47df0e7f7ff8e87f7aae4535202e5d0277a
151	RemixResource151	544	b2730cdf805ef5ec2a56528efe0e92e07d457cf4fc2325c3da5c6315dd6cc889
152	RemixResource152	14080	cc0fc629911e04c4bdbb2d7ce9098df6b2a9a62847b08fd44f6ce9158cbc2187
153	RemixResource153	7680	a5ee542bc72f6c601630dad6abd003d374fef1237bd7abaddc31112f6251999f
154	RemixResource154	1712	cf19db42652cde613960dd30f5f1c20ac8ccc58b68c425a7070306c819002617
155	RemixResource155	5136	8d1c1c037d0b6a3860c6068a75261fbe61b1e6ca4aabe0d930af1b7e01fb197e
156	RemixResource156	64	64271d3da692bc1d505ff3cfc33ada881128ed149cce8e9cbe36da2290ba74bf
157	RemixResource157	3536	2ba9176aef611ce0043225097b1305c8fad4ce8addfacfd3b42a2cbc755d670f
158	RemixResource158	3296	ff223221365b42f0634b57771c8286e011308639fbd6a20ba1aaa1a64b16dd37
159	RemixResource159	10976	977292623f0a4a3e5175fc77e4e39105d23e76fca4bf0ebc76613413f84e0ab6
160	RemixResource160	2704	99748a0177617cd88f57cace35f6f35dde69b6aa4ff3b39dac1b7de890161a97
161	RemixResource161	13152	c01f41a6a9072cd7a0b270e055918aa3ad6c0b87ac6c8e53b81daeac8d6c10f6
162	RemixResource162	2320	52378c9f1a32b66f659e1a60bb31becedd832a05f16e95191099ca4a7fab4781
163	RemixResource163	912	c0f94e993b1a06cee274359063d11e1b8db95a266bfe75d19b4835c44f3b4695
164	RemixResource164	12768	bb3872f7314cebc6c43b8186237fd79883a2b02ced55cc398a01921c1e6b5a4f
165	RemixResource165	4736	28c3e5991bf6bf046cca02ee7bc5feb6f66690881d840dc8f084f11e84b4f0bd
166	RemixResource166	976	26fc5bbb8d15283efbc37219fea2348914c4e4e367614e378554f68c7ee21ac3
167	RemixResource167	253128	656a3909127c46be388a5d7d88560bdf6e8fec7761304927ada1961bf5add387
168	RemixResource168	125760	cd200291ab876f6992a23f539e3b79fd8f502f893a1c112022a5dcb4973a58d0
169	RemixResource169	33968	db4de51cfa11f17e30d29204f1f098365008faaf74017f8448e48fccd1de6042
170	RemixResource170	132960	0cf9e04cf70bf05965577d90995e6e29c7daf3f3d3e7844ebdc36d3272a3c996
171	RemixResource171	132960	b8b1e431bc0c826ca225589a4a768523aec170b3a01415972b7831f427869ff9
172	RemixResource172	132960	427db6169b6f8f14cc95f9585729d16a5607ef18a118fa35f5d2011ca3cd3d76
173	RemixResource173	132960	47c05dc00332fe46bb241404e2a268f154ad5eb4558c9af6f8d6071339f045f7
174	RemixResource174	132960	51840799f454d8b94a0bc415cee3e217ccc2f721eb347b6dbd73bccf4c002f1e
175	RemixResource175	132960	5cb2ab81f3e839dcce818b54720078103d4880d9c5ec28785a0fcc5da2ae90fd
176	RemixResource176	132960	f5538aa381c6aa3a4c3a0919375f977c228b748adc9aa950f14b3113f9904d90
177	RemixResource177	132960	2d48d17606e3509de6ff90e2f44efd39dd6c5717dc8b6960560a788dcf87e279
178	RemixResource178	132960	aa7ace87375c456430540060ac0bcfac00b98780097ff7afea6dc5fe69f6e746
179	RemixResource179	132960	ef00bc2a42d294d85f4756a3648f7373d71c2cfd6e8dc6533594ffcdae94e4b1
180	RemixResource180	132960	4c03d7eaf3da58e650ed72a41f5e47d37dbeb25de291f24a6d31edb2b295b8f9
181	RemixResource181	132960	61ceb0b81dbab934db06a922372b5bcd1461562a32742b113dc3215b5c303fe6
182	RemixResource182	132960	154b56fff124f51dbe9e89781515cae157eccbaaf4e5cd5abcab8b63b9cecee6
183	RemixResource183	132960	dc4a7d0aad1b0358ecb17d3cff450803c5008898e10fa1c42f36e1419969b757
184	RemixResource184	132960	d9c9c1e26ea2eed49ea2e821b2c21a9196d869399ad85f850b0d4f5973afa3a5
185	RemixResource185	132960	00e5ca67c7bb5334831bc61b75c31cd843430ef77fa4a00e1e4de62996ddeac2
186	RemixResource186	132960	ecbbfc2b4e23d9e96ea87b70a81d7edda0ee003ed72d8457d0d613b597bda04e
187	RemixResource187	132960	1127bd9791ced69468e39131de4bca3e6fa2c47f58ee00de936c09b4ab23ab0d
188	RemixResource188	132960	9aba9048ca694abaa4b4bb142d7ddbd7ee80cb21cc52effcc7d97492c91ff218
189	RemixResource189	132960	c80c5faba2fb41724be4bf6297d5462638d3f3cac15049ed01b23a0c682e15c9
190	RemixResource190	132960	60f2812e78e8c5f31ff7b971418bf4afd642fad8b16c610464fbb184e155dd8b
191	RemixResource191	132960	81a7a0c27951e4b5c48a181817e8a0964be60c1961bbc4ecccc80908c5b5802d
192	RemixResource192	132960	f83eef560ff02a853c946289b7980983e227b41442ebd84b5ad70597627f5a39
193	RemixResource193	132960	b2404592b41fd2a657900e01b0d181b13c880d77a8a8a6f3feb8c5fe4bf83eb1
194	RemixResource194	29712	83c349f0d9e9abaabaf06c8c0708e7e271545bae41cb8e20d857394e2bce9a69
195	RemixResource195	35192	1e3f88ef623d2e02db7ce3589d3bb0825a29acf15d7fc7a1aa5988e3e7e87f63
196	RemixResource196	7584	a965238cf185cf05a7cd63a7fee9ba88fd81477d13443ea5f5ae12e1c22d765d
197	RemixResource197	6992	50108a6d70fa89f895c04765df0afc3ddc28c7ade6b482d6067977cfb2af49eb
198	RemixResource198	122976	3c1b5cf441be416139652bf4ff3d1c3794050fb0f896c1ffca25dba2b86d672b
199	RemixResource199	64	7a0059b59482c87bd061b6c5302e90bb115da9b20536b584af2591d5c7095b58
200	RemixResource200	80	e7dde5e1cc6645d6c2113bd003e89d145ffb4d44a80b14cbf71325149a35b882
201	RemixResource201	2096	8145697abead78c8792b0e793f1e4ff4559f6da1e6b2cbad51ced6d0e4e0eb87
202	RemixResource202	6560	36e422814d3ecf908a46cd2307f232664d76fa0b2258f73b84a855a6e6759e7e
203	RemixResource203	1904	5da108e8b238bfd8e25e61b69253577cc35a78ce57d982e9ae17c27ad25f27ca
204	RemixResource204	64	dd7c32ff2decb05be622cf663e678f2a00dce2899112a028e4caeb65216ed798
205	RemixResource205	320	f64993a21aec504d277fd1fd876a832e118d2fb9d8db0a2837b3bc721f89ea93
206	RemixResource206	1552	f88c6f87f02e1d13ef4f1392a70110bb2f266a4a3517108a9c5bed6aecb9c582
207	RemixResource207	1536	e773b4bd2cb42acadc701f54907ee9e9ec3dbeeff01b0424e38af74876e150c5
208	RemixResource208	6816	fd108a0ad6f1876d34207d7059e2c82fa7eb97cd6c2d4539b269904d53222223
209	RemixResource209	1984	91681af506d4b061b0a169b85bbf6661a912c85783eaec66a49573496f2b3287
210	RemixResource210	64	cba5a093cd19f6a797863d889d3f5bee05142f5908d9fb880cccc518c21e846f
211	RemixResource211	1552	40c40ab4dfe59d8f65127f9a350a5d937ad65de76f543c4e4900c1ee707daa83
212	RemixResource212	7376	9352fab48a57a92ee01ab486ffe0b4d3174fa221caa4b07469850d1b3f7ec237
213	RemixResource213	2032	381c5dc5fe77a397a5e1d2ae7048beb05cbc2dbb8dc0f850210a67d90b089199
214	RemixResource214	1536	c2d5eed06c3e0880d659574e1ae69d65fa27f3984c654642b51f244c31a1522d
215	RemixResource215	1808	15ddc6193da3a64e264928a5d65b2c3ae73bf122a5e232e1a76984c95701a9f4
216	RemixResource216	7872	ac4e9685b5a26a17a4b15b8501ac8da2af5e262fc76bd3dfddc1d3bc6b52f51f
217	RemixResource217	2400	dfab04df820655c435461a394e181e9f29639ab5da9d057dba003c963da37b6b
218	RemixResource218	64	8d9e069487a0605590f84c97b8d30b2f89eba0ed813af28a59a11a85cba395fb
219	RemixResource219	1824	6daa1a12bd1a1d67c79aa8c3e46934e3fcc5b6340f26b4705c3e1532857d6bf6
220	RemixResource220	6704	6d2219c133b3b2fae9ec9a801a85c10b4125ae53e3061ac37a83ee54c1383010
221	RemixResource221	2256	5f0a6619ff604be5086818664a77e840052fe48791948cb3228e487602a240ff
222	RemixResource222	64	ca2e8a05937f5904f32f74c25b77d2c15e7b250c4b3fde8f2269b300532ef6f8
223	RemixResource223	1536	027f4a6c1a9b1654abc861af068a82b13d06f315154184b1cc3742809c0aea78
224	RemixResource224	7920	3018d344fc62927db689432b0893d2da77f5df6f9624438aac45d66bb0835047
225	RemixResource225	2640	cb98c41dd1e42d259c21ac3a5da1617740d896ab42e0165e358c170252b542c2
226	RemixResource226	64	5e021696bfce6ed1bc3a5ce0cbfd48ac9c9542103e8cb80a2c1179c895378d61
227	RemixResource227	1600	5b472d913dfb6030009624ba1ccbdc122fe80ade62dfc2551485750d9b5f6b47
228	RemixResource228	9648	4d71f87f8a639e85423536013eaf73352c842ed6c455badf537ef3131d13bcda
229	RemixResource229	2896	deadf6faed3a9e475a3a06fdcd2790efb5d8d60558b259a2d8063ad15d8c93bd
230	RemixResource230	48	e889217bc193036103d7e7128f8801db3b2d335de0adbf3846a64ae9f965d421
231	RemixResource231	1600	f14bd0664fd13da3d33085506ac552d8c4647c0706718d81e866d78191c4e2a4
232	RemixResource232	6016	87530b2c09da1cf349bc8a16b64289a74d88e161db34b7d30b556813b5690b64
233	RemixResource233	1984	a33fcea012f3cdf433051eb355c131130f7b8d250d3e5591bc9aea49c440e1e7
234	RemixResource234	1584	7a8a90be4319a94ccbcaf2eb42a67dbbbf8d5dfbe010a3e4f96e6547927d4f6a
235	RemixResource235	7600	38a29fd8db206e674c68c1ce1cf122703d185b6d6b67a10d264926d4d2534fda
236	RemixResource236	2000	59a4607237fd92c3595f1a8aa26d552310283d71564e35a1f7c2e36e703fb808
237	RemixResource237	1536	b29f48bdf52f36878164b0ad3a9c077d6b2f35bba9a8291bd2f6964d335deaa0
238	RemixResource238	6064	82531bb8da51b467f89b36d1e923268c6221b9ad1e04da4860fd65e4e11935d2
239	RemixResource239	2320	a608106123a9f60fb396cf93940377fa40f55d3a99d3203b6ca01d4a5ddbee86
240	RemixResource240	128	a6a886be1f9d8481cd6ec7e4801c4abb4a8477bddb511267c11bcf10eb46d605
241	RemixResource241	1616	1535b947c24bd5ae7bc75bbdf12dce0175f29eca308ca7cc65f0158253d35b76
242	RemixResource242	5984	2aa07170b5bdbc3e4bd6a1c8894234271cefe993a2647b9fc8e517b2961cba85
243	RemixResource243	1904	c217452a4a3919d1054e0b42311da68cea09b545aca74b3eb3fa33f5e464f69f
244	RemixResource244	112	698a215ec264eb4585272ca1c876fc786ce5f709d9d25e5a5fa3b6aac0f0ad25
245	RemixResource245	1552	d4e4f3e8f24525630e18eeee351e0dab9dd19247d9dee67dcd3679e49b109ade
246	RemixResource246	6080	ab4144a8d37c690acbd7400be39262fe7bab81a5e530baaebe9e48b09cbd622e
247	RemixResource247	2000	211d63d0d3724fc2dac9106d6cb4317b570f2060f6a2bfecccedc7027c8b91dd
248	RemixResource248	1568	5185169e822386b79104a761e5bcb1561dab941078f33744a66e29c1232b9774
249	RemixResource249	2480	0c983e0a0d75db8137ef8abfe6f8d05050a8243d8b685f0de7983a937cc7be06
250	RemixResource250	1072	2c93eb051c0f9a521a75cf31930a35ae615d92193fee526fa750ec2db53c5188
251	RemixResource251	4576	cdc1d84a99e706665c2719d99128470aa23bd6a3269231127b7d5aed611abb24
252	RemixResource252	6096	4966254e011bb5f93daf87fb69008168eafa95b95e3d14d05c301983dd1c3db8
253	RemixResource253	80	677f05a2d1a961f057412329d92b0359525d44e5e7f5359de8075abe6d3d66fe
254	RemixResource254	912	6b660a9c9ce6865dfa713deddc8b2f1ab005810825471907cd7a1c82509f17d5
255	RemixResource255	192	f0b62e005050c3597b4fd01abd77dadcde1fb7a339948d789c3538ef750c7e05
256	RemixResource256	192	2852cc6d5ee5eb37d8a662ad9f4a2bc35d660bcc16276b1ec6b59f3716d25462
257	RemixResource257	224	8264f731c2fa58dd5815996536b051826758492d116b8e35fba01b2e5a1ba14d
258	RemixResource258	192	623a474c39c53576187e52357dbb73fe9031f5e1ec0267b30f436f8fa9730fb4
259	RemixResource259	192	244962d1f47b5885ddf1cb41b21ab46df832c2b248f2472c0e00e24262baf74f
260	RemixResource260	368	32cfb816db5bc2fe1cd115e8cf21f76b14720ec02dc0c88dc34700c5f7abcf66
261	RemixResource261	224	9f99b963916ae2a2aca4578fcd610ded09aa080aa7ca0c52b5a91b41dd8a8ad1
262	RemixResource262	304	30e70b204089cbaf8f9135ebb6629a4892ce60e196b79db824d380d4a24ab07b
263	RemixResource263	192	1a4496a01999ebcd751ab5cd535b59b69c278e802055b9331a02100242e7d827
264	RemixResource264	832	4236015e06f24d4f8b701053b89df003bae5eac210cf7d3b7fbcddaf5fc53b85
265	RemixResource265	224	01eb6e42be543eb97e81584346a93842d9ffb3a0851db756f317b9e93ba62b95
266	RemixResource266	176	61098ffa3f9e10bcc0b54d67b6efb0cb49fed7574190e392db1e7e0ee86859ec
267	RemixResource267	176	57b005471f29e85f1a345a64a60fb1143c3861107495197895327af96e39bfd5
268	RemixResource268	192	4b7dadadf705dfa6b2c2c7e4473b4df757f2f03a472e35c5e1154053f4f4df3a
269	RemixResource269	192	ddf8e4e6b3f83ad559e7f085e0277f7a3e16a1f8c0eb0d2b3e96ca405fc90be1
270	RemixResource270	192	3c99c1a87b582f48720c15e63f58a92900edeea62b1163c764ccbcb9d28ff234
271	RemixResource271	176	bc75e0bee920e74c13bfb98249b0e225c288af65f6e8e3e951fffdb71852655f
272	RemixResource272	176	ed04d72fdeb66de076bc78640d3b2739e6c874964e20817cae0747b0952fd80f
273	RemixResource273	176	aa67387909067acd16fad8561e8683afe2433a307ca17614b5a154ce5f8dcedb
274	RemixResource274	176	b79b78b61742f164b4171a875a21c502faf5372f660f6e41193146c8b74f8d5e
275	RemixResource275	176	e5ebb4749739075c4deecd0755f05992114db1fccb2544e05f896d45612a5550
276	RemixResource276	176	479fe8f2cbd596596baccbf8f55b0f077fa52bf48cd4d9aed7ce46b4dbdd6edf
277	RemixResource277	176	7410222485baffc4c390245f15de9bb261aaa041435a2c88852781f97476bdf2
278	RemixResource278	176	e0b237c0b1ba3cfe23ff512bb1d91b43c6bf564d92c7210150f3fa268489ddf9
279	RemixResource279	176	8c0f27c6dc55942b178cde44362a14a1a722ee99510b6ba67ef19b5edd3e7bbc
280	RemixResource280	176	f046ca8654c5d0499c2b2a43d498bae4bc7d8a592248eb7875709ffb5189ce44
281	RemixResource281	176	66a82c20f850f8152abe188e931c525565ac868f66301af5e3a88539a1b5c43f
282	RemixResource282	176	1f8c3a8a222aa57a0ce662d02e513af16024495f89409c98b4494ea149ecbc52
283	RemixResource283	176	61a7279e18636588e8ce9fc651cbbc0d93ead7ff6d6a3daf4a47bcd55793a6fa
284	RemixResource284	176	ee88ce0b5731bede74387d1e9839dc83ef69b8eab52a392b3937688211dcd696
285	RemixResource285	176	74e363e2d7e120ef76040fdeb26b5bcda528f3b27bea036275bc7996a590d27f
286	RemixResource286	176	b4fdfb64501ebae76dfa6496ecf1118fe0d966f704da41a423c2b9bd06fe30b3
287	RemixResource287	176	b26cde6044eba66775b57b4624d0adf4e79fb05216950f6e4839bdba02a2ab6d
288	RemixResource288	176	636490942e113b343f454549a9694535ca13f190c51e942c22c9bd6ab5be0c23
289	RemixResource289	176	d5dcc245f296601efdd3a07c3e8554e54d3c135e743eb26f087d52d820938001
290	RemixResource290	176	6680d5de0f069b8c8bb12f526d1c70b80c066d1fec479bd0e9bbe48367b1457d
291	RemixResource291	176	ebe5afa2568f03a20572d3959af21ceb606027b7cb1192a6f718c787b23cf268
292	RemixResource292	176	98f1f58ca670ee38a68da4a034d25f7902238d2feea6cc589bc49db7bd0a0386
293	RemixResource293	176	b75461138b262cb11ac7cbc1166f6141f0962374de1b9f7ce80da9ce3b6a1e6c
294	RemixResource294	176	b2fdf6cdb7b5af00d1193e09672478d6eddf2b1ff98e0cd10da0790e7218dfcd
295	RemixResource295	272	d9ae9532d1ba87e4ec9706132ca4a39b784810fbacc1191c7f60ab78932ab5bf
296	RemixResource296	29968	157287d186182c4966a4019b478668e364c7f23624bf54ed598be2a170be526f
297	RemixResource297	656	6a6b905b145ebfa6b6171c04291ff45890873544ce7a8a453c7289c9810f9983
298	RemixResource298	10752	6938f8fc6b97b443ecb4301cbdc51f603d9003b4b9f11f0199691d38d43905a6
299	RemixResource299	192	1215c2a2d43edaf2da8f7f66cfcfd5f869d0e3ec9c571f3e727895d8c75abb44
300	RemixResource300	13584	159090f940d365a0fc5d7a9ec873f7e43f89567b064f208d8d670266f8dee04c
301	RemixResource301	16432	0aa8ae04c0076ce985b00a2ec63dbeaf5745520b0a39f8772837cbeaaba82e94
302	RemixResource302	560	3dd544460fd2b9bfe172b3a9908afe008053aa020c3d9ea57899ed7cfcb00145
303	RemixResource303	16656	20fd256b8682d48d758c3bd493557ea709ca6266c7a54f5d5ab5c85bbf7ea3cd
304	RemixResource304	18176	8e24d50a4f6fd79a771759bcacc8e58de40017099f1f8d48980f21f8382be638
305	RemixResource305	13328	9c81f5b0089b991da17c63ba58099194af4ae1850c725fbf30774fbb3bc7be5e
306	RemixResource306	13664	239f141a2fd0016809cdaa3f5b8fa23f95fee30132cb66b2a6fec0620d72b13e
307	RemixResource307	16800	febe8ebbd37d0c9dbf94a9259d2b90d442f2938d2c0258a5a1b70bab19903f6c
308	RemixResource308	16224	f9b8e68589343de40f7c24ecd1958ff18d94626fe4af5d278cafe282e5a94edf
309	RemixResource309	23920	ac56b2113540a076e02df643a2080202a68d47582ebb527a5665740071905b81
310	RemixResource310	17568	dbc2f8bdea186031b8de8438f312d6253ac12bae1758b0e13e3c7a20b78dec6e
311	RemixResource311	16320	cd332cb92f1f4080280f8929550104d394f5b1c0d15965834e45da1c2ed070c5
312	RemixResource312	18752	7d8fa56cf455a66fb03e6974e3bdc952584b7fee6425176c2e972b00b18750c6
313	RemixResource313	32336	16c90d71caa6f28eadcedb01eedbb8de3f3d0894aa7bd0faa58f8e9fba327e83
314	RemixResource314	11184	13c33824fbf4c6fd0a916fd0da4a6defa4cdca9cc0af0cbc3848bb8f9713cd63
315	RemixResource315	1312	c474418e7be0d35fdde5b0d83afe125f51d50c6d9bcea7a8e27029ce64580d15
316	RemixResource316	144	91d2b3721bbf8ea4ba91e5ba2b791f557aa1765e108afd66186a9668e0c1cb7c
317	RemixResource317	54784	7e0a78458cafffedb8663ef2e9d65fb7b16a55e94bdcc9449f712d571ca073e9
318	RemixResource318	9984	9cd3c3c6dba5daa134ee9134d1a14501c202afcb3c8859da4e94e6753a7c2fbb
319	RemixResource319	832	3f7901dab210978f231b6f033c37df5db9a6e01e7a0ebe85444dba7a73d2b083
320	RemixResource320	58704	5679dea59d47362470d64eb61fe79f8547ea6531f0fffb246f4ee7c579d820e0
321	RemixResource321	848	6f16e14477ca04fb2229bc510ef20de35173615237041bae9d4fececea8ff67b
322	RemixResource322	10080	1f60523f27bded54b85f50672c78ac6c3fa3da0629ac04d92986f80da12f57fa
323	RemixResource323	32528	24bd7d83e4a64fd994af0990df2fb635a8cb8e5cb87afa1719d1a3cf770d82a7
324	RemixResource324	73584	f861b1df01f633cdbffb9cfd251e9ca135397c46e99eadf8feb2bb2cada3f881
325	RemixResource325	1776	942b9126bc2e2ed2986aa256f70d79d9f31761af7fa7a3ae56d988e3733c2171
326	RemixResource326	464	020089b8172b5610115a11e154e2e7e4c374080858451187dfb56ec91b670ff9
327	RemixResource327	11840	12b35c5e5bd955d2ddbfdad7705c9e8e3c46cb9b0f0211b8cb16642e80b290cb
328	RemixResource328	121312	90c76805e4970a0987da5773626b5c4cf316120387859151b768ed26acd32148
329	RemixResource329	11968	602d4e06ff12bce564464d63d8be2f8420fbc68292b00c9e3e3da389822632b2
330	RemixResource330	32224	f9fad729063d9e12c19818e686eb2fc834af17633206ae2724f344ee597f1864
331	RemixResource331	17936	6eb6a3934c5c5855f835b4efd95e94bf2e5dd2a12c1f0ac9730ae0db72547aad
332	RemixResource332	51344	d149e641e5efdac39e350a7359a486f6be7fafafe6e1e6651105b1be5c0d6e92
333	RemixResource333	2160	6523afbf08c88d34eeda8664b176a49375e63ead09129c1453c0881f04ef0ad8
334	RemixResource334	10976	b620b47888c81f406f371be5fbebeb443e748feb697e8f5420e139cf202c2c78
335	RemixResource335	50112	c191a9494c41d56060748bc1447028bd7e8c1781245fc72110b624dd49d198ad
336	RemixResource336	2976	ba9cf122f9db7ff477f04ad708a2798a4ebe31bd4d1b124ca0a277aec821ab1b
337	RemixResource337	12496	ed95b1bcd0dbb76c1abf1cea3a05f8e1a8c75af63f6968a68093482272242e14
338	RemixResource338	44256	e5694728565f731e677e1012504de38bb9e2140ccf5ffe5f19ae2cbc04de4030
339	RemixResource339	3696	078e9e1c63ddb5683f65102c3fec3315989b0ae954e92515f31d76ca9b5df7fa
340	RemixResource340	7040	976603f2e4ba378d505696e0da3a7da76fc8a783f2c71c95c81a8b0a120183d4
341	RemixResource341	39984	0b99946b1e91697503c7f531711edeab18b275bd6ffb519e2599a7e0d18fedb4
342	RemixResource342	9104	e09ecb102e8e963c375d32584e461868db536371be7a85ed1e14ab0ee8b99faa
343	RemixResource343	14144	78a46f801f3b2f7d1f0c5b423cfc1af8ef54f689e8a4ca368b95d5568456af52
344	RemixResource344	11584	e4f2dacb0e5b56c9a7f6ceb64b0cd35c818c0f7a1540d169d6ce2028d2bf2f80
345	RemixResource345	768	e37cb9fcdd175cddaaa643f32664156f357cedaa1330513732cb40dcc521cb36
346	RemixResource346	3632	689e99c2b6851ea0aeca3c09e744eae173df58edb8907d4af019a5b285f16de0
347	RemixResource347	7008	9191d76e3674afa443f2a6afbad2c9c5befc54f9084cfd31e8d6ed5d4c5b14fa
348	RemixResource348	10512	9a1ab4b4029ba11451c6150763b9e50279dd575a0e4522b06b8977cbee6a51ec
349	RemixResource349	3232	4324d9deab64fff70ee5bbc34ea423ba2f3faff96d864cb5b0ceb9188c4e0f19
350	RemixResource350	26080	dc5f9550683556ec6051d8a1cef653003f1775fe85008e1f4a6c5d5f89321234
351	RemixResource351	12112	581bdca95909ee3c6ada9a29560f06aeb7b2b2c1cbeea060bfa98eab452d021b
352	RemixResource352	2832	0dc7f8722f5fabb9aeccb3537df4c78c899c22280d45c18c6c830cbbd51daa7f
353	RemixResource353	6672	a89ebaf67c241c07d911b1d0cf74229111ebe55ce8c3b3f5494c357d036e093c
354	RemixResource354	1984	e9b179dacb35328e727478040cbad19512b12ac271829e30ca918957b32cc0f2
355	RemixResource355	2352	517aa6ad79f5a602b02c6090db576bf1f461e9f6f1b69826f51d94b32b666180
356	RemixResource356	1856	8349058dadc57f508662f729dc5686e2bbadbed2223ab5cfaf2d138cdcb273a5
357	RemixResource357	4848	98210b377b6fbd1201f4bad960a38b47cc028e39d2d8e2d82ea6a795b8aad0dd
358	RemixResource358	7808	c0000991b8abb77676f5e6c43846250ebf103dc6e54892c2b170c8c8f500334b
359	RemixResource359	4400	75bcaa59a0582b27341fb95b2ea355b4638600e7ba5c01c0cc51fdc05bd0896e
360	RemixResource360	2080	18f1f47d2938b881e8e3db15bb29e5834d7ac780ebccb97248d1e288b7544c90
361	RemixResource361	3552	a4cfb7ef4ba909a1267b3f49dbde2c7406f12d694ddafc430fc8272f47ea7a08
362	RemixResource362	1248	2eda7129509774192e96d8b59e594277d3721099b06bce4d97ab0cab16c74aab
363	RemixResource363	3184	2401ad24997e5f0272e6173b0491e6f4ab03ee4c1fb65b619b6ea6e3b3a99546
364	RemixResource364	10352	04811fb0c4563706d391a8e684a62625a355156c56db296626b9f50d75286c9b
365	RemixResource365	7872	392072552bd95af52e3a5484bc1d14a5368b3d9680345add576f6a0b2f0165d1
366	RemixResource366	2496	155c8638e7926003563e68ac4b5add527b1b6b69bb5463d138f7e1daed4840f8
367	RemixResource367	400	caade852bcd09f99fcfad87ea9636df865d44a9358b7f0b3b59b6692ef910bfd
368	RemixResource368	400	d49d547939134556e8d37189794ee84ff7a268e1fe347e58a0beca7ca93baf05
369	RemixResource369	416	dedac7d97cc81649f914fa0c2ca13ea135da83c0bcde20bff944f30268b3409b
370	RemixResource370	5968	e2abc8ed1edf36280af20db094275e429032c393296503229cb58eb4c74409fd
371	RemixResource371	6096	1b7d3c0af08bb59862bb460f96be4bd4db5fba5677f809c007e66a5e06f59a5d
372	RemixResource372	2528	d8d49af1e6daac29324f1e02e5fd34b7f3b90ec84cad3ada30b88d67a5093ab2
373	RemixResource373	2672	89a4f59afc059e8ea46bfffa570046ef707c99982aaa3155814a2c48232ebcd2
374	RemixResource374	1424	dfce8498b1e0ab613fee1877c78d9da88b4c32b1d7d6394e87322b790fe12294
375	RemixResource375	3904	fafe85db4938c0a52e461b5941d9d12743cad750963762611ae8e4b27079b72f
376	RemixResource376	11456	b2c18d44d3341c715eee0e2a6b1d960cc20e52f2c8fdc39f801f213edcfd90f4
377	RemixResource377	3776	8eb21d15872f8ebb92249755f5f82ae1451e6b446a263479d464a42af4b81404
378	RemixResource378	496	c3d5eb6178db7ae07aab7c2cb7cc1031aa81670de1042b0e51f00314cfefa33e
379	RemixResource379	464	f6fea53b49d8af61324e0aaa075996c8ad857b28b78133855f45b1ce9be43f62
380	RemixResource380	448	4c670b48768bfcc41999bd4c466c47afdb51032a831f2e9094eea2610a57bb2e
381	RemixResource381	5872	7d7a73042e0d5165a4e71cf62c8eb12c1a670de4cc02ffd1184a829806fdde6d
382	RemixResource382	7984	d62ef0808bbb486018076275730a16d6cd7489269162cbbdaa84fc74fc50b941
383	RemixResource383	6912	aa231843ba88fc66f8aaed716bbc60c30c972f39168dece4fff15324d0ea5247
384	RemixResource384	6320	0ef6adfd6ede651a495a3e2b7d42b4b19bcb988aeb9583b73c203c3bb20b9ff6
385	RemixResource385	1728	a96c2056ab53bcc521bcf81ee0616fdc892ff33de0211235833a9ec4f47029f7
386	RemixResource386	1280	417f79b1a4ccde03c14146f15c5fb185bc7404fce831eda60e72331b23a36511
387	RemixResource387	3888	259cd34701e3cb007222d4cb46b043e7eb01964f28a40a2b0940fe12e814a673
388	RemixResource388	8640	f03ad354bca974296cdd4befb27ecebae2ab1ad14bf867df8f1c9e805752b693
389	RemixResource389	3088	c5e136e01bb607671c9ca48df82029af81661db76c2c5ac786b2017c200651ad
390	RemixResource390	400	fa70b468a6fef98284f0652730d19abd519565f76e5d52613b6160c6bc5789e0
391	RemixResource391	448	e0582b9c625cad9ad9a052af60e77549b2c084841931bdc4cf2513dc9fc07854
392	RemixResource392	544	39a3952186161df78c8fae89ab8b1e8ae72984b3c07fa7d9bc6a391f5bd4c6cb
393	RemixResource393	5184	711178a83e6b6c96088d3308c3af115eb47e1b1dc8bd0b98938e4c5172e6f14d
394	RemixResource394	3344	28abdc02061159dc94ad06818ad375e5bbd593cface22adf3563c104a7d0925e
395	RemixResource395	4624	eac10a8c263059f9ed6921f84585cbb8dd67997d94f11cec656f9cf61a4ae2f7
396	RemixResource396	1904	9d2d3d48c75f7fafa804cf327499e9485e2530c45164895b1f44b180022297fb
397	RemixResource397	2112	c1504c36d21e83d652468b40718ba65b1e2032bb626e197f81eb328cad5e4031
398	RemixResource398	3504	13bd70de0b94ed848bb0794fb92dbf41875f88282d61ce0ae23a98655bfe2293
399	RemixResource399	7456	7d71616e2a5978fd623c99b111c6b85baae4871eaab1e96e0253fe8c3af8724d
400	RemixResource400	2400	99b4d7d719b2551e31871c1d993f0873d7cd7dadcb5e0e61006924f45595c140
401	RemixResource401	480	c6550213057c14f414c3bad3e419db739b9edecaa5f82867c16477e346acc824
402	RemixResource402	416	0cd30aae87af224f50297ec64963e14e2f30f1220a370426cb56f46097ea3eb0
403	RemixResource403	352	481c8f6e8fa28a90cb4004bf1137c9e6eed5900735aa401dc5c14aad99618091
404	RemixResource404	6720	66144c20e69d314b9f23775aec2b4a3d97fe0b429e15be4019a2e4982beae691
405	RemixResource405	5696	55aab18c42d8054f2b13f14dcae63f6b78feff5df86ad85ba9f10d90e6efa09c
406	RemixResource406	5200	7965860890ff2617e2d18c502f3fc78a6145ad01e1505128598ff0ff725bebb2
407	RemixResource407	2768	05b77a41a9db860eaf4a7c06aea9c3c33524e5873bd4ad4ccdcc4a1592ac1cac
408	RemixResource408	1728	ad8461c43cb6969bcaba94a80bbf70f6a8b5cc2b6d5e84246ec6d9750654a444
409	RemixResource409	3744	3abb5bcdfb8ebe69ce7a3f1676affd056c630cea669bc2fc859d215f78dd5681
410	RemixResource410	9104	7ab867828981b55745f1652720cb7f878e94e128fc9ec9b16fe3fb71a7b92df8
411	RemixResource411	4704	edff678d8fd0e4a6a5e32a8f9f8aa9e96d1fbb63a32fad2aad81f3fc2c5dfe91
412	RemixResource412	2576	4ab98a8ad509c20c570864698796ee85fd98d8f98117099bfc1386f191b5046e
413	RemixResource413	560	9974f36ed3f70befe6dec4f25e9b15a4b5a95db48ed6c4161a3ba34d50a9b479
414	RemixResource414	512	37378535b26d4826d437ea018df88d650c7c7de703e10d4d7eb341bf13af8570
415	RemixResource415	432	8ca717aa719ae749b83ed169aa9a0843e6f6f1c34c7f8b92a8c38c5ca62488a1
416	RemixResource416	8848	77dbc75e687883611afd402b9df04008ed43e926d65efebe4ba3db1cc4b88f8f
417	RemixResource417	10880	c73607052ec6f306323ba405461d303380d5dd3d7cc6fefd245bc02a7a27c3a9
418	RemixResource418	2704	0fbfcf212de85c369b14fa6682a2584f04f284b025278520567ce711bf7e9269
419	RemixResource419	8544	ee0aed84f015905430397dc2c5c62aa473be125ddfb3db32c83828cb7a6cfa90
420	RemixResource420	1360	31afad51a2f4498ea2def873eae0802bdfd6124f3616a440448f77ad44d0f21a
421	RemixResource421	3776	3b8313bad41074b8cbe8c7d3f7bc4e6ac21002ef6136957bc5767f52568b72b5
422	RemixResource422	9008	961b933182e8a19f253c5f70be81c0fbf8ad27d0a35d4e9595f0bd8339e3a119
423	RemixResource423	1248	22d5af372954530013f0822b7749718a791cbd5885c64331612bccb2cf27b6d3
424	RemixResource424	5360	e8687a3f8b0946f8d86803c5689a9082c40158f7289c3289afe10b31b68cea8a
425	RemixResource425	2112	321891c42e5394967ad32124c891ef064bb32cb71f8695164e9dfa7a6b49e51e
426	RemixResource426	384	8a20e646a63518ef5061eea5303eaf2639bb51a21d3dff4d4371d2db3b3bd143
427	RemixResource427	512	b8535a2d76e57fe2736a6c6edf08e2e68ad4d59775b00a12a1cc53ba3baa9479
428	RemixResource428	2192	d0bb77abdbd7f1449c84ca7e1913feae73a80698626628711f03b7127c6c71ca
429	RemixResource429	4816	1994c5563e4c358887f48ff1f615cf5e2886baeb544bc233e49ec4e790761afd
430	RemixResource430	7088	4572e935c881071246ed5b83258ee297276d6afaf3a978259978b03afcafa93a
431	RemixResource431	6704	e2f00aada322758f4a3ab15bed2884223b10a942f9c678c8803e9473c46e7611
432	RemixResource432	1760	a9ceeec5cc5f4baaad6e1f44b2774e0f4fc2254900764e0c39af0f81c14ffcb0
433	RemixResource433	3632	2508153f7b50278f601ee891e009e449ee33e31685136887827c7b295aa04fab
434	RemixResource434	9648	d47d80076a9322d057d7cc810f59dd8573484036279ffeb9cc1a5ecb27a2e022
435	RemixResource435	400	ca5ed28cf0e8fc580f5854dcf2415e226988a7103c84495c3d773ad51444271b
436	RemixResource436	7216	1cfe212eb835a55c17a34ce83c5f4f5c379eb98d7b342d35389b769e11e5478f
437	RemixResource437	5200	38d55c3395b40d868434cb511d88337992909428a4a511013e6601e750fa5b96
438	RemixResource438	11792	94d59946a439c550d5cf5db62829181740f1ce012347a5a1e8b1cf419da70477
439	RemixResource439	1968	9c9a950360aefaa857cfb91ffd13fb425614092e66ecfa210d6e8f3e5374f09c
440	RemixResource440	3952	15969493fb9bc53050a36016d1469d4c0e4f0275cbfffcab3f67a90e1f8fb8db
441	RemixResource441	11392	a90bda8ee2a16b69ae8f2d6911762d8dc0293d7df03c554fea08e11ae0a50ff7
442	RemixResource442	544	a316c964b66411fee2b9385e345fa36d8a2c97ef64c5aac35e15e4126f55b123
443	RemixResource443	4000	8eba9a7f9d6aaa03b6d39395a3441c7e8a5ef3c17c971c43a4e93a1368827e20
444	RemixResource444	5600	61f7e2e1371e78b27f76f85dddd9de5caeac3978baad96a6d1047df64c99d439
445	RemixResource445	7936	3731b79be1b826257358c1375b53f0852005c2f3aa380fa81d2e9c4079e035bd
446	RemixResource446	1232	e68474a38716217ad7191907680023818ba0f9bb4a61b6801ee700bcb71bb8c3
447	RemixResource447	2144	23f193dfca9a77211f041c4ef7530e17bc1d4745e7f6050fd6371262d923e761
448	RemixResource448	3888	565a09fb8a4365a84d35c2f40cfe4cd7cd820a2d0079039c8e8bb9ae10608af6
449	RemixResource449	8640	af0ea0fb14965da4e6e2180e2bbe9fa77e886bb81b04d0562c48edb1b7c24a5a
450	RemixResource450	1280	a8dc6d9d09d5ce56f05d5740c93e9ec6882350eefb62cf182330d8304a360942
451	RemixResource451	1264	3b8d7ac8ea32a9deb2fde5dd563c99e5b28f65d679c5491f89f8a7b5568b9d44
452	RemixResource452	2384	1388350575cb0ad2c73e65ea0f862bdaa88ed3b83decbe0b76cfd1e294f2ccea
453	RemixResource453	736	bfb8e158f5fe4a12d9b444bb4ffff729ca30990c0f69430cb09dc22fc9840ad0
454	RemixResource454	4688	2c2982fe9687632dcc1353c617f40b77f9417ba7f5bf4a2634bd2035ef96a576
455	RemixResource455	528	dac27fad3e90d6481a5d6aaa0f2a4d8169d8ea285c654889847e9e412e238162
456	RemixResource456	464	c222526f48362ba62d88c6dc489262693339f1843806ebacdd946e625400ee1f
457	RemixResource457	4656	84efe45c19fbe6aba0b0dbb2402b6c7d6d3a396cfba78070c0d229658dfc4189
458	RemixResource458	4512	593b0c09d310b5de2293dd5de94c47b36777908837714b9f2282765c3a43f058
459	RemixResource459	8528	fd4e75e66e15de394d8d51cf40b0dd2a444879d94fc2d998ed495205501cf35e
460	RemixResource460	5632	6f906f8e035949dd860f77214ef8f62e14f5a6f59088b53bf487ef1405560992
461	RemixResource461	544	ae2c5d4d84eea918e0d7e18360dbd55b61dc7b2d93b4c8616bd2336fc67db52b
462	RemixResource462	6912	e1a88a73ba2e426129df62cb6a05f0b51ba10e1042d80800231a08ff0c8361a2
463	RemixResource463	5440	96f10c79ffa1929dbea8d44ef034d0935780e9adac6e425a7d5724fc8ed21ede
464	RemixResource464	2800	869d9c0a505b504e3f6ad108e9329a8356528aafd75f488eaac1d32cf59028d1
465	RemixResource465	3280	2a697f7eb45f17475a45bcc063d589a39d99390bd3cf9d9a666617b3b9326845
466	RemixResource466	8128	128bea86dff207e867a881d56a8f0775040f5ab2b8d855b2fcfec5033c17a1b7
467	RemixResource467	480	64df0691fdfcdedc84dbc3dbdc59ce6d2cad13ca83f39bd6ed638baccbfef48f
468	RemixResource468	432	63607afb2910eabc0e95f8c3779a928900688ccab625383a211da199dd7bb68c
469	RemixResource469	5216	9b7dda7c173ac1edfedde660107fcae8b0b63adcaff996e62f7da313fb49e311
470	RemixResource470	4496	ac292f34fb692e486ff7a206d7d2b7a9db77dff488677f0f5f9717117c116c48
471	RemixResource471	3872	a53ff877cc8bf842424574a6fcc3501ff41b83f087531c3f90e3aa2f1d7acfb8
472	RemixResource472	1024	5ce4c85038dc10b44214767f35bf52428080d01940e2654f6096b43c34c1b260
473	RemixResource473	3424	d5ffbb517a4aa257504bb67be721f8f43c8d169fb7b6e2d0c8deab9973724d27
474	RemixResource474	7120	d282d31e187624f0a409f124bdf43fb02783c086bb40d09ebd3423f16faf0beb
475	RemixResource475	384	839313654d7f9908a35645d392ccfa197b927b7863c392d9d6f49e60ff2c4bca
476	RemixResource476	4880	63b6823bbcda381bee6cd83b0418f8ccd45fe19e2bf977d55b911d7887cc9af0
477	RemixResource477	2336	93517361ee9c9f267bf534f5ede633fcbb6419b80e944554e9bd686bb0569359
478	RemixResource478	1408	10b940bfb37ca338f32ee35e2f3dc0f187c14d4ac05f6d598786c1b07b432663
479	RemixResource479	1968	17e6f3164ce96fc727b79d4272889551968f8afaaa077440d7d4d5a978e376c1
480	RemixResource480	1728	87a4c0c162599bf6a9e1304f8868adc9c02b6b454ee438375251c60e08836074
481	RemixResource481	3648	2087fe444d1309d05e17732cd15e4c376d212845507673e44c5d3641834bed6c
482	RemixResource482	9568	4c91e8677eda723275659abe857538cfb224ab73f4a6191e2ea1b1b15a325f24
483	RemixResource483	5488	1a2dea1b9584d50d533203ece1fc69cbf4b22766fb5dcbb7bde986c98b09f331
484	RemixResource484	5008	8b73c18a99e41ba8ef8b21f4506f5b1dd44b3dd7a571fbfd91b3d3d0bfefab81
485	RemixResource485	464	f990496edf08850f0ce3a0c3ff8e4289ebf5bd99408f7345f994556eaad1030d
486	RemixResource486	512	0bffa36a8868fdb918ff8b827a9fed6a7f8e9f33135ffb820b871f0172878f06
487	RemixResource487	544	93aaa897e5b9b18e746b987b611ac28a68f015a603ca98a142a0ff0d88313b26
488	RemixResource488	384	66c767ee02ad5a83421b7604bf72bde49ca51d4582cefd0ee85922f6169d00d8
489	RemixResource489	688	f8300b4545093380e8108d351bfadd3011cf71afcbc7ab0c4660c2fe6d0114cc
490	RemixResource490	736	0a5576bb2e0264591662becccf734f37f190fd9962709e8dc4ac3ffbd6c43af3
491	RemixResource491	736	e10b256d934770f36c5b4e0bf699881c5adf75728a5026d490f4af80d55a28f0
492	RemixResource492	720	3a7d58bd15152753461d111f3b5b3e7b98dfa4a4c7b6b76d917e5cec7f449811
493	RemixResource493	752	d3b6e2a4b76c3b4befb0e66b59919681401309b7f5d12af162b2c32863e6b35c
494	RemixResource494	784	f1f54ee8816050cce6a68677995cf70b93b740d637dd1b40b3fd4928f6d2031c
495	RemixResource495	688	d8668302912779675bc264d46bee7990b0bf0fbdbeb2f175436386eddb181c81
496	RemixResource496	672	87ce0245704bc29bfe895800bee0775cd87972d9c6d9e7381a3d67bfb0d0b3ea
497	RemixResource497	768	8954bac6b4ede56195f5d89913ac8794563b4f163af1ea1cc9dc76b77d2ce050
498	RemixResource498	704	a0e0b548698ac877b5f70a8c88f1bd6578cb73c2e81dab2279cf5bf28fcad41d
499	RemixResource499	1392	96b8fac695604bca7697cacb8d5cf9017c1cbe2e5aa77551228328e229527505
500	RemixResource500	2112	59f874a6e1b85e286b50c61c9c46c514327b77dd2c7f45cd9aa67a97de0bcb7b
501	RemixResource501	2432	08ae12586a85e3e8f5d31805dd684547b9908da33de4a7eda626b8a48972b092
502	RemixResource502	2352	e2faeef8027d5c17b942b8ee97673d8835e07a5e2e0ea531a64050cf6a3f7fe8
503	RemixResource503	928	582f537ad7c530c03361eb3e6165d1e065fb61f9580993a5bc7a4a64deaf7545
504	RemixResource504	2480	d1d3c95bac0d627ccd9f0645b7d17bc969d916686e981eb39b72e3e70210e0b1
505	RemixResource505	2400	ad5ef7101325a62b3f121163573bc2f2f213760d7b22a0b0562cc62cdff721dc
506	RemixResource506	3040	0368d60ba71c14b192bf435d3b8fabc43b892c65e3fb60fb954f9b855807de27
507	RemixResource507	1760	554faf19d190d8ba313f496d132849fcd4af8ad1de827b8e0a55e9d4037d3eaf
508	RemixResource508	2800	e009fb579dd6a336c0a1536b27747f0ef792272c8b32ad8607a8065d227fe601
509	RemixResource509	1088	aa5a82a4fc718bfe6549c2d5edc1ad120a006edacc3beff21256168e88db081d
510	RemixResource510	2032	d2f3fb08e76137cea4d516da55fbb3c53fe4e4c3d28a5b3079f262c010583876
511	RemixResource511	2032	dbbc40f8f95372d633e48b6cf33e6d59209c846e675cd84baf017edd6b50cc79
512	RemixResource512	2192	9f175c8e2cd6b8399da9d9d5a76ecc2a690d191b63bb97ff3b40d3c18d79a9f4
513	RemixResource513	848	5eb257e8468625eff45e9cf677c6169be10658ee47b668d65c308f44fda51f1a
514	RemixResource514	704	cb345f286726ea4231b734bfb91e5d88912d167ceb3ca120d84263363b854ced
515	RemixResource515	1200	893d5b88322d188a751b49d9d8f090d58cbea19bbd9cc8c73fb6f762cbe0ecae
516	RemixResource516	3264	bc21192bf51bad9ceb1e10ae08e838fafa4b0b815fef892105dc20d56a0968e9
517	RemixResource517	1248	7c7398fbd0075e237383dd9bbda3f17d996f777bda050894d03d59b83fc8c796
518	RemixResource518	848	1d765382de6aa200ac9551ec5f2d69db4b6a459a364cd99c34b303c7e617a3a5
519	RemixResource519	1440	3fc1c250927349d921e8d18f52eb7f81b5b9d78e3516954d3084d9b67653c521
520	RemixResource520	6224	f8f81c92738c24d3ec3c41a90b04cf0ed066b486165f0017d10205975606773c
521	RemixResource521	992	7d1ebfac1ccedd733627dc3f6ab3f75df49a46fffa865b20479efe964a5ea963
522	RemixResource522	2192	58fda2a4cdde3cabe1add3d2693729bc9ea5d29b48ba5f8b7af5eecfef0ba736
523	RemixResource523	1696	4c12150b92f29fce6e3e8ea1a5c02e9b1d37221d74a9d5536831ca5028dd6c6c
524	RemixResource524	2704	7f9f9c26c00f95ca1d6d4ebce85e80932d73a24ec60bce7cf1fd5c03039560c7
525	RemixResource525	2528	26a3e56acdbbba171982d073b2bb6796177fde3294d9705b8506ca4906bda26f
526	RemixResource526	2048	1645a419ea887b81f37627f2a1995b41fd4818c6277d3fbb806bec11ee8567c4
527	RemixResource527	2960	cc0a549dcfe4493e82612b4261a2e0835b44454e915f9f8cb8b848fadd61a5a0
528	RemixResource528	3184	1620ca0ccf5c2a157a0d011a7dbc3c4077d3a0d6f47464ab60d42265824119fd
529	RemixResource529	2176	4de97eb3ed7e366808a7de74c7116a9d39d84a0173b29b31c9f027adfbe0b828
530	RemixResource530	2752	9db0f6d67dbbdd5cd9239165f16229135a73405fa40482a20f5eb5126896ef02
531	RemixResource531	2432	7114503f0ee080857f52893fe816d30ee140ee4b9f7b707e407bb935ec810e3b
532	RemixResource532	1776	2ca4b94c63cf874f2d328c5009713c95602953c465c2367dbfd7b7e622c05344
533	RemixResource533	1920	60ed786e1a602c84d7eb370c641b09a8b833ed2a0287ac5e489683b9e12b2ce3
534	RemixResource534	2928	8ad382c215f4f56645f621d4e02709f00e2f20fad3ff826a574b6b3918250a51
535	RemixResource535	2704	53d93ec2b3d33a35c2d6520a7295330921356ec7a34f7f93b72c12ee6b71a88b
536	RemixResource536	2560	d8b8ec866b32b509383cb19c560cd8f6ef1d27360b95243a600eaa4b72ab6bd2
537	RemixResource537	2752	ac0f2696dd4c3c8e3f8236ac171713dc71df397a05a3fd8240fc878edff6fc0b
538	RemixResource538	3056	c50c95c97d140ada0f77e33f61a7bccba64c6895eed2990cec9999d0586a7a12
539	RemixResource539	656	f932cf0463d8778419efc0d8e6533baf8fef788dd4ec9caad720884f8ac92f48
540	RemixResource540	2144	66eea3f674c87ef1b1efb1a0dc3da85cf2aaf1eacf3e9016df3eedf2dc93780f
541	RemixResource541	736	786fe3fd7c41237bc328087438f55f8ffd2ab17a926900bfcc01383611c236c7
542	RemixResource542	1328	05f3d45bdd7ce3f1c5c4abdded1fbb501b23e64b1ca54a53aac173cb4e48ad1e
543	RemixResource543	1840	d6fc6caf35409edd38b25b9f93fc234327bbde73cde75375f49f8a264e125069
544	RemixResource544	2080	ca81ed3dce2b479b168c634145e20b8cdbb9d706ab3e8817d4c33f0581c8cb3a
545	RemixResource545	1664	bd53c92f9f60e3a97c1f4d7e7a9cfa64a441c28fbafe1ded6ffc9029756aa271
546	RemixResource546	1872	15eefdf7eafa47419fc6df83b4dba6e375fb39c62a179617efb09fc7d1b6f2f8
547	RemixResource547	2848	133f5bc3aca706d2a863a02a3bb7d1954008f9c596c6603c16825148efaae732
548	RemixResource548	4320	eb0a429cd4cb78b21454530bb96ad4ba1ebc4bcfc43d66978320dba18a1731b5
549	RemixResource549	2640	50bfa01899cb3f2fa01430ae27b75cf7868c7af75ac549a1385e75d253523b30
550	RemixResource550	2640	4bea071317ee41bc87621b1917f61451c6a3b8f10dda62696a2cc0e05cdf3a90
551	RemixResource551	2592	a63da946bdab1f4fbd22e25f5600ee9a91201ecfcbc33e9d98c0d11f9e2154a4
552	RemixResource552	2224	09a0cd6f6f6b75058a663f83c1fa811e6502a1bceba673464731d43a4a44feb4
553	RemixResource553	4544	ed0b1313338cd81718112a246134fd1f01997a72805ff9193428882c35688780
554	RemixResource554	3408	300932c969a5be18a33e59a0863ecc122a555c070253bab2745db2f69cf5c058
555	RemixResource555	2384	4b2e1c46fa25f599c72d42ab1e103194eb9fb275cc454203c0babc071cda9b3d
556	RemixResource556	2064	8765a97467287b05fda1915bce2db3b80327a9ff83eba19c29cdbed39a82b85a
557	RemixResource557	768	fcec14ebc24d0437c518ce6a6279275706bc132e14fc23c94860789b04c50b4c
558	RemixResource558	1712	46808213ef5d8e259dec7092e3395812a98150f64ca2a7e5272b59f17e173bab
559	RemixResource559	4368	f0b1ec5d547adff957297ace0d883fe1ea31bcffbc75f18f3ce79746525f7e6b
560	RemixResource560	3040	3a5f644445c10f23ee201e3cd8a84e4e46b97ce64a10a2635372a31e898d27c6
561	RemixResource561	2176	564e34d960f46a43283dfe252b84e755bd674b6848d4ec5fd7fd6c7e2a1d3642
562	RemixResource562	896	3709c7bc06e6f516fe904573cfe3356f8876174cf2a298a2b3cf1b05ea74cdae
563	RemixResource563	2672	bab2fa900785edc00dddf961bbe855007fc25f4b75a42322b8b88e2d3cb43bcd
564	RemixResource564	3424	a15290851cd91b28f434e976b2eee25cb02516b35196c6e905ec0ca9ad679767
565	RemixResource565	816	f9d25a5e9cf7adc3e6068764be0fa8fbda6ea2b771c9c9af1aedb3bc4fdba66a
566	RemixResource566	2080	83fdf3d1fd70b1316622757e13d44b733da5fb13139f32582d379257fca03f71
567	RemixResource567	1120	d8190c99a281630a7a4cd44fa76838f2c1c862043782a097629f47e97fa5a56d
568	RemixResource568	1232	aab3a3fc8e4f944d7999a3f32c9893791506d62341f15c74f116d059efbe411f
569	RemixResource569	1360	65b251c105f7e57da875ef75415a0bf2417c5d97dd8ffff866d2e4f8181750fc
570	RemixResource570	1312	41797a874ac9aa663c40d131dfb9e9ec82e1eaee22f5c337d2de0438b0881dbb
571	RemixResource571	2224	82ffa7923a1b790312e807a6c4b8fcade8440fa0c9ac9e9ebf03157d6068f518
572	RemixResource572	1008	2f1b25dd9dda52c017f8c8adbf1a47c4672a447df3321400b1c363769d4b25e5
573	RemixResource573	1488	d17b3be245ff343897f853de53056652c5a532500bf5d0fcfb42bab182ff24f7
574	RemixResource574	1632	fb9a134bc38154e83ebb9cedf6aeb0dd73c45e6c0001eace7f9bb68a9704b3d7
575	RemixResource575	1232	31ace43ebf47172a22b4cc1ba5a2c027acebb6a923156c004a360b8c9ada435f
576	RemixResource576	1584	e6ff0d841d39406b76bcfa5bb052d63b469c71b83b6b481690d50d0aaaec378b
577	RemixResource577	1776	dc35c1aaf7ea8b821a5249e4d4375f34e50a0ceace9c397aeb6e8e0a4c75835c
578	RemixResource578	1312	32911dffbd43db2f6d8c03464a1c990f46962ff55fb291cef5dc0b983ce2e089
579	RemixResource579	1552	90419a71846cf3214c2c2540407c18d216c541304826cf3cbc7b8e5d449d7964
580	RemixResource580	1424	5489ba40462046b6060e3f1aad255519bb0633fa6392758c5c8424f1800e46fd
581	RemixResource581	3648	63c65f2a05746bff2914d5ad8a36bd81e75045060bc4f1af82fb26124f20dc21
582	RemixResource582	1296	339214451a2a396b2db88b36694c82171c50ec91f9a9d57e202b4579a213d10e
583	RemixResource583	2528	96215c2487e949757a2fef6548dd92bd06a38f9ac6c4b4e90b29d551d1d17fc9
584	RemixResource584	992	5e1ab8d5c7d4ea8169beb3c31e6d5a688943be7987b64e74550b707b2d80e96d
585	RemixResource585	1952	449e4e7ff03b6a66159383e2d467179d7e9b08eb4b46e72c76a785ae21286ea2
586	RemixResource586	1312	592cecf3140bb49f1df246a779974e8b14d7d1a8d9e0ce025e04473698f42f9c
587	RemixResource587	3056	00ff9ca509d2f8dcce67bb053a75f3217d48122741a38cfd6b95fd03a9e16e03
588	RemixResource588	1328	3998a90a5feda91f52cda5c7ad8716622d4c000407f692b1d45d3558ff6e1cf4
589	RemixResource589	2608	ad70a55b4f572c6157230ca3693e62315661e86ee8ef35a8dca48d39c0bc16f6
590	RemixResource590	3072	187091644f32ce56adf9d7b74235876b469997e6971d8710b3b5938f9be96853
591	RemixResource591	2480	6c91a792be8bca91d6a57f902279d07519da3aea34150e79fb65d2067f3eba5a
592	RemixResource592	3472	15a87e9abbde3bc670356a7658d1b82bd0b660c0c4ed826806bb58189a57e1ca
593	RemixResource593	2304	2a076ea2a16c3d12910589b419f8d27409b60b818a5e90a98ad93a380684954f
594	RemixResource594	2816	5366f88579e757743f376e02501963d8fd9435e65248f734d06012dcfbb19d64
595	RemixResource595	2528	2181848482484d9667c490c1758dbf331a890e569f1e42c920aa1c3d99c484ff
596	RemixResource596	2256	217c61369a113dde922a4745c301f0f150408b9a268739933ec0b99b5f609006
597	RemixResource597	3504	887ec513eb872b5f574d342b3985a08cdc50543e6b2d73f337e5d453ae0d5ba5
598	RemixResource598	3072	65d4909ba891edd67dbc67b104f1e2d961aa4c2bc8a6ef659694f018873b7981
599	RemixResource599	3088	3a6415be13fbaf251a30e64693e772f3d3849d0ad9d65f9099ba1bf299b69a16
600	RemixResource600	4208	c5691caf4149c019f39d73d4c6c9269396f4c5aaa50bb931e14a0cd2924d18f2
601	RemixResource601	5712	2ad0b62969082253b09e1121ff97554eed0f531386163de51ec8a98cec9996de
602	RemixResource602	2832	c4a784dcb6a2c1929dc50bf9af2db1e39aef45383f3010b2af0079fb72049aa1
603	RemixResource603	1744	a3220755584c0188bcd6db7b84550fd7a48736a71e83d7f2e137f2232a79d7dd
604	RemixResource604	2048	cb46bbbd4a2208e88c1396c6c5e5a338dcf34c84020d8b3e0db0b750f5888363
605	RemixResource605	3264	634315ea487acb7cb5d7abfb8fe43699a72f1106ef0132abde388b5ce0ff3491
606	RemixResource606	2080	33fc29fb38203522305f558356af643d587e12702f5774f77fa592d1383408e5
607	RemixResource607	2432	6661dc31e6c0da7bcd51de3c96c5f0e5a7e2cd405f34a3356203a2411e0f2b1b
608	RemixResource608	2992	5849f8afa0bbcbacdee62780f3ddb41f5bf5574d7f5d9d6c835ea0f55fb88aae
609	RemixResource609	2816	c4af11dc4f09792e5ea8c2763996480212bfc10a193a9b18f6c3f0d271e143a7
610	RemixResource610	3552	2e87f489e7e12c61e4e17298cf8243cb9fddc72a341615507bf800cf3fb5d77b
611	RemixResource611	3504	6be54a75fc74df9b3efe21d52416892031c7cd9e4ab33b67695f4f9588580c62
612	RemixResource612	3568	1534e3d9eaa66d70b293bf66de9f20e53311ecd69a71d2716226af3ce6fd3044
613	RemixResource613	2800	1b42378ed0565f637b1dc48cf1fda0a3e08776f14fee341b876976f347f693d0
614	RemixResource614	3840	2527547dd83b83d9f99ac6d2f7df980c7e639e0857dcdf192f116d289b26234a
615	RemixResource615	3264	9723332c27c0d2ca7599aea779bacccac2c4752fdd9fd568f797bf72d3cae990
616	RemixResource616	3248	6b6c29948aef8eed5a0a21220c52126521a310eeefe6b201638f0042c3deb7a6
617	RemixResource617	3312	3135e51432af6d82b95a81f69676609919fd11143d23e17c0fd880c545750f53
618	RemixResource618	3232	3c653e95875677147979ae4054e92bd8d73b8e3e6c92911d6a9618ff2d28ff3d
619	RemixResource619	3232	ea47d6f3113572678468186c53ec55529e68f3cc44af85d30034ddd05a1c9b7c
620	RemixResource620	2512	d826aee3cccf84d2127f0753def7eb03c791fb9eb3c03a70fc9e96c9c325dc86
621	RemixResource621	3776	a4ed39e7a2908e5104ecf0adcd9e37a0e531bca50849f82c0a9980a3bf4efc38
622	RemixResource622	2368	306b55c27e08eeb5cb8eaefbd7a40dae4ecad7ebee7afe1e8f12ef254f2bbb0e
623	RemixResource623	3936	09472aef233cad5743c167e5045975c5ccc21669e54f00958c5ff1ced5412a18
624	RemixResource624	3904	45d8e7f6aeb1ba1f9cbeefa3e57208d81e011a39644a2130e561a857c5c84f24
625	RemixResource625	3024	d5782750e3cabc3dbd95be78c245acdbb0324e0181275b6d5627b77fedd56b70
626	RemixResource626	3472	2c089fe890a5785a5f4f59b2ad787bda53f451d7f60f105b775e9a674df1e36f
627	RemixResource627	1712	a731c5588a1b2c2a7730c538349b069c76ad5d17fd6ec5aa14f37218081986ae
628	RemixResource628	1936	7254b6c86d7fbf3ff09a28a2bee522f691a626dc49ba1832f52c801ee69a7f75
629	RemixResource629	3536	1ad80eae50c70b35e0d5d9cca4f3c063cd37a59248fad5422fffbe43714fd50b
630	RemixResource630	1216	98a215154581a315d62bbbe8a545d28968702a33e900eca1322268fd759b113c
631	RemixResource631	1472	806ea49e4cea2c865ffa9ff4a8ec225f88509a01d0ebe350cd12c2b38da71d62
632	RemixResource632	2288	c5031741d3e9e97c7118ef310c3354ecec6b8ec48f5b6767259c1ebf1589b135
633	RemixResource633	4736	73972a186b2854b8b615ca7d7c4fd8f1133b8558158edbcac2a145a6221936c3
634	RemixResource634	4416	951e73ddbdd5401c64e54b7481249941dd7542dba180bbe2985c105b50202444
635	RemixResource635	2288	7185d0e5d49f7c8081efff7d84cfc975cf2d8ca4f4a75049452aac90e4920d0c
636	RemixResource636	2672	13fecd5e9d652e7e6c3e61ae098e8336fc2b38303cf4bc17bf4e47ba77d2c574
637	RemixResource637	3792	cd346fa172ae54dde2912fb6439ee76276173ccc15b6bb015c53dbb282446f3c
638	RemixResource638	5248	05bd7fa3447d3c8662df1d91d5ee5e463c5531d81f46d5d0518614a255ab4441
639	RemixResource639	4368	619b31776aff24fcc9942c54ea58a70ed14bc7991d6c1cabfdf6445974b0ce41
640	RemixResource640	432	541a9f5f4894c03e406ca4eaea1a848dd346e51e2b4319a513e26bf2d1e13a5e
641	RemixResource641	2416	3fc0347c164a604c320041d1f46690ef2b103b3079605ad9b42035069aa38aac
642	RemixResource642	2336	02529ab1223021736a7b9bb5e9efa624cfce1dd5326a44ac21212c6d4679efdf
643	RemixResource643	1552	fd70b0b501a41ddb1a63fb6908239caa079810999a55f385216427cdfc7fce87
644	RemixResource644	2064	d291ffa8501840ab0de874ed7767d1ce6634ba8bdeb7f3992385b52a48b7b1b7
645	RemixResource645	1808	aec4bc6d89331a6470e8ebd114e0c4ec6367a591cbed1b9c7cfbf316d77b0eaa
646	RemixResource646	784	b3983704d3c7dc37a0c8f0a31c3e84b720a5940f95f332814fd310dd7c8106f1
647	RemixResource647	2448	ee933f5572183e2f784f2de7c723ae99a6fefd827f85af1352c6e09401daea86
648	RemixResource648	2304	0a5a2201fd4696e837bdecc36c82ccb205c4adaa9e90934191e98f2491d58c63
649	RemixResource649	1952	03979ccc07055f95b1c9c1ce75a156cab1891ab865738c298aefc8b2b1c0dcbb
650	RemixResource650	1440	793863e93f42c8fbb3176b590be2b4d8d9150059c23e26cdc4267e875b8db591
651	RemixResource651	2480	b6fbf7891ea62eb92c2583b9ae24486434e122bdf07fa3243fed85c603b04644
652	RemixResource652	2192	e720d92c976246c31d3a327db3ecd9de85ce8074d4c971bf313b9961f917db64
653	RemixResource653	2448	b26bc5ba0ddc973949abab938d2cb4384174822d391a7dc29fbf1f26759a4a17
654	RemixResource654	2352	9be8d8a5199531be9b695d9fbc67c738fb3a26a1c919e017821e1ea9c9596e71
655	RemixResource655	2048	1991fadea599366ac9b978359f30bd5df4af212c4e0f391975f70b7fcc59dc8c
656	RemixResource656	928	7d9b9eac02c732b262d8d68a974885ddb947042f5e01fa4d6d87c6e621878ede
657	RemixResource657	864	bc21e8e1a84b6e3d60472216258583cea30d969b62fd3baf6255729a115c6969
658	RemixResource658	1344	df315c506925296a3d4ca13d53c47fe26a2960a3a595c816d2c807430bcf8ef9
659	RemixResource659	880	7a67dc9b6fcb80ad7f2e15762c99ff21edade6a58b4bdbba784d00f761f72516
660	RemixResource660	1296	667afc6e42c32935efcd3616be62977a1b24a24790729855254999a4f8f46315
661	RemixResource661	1296	5a2641dce488f1d90648f9b6ffb27936a5db6ffdecb63ca37a09d21207004bc1
662	RemixResource662	2112	2a55837cf21afa135bb447b0d69899906cdcf265386ad2552639a5312fc1bc05
663	RemixResource663	2128	b56497390704e4a9122df980d932b4c8ebdc1c8361b848205b820d29f499a724
664	RemixResource664	1536	03b3410dd8b65c23d6fe75f75f16b1cfceb32bdbb25c7ee8155627f9c48421d6
665	RemixResource665	2080	41d469069d6dba9cf08c7b9178deddba2ffe89a35cf39b713035bd4daabf3f77
666	RemixResource666	2032	079bedfa4becb7821257d578536fb32d610747c537a13aa140e1dbd5a74f014c
667	RemixResource667	2880	71d4b2c1116f8ad4d43923e9dab9e1eba6f657cfc533f6ad1cc287765ac588b3
668	RemixResource668	3104	87394994ab56e12cd1a2245c93d216cae5e5963eb9463ba12fc5b940680aa3c7
669	RemixResource669	2048	111b5c9ff047766898b6731006d4c768062909bcf2cedebde3a0dbfe8d96183d
670	RemixResource670	2592	3e7e6c673b9d75081e6b46d2d6d315f25065ea03135b2b5913d5c410b3457f00
671	RemixResource671	2688	1c8566c830b17b01a15e28c52a7b32f2252ee4ab558c5d87ba4766b95e4bfe44
672	RemixResource672	1936	3c2fad0a991c6f349571d8020a51a10e648774736132205317fe0b3e4d554685
673	RemixResource673	2832	646b25136d18167bcbfcec5784709f9534d488a25b5d1f540a7734eec77c0f50
674	RemixResource674	2880	6373e3d8dff0e5a662ac5fef679373d763225424582e97ccc0246b8aafd3af0c
675	RemixResource675	1808	37d8f33d27459cf9e9e9a63e561d2acb980ec05133fcd91002f3911c58171fe1
676	RemixResource676	2448	c35b4431af8a3e33dd9e6c46866e9b3577d8afc4f28f46ab3ba07532be2d08c3
677	RemixResource677	2416	3c043ba3492d01aabec6f9755c84c76d14dedeca274459c189968e6df0e64264
678	RemixResource678	2432	650f810c1c43df5efd9b0135a287a87f373420f7d7563248fc8258660fa64acd
679	RemixResource679	2544	933b7630d1e02b130bd280cefc938200fb0bb0b18ab64e43e29636f726399142
680	RemixResource680	3024	98aa19ea520d9b370f240b6de8653110adeac4369d58c259bcf4e8cdb9098714
681	RemixResource681	3632	12d437c54abf9083cf90eb94a510dbac0b48f3a9484f340ac8e4d278dd617790
682	RemixResource682	864	7b97b4aa810342ea2bfad4ebc28e215e63393625538d34f957a6f8c0a99757d3
683	RemixResource683	1568	67379eb93be4c82f1e43ff48c35ecb9ce395285b7cbe4719172206652554b9cc
684	RemixResource684	784	0dc427aaaff0dcbb9c6743fca758bcca5f2f0f3b4a2b96cdeee9b2db158b1b86
685	RemixResource685	1360	2287c7e7c7498bf1db6416e8c395286f45b989473eb77801ba212216f61350f0
686	RemixResource686	2048	5fc6872275b12e26b154fff5240fdea862411baa7718516aa2fbf3db3442a3bc
687	RemixResource687	2240	ce08247de29b44bd696e5d141d7bde4f1647bbd7ab58db53b2197499d9bfa538
688	RemixResource688	2160	9fa04d82689a9aee42cb98126cf23a407417681f9dfd1bad48c1c9c14ee77008
689	RemixResource689	2224	9b1cb96f9d7952aec633c335891bcfa17b2afdceb3c7f0a40fc0c1ce957d7a74
690	RemixResource690	3120	603aa030910811ef408bad320a2a8ec66165ddb5a92673fb1732b337b248db8c
691	RemixResource691	3296	adcd83bf2176abbf7e1009ed910591b651f86b336abe16ed83170d2c2b667131
692	RemixResource692	2848	3bee1c736f5f6d306e4491351f3183bc319a1bfd68156bc899c6f7defc4e5890
693	RemixResource693	3008	785dc487921a337a787917d7f2780ea81fa2a7454ffafa1eacec16686255be56
694	RemixResource694	2832	5a7b8805596ef55577c1666ae7705ebfbaf8aa5c8de0336f00e3270b698a46e3
695	RemixResource695	2912	4f3791181dee94d99b143078100020f798ab09be7fbc01ec3c7b16422c355e5f
696	RemixResource696	3680	ada78cdd0172ee88db6919a13de25bb7eda8ccbce63b1cca3c4fcd876d723cbc
697	RemixResource697	4176	c88260b5868758b234cdf0e377f5d0c05aef954908a658f3ce776ccb75261c65
698	RemixResource698	3088	50f8b995b60319a810e29f172eeca14aa5641858413706aa147b873cd9c8315a
699	RemixResource699	1696	7da916fa043b050e2b0e0a036df5cee2e7a101ac6302d0183c7a583f6ad294b5
700	RemixResource700	912	3ab96d005ac51969980e748d39c30e6b75fde052e54c299f28002c4f3b536ebe
701	RemixResource701	1776	8e87f3734d2636d347a6c13a35e711c155635ab6d8dd1ac2fd3a05e852476777
702	RemixResource702	4064	f628ebe94850b312174d9930a01ed57e40f659411afae6145462aae62477e1d4
703	RemixResource703	3808	4248e3f83e1b11a9b0f88045079df4a293f38027f856992b7e675696487f8a32
704	RemixResource704	2064	953d7c95c209d4e8f40b5ef6286c24fa1aada45bcc193a298478b3ed5cb8194f
705	RemixResource705	768	dbc6649296a7fdf5b674f71d003f14efa3ca91ee3ab8db4b7acf119bc4c6c41c
706	RemixResource706	3584	ce0f169c6cae14987dd77827040ef17f260affa18009f5c7ec04d041fd885f0d
707	RemixResource707	3680	916d9eb606533499bf95d89ef1380b3f346e929d92d57d3a73b26ec7932dc4bf
708	RemixResource708	944	6c8b40fe0ca9d1390d597bb0b9d9143bd17b73c517fe3da59a5421fbd91b2130
709	RemixResource709	2176	cc1bbf1d9149bb566bc11cf5eb27784262c727b4fb4a9f4a21ce17ef8641c570
710	RemixResource710	1248	be79be85a246b1720ba809e509e99457b65077ca1ac8f258ee1b072777149213
711	RemixResource711	1792	c104c9ae58651f7565f8dd2f686d592f2ca70237e999810d6781f9167036f73c
712	RemixResource712	752	0142044adc865793c31aeb79080e3ae355a20a0cf801363832d3c580651f4a13
713	RemixResource713	864	f5bdd8a2adb0f0745ecd5ac5b6870928c75ab3e6ea3002c2a7dfa8957ac2ead5
714	RemixResource714	1296	60b512dda9d0877e54a68aa31df27cc78083674da948425b6e5c96bb176c0752
715	RemixResource715	1664	d2262ae3272a83bf046fe7e52a030be220ec1bd01898c0c9e91f62d411223a09
716	RemixResource716	2576	772f44720f5b186d43f1958f3f5570480570ad542475b5febb568f11c6dc7754
717	RemixResource717	1008	3f90dea282fd6931ecc1c4ad4055028e7042756f320d4957a8f4cd0af61ac695
718	RemixResource718	912	d39747d5ad5f8eaf2fddc33d7cc8ccc2bb16dd1445f143a0b283604021fa3516
719	RemixResource719	2400	3598eab48f0444b6002edadf0041d450c80d10db09aa5db4a07194439c2218b7
720	RemixResource720	944	1bbc3e1075778c9556fdd5754bf057b4d5f8c944810cdefec2d976e715b400f5
721	RemixResource721	2128	ac2fb4477f50764d203e2a7075c401d74c9b11950e0be22fcf5d3bc6050f2a74
722	RemixResource722	2384	0b9ee9f1cc85305d0b693617219cb4c72eae372e3452914f7bdec66438e80947
723	RemixResource723	2368	5e6476f15b464bfa1070b4c94c2862e3d9c6f4550c0ccb7dd82199b9cdcf321c
724	RemixResource724	1200	388132dd3e6838e0ad22d3cc923cc7eb2af0bd1187c7a24ef24f4d3bc98dbf73
725	RemixResource725	976	c61883f8b712f9bbcdae96823f1fe9a5d39d19651d823015aead65ad345b5cc4
726	RemixResource726	4560	6f7a45888faef3f53a9aec53e594a9ce2660fad1dcc959deeb33253a955a08e2
727	RemixResource727	2240	2156f78bd96637ae494f75ba03fc50017adaef7392b4fee0ff5e7706c779b088
728	RemixResource728	3296	aafa3042d064ef95382e71d4635a55e40b684b06850d198895de27124476b2a7
729	RemixResource729	880	577af82fc8596f9d1378830483633adacbed6fd85dbef82e297556eca625098c
730	RemixResource730	3936	408002c170af01392eba9fc0fe70a91020d609d772e2d77cef8817365b7c48e8
731	RemixResource731	2448	47ef827973d9c76f7f0cb3cf704564578645592b375746cdb9184065acd4f807
732	RemixResource732	3008	79e73306d98afc90976aadf52f3db103accacbe08e0e84a196ad38994c2d4226
733	RemixResource733	1504	ee728b22c0389b1b74204465f863a77863eff601c4248d1a5cbe26dfaaf1ecc8
734	RemixResource734	3104	a51976011b3be0b654980d3e17c7f65c3b268eb0ced7e34f6bd1655148bf85a6
735	RemixResource735	2416	248ddeea36b22d3f29f5dacae441950d3206d6ab711d0d33138dc5854793645f
736	RemixResource736	1744	1760e7df00da49c1e24e8f3ad968d8c5068d0548f34b7641029cdae6940fe04b
737	RemixResource737	2576	48bc0e70cd28805f9b526e63c25f9c4c42ca25051931afc888f7fd8fa6436f0e
738	RemixResource738	1824	a2b2f202c7fd87c5640328b68c9d95c234e1b7c3b7f4835849f521e81847d2c4
739	RemixResource739	2368	0cea761647ab9154029c72ec9ef3581733e5409b3f186bdbec8671cdef81de75
740	RemixResource740	2640	7f97868e2565b006d2c682a6f92a7adeb39ca4e572a35c0401686d07df71dbc4
741	RemixResource741	2400	6614004002b2a977c4deb7ac203d054a0e7a72a9a4262ff2c5d672d493e662c2
742	RemixResource742	2752	9672d56425d062f8ec7f5f031156c8d086cc45d5a411429acc79709c127ab587
743	RemixResource743	2448	1d87afc0c7dc1454517e102be39eab3ef6427eba74634acbc85b7bbc5a5043c3
744	RemixResource744	2656	e4099317b7733f785bc8b523c06c93e7410be59283d3ea8e31ac215fc096ac16
745	RemixResource745	2928	b3f95eaf25b065e8d4e520efc66524f1ef58c3b57e80354818a0bbc1e1e770dd
746	RemixResource746	3888	dde9db88895645a004694ae9c8d5e4cd273962e39d1733dfde7920d05fd4abfb
747	RemixResource747	2464	1d19f34b054d83cb85238152017b9e6bf73482583b3993ca1aeec4a4a25aeff3
748	RemixResource748	1360	4d436944894a94f0d02649e49b2841f3908617bef15a91034d16fa481aadea4e
749	RemixResource749	1472	3923720d42913cf6bab34c7e73b10eddadb0ebea71ab82381a9e8f8b30f6a936
750	RemixResource750	2912	29a6a7cd61ce1818ffec7ddfb17321379c800b0e7bed65542c3617608c845e49
751	RemixResource751	2320	16cdd38621fff22cafa0a8486821841352e3db04a3d0274ad6c77edb7d3009f0
752	RemixResource752	2208	ea7d5af335c8c96a86cd24c3f5681e3d86c3e359e1158d9c73900769d0ebfa0e
753	RemixResource753	912	950e82218ef4d591f693f618cfdced113f757cf51c7f679157a454808be31ed7
754	RemixResource754	4896	69247ead780bd7e795ef79f34c69f10b7b40881e2dcdb2627566c33f6fa75fa1
755	RemixResource755	944	55af2463022bf9ec7eb98f3c91b0c78ba49e3feedeab5a91f7ed76a7f6624b5d
756	RemixResource756	3648	46e7ce3a62720e321afbc9b112ab67f2f6bfdfa2fd3e28faed8ca7fb45ac869e
757	RemixResource757	3504	d86317f83411ccf2d066962a01a89d070dcfdd2dfab5e84cc897440d73e183cc
758	RemixResource758	3456	bea5abe53a8d62f830e7721191005db0d5c1d62f8c2baa3218030c32a89061e1
759	RemixResource759	3472	0282dee6d6be606d4f9dae0e0ecb197c617faefb895990dfa38a54f3a644d22e
760	RemixResource760	3504	50fb04d41fb3e813a2edcb3f278844ec5d94e611365f95d3f9116f24cca8b8c4
761	RemixResource761	3472	87c7b48964520bbc7588c431f7ea370489213c902bb79b29137b024193e86ce0
762	RemixResource762	2912	30012eea4674e7aee4d7d556632aacbf9a9ecbda8f216248961d047b4f80ee9a
763	RemixResource763	3152	3454dca92017212e64aa7bd5075b53d344474817dcf89811d6781b75dc9250d3
764	RemixResource764	4272	d0298cf9c8af2e54afa17b4378a5f7806336be7eef9e20e555a48c9d358875df
765	RemixResource765	3632	9c67030c06c94857f9f8c0daf611bb31691a8dd60fb2720a7cd3c12470ce9e1d
766	RemixResource766	3952	b2883f725a2899fb0be65d29c1fa8cd2cef3219e0bd248ca330c9a622863a2d0
767	RemixResource767	2976	f153af9ed22fb78a4eefc9557cb1a920c309a68b3ae5e564efd34dea8203bf6d
768	RemixResource768	3136	3564f4f02029da614f2e7045aafcd5aa97defa10ae7dcbb2d3e2812593c459f6
769	RemixResource769	3568	9ecd4c0c12dcd1733ebf010a0c8a02a5d56e5e25ba395800617632eb0308cce0
770	RemixResource770	3280	83a6d980073057d3ec2ad8e8ea5c0e352326321dbfecfd2323422a3a5a631e0a
771	RemixResource771	2352	3754c201254c58746e7d25b9cf89cf767451cb7d6b8b04f83776797d5800510a
772	RemixResource772	2384	253cf5475f7721465b77efdfc7a6dbaa64f2f533daab1b5ee922035e8305584a
773	RemixResource773	1920	f8ff78159710d1f74e356c20701d0c5d89c012eb5ba0c94d6d6d265d0a116650
774	RemixResource774	2368	570c3439ce35d97afcf3815f074ce3e627604a9778eb85283ea727a554a99323
775	RemixResource775	2000	65e577dff6384d0eb583f15da540ae10381dcabe9aa8ec481ecfd9c709075a91
776	RemixResource776	1696	f24aff2e4a008eea488a99ac7a668236210941ea128bb129a36784ef46f5c11a
777	RemixResource777	4320	d31e4513df07432d0a057a625d0f121a9dbdabd2136efb5da3c50745cc37ed47
778	RemixResource778	4320	61de40e92c56dc852b4f384aaad0075e893829d57acc731acdbb6701764c5217
779	RemixResource779	3488	51e6a7b659a76efa29c91989c1017ab795775e329e2c1899d2fdbc30b0175be1
780	RemixResource780	3024	aaa6a090b01e057d02f93a5973a20f9c3eb5464ce1e06a52aa5e72713e8820f3
781	RemixResource781	1168	6c62f592d7938b300899df05f102aadff3f71861170b6eda1994bede9058ab17
782	RemixResource782	976	9dbb4c7a93ffdc6c803540f73287705960319d383180381513d6ac23ba8fff0b
783	RemixResource783	960	9eb1f55b500b3a966380dac299197ea2a4efbd2ff7e88d19fcb8237decb06985
784	RemixResource784	2736	209cc714e8dcff44b2bdc6e3a73e9a8a539c3028177abed2d3cb392a11fa49e8
785	RemixResource785	1344	6382a6841a79b91efc1d7f6647a6ae6cb910cc93c175bea0d2790987135798ca
786	RemixResource786	912	f311a6b95b4b8c5419ca15beac3dfcaf3eeb64898612194bd6ab918c0bec5061
787	RemixResource787	896	dc891636747a6ba30644ffb5428500c8609d133195e5209e771c5a54e00ed73b
788	RemixResource788	1168	e971cf6d97082aa039b731d3cb71844346c62ab89baf313d504941187e8eebe4
789	RemixResource789	2720	1b8b14fad6830868ed996372edddd5bc0d2fd80414da2212d69439bd8952ee10
790	RemixResource790	832	75dc21709cd442d2734f3532094af7f8877ab9cf2ec034e0f60ec2264b54ec09
791	RemixResource791	688	6f3a930d107229136e1306b457415dda2d3cb3e7d9e25c9fecdb403f304e464a
792	RemixResource792	1088	a8cb30508eefbd18a87d38fc493e782c2026868510aa33884bb50f7408a71ea5
793	RemixResource793	1232	a6999a867c75f14fcb081ecb26c58cd55facade34f15ebecffed9626a4633da7
794	RemixResource794	896	54b5385ba7ecf9815b0c321b486449f9a366f7df22f612bb2913726dc91a0bb0
795	RemixResource795	592	e71732309a2bb47e6100a54b40df85f8531c9054a34c7f062b5f972df62b973b
796	RemixResource796	992	9a8a1315acf3877cf632a7691feb6ca6b15b25ec6bb0b6acb580786329ae6b91
797	RemixResource797	1072	106225a5b3aed8ab7781df5e66dc946833a274c0fd9578409415f831ecd9ceca
798	RemixResource798	496	297b29229c438cfc7607d24642af3f9fe4afe62ee1223e7755103c90813fb124
799	RemixResource799	3264	c43d9062df32a2591f6c5386470cbc4ee48faee7b7dbc5185cd91332f77cef5f
800	RemixResource800	10752	e4daea6c071c44a070e18e5c6f2ee37a4c598492c079093207014e988aa23c96
801	RemixResource801	1936	03084c714b773b9f03f5bc9a73b0b7a6a94adf7d53ca0e73274c31f95295b63f
802	RemixResource802	1680	eb20c66660261a19e97093f1dc8a28fdce46c65e1fd816024584a48a0ea4eb58
803	RemixResource803	1920	2daad3109593bbbed79ca5bdc10b32a07cae182f6b90864bbfbd242a2fae3715
804	RemixResource804	800	557ac10d68ba4e812305b966d2f7f0f7edc2cd0907b1299e0c9d58476129d50a
805	RemixResource805	2816	05fbbd8cea59caaac9fd128d89e0b2c9680ced44d25e506ff8fafc332b53824e
806	RemixResource806	2304	27d32608279c572a4238cd98f08b77e8bd898bc4d392f63de338c28801f4f0af
807	RemixResource807	2112	be4665d1bd779d297306bb843e487815ef1d05dc35b29afb5249a095b17be109
808	RemixResource808	1232	7914987a7257c6842922e165c2af3a60462d70718d0bc9c83371b89e32f2e6cd
809	RemixResource809	2896	d3045e81268de2422cfb0238e7ecdc79fffdb0bdf76b2d18e90193fcaade83c9
810	RemixResource810	1584	cebaa23055973e5292a0d49da2e751fe720957717f962bf8a3b1add514058352
811	RemixResource811	2016	045674ca5a9a86cffaa5d5998f736ee2c012698a32f1eb397995258d873e4fe2
812	RemixResource812	2032	c6b8e64bf445a70d111169cbc167e4676029945fd0b27d2a646723ada406734c
813	RemixResource813	1568	e15c1cd82bfa5460cc7a77d67ddf943e2f5bbdf5e7151fe679df2b849f9405c2
814	RemixResource814	720	f1208a4769cdaa1dd59b0f4820ff873b56cdad1deefbb6e29f6c4b22b84ff73f
815	RemixResource815	720	64937962011cf1f1bcdca8ada13d746b098894bf3115b7a505c997a95b16b929
816	RemixResource816	768	941e2cf4587cd85fc70ea1a39a6341f2229db6bc8ee7ee3431c4c14a2f26a5ae
817	RemixResource817	3200	88cbb0da11100678d66c909f1847d9482ecb1e84e8b9583f2acdafd7fd651f87
818	RemixResource818	864	138b61ae442de71db0e99f928c30411c9d1142872e3512a15df2d483450c90e8
819	RemixResource819	1120	30e6c629b4c91cc64fd95297ec6d85e82efa05761d11555f72af1dd836b2a4a5
820	RemixResource820	1680	9a8845507b7438f943ac5789f1bf257e65ada0e8beb285323ab378ff5224c924
821	RemixResource821	2768	f072a14208c86853a969d5614a0cd71e3444b410046e0160a1619663d220c5cb
822	RemixResource822	944	a9d6a703158cecaab3d40c38476740cd699faf310fca77429503c3542eb354de
823	RemixResource823	3488	d8379350b40b2c071cb398d8904749fbd2fc5e6507aff6573e435f79ffab7ffe
824	RemixResource824	1856	ecfacd71047d84fe0c20bb28936f81888b2e2d3662caeadec2f059ae73601d26
825	RemixResource825	2112	56309b7192dd29657ff3678e485e51ff7f53572820c384fa9a6244f44fc395cb
826	RemixResource826	2448	b9c316a27f03a971e58010925b72cdb850fa191406153e60bec20940dfaee8c7
827	RemixResource827	1664	ea4e6af1552e6d067a3105143c6e9281603f558566b8526cb7332417fddba76d
828	RemixResource828	2128	230bee951136990cd3fb05bd9aa9c84abf9336b92eca347f7e1370fa5c68cf94
829	RemixResource829	2384	fd0c65f29b0cdfb134bce67804bbfc7d7236b2635ae4595d3815c44246a7b6e6
830	RemixResource830	1392	34d060207b54deb590adb2d17f66edb3628f79fa870046885b46cc0ec1111367
831	RemixResource831	2368	568f0ac53d3f441240251911cf09c52114eb5f6495c8bc61febd767cdfd6464a
832	RemixResource832	2272	b65617be0ea35ffe0a0973251c2bc9306c37584889f36e9ee0cb7004d6cf21ce
833	RemixResource833	1648	3401a9e56922dc85ed7092e71221600992c32b2e029045b14f1029bbad9dd5e5
834	RemixResource834	1520	04ba56dfb03b21b2f87c035a43478c7f56e6c7bb4ddff112c0242a1f0b54f22e
835	RemixResource835	1744	53ce0d97c644ee109c358f866d4db3ac497d788cdc77bdfca37c4f43c6f1edc7
836	RemixResource836	1760	e4f2e7cd95341f0565a3106bbce50e2e3fc5faa5561949ef2fdbe0cc551b37fe
837	RemixResource837	2112	e31955691ea4e41a408650b5b357566e894bd1369cd01a512d5417ede13e6672
838	RemixResource838	1936	b6042726108a4e383aab5d0bf31db441ba0d9225599ad7ff67ca430415b3965b
839	RemixResource839	2000	b515c1c19b1f59c342767f86265ac1ab3f8c427f8d06a6a611b7481c6927f67f
840	RemixResource840	672	b388ebfe722299129ce42ca6b197f78d3489f556af1ea27dfc6b5fcf51b1b12e
841	RemixResource841	1264	e6780b7c0aae33766a43157d6f715df67965f27a073c28d8558a2fa50d869c4b
842	RemixResource842	720	9349699d0e8dae46eb4007024710cff3f69633c81bb29fd453833340cecd7b71
843	RemixResource843	1424	845d2030715051035d5c513bfff2f5e17ce3591ede31ff2e63dea38e8071f992
844	RemixResource844	1824	69b1f7abe9de20c7f90c7e5745cb06e73d8aa3563faa2434cadce3497fd198ec
845	RemixResource845	2048	40e526dbc2f5ac677adf17a84bd2245bb44d718cc4abda22b889cb1479f0e559
846	RemixResource846	2032	23e9fc90b2588de7f2766a190ac655d09b72c6a4535a7c532fc20124acfd6276
847	RemixResource847	2208	52e4eb7d47e9c170faa0d7e7ca506cf61dd41ba8cae959ae602fcee430c50801
848	RemixResource848	2976	9142396e4e14b1fb213e3879f375f183b36cd06d8fd21127875d07d02c4b27bc
849	RemixResource849	3392	d87980a94635f4be4b5528814d849927b50d634d1ddf28723459e60344d44497
850	RemixResource850	2880	e9c6926435df308916991a2f0a9b534dcb0193910899c9c73de9995d94789ea4
851	RemixResource851	2400	7699bbc299956ddfe49c4aa3a19fc860731814d95254ab4de2eab132b4da0464
852	RemixResource852	2592	be0353a150b8bb2f8c003bee14116695c6766216e02babcde845669e536357ee
853	RemixResource853	2720	0bd8a7e37151c3d8513a6890f05acf2b6f91d278579a2c0a65d6607ec2199de8
854	RemixResource854	4016	e2a0bc34670bbab37810047449995767062549c4c7eb1c607b0d9967d7a05410
855	RemixResource855	4448	4bd51583dd3b6e3cb33bdcff765408328054e4e1d9f177a3dbf7abce6a88cf0f
856	RemixResource856	2144	0985dc41fc39f5446851483d8140820a318d4c5abb7917b7a54a63d2b94d7c94
857	RemixResource857	1360	01c671865f5e2547b5a2fb83d0a09c16eba75573d542869b6d2435d646338a3f
858	RemixResource858	800	406344700640d545ec0b97bc09b880bf58ba50895ed6eba3dac4e5566d983ffe
859	RemixResource859	1200	48537d64a366e6b8e4c728c02cc2d104072333d35ccad125ca646a5d89465380
860	RemixResource860	3360	d615b68f2c94d7e8b0878b9fe2782ffa762d0a82c167b1cb6a095842bf7eb0ec
861	RemixResource861	3776	d0e281d1647d23d0944a853fa04a6263c784e89f1b979596c6befbaf8a683030
862	RemixResource862	1744	5d40ccf701c00b2fc1a6c6164c6bc3bb8563e90eef77ec7905e9a87e4e7f3fbe
863	RemixResource863	848	2a0c8c2b8ed89e738f009155ccc587f9f758e26361e613cbe5ff2633d0e5d589
864	RemixResource864	1968	f0fa77471d3e8367aafc7c5f53ef65c77025f510e52b8a4e17eb08a4bc3931b5
865	RemixResource865	2656	3680bf52ff143754a0d841a3580905f26b8151b83caa5739d271611a82e1f4cd
866	RemixResource866	800	dfa6d5a967d36361eeef64a8bf88de83e1f2335b81a602aa8886e2f289664a3b
867	RemixResource867	1840	595ed860e2d37a1d57e085ba8ddfe1161d212a42aeb824c6199ce6f09450cc21
868	RemixResource868	768	b7f082ff4c21bfed5ec85995d794be3cb247eabf1db604275c5786a7d701798a
869	RemixResource869	960	bd36d83226596543ba1dc46eda1076e3aa0a447209d4a160edd4827585330cab
870	RemixResource870	1472	779b2d90ddb64f0412936f63f816ec72544a2c43fe86f8a953c917aa4a73c67a
871	RemixResource871	848	bb24dde014a863a387080c0ef83e056e23eb5b1e26e893be61e3b6d0bc8df13f
872	RemixResource872	912	a40b972330dce49021a9178a8e2b174f0ef68ade139992e34897137b812ab87b
873	RemixResource873	2896	7c75e453d9e678d8169a994a2b4dff825aa78a95081d9d09cd374bd14ad3aad6
874	RemixResource874	720	ea080bf5108578720e813d46ce2717d5401e51b0cfb852dd9f0a3020efbc597a
875	RemixResource875	1296	c1f7a806a588f8283e72223177d690f34c69c46898f0d1f1fc9d54602c12ed68
876	RemixResource876	2704	c45fb4f786838ea5575820f688295d1a82433fe91fae90211e82fa1c09d48837
877	RemixResource877	1488	8886222e933fb948fdde96ca8a873bc0c66f6aaafa7e3fe9be296eb1e4fe1197
878	RemixResource878	912	59b1be6cbc5d6103d99a383e06f4a99c324fc45390859b71f8fb80e2dad0e346
879	RemixResource879	816	1e8895e17a50c26fbf716254a101f99092f4a3df95fca3f8967dab4be7bba05b
880	RemixResource880	848	c2785594c6c20a084ef82ae730ba2445bac738acbc2313b1051fe93c8a243b9e
881	RemixResource881	1712	38c9e73e6963cd134241c13da9ce535973ad1d16dd196069ee1b828e3c3605c4
882	RemixResource882	704	c3d72d0be02c1855e125affbb78c8cd36455dc763dbd1c312bbb6e7f302cb464
883	RemixResource883	3456	bb3e36de5bb08fd935a7641544050cfb8d98863b50da3e95075a5ee8fe8444e7
884	RemixResource884	2944	78aac67500c6ac0dfc060e87d83bc4f4db72649f2fcf36d7ec7f8ff81df50f81
885	RemixResource885	1024	b647891cf94779f87e5fb11ae60738129fa4152d4e02f343a78cc6c94e965ff8
886	RemixResource886	848	36628b3b16da8ec86c66d6ef48613bed145dc3a2fa0b428050ebe85c7c3db90d
887	RemixResource887	3024	390b2b106ca26a5b6e6e437f8d0d6ad7870cd4bfa07440eed375b2796abec4f6
888	RemixResource888	1216	867f74bbd1973f034027a868ba94a1e95f3dd4d60c00acc3d62cb7b5e403db87
889	RemixResource889	2464	288e55b2ec491bfae9db54bdfea9435635aa34b273d3be987a8058b483693387
890	RemixResource890	1008	82342d8db1d24839fb7da1b691fa513c407fde7575f80f2a88c1d6fc0e70fd70
891	RemixResource891	2080	7a84ff52fd03afc8150a48330e53f54506c5cff71f9e073344224419fca21667
892	RemixResource892	2000	a5599d9bdae7a2dfac80eb66ff6560c063d7771030bf03dcb8bbc0a77aea977c
893	RemixResource893	1808	61c3760d2c82128dea3416b08aa44963e92fef354e50066d1a09dba521309d35
894	RemixResource894	3200	eed4824c318cd321870d6b4b149c0fa83962078c8f2f0247de32cd6c1307a6a8
895	RemixResource895	1360	b08d2797ef0026560e9396f2685c98fd509abc5e3ae9b5f5f1d7b8f8f2ca8e66
896	RemixResource896	2048	7b140066f5fb20516cbf01e012eed60675eb0b7938c562d2af870e6aaf18f736
897	RemixResource897	2384	bed0216c064547a009f170d6636c85964ad0d7330452baa4fdcce90a9da435d8
898	RemixResource898	1648	4b079317b3547bb8f4ff4785f19d14194c7974df3dd22acf1d07cf7af34a9a56
899	RemixResource899	2288	f58ef64ef6a3ecf9ce1c707d1f5ab4289a0ca46e63a613cc631288977a2468cc
900	RemixResource900	1664	8cbd3a465c42086140a97be6d2812d03b8f1ce1ae74ef36607ea839cb803fee8
901	RemixResource901	2320	463141f4b0f602f5029b49f4a17f608691b523d27e8b93550a49ecce6149f33a
902	RemixResource902	3456	5da7da7b805d580bdd3da707bef42ba4c5ef24d1a12fbbda41ff17ad980dbcc8
903	RemixResource903	3472	7a074ef0c6db030dda3a3616aabb61fd5b79ef1812cef0f769b3588abb6d8144
904	RemixResource904	2192	a23c6c2498ed9d96183954f3f9817bfa5669be4c5cd8492b8a6ddb9204f2b2de
905	RemixResource905	2000	0842b02d17a9a909a701bc079b9b56de8ee3b0b1692c177324c73335680614d2
906	RemixResource906	2176	d18571d15fd248e4c8bbd4c8359ed6844b93c58cf1608f90d78632a654310e92
907	RemixResource907	2032	8303cd174579c200889dcecec40f85bc778b543cc6c14124cd4f5f9b83332d45
908	RemixResource908	2496	00ecb141dee659b2eebea38f57e969e6305010df251b1bdef7b18303764e802b
909	RemixResource909	3360	79a7a3267fb65c1c872819c492cff2e668c97f52452f4c4e5e5a604c8ba4d5c4
910	RemixResource910	2912	664dde653b7abfd9b8e25699e0b76ec58666b9f975549c6f70e9db45cf0d4001
911	RemixResource911	2912	891947b6248715e80d8323fe09e53c9b26fdacb1cf25257173737f1191b2eb50
912	RemixResource912	2880	af34147306b068bef093a9987e69b486c446fe464f06f24b7bca53bf14e2dd5c
913	RemixResource913	2576	94abc0a353aa04c6884c06279f1d1d33a448ad26ccf14444e79df831ae4ee6c3
914	RemixResource914	2400	2de4dd22cd19d6cbe97871a229aa4290fbfab1fd451e54a204e877ec3be42af8
915	RemixResource915	3472	ff947ec5b7252684a91db6c5a4f90c1651bab04280915f383cf10e37bcd2f202
916	RemixResource916	3472	6dae30f2e1957dab812c0b3102b0af4933d4a9e8eada3b156cd00099fdbae935
917	RemixResource917	3488	459e6fb52052e4851f1f24a56f52c2f47e491ac12d4ab576af46be69faba242c
918	RemixResource918	3472	7fc625b9c906a062691bfea81f156e15394b17c4ef148bbd10a9a7a0760cbc2f
919	RemixResource919	3472	9cccdce03a8460f2f7b2733efc805c15dd9ff75af50c6186ba9b61f3777aeec6
920	RemixResource920	3248	75e1cc4c71f307bea0e4c95025adcc391d15d08513eb6f4cd531f36318d25b73
921	RemixResource921	4992	27068683d16755e3aaa8300d352d18888c53ce395d844b50b3cbf30cce18f7c5
922	RemixResource922	1872	1f8c199aa6afc0d06c7a530449f8f78ccf5234f27b56e1d894b70a6fa490ffed
923	RemixResource923	2368	cdabf8299774cdd1367fc3ebc1e28c71bb0e75697b6b8881d041d91fbfc9c1d8
924	RemixResource924	2624	dcd13ad6c72fc1de138db8df1d7469138fbe7040f50cefe34beb823ccaaee75b
925	RemixResource925	2784	2daeb4b500faee2340edad14d57117a7989f63d41e3485ad3231188be530ec31
926	RemixResource926	2544	67e8315924103b925d76bd33030c7bca8f1f6678c89c8bba561ea78f6dc8162d
927	RemixResource927	1632	9807fd23b664dbfb3dabc8560e616b14508471bc659652e7ca9a94a5566631d7
928	RemixResource928	1344	91dfcd953b4fdbe9d9d073e6af5a815b4e4489aa78ae6d76b0806a21d748adfa
929	RemixResource929	2000	77d956432f3be466823b7c81217fc83b8f1fba1946f442ffb0b2c891c65af7ba
930	RemixResource930	2336	02aaa5af80544c6e9d7a5d7b47ef43b84e13e9069c358f99d82013e91a8d3eee
931	RemixResource931	3200	1a2d375bfb98d453f14a9407ebd6889c3de2862b0102e104faec4c81ca33b08d
932	RemixResource932	3392	13e63833dda5866e2c0073e6903dc101bc0c74255bfc40c3dbc68b9c6e099456
933	RemixResource933	3408	c2a8e4496f6d48c0ea705305d5c3c83100a740c68f6286819bd9981593659ee0
934	RemixResource934	992	06d9553c4af8e7dc943aa185bfa2daf2fc87899187ee53729fdd381c6e9c8e24
935	RemixResource935	1200	c6b2e930dcde0c541fd1dd6dd02f87fcfab9bc59fa2d9f3c3181c25b9322a21f
936	RemixResource936	4688	785c22864ed2b3b7460ed98360691ee03b9af0707ceb6a4339ad1060cb1ca883
937	RemixResource937	928	dfddfb708630a74205c8328317632f9820341f122dab32b6bfff8365e37e6272
938	RemixResource938	1216	0f406c7ebfad15075c8c50bd1964fe0780a58c53b255973fecc295da9875312c
939	RemixResource939	3632	ef3dcaf891249fe455c04936277de54b91a358bf3a20ec233aff36076ee7029a
940	RemixResource940	3920	508dd01b6001a3197b65bef8e4661d94bba600135365e284dba2dfdf4d7d6bb0
941	RemixResource941	3904	4cac813fa9c4edcf9dd0411f60d5b171d6de7a0591e5a25e4631ee1b44d61e71
942	RemixResource942	784	a3b84b7805a27c0662e77a83d58646dfedb311f88d2b29f54a3ab5edc167c9ca
943	RemixResource943	2384	937cec909b48166ad0ea13ac7847460a624a630923f31bd3aab0581cfef664b0
944	RemixResource944	800	9ca39cf689b29aac586235c209caaee842bf9445eb5dccaae761a2eda0b8e777
945	RemixResource945	2272	5d3d7480334d344ee6d32867c8ac5748a34855bad3d133dbc04c1842132e7826
946	RemixResource946	11568	481f831b08202cf0c0e607ca191393686d04b7993d821bcc05a8d5a7e9caa5ed
947	RemixResource947	2080	3f440609b598008ecb456beffc56cf9d72bafc451ab36b9fa22c9ea869223cc1
948	RemixResource948	1936	7aab73317398dffea080729afb6fcad7db403f2af1cf9b8993f7c7232d3439e4
949	RemixResource949	1872	f2c98cbfd7083b22715241e6a518db7bfef7c2c7a2c9af9275583b4816a47d60
950	RemixResource950	1200	319e55ee369754d5811821f5d71e7dbd1721f7977ff6d8577a6b1701b77a57bc
951	RemixResource951	432	d9bb9e08b62ff65797b8e5323208d2b3e46334001dacbbb96b1910c71772e82f
952	RemixResource952	2304	0f68fd996ad0be61e47a812f9e431eb0aedbdc2e6d47fa24b89de004964143c6
953	RemixResource953	1088	cbe2b3e9f0d954ba49eb4e92f4a68f2d1ea976c59627486efe7eb4ee50cacec3
954	RemixResource954	1072	83dfb0b48f00f4f66ed0432c5c6b33ab108d236c7d6d846a34a9cc91e171becc
955	RemixResource955	1344	d1c9980df3a28a572f0ea4734e1656144cfa58a6f79011b462875e35cc519040
956	RemixResource956	1296	94b85960506d6d788f1660cb0d6d015e860828961f4c2d4af97e3080d1fd6a00
957	RemixResource957	848	e14e548a492de6905b1b95f0b39de69d2816351bafadf0f07657697ff0541a17
958	RemixResource958	2192	53eb916f44dc26a5c53f9df839814984852e8ff80cdc7d9abe8f1d77b6d5ba52
959	RemixResource959	1760	150c1020ade19d87943f6199e50828656afa1e0a2e4bd2419ba9e153376b72fc
960	RemixResource960	1552	6790c5175d2f28211f1592ff6c41dfde1d557272efe2f59cfb4c32cf78d250f2
961	RemixResource961	1280	c86b5b77fbc36b571800b616187a7a90919e5943824b9a1ade4620dd7c79be01
962	RemixResource962	2512	7510693db803467553897c5ed5c8e4675d7a1e2c45107c86fdcb98ff8009be23
963	RemixResource963	1056	c3123f1a01ef200d6e165b752dd4e4e214618eab3498c18885e276f539213464
964	RemixResource964	2224	ffde2d64b3abb522f8cc35673f9f36a44f7e6562b8598f6538084adce50c54df
965	RemixResource965	2768	2e27bef7bc423e50eb04b709384f15d5826cae91a4fd9240325c55bb400afbd7
966	RemixResource966	2368	b13e2447ce04bbe13426909736d60f1dcdf43d67121752a80ba328a95c7ca3e7
967	RemixResource967	832	71cbb4628b42dcf0f81b596f0ef32d0dd6ebdbb6b31b308ea1c965c60686e87f
968	RemixResource968	832	cf3608726ed30234ba84c6060f4ab5eb7981ac5bf67f2b084db7c5c86b137720
969	RemixResource969	1008	b283a156e54351b7a6ba2625dfe38e0fc5d050efd566a8732a6c9fab32cc687a
970	RemixResource970	1056	5d6d3fda6b6c557b32a82fd6e08bab4308efd5ca3ec914b0d147c02d41da2a6d
971	RemixResource971	848	a3f79886bdd031099a4620cb0555d07e61e9c13490b099d65466545e4cc8b8f6
972	RemixResource972	1136	99d86050414539e046438d95f714af96d8e5c51f40579f43465417b3bf5eea57
973	RemixResource973	2432	37c18cbe8194a61c72ca5ea9db374d7da0f4854ea096dde80bd69c9276a0c22b
974	RemixResource974	1408	cd60410a08804fd4416409ea8d1a01b3fae8cb7abfc61a01fef69578910d85a9
975	RemixResource975	752	cfe0fe4409f46d1596098316a0cc61f7f01b27f06aae6c42013e01fd430d105c
976	RemixResource976	6640	45774ef49d339aa4bbf514f086376069ff421f513adc24eef9ec6cced3c6ec99
977	RemixResource977	1792	d7a2534637752b59acc6600dca97ed5f0b1d9179663cea801ef65f77b399198d
978	RemixResource978	2480	04f45ccbde5d91e8133184451511488da7b53e6995b4889f420cb0ac9027b9d7
979	RemixResource979	2368	ff9b75e15549e8eec342d71fc575340d7f29b2f6901419a0c79b8cfab3ef2c69
980	RemixResource980	1872	6ea0a6902d9d636ce9b970a2b90c3d5534ec6666c0727de56165b3e88806d0f4
981	RemixResource981	2192	709336700065d1e1be6e61575991710b39809efa9accf832c3619079b15a253d
982	RemixResource982	3456	d786352e3b67af499d2745d8b0b75e8ee88198324922356a61afd721ac05f618
983	RemixResource983	1680	6363a5e9041c3127abfdcc1328059dfc468bd536b9012d119a2821bf4da348bb
984	RemixResource984	2656	44b14284a3f63466239f235c5494189a9b515a62176f528c6c40d86b19aa7fb3
985	RemixResource985	2336	948423d3a85f9c688ef4ce693caa6897a88f6a0f6b94403a9ac650e5165846f0
986	RemixResource986	1664	0cc4135a85f59b3f2f44a2c96bc2fc319c6ec56dd1989912e64aa6cea9d88b06
987	RemixResource987	2288	f902b308a77134f149a693dc2fdfdb0c68c99e7c587f33baa1d978904a24b227
988	RemixResource988	3136	f4c58a1a40af2b215909207b32dcdab81a7990c0192daf10b544f6a4fac2b92a
989	RemixResource989	2192	89f755e265f6b64e201e116f222c9df7428596c662143e9f436ba96809e65463
990	RemixResource990	2336	0d458b3190a4fb43f27b0ea83f7075f922072dd49dc94184f0e68012741a4f2a
991	RemixResource991	2784	a0fe96e6fc58a0075147621377de71240b68bbcd05e2267ad4d32547cba6c8b5
992	RemixResource992	3536	869703c613485cf2818dca963f45bde6c22ee98dde98b0501b358bde62aecbd9
993	RemixResource993	1136	6367b32ca821278f3921a97e3d40a3413fdbec02e31904e918ec7b456dcc4f52
994	RemixResource994	1424	84bc63c57f7907a0af9253823ce1a5d76b0b59fb04cf1dcdbb4db85a1bf8fed1
995	RemixResource995	752	b4547fa0a05679b5606943c319d34db4ea128ad61a11201a217414802fa3aeb5
996	RemixResource996	1248	cf75c2a9393cde15d612fbd7556ffe269c795f94cb912f5dca139577488ec783
997	RemixResource997	2048	2ec7986924057ecfaeaa994b656736a5173e830a42486fff43ea407c3f59d26b
998	RemixResource998	2144	79c7f967f3d925f09b98a6aec29c0ee7fb4fc7a4b21592cd06107641331539a9
999	RemixResource999	1840	0dffdb533be72d95198cc97839241a33b1f5505e58b510b758a2c5bf4d282513
1000	RemixResource1000	1824	844b07f595196b9086b7b51e4c9c2afa0dd49a6cfef2d91bb1cebe3788de8774
1001	RemixResource1001	2576	eb8ee725c36fe22e3d1d241b2dc7a58bf0c9d491ba84e51418a5f94371c397c0
1002	RemixResource1002	2880	07cf6bae105c3f218259381925e86478b49a0b945882173f71b8b31b95d7e9f0
1003	RemixResource1003	2624	957734055c184c0a2c68a2d797c3246a6aa543c6d243f52985d0754018026d0d
1004	RemixResource1004	2352	41b7d946256fd08b1c593a520da0856d34eda345139a7146601937dea210c960
1005	RemixResource1005	2512	b0d2f49dce9033c9655833466089e528b757c3566a504e47ec6dfe6782fe42e8
1006	RemixResource1006	2448	2471f2291f8c24cad1d0210f36c5064bf7f3179a2d8d51b0d26953dfc1144c2e
1007	RemixResource1007	3456	fbd9048ffc39c613e75ac3218e7a78d3d31d33f27cd69e74d428415c7018d3d4
1008	RemixResource1008	3280	65c5dfce3228e21ca025c22b85c42c98ba3f525c8b3efa5c5974ecc6187f8833
1009	RemixResource1009	2512	a65205e07d0d13a264b6d030d53e58a7984217289373168c52e871981cbd33fd
1010	RemixResource1010	1472	296963dfe71e2e3d5e02e4cebb7e47997ac9261752d0244efc972c4b939fb34e
1011	RemixResource1011	736	ddcfed4f7550f459c4b95e8bf09741b5400891a9b4813d6167edcce2421504ae
1012	RemixResource1012	1136	3526b110027253a81e82c3d22977503a37d237451dbc694a084b64630bf42666
1013	RemixResource1013	2624	c86b3f3cd60c9a90babaf45b26cb0972dbc8055f83ae79ac3d7083835274a4bf
1014	RemixResource1014	2832	ba83003e7e7d290f2c7c9e19b8c15bf844f6f05e25aa9823deb3282eebe2575e
1015	RemixResource1015	4288	08e546f9d7774e9a8d3968902cb1056d4fbe1a5216ff19e2af6f48024b1df21e
1016	RemixResource1016	992	64656bf3162a27c08b74936f196521692411445d127d8ccc702cbd5c8caff16f
1017	RemixResource1017	4416	493ce8a951e98b36cc56474c744699c317107198057b97ee6b8208ea0ffcc212
1018	RemixResource1018	4416	c1fbd77d74143f8f3a9aee54de352768ba182a3823045e14e9e1b5b5d1499be8
1019	RemixResource1019	832	3ef0b12cf26e0dd3ef3458cc919f7ebcb7169c48e4c6e22ee637aa1072d7f533
1020	RemixResource1020	2496	86e4813c8cf985d1c562e326f1608761b2524deb507efbc26e9c2fbb6b62b9db
1021	RemixResource1021	912	8b737fd4ba4faddba999298ee812123f0a3f61045c22e87745c986e1f080905e
1022	RemixResource1022	848	bdc454d98a838261618a5ae06f6a8f804e2bc7c09f23404adc3176bebbedbcb5
1023	RemixResource1023	1296	744d9e2aeb0b5bb5a254aa70f60c4643e966ae8447826813907a685495f971f7
1024	RemixResource1024	1072	47e582e3c4347c6c4b8d6f5960b653efd668439ce354a9eafba0bbc375dfb2c0
1025	RemixResource1025	848	c2fd162d8ed38c26871d424dbf8f4ca7778dcba3e2179712898c144db7d62fca
1026	RemixResource1026	1184	d41a2b8bf5597c15d296baa359ca60a1fb74cd40547ffbddd1425211c5a3c272
1027	RemixResource1027	960	220cd84af3ab11ac484a1b08dd477a6fe2c901167ef4ce6c6d8d890b780ba252
1028	RemixResource1028	2480	4dfcfd07bf06e66f084a20c7762d662cf542f9a5a18d5caaf68caac1b8d82934
1029	RemixResource1029	816	84bac9d3f7781b064a9393f0bf18b976aeeefb4ae10ba07452fc517935bc9032
1030	RemixResource1030	1120	81b92056eec778795268770a87546bf4e674930dc9a5dae2e58b825eec683534
1031	RemixResource1031	1136	f00aff290af32568320deb23f2074a460f01248533f88335dbef8ea81691c77f
1032	RemixResource1032	784	7163d20dcab3d47a44e3f708e769ded986b016d33db7765a5caa2635504a7707
1033	RemixResource1033	1056	2555393857324b30a11fb6f1fceb65caeae01ce4ab0bf17a458a3fc3221e30df
1034	RemixResource1034	1872	54ecbe0157b0ed6bdaf9db27766f207ba024a31408f278ebf357c45e4e4862d0
1035	RemixResource1035	832	f7765354548375842d91e54d0bc6190ec957400e1329940b6103df36f430cd01
1036	RemixResource1036	1360	c7153ff70330ff1421b5618c01f2886e36ee25f0402528ae31ca5e5dca98900a
1037	RemixResource1037	816	a0c01256f24c737df90f17b7a58ac95260930cf79cf0d025620658498ccd5518
1038	RemixResource1038	2704	91878d26b7958bd077a0b9ca45c0d70ac9daa9974b5b92f088e8bf1a0ba565dd
1039	RemixResource1039	1024	9a2e3ac7dd955765b3a16c953cf5be10f0be6b6e6eb4e20484b06a42654774a8
1040	RemixResource1040	1872	d7c96e3147b30953379169668fdf182f2606a096c4e2290a1215766e8e3c55d9
1041	RemixResource1041	784	bd8aa9ba90d38d67efcd183fcd3b1b092ec178c74c7f97cfed881cdbf522baaf
1042	RemixResource1042	2992	f5c35b7e9b1e0d1cac129d2ac8c12945bcb44965b6e7d75eab1c64fb068e94b8
1043	RemixResource1043	912	9c6f647cdb51cecadf31a1893aaf0d7eac57c373d513dbdc3273ffde7bd402f1
1044	RemixResource1044	2608	89be30b9a4e22eff7fe7496eea304c517fd836f4f71aab8a3c3ab017168bc3fe
1045	RemixResource1045	1168	baf36cd36677a76f4828d32ece90de255590cad625cbe6f19dae1b38a606ce29
1046	RemixResource1046	1664	c369791f5af8cbd5b7cf8aa347e50e6bec2aa96c12908fc4c10bf14001c23e41
1047	RemixResource1047	1920	beeda7b1c1a7aa0a9202bc828e36bfc352d75000dbc79a2ff407667477262a57
1048	RemixResource1048	1680	c6c751134e445e832fc413c9bccdf77ebbc5dcf949c9a7ac3e785935aada4650
1049	RemixResource1049	2384	af77c553b444410fa766897cc2737e3f01a4fdc68a91533b5efa714903205c6b
1050	RemixResource1050	1104	a673617f6a0a9dcd411b26012eede7a3c9f1d91012cee4d44c8386564d74929c
1051	RemixResource1051	1840	d6783cf5f6dba8af81e5f8ee07f66fd8ce4db1272a61cd9798d59aef81c25b56
1052	RemixResource1052	1968	4774faf10ce441eda87c7eec11487ca2a2acc251c930e5918818da990c6112f9
1053	RemixResource1053	1936	375d9885c8c6d77e8419373b42e96fb05c2e483d920e162e9dcaca8902de5612
1054	RemixResource1054	2688	579df80065c68c8697befad24246184199473eb50dcc0a76dd1a095300d5b078
1055	RemixResource1055	2352	9402b805f553cd5ed7d58f2a3524fc0cfbad5699768daf0dd055553d8480de14
1056	RemixResource1056	2352	7505cd08182b3e79661c58afc922e64f02269e99b751324b2d81f2b0ccda3dd3
1057	RemixResource1057	2688	72387c563484037b2af3986bda3977cc8d5346bd2b00397c614af49a858f1dfb
1058	RemixResource1058	3312	1c200f73e4ab84ad5aa28e016c6499000eafd5e94ae87c71999b15607b5f2766
1059	RemixResource1059	2336	218b7bc556fe2f146899b3a0dd50ae714381722f673909ac52eaf0a08fe3b648
1060	RemixResource1060	1648	cb1fdaa847e34eaf87bc5e65d8e5aeb9b2093fdf67e900f8bd030989c09be9cb
1061	RemixResource1061	1872	27fff6e6a56374ad90586c0fe42ce739dcd0426dd14b3c14160963206d343e91
1062	RemixResource1062	2784	b6c9932622311dd558542cfec7bd82a3fd87ab8424d32cbf964b0dd92b98b7ae
1063	RemixResource1063	2016	d438c1808afbc0f8b184c1ca839e3a76fb4c86a32bae28aec37b0d7e0d808cef
1064	RemixResource1064	2416	8144d6c0932b94bf6ef86dd6e9941315ad8fe558c471eb489e39f958cbf6b17d
1065	RemixResource1065	2304	4c3895066065a937dff69c6986bc77a945035a1e958bf45c9e3334c29a6bfc3b
1066	RemixResource1066	2096	71af165012ed824f0464c389e204577d62581c571fc1225639e9c392e4bad467
1067	RemixResource1067	1920	3af08c9bc00337c6574fff69a9ae720697546345226b8eda9fc5174849edcf08
1068	RemixResource1068	1904	9d0ff834cc74b6804e1d8aaefa2d169c4e660c044a0a855444ed7051f3d3c3c8
1069	RemixResource1069	1984	70b8c127babca90db52690c90626dff61c80dc3653a2c06aaff7472a025084e1
1070	RemixResource1070	2080	466179a06529d8f5a5ed4e940d31c398ac835965909cfd6768c2f7a7d0da4fc5
1071	RemixResource1071	3888	a3d74709bf4364d5e2eba290660ba00891f329b978b9b62960223a8c6a244f9f
1072	RemixResource1072	5232	c33f03a50b635f19bfbab9f815ddbf3c105503e52011318bb2bd155f156f0455
1073	RemixResource1073	3024	633c0c70c11588006a1c57a62ab80255dcd57b6ff7c7d20cb361a91dc6225bd6
1074	RemixResource1074	3184	8c1677fd177100ba4a9894d34ada09e1344d90161bec0398925f978bf1e95612
1075	RemixResource1075	3104	7bb916787c0d0ebc2c9c61e18205089f35faadd28863e9366bfc9d87f3cf3415
1076	RemixResource1076	3120	b5706a41c096f88fca3529b93313a53a0830fd6bc5685d21f5dfe4ae47f9ec36
1077	RemixResource1077	3152	ba7372afaa9c0704ee49b1001ce40182cd6d83b8015fc88b5ec475161b06654d
1078	RemixResource1078	3920	4ce2b25509756370c0f58c653eb7e62b362c5ecfb84d0170c2554df4b94db413
1079	RemixResource1079	3632	b8f9d2a15dd29466e3dddee3b0570f4728d710568dcd57503104a67d01123034
1080	RemixResource1080	2272	30658759f6457313476f5df41251104aab2a6f8a0c63e10a95b34f21e901795d
1081	RemixResource1081	2368	a27b8044e17d02118e9a2639a641083b227cbfd989816c237b1255535b9413f1
1082	RemixResource1082	2752	2dc38a11110d3ff6b3424fff6682fec7c0e1bc53e443cc6b7c094214e5255857
1083	RemixResource1083	2320	3e657042ce364497c4542507aab5c281038a997ae8ed0492c9261d101baa8744
1084	RemixResource1084	1664	083237d4630fb23ed9ca6339c647ac7069e009a4ae66966ec178aa5c5aef7ab8
1085	RemixResource1085	2736	08651225ffbba9e765a9382e3db2f3a391284c5215e1cc262fcc7410f400ef33
1086	RemixResource1086	1376	3f6a87ebd23203664aee7fbff8185eb3e82954658b29b142d37b354adbcf3538
1087	RemixResource1087	1680	9e1f7f01eb3e66949c2b44284bdc3b02ee15c43942437b33c0ddfc9924d97174
1088	RemixResource1088	1920	15a311fea006b0bb5665aae10431be02a6fb1d68d57b9d2f16427d125949c0bb
1089	RemixResource1089	1360	4ded3c6b5e15d4c691528718f6aef0d5e15049f933f0deb71345f0c0952d2d6f
1090	RemixResource1090	5376	88221ddd7d5a6f91857e5f19a64c9323b3cfcd7d47d3fd82228ac9e99b3d43b5
1091	RemixResource1091	5920	1da8be18a9103a9d090326f793936ee3e50a76d8ac8d952527482321e2a535a5
1092	RemixResource1092	1216	9a2ba9994ca4e01f18c65abc4931311922a88a582ae7f8c0540642883c3c194e
1093	RemixResource1093	768	83590790876d48f8b194922c341e7209cc77bc70c226042b1605daf2f1b88f4b
1094	RemixResource1094	1440	bef60a899fde68e658aa05c2d2899bf44ae12f1c9bfd450ce13962300ffc10e0
1095	RemixResource1095	1072	0b3bf1760dd5ea5147de17468f9936c4181d951607938f68b0674d759335ec78
1096	RemixResource1096	1632	5e6129959fcbccf85b6b27c5d434bb3d4583c42da589c139c5a9dabfdc5d516d
1097	RemixResource1097	2144	37cbec3ec7fb2e2e4ea66f8af6242984c9b41efb63a4c45b62b6f4ee51fd7192
1098	RemixResource1098	2128	dcc44228f707dffb763cfaa880c1dd4802cc4cd2ef037d31e64a34be0212cbd7
1099	RemixResource1099	2672	8eb31e170e335514c13d3491afbbb8a54b91a3c0a06efb41d84d5a866d1c7efa
1100	RemixResource1100	2992	e61d80753b121c1480249b124633c9fdd24012f8a57797388afa5e25612e5eda
1101	RemixResource1101	384	feb1e8e23f85b2089a92e0ee2a00ad7f8528ee67f0b1eeb2ca57b81e72ddaa61
1102	RemixResource1102	2080	43559eec3b20157e0df5d435ee6592c89dc285031cc48b324fd15610f9548636
1103	RemixResource1103	1344	4d15b6cb25eeae78bf92466e9baccc501ec07688e706d959b77094d15778042e
1104	RemixResource1104	2288	d23c2a7dbb82ee74992bf95aac0859d813a7d4558d93117b98bff195a0275117
1105	RemixResource1105	2768	49c6a888403e0be03610594453b32fe248ee0c44d0b1699efabf94fac7d5d8ec
1106	RemixResource1106	3024	bd0b10cd49b2eb874997bdfc0345986bceee785bdc67ec9cbbb5a6833eaa5fa9
1107	RemixResource1107	4384	9816161290555885664e4fca883d8ec56ba36930ea5f9167fbbac57dd8cf264c
1108	RemixResource1108	6720	bf1590b976b6ccb338a5585385d3c2ad5bcb28079864704a31bad9b0c42009b5
1109	RemixResource1109	1440	f17e245eabf0679461fe13d6ce3d528c8a43f57f36c21e42896a1833ff611d19
1110	RemixResource1110	2784	e571e7186977690e9000dd33226623d824fde238454d139e8c4505c77dbbe597
1111	RemixResource1111	2752	e59358960b6f23425de4136ca79da6786ef55d311ea0376b1f7a05f7b7de945f
1112	RemixResource1112	2752	df3d0258e2c1c5dd7975819d7f2e4c8e43a978ba42c9ecf3e8872ab5f0283347
1113	RemixResource1113	2656	c94131beb4ab4e422adb8e23119939968c50650755ebb3c1d4bc40d704fea8f0
1114	RemixResource1114	2608	f5b8b3f43b5572749acce89a14a3cd1700930bd93c4a1ec79b2eabc38a80bd5c
1115	RemixResource1115	1312	de0dd9b675d67f0caeed4f097c802baed1a424f322216246b6c1375b6e021285
1116	RemixResource1116	1520	f41f88199af6e66611c41448ee97fce16b1ae78f45f477eaae731d3d7de10274
1117	RemixResource1117	1872	e1843ae81f0ff9214610d855558d2f864cb09cbcac37856893cd9d421b966e2d
1118	RemixResource1118	1776	540076f16afa734b685d9249ab49967feab1a542833c1140b35746ff0a2d7dc8
1119	RemixResource1119	800	13d1a723758616d3f5dbb60e538f8de97e9a9531bcaff743d3e23adf57d8b5ec
1120	RemixResource1120	2688	7f20ced5b20c0b9f0f9f87a19eb94e75a209d04b5dbbf66f835cc40b6afd575f
1121	RemixResource1121	2016	7183b583be3a64a9ab3d14122eb527b66c9c1827af53bf82865221f3478e2cb2
1122	RemixResource1122	2144	2550ee1fc5bd04302037dcb51f8e76842d06b6f031fd196608b9a982836fdd1f
1123	RemixResource1123	1328	632dd8ab7bb3c9779d49c6ddb035ff557b0111e852b2f236beb202a19706266c
1124	RemixResource1124	2144	c402b8f0a4d4309c049b7e0b906da0a62645e6eadae360a3357109eea423206b
1125	RemixResource1125	1264	00555eef7de60eac95b113fbf8b9be96d24f7de1850c3e46f542c5259bf2ece4
1126	RemixResource1126	1344	c3b01a5ab6cc6a6bb6afff64a6fc6df61f03c3015cedaa20dad9fe7c9907eb63
1127	RemixResource1127	2320	2789ed470e4d0290c7264389fb89a954570a29f1d1c0029cb28ceab52975b532
1128	RemixResource1128	2016	f7e53aa1075a85da0bc80417c1da27cffe1d1b6b06fdf42d926d12584dbb2a97
1129	RemixResource1129	768	2b1f3be4d3c68ba975a9c7a3d3cda275aaddb53906e34bf9ded3a227d92ddd6e
1130	RemixResource1130	720	4ac01d5655d7702b9bc68d4c6fd2028a513f909ac215a049ca941aa17e02c2f9
1131	RemixResource1131	784	0de2d99d81606ac2c6a81cf4e577a2648d352bc341661b4dd9da719bce2b4fbc
1132	RemixResource1132	1248	2720bfb7e18a0224ebc0b88ca919d955e5919d748f8e440ff3b59ba2309da231
1133	RemixResource1133	768	231a6da803539a177b0df83a69a6514e9bf57c019b21805720474bf32a2601bc
1134	RemixResource1134	1344	d466be87655fa483898a55ed9dca4593a2c2c01790465af4260f169227b7024a
1135	RemixResource1135	1856	81cc5cfc8120f3cf550490df1826a4c616d08d53e23712cccc3fe36a7d811c32
1136	RemixResource1136	2704	27817fe5cf85917ce8e7839b04663afabb1aa1cd323fe8d438f97e684e4fbf18
1137	RemixResource1137	1184	5801e9ed643d4d9d1d7af03258b703e743879bd4c447a190de09004129043126
1138	RemixResource1138	1488	b1164f1649cded460ccef722397e81b3fb01cc470e2dd9f544649941aab27f7d
1139	RemixResource1139	1600	62f4fa8a40d051bb77e78a80c4335b10cb06ed71d519bedddf013358ed4cf069
1140	RemixResource1140	2416	21114472014de9b8399634d54f65f294aa1d0d99cd1dc008350c23de74c15f25
1141	RemixResource1141	2784	c7f6d4a7e8a7420e096315dc7caf607d5472f1bc2f3b99a87c2bc32555c4550a
1142	RemixResource1142	1952	3f0c38d8a13ffcc201863c4517b6aa250b33b97dc50c9e15a1c7fb52f1d51f93
1143	RemixResource1143	2368	c39ee1ebecca17198a9a1a947d48ed95db9ff270342d0fcef0f2a871a72559c7
1144	RemixResource1144	3328	aa72bf4adc4d9d2c51389809182f29f80d79e2b9f251545931f3cefe4a272b8a
1145	RemixResource1145	1744	0f2fc661aee023a038d734b1eb57a9a4ec3783d48ae80546f85f5e08e4d6677b
1146	RemixResource1146	2256	5a94eea4a5f5764e2e16e15ee2e7f1be6f4363dd0defc2ab557c5d7b9e2f5a38
1147	RemixResource1147	2608	c2e6e27d076680cdaafc26dd1dae41fff451f2239e36da6c2b23246d1f4552e5
1148	RemixResource1148	1536	7689886121f72ae9367e642c5366a86e2dd866502aca18b7b2ec6396011825d5
1149	RemixResource1149	2064	62a16805547bfd0f8d8b862c16a6f8274c8eefca3fb050aa5eaeb83eaf0c4d4d
1150	RemixResource1150	2736	92fbe3cd91878ec50077c8ad5b51529265764ade6987bb2d9dba2ab60ef5a90e
1151	RemixResource1151	2256	9f6f9a7860a70aa3ea1317f75c258834c9a2ccd5180203c4c961b2692986a25c
1152	RemixResource1152	2288	5eeca9dc8f907cf6351b29181c7fe42c56272005022149a905bb1e0e6daea918
1153	RemixResource1153	2816	ff35515aaff94be1e55d8694a976a22122cff41101b4eafd4c46295059119b0e
1154	RemixResource1154	3072	104126ad179547844fe47055bb6870899bc03c8a440a13fb3be8589f66f7b41a
1155	RemixResource1155	752	41e57aa4eb0633c295140bd8531502d8a9105184a74a2851c6431a95374a31eb
1156	RemixResource1156	1488	cf02a95199128c5b7f8efa7aa2f715199f5ef97f2c667814bbd5d302605146a9
1157	RemixResource1157	768	460ec5512eb2a966fc6b0fc2d767dbcf4966b35e8bcbd31a29a52acd01d7cd31
1158	RemixResource1158	1200	dd644741057aee7c4ecc31c61010cbfe7fcc18f185eda75d3322b5e899aabb12
1159	RemixResource1159	1920	c05faf05fd0fa110ff0c6dc8b921916958eccafdf022c2e1be4122485ebce12e
1160	RemixResource1160	2144	eae028edc44711edb2b909af555a21a07ae3b89b5c8392d2d6f022cc4392d7b5
1161	RemixResource1161	1856	a477c76a21cf9cfe55c7f71cab6fb8c188e601b629c28a730d53b3151ec7a0f9
1162	RemixResource1162	2032	e8b92484b2ac1db8b6a0e8f562778a3c73b69840e7c8aeedf8d95719c46052b8
1163	RemixResource1163	3264	7bb4fc20e05082532f8d579940f65526d248a20f043ff442b77801359f0385c3
1164	RemixResource1164	3200	32400735385b77caa2489af80f92c9e23548c2e42cd6641a6db095b73ef98359
1165	RemixResource1165	2464	36cebe775a9dcb990e3be3f69b0a460c8806d1230fee2351cd42bec536a05e40
1166	RemixResource1166	2656	3956455db7ff4be326c74347937083626b8169a24749da20528efccce42d62fd
1167	RemixResource1167	2752	cb5f372a8230dea97a993a170cc9cb495e4bdffc30a75fc8f11f73f216ef9c4b
1168	RemixResource1168	2256	6d1ccc4a7c4a0db1cc8f30cf0f50da9c6e568f1017fcf5512c9a132e55e99f78
1169	RemixResource1169	3248	f6f0f1c6b43ea42447b2f87514e4b1fadbf6a915fe68effc0ee2dbd6ed5dcc2d
1170	RemixResource1170	3520	04b14076a43a21f152c3e7fccd3e692cbac883612da391717ca463bbd8f16f6b
1171	RemixResource1171	1856	662e0ff1b8cd80cf6f0111674551a694affd596bc94fbf30bcf170941a44a891
1172	RemixResource1172	1456	c8d5553285f930143bf9df19d0f351fbbddd007f78143a722f6a0d382da0bcdb
1173	RemixResource1173	880	d9369385c646e7c78b0d19ce10a6282eb317c50f2734758b933863654136cd77
1174	RemixResource1174	1696	326180957a37b53a427a690806f78eaad27195897d36fda5d2125c6746bcc08d
1175	RemixResource1175	3440	aab8eef55615ef9b61653f45258178f8a96bcf3f6a3061ba04c121fee79df2b4
1176	RemixResource1176	3968	dcbe62d9b8271d69706f0f7fd9a96d33cefbbc525c22a4a7534b64f0e52599c2
1177	RemixResource1177	6304	3700371224533fd429e69aa0ae83729b7b6c9473634dd2b49739ad882be31e28
1178	RemixResource1178	976	94910da23d629fb2baa5d95a9fe87170f138c27bfe54f3bc9e8dbf9a73cb7c05
1179	RemixResource1179	3824	c3f1f738a64a2c0a0b2aabe0b977441437cf6dbd07cb6aff2443f37a106e5743
1180	RemixResource1180	3936	1759c5bbe4da6eaf7dab633f4b183e14e9fb0f51e94a935634b76ea3207318c4
1181	RemixResource1181	912	7f0be1436a5087e170133b7b4aa4f534329324c43c8411801f0a3e618b8514fd
1182	RemixResource1182	2048	54f834060611bafc014d61bab98296a04aa0d17730ad3fdd722bfcef9fbca04f
1183	RemixResource1183	1360	af8009b0fa408744f41589caee15d5eb9b8526b34296fee3dfa8a3ccdf8a3425
1184	RemixResource1184	832	88238910fcfecb20957460ccc9a2105cc4f00fb10d427b428d7d2b6f4b568c6b
1185	RemixResource1185	768	f7affe5afeedaa348d5bc526f9879b1dc7511de58949446ee306fc8751789c1d
1186	RemixResource1186	928	b81e98556f7fc07ef4b768a9cd9cc15f6ef1def2bdc7ee2a6adac7016acbb002
1187	RemixResource1187	944	ed1df6ebd4d8902035260636e25194a9e7c203001c631969e4a6f8725571ff8a
1188	RemixResource1188	4288	1c10f7f06fe118d96ca7d8018bddd8556de0cf714282e43f466ed39ead278d90
1189	RemixResource1189	896	75c4a96bbcda8d5d007e08b6613efb2087a0722c22d63b98c4a8b6267b8394d4
1190	RemixResource1190	1040	403d9ef534beb6b3275f658bbbbd7a4fb781428e3829b2985c6545675ed3aacb
1191	RemixResource1191	1456	3be72be81d8c6f6bd13ec16b79134c4ebdb9c271efc2e08b51193f0664462440
1192	RemixResource1192	1296	17795857bfe1caf7fc86bc0d3b33b485a10aed0acde0ed81ab321a3f2872c1e9
1193	RemixResource1193	2512	ce6eebaa7b2bf0b8d93163461fd9242fbfdb5d6bc5eede35f847454b947fe8f3
1194	RemixResource1194	2304	f0c668feffa5ae1de4d12c01621d232b314fa90f0fa643068ce22bcd3fb30ef9
1195	RemixResource1195	992	62b53d1b877a4f347791bc774072f237f69841439095cde9fe226259247b8fc6
1196	RemixResource1196	1728	5a696e3720f4b99366d026f7858877911f0a250a5735aa0ea61665622a3b8ecf
1197	RemixResource1197	1296	33cf79c8f1bec4e97377206e4869632bdeea534207cddc8509d5bd705be64ee8
1198	RemixResource1198	3216	4c96d8a0525049ea157d0423eeb3c108ddd3008125d88a73a264f05d0f4e3ead
1199	RemixResource1199	1008	282f4977298a3d649af6dada770d836154b90cc5f7b8887b1bcd4d424028f67b
1200	RemixResource1200	3088	50ec327779a44dc4f4f462b5dc8d8fd46b634e72ffd5d69ca5ed5cb68b5a6e34
1201	RemixResource1201	1248	3a4208c9b4c555cd4ad7cad01df5f10a86c70e940bbac52f495c38b47242896d
1202	RemixResource1202	2768	a5b2e885457befb208815908678c50082371904ef1ca1409cb59cfc42eae5b97
1203	RemixResource1203	992	49ffb00a168c70fbb62b081b93e1c05a1687a2e030fd848987ed8d3bcc11ce4e
1204	RemixResource1204	3504	382a8cf42125ccc6155aacdd34e250a82c288be6793ce0ea790c1ddbfa8e0a45
1205	RemixResource1205	1456	13c43488ca6209a12f4e9a782bbc788a51124ef211dd05203e59e4e9c46f4a98
1206	RemixResource1206	2112	081fe54a5311ec90091b1c0add9af07e18e3df50091a6affab88a3e0a4cf2a3d
1207	RemixResource1207	2496	6d23676af1903a15758de3634d6840ffd62fe11dd63df18f7a5b517388b0aac9
1208	RemixResource1208	2096	4c01d43f9b3979532b090cf60edd368259570391faaf01cadd8962690bd910d9
1209	RemixResource1209	3472	b3d6dc0b25feadfe4119b0b870d3c29cc556f33804d1242738110b1d336fb31a
1210	RemixResource1210	1408	cf8fc99d21b70cb310f1afd43ed2ae475d9e7ec962f2ce7efed10085cb1cbf55
1211	RemixResource1211	2560	790bed30e26949d319f3b3da18aa863a58b6e53043b28eefa19bd11e2e9715ff
1212	RemixResource1212	2240	44c53fec2cc5568bee92b49ebcb363e13b473636cbaec01fdf5d83d627b94ba4
1213	RemixResource1213	2288	baa5ad411397414983f57367edab0595ce35a0d3740a0d4650a3b3ee6ed8278f
1214	RemixResource1214	3088	5d451f4d38eddf8fdd639d7e68acc9b142f97992b16a5a0f02d8c9e905cf1552
1215	RemixResource1215	2384	8c7fb74fd4ad3236615e0ee15e0fabfdd460c7c6745c6a4153a88ecc1e29d722
1216	RemixResource1216	1872	d6d642807581f79e57de27761bbb73bb2ea6573c5719e1590771942864f9d953
1217	RemixResource1217	2960	91403aa0791c48bb226da08984c9b9e2263374839a40e9c6eadc3ee27f558815
1218	RemixResource1218	3680	5bc3adb6e03608d244be183e431cb08abb39b6dd60b384263cf975683d332d13
1219	RemixResource1219	3568	91390b9bc3237c3954824d12c845aa58c66881c598ee6b7c74e0fb65b84be42b
1220	RemixResource1220	1872	639ae2abb90a2e322d571d27628721945d959f7b764e92ec69c3548701ee0860
1221	RemixResource1221	2224	3f7c1c081aa1b0a5a8e0822f0422ff8faf31fbbeb0c08eb764d13affe07b30d6
1222	RemixResource1222	2032	b0d668eccfc61692936c185ab35202cca7d7fa943ffe3f811ac6e9bcbcedad42
1223	RemixResource1223	2512	e5541b265a7e67f4cda1e7155dd93ec47a2f5c96df0a0b32752c7a0ab8ec9a68
1224	RemixResource1224	2224	a25e327f9bb54564134973d7936140bd298f7a9f391e3fc0d9c79631aa5094d2
1225	RemixResource1225	2704	44f053eb0f72f53b732b4051c6f64d594812b176c4bc0ba634bc098f71c11307
1226	RemixResource1226	816	e33bd93e6eeecdc39bcf6fa416e903f00954330521fea5e8adceec2bf6df6698
1227	RemixResource1227	5648	681d8d5d74eeadc5e6b60adf42a1433b1cb4a3ed8ebc0cb1274ce3360a3bc228
1228	RemixResource1228	1024	a6ec6912fa80ed5d21ee1677bc806d3d56e7267a65c1019a41769c98b7c38164
1229	RemixResource1229	3376	084b0276f60b56ac33581c8d4938c008ffeb81403f492a72f85f1d3ce75b8919
1230	RemixResource1230	2816	835dc863b1fef2a6549b64438c255c94a6a247dc3341eff0bfa40f0cb881a95b
1231	RemixResource1231	2224	82dc23e26a6496fbd0b126a899fa4785b4cadb3877dfe1c0a8a482c04ad65124
1232	RemixResource1232	2224	e78b6fc80bef52ed54f217c9e2643180a4c2094b04743b9c543d8d50240faabc
1233	RemixResource1233	3776	506e592e96efa52bab210ac943ab70fab8ac2882e70e6c769a6e1054c25c0524
1234	RemixResource1234	3728	795e43d09a302b4a20d941d5abbef8b7046a04c87a9951fcbaa2c4f6d71a46bc
1235	RemixResource1235	3696	910039e2e16542645e49f3d985b76a887ab532c8a0932783540adfba502bcb3e
1236	RemixResource1236	1952	9f93743502930be9ea95dd81eea778c68c3d444659404fa3298979ba1dfcd14a
1237	RemixResource1237	2768	c6b9542b36f4ade8a0e8a10be76e68ee0ab256fac875f87c089c8d4212ab40a7
1238	RemixResource1238	3072	44fe6d6cf17bc387324cb9d0b46616c2ed2ddf082c67034f1d8731d62ffbf2aa
1239	RemixResource1239	2656	5579ffddf1306e9e12ea3ad68ed613ff66181c58dd5520b6aafff95441b331e3
1240	RemixResource1240	3472	44f774c53a2d7d89d2b3286a991c01c9706842fe582dad08ba3fda65e188c9fe
1241	RemixResource1241	1440	8470cf751da3462cfb4a94ebf1b51861f9993cc07b396d5a171bb3d307918b5d
1242	RemixResource1242	3936	4d4de02b02457a48f068d9398c7947321a0733f192807d9a9021435472c725c1
1243	RemixResource1243	1328	0586e1fb71e7e5067a44e0ec2c38d322dfe2a3bab5b6fba3abe91c1b9e2b2ed8
1244	RemixResource1244	1344	e2e9213264505be98b31521da87985c63295399e346fc40f6b7a4a8e478c54ab
1245	RemixResource1245	1936	2fa3c757fa76c5fde599e201863a8310004a2b9b4fcff6fdf395716cb47aedfa
1246	RemixResource1246	7328	70de0d9fad7593b93c4c92fa4fd6f908961a5b213d9de8a2c128b299aaf33dfc
1247	RemixResource1247	6528	956de65d4f9823c80b42eb5db2ddf2763430dcd5687f44a44406ff4115a14014
1248	RemixResource1248	2784	f474b4f8cf793e33d61b61b9933c30b91571333aaf16f52cbe95de989bf5159a
1249	RemixResource1249	2096	34acb973133b10ab897d537b02f0cedecaf5744f6eba9b25a93ef0b066ad5a66
1250	RemixResource1250	3984	613624496db9fcdc44a38f09c312a4df835d108e86fdc98a8e37d4f8e36cab1b
1251	RemixResource1251	3408	2e091fa1e83fc5ba8b3c8d42c1334aeef3edbdfb4615059cae272e192dd4c9df
1252	RemixResource1252	1728	4bad573ac9b3e606168fa6058a79f91dbaea145b3f870e3c8f44f597679ae22f
1253	RemixResource1253	2848	637818687bf3ee16909bf007cc0ee4cb574fe6cc95dd49af2cbaf58169eae01b
1254	RemixResource1254	1728	63408fa9ed4796e703034d15c5a798046819dc87d7fbafd7c3de49f75c60d255
1255	RemixResource1255	2400	9965d8d245a7e5fa5a57625a533789b8b96e8e96df2e560aec35c2f4c1c58998
1256	RemixResource1256	2352	34472b5d3e77973d86dcbf7b576724a54b67bf4881e990e67480a470abc4b900
1257	RemixResource1257	576	74f80c4ae75ceee4f96fd0f074d57c01248b93c837cd5daaf81f51982aa6a9c4
1258	RemixResource1258	2032	4d9ab7913dd567f1ae36c75567074184e8b200165e9ec48e707f296c2764b65e
1259	RemixResource1259	1072	9632ca92d52370774cc6b0ad48a4a317c85837ef35837ada7eedbe6df2b7b093
1260	RemixResource1260	1632	d142a0f3d7d422b56d4575364051851862559f2597534755643353b2ef8abd9e
1261	RemixResource1261	1792	db42bde7fdc6a138d36dc2fdfc500f7a3304a5e0e62e0f9498a23eaab6671f66
1262	RemixResource1262	2112	4adfebd1f652849f014f65e374154561d60373d54c9ed87e59f8ad9c328dc4a2
1263	RemixResource1263	880	ea6a9928d7cbe765886a0ec86ee2331016d9e95ea2c202a1dc6422c4f63b30ad
1264	RemixResource1264	1840	8cab8335d57984c91ee7bf50d5dc5901f7842be15af5e9a006ab1b9280a75954
1265	RemixResource1265	1360	a80b8a0e3f7ef3a63fee959485e8ffab1b77ab250e4909eb9cfaff426428351c
1266	RemixResource1266	1920	33aa6e1d8b7efa058a75eb801c724f5e2b6ff72c07ca3f5dc2b91c92a42c4bea
1267	RemixResource1267	1328	3bd7b78677c2d8a5399f68d29eae6f3ffbe6313be92478c23f00e5081f344610
1268	RemixResource1268	2016	9922abf3fe8da80d139c261ece0ffc1718dba2382fb949d4ef7585937376075c
1269	RemixResource1269	1712	3f519ca36354727fc6c81127a402b25b408758f8d116622d94d6a5d495765e74
1270	RemixResource1270	1936	b9233a082844d294105f49573ed1a7bff4e55c9a36f46ec2a9bc8f014139016f
1271	RemixResource1271	1632	bb6b68d8dd516b8ecb2a5fdd367d2471ad90d62825f684dbc896005268604e44
1272	RemixResource1272	1648	17ccc85812e24862a2326ddb172d74c4c6667f41f25cdb79ae2f01b360e58ede
1273	RemixResource1273	1728	50ca3420ee394c80a78346f58410636baf87ace30bb3310adf80e468e7ca296d
1274	RemixResource1274	1680	18e9d89e2af41a9be69679c93f91dc347ffb8ce0e2ecede77ab60f6cdd748d55
1275	RemixResource1275	1728	457dc2f4d34222297f02ca18d86ce11702d87bcd23e8c44793e97c3aaa6490eb
1276	RemixResource1276	704	85c52383a14fec7fc4d98583ef6b48164dd9ab57807284f922a02fcd7c95dd4a
1277	RemixResource1277	800	92a492b048d706534bac53898b0500975de729c0fa1191acd5c5f9a7f033c82d
1278	RemixResource1278	880	8147615eaf7e74db68d6264553ec58193345aa3cddbc076c2784dd6740b19b3a
1279	RemixResource1279	1088	ae13eb2c19c00e1a178cdaff46b75d0f5a090128f32209731ca958615b2916df
1280	RemixResource1280	928	e7f20562c09f7578e80c6934b163f8af996418b7731300ca4418a3d2ae934f5b
1281	RemixResource1281	1072	9a10d6f8206bcf42651026d8503981136c6ad51ca38ac01195828d5bb4650262
1282	RemixResource1282	1936	39c08e59b22e672abb6a18691504161441e7a7610d5152f0bf15de11ac31129d
1283	RemixResource1283	1520	41245c65c36ebf329052b974ccb731aeedcd37abde280b4d5fb56f5fdb13726d
1284	RemixResource1284	1168	a6f5181d100b9d610d1b2577d4976b02fd9b86d6f1e36a865140ada2a146caf9
1285	RemixResource1285	1952	21fadff04a7db16c820375cb4cc4942924a54d01a4e7b2197f6085157416e4a3
1286	RemixResource1286	1792	3156376d40c1ca9b712efa4397f498b45a2e5dc38558cc6b63df35da7700c103
1287	RemixResource1287	2320	70820cf1176bc940b3ef9b96e78d4f53ec49eb5074dffd2e4b50d1b35135e88a
1288	RemixResource1288	2896	8d0f06efe2918651094bd273872ed3d8270a7c14ea009f864cd17ddfead5d34c
1289	RemixResource1289	1696	b9d962782ed45a732e332de61298bdfedb2fa94bde3a021a2bc063105cfb4869
1290	RemixResource1290	2496	748616707582566eee9f5b6fd3a1f69780dbbb602c95742455c61dbf9be18aad
1291	RemixResource1291	2656	5298f33ecb62f675086fb3698e79d2e534070d87cbb7f565830a4318b2212b6b
1292	RemixResource1292	1424	19255e0749351ca05c7e15949a468b902691b368b044ed41c30df628e97a8aa2
1293	RemixResource1293	2560	49fb9a8a5abe2e046937d43475bed0f16b520aab04a24c5467f3db95a4e00060
1294	RemixResource1294	2192	d136ef2535371c3dd84350e5affa1de772845369e9d78102ad20e03d0762445a
1295	RemixResource1295	1360	6ed1acdde5b730cdac936b90a9bb69d34227a1c9b128f899bb0549b2a74aa472
1296	RemixResource1296	1968	f2bbfc9cc30855e29853547fb6fdd6664d3562ac9f7e29a2a8fae68911e1d460
1297	RemixResource1297	2304	34d5fcd4758e651c961f65178fb3843bde6306c3dbb0453ab0c6ea8dc9e9f160
1298	RemixResource1298	2096	d5c9c288d22b292b0c2b97feaa4dec13641c0f7453f4f7a7ca3f3199b1d8d2ae
1299	RemixResource1299	1744	87082955e64a379115659243f86c24da2650ec2d5d74dbcbca3c5e3f2ff8e5c3
1300	RemixResource1300	2128	6137296e82c82edc7c0a446d71ae1bba520331c6ddd40807b9dec0eae5e57108
1301	RemixResource1301	3824	9fe34df306e5418fef9b2f0f8c57d946bf1b204140c3579a9e66cc2e113c06c7
1302	RemixResource1302	688	4fee530d9e439657c695c777a76e0ab32ddbc04df1c6ad1ab41e7406ec32ff9f
1303	RemixResource1303	704	90c28f93995e4d164d93c6a167ae8b56d71e76ac4157cd5943d697732077ce8a
1304	RemixResource1304	640	a1baaacf48f8efe8d5090849d12898f99e5c5e49c55b8e4af2aa9aeccb9c6b6a
1305	RemixResource1305	864	bfc06cecd607773a48cef6ae1447cee99e849acc4ea332ddef75e65efc0f7f9e
1306	RemixResource1306	2160	440d24cc970f8b7b8eccaf0f2be768e96ff780f21cf8ffebd81d7d87696dc20f
1307	RemixResource1307	2288	bae982e1aade3e372492c5eebf03e286eb4af144a6e601ed55863e0190bb99a5
1308	RemixResource1308	1664	89e6a59ecc26d90e0056b4997c083a9066b09165446e57ea4f91cb1d11be2874
1309	RemixResource1309	2480	0946358029e6b1867d4ddf1a1e8bd231750b0af69a51b3eeae536a3be88b5fec
1310	RemixResource1310	2336	3a5072fde60dddb0a24a879361d2e90427783a4274a2c80b86eb5729bb4642ac
1311	RemixResource1311	2368	f9e1a94609a18c26c41f5980cbab9d42b51693f60b2745cb6af1889e17b13995
1312	RemixResource1312	2224	e718debad955ee8949d362607317093186cfe79f2fe64df9cec6d7071a5e39a8
1313	RemixResource1313	2192	4d8b9c7867627b2e52668ff9de2621554a410ac1581282792a74bf8e34b32e59
1314	RemixResource1314	2432	ed03c9979bea4d24692686fb912d4dfbf03185b06aa929ae2a5a748db6dfc42c
1315	RemixResource1315	2176	23675f725589fb2491499d28b8365a1976ac51c11c660dd1fc830a4ceeb52284
1316	RemixResource1316	3488	b2df7c43b4b5752a4e01c14cdb010652f9663f6c61b96868615c99ab23f543ed
1317	RemixResource1317	3152	60229ea3c78057c0c0ecd2f0029cad9404ac49651e7f704d3117b86bebd3b710
1318	RemixResource1318	2240	15dcdde61072bbc0bf2913a75039b43a6aa3b7e31340d5627c87f0c23f039303
1319	RemixResource1319	1168	2549fff8c10d46f1287f634e659bb8d43fbdd445c8d80badfe747b3381aa2474
1320	RemixResource1320	912	818f2bd213552cc713a7d14d96bad88fb7ff7f27e3158dc4f407f28d283ae5e3
1321	RemixResource1321	1744	a23ab45ac91b8d6ecbba245dbe308ade5e127b0634954f3850da0e81e52b4dff
1322	RemixResource1322	2832	623545527897b26280a48440dca068282674ab9a0e5396e0a31eda07374b72f7
1323	RemixResource1323	2912	35093bc4d81130f4566486f1d2aaf6cce40d203542e93fd5464dd9ce666e0ea0
1324	RemixResource1324	1920	12f96560c0988885aa258ad8e0a4005d2a57722a1eb522cf9b7cd89de129cd99
1325	RemixResource1325	800	0ea67e5ce548e86be19333c95a976d8fb4e80c97bfcd114ecf013d5b33fd0005
1326	RemixResource1326	2064	68b4a61e96056abf25d6190154a1ffdaee5c46ea93b9aba09ab1b34a14e76230
1327	RemixResource1327	800	1e45332e7f1f14d49be6501bab91c83129b515aaaa8759607b633cd9d2ce0b8d
1328	RemixResource1328	2528	77b3721918e4df5bba7dd4a64d71131b817d5482ada37302731551366e4ccc36
1329	RemixResource1329	5168	9b9d10b8f71f23f22315f156700023e71b690523b2d840ecf25467336698684d
1330	RemixResource1330	848	5a36b1d0b29b41c09ecaa37283cdba2c3b84a4ba19ef49b0cff90b357034db0f
1331	RemixResource1331	1952	8dac37032c9c79695c0a7048650eeac2fd4b6c19af070add4dfe142c19a7109c
1332	RemixResource1332	1520	c60c7bfac3227508adbd581da0a17c856a4b872019fbe3aab5ddb0aafa91ce24
1333	RemixResource1333	2048	fa69b8019c5798936f87150271dd6d84702bed49b431ecb5bda19297ba111496
1334	RemixResource1334	800	d3bb7817d9b0830310ce4cefc0ab2301939a814de0098d1988ab1eeb1c345840
1335	RemixResource1335	768	addecea6511a9c0b1b067dbbf559fcc6e774b7f8797f39f27b35fb4584f9c5ec
1336	RemixResource1336	656	e97610998d27b3c2f57e691ccf0996d7248d1b6c716eb5a85268c289ad0b87f9
1337	RemixResource1337	688	6d6ad65c922efb9fa8b4f753faea367a0bb0212d6f085d933ac76ad49dd6f4a5
1338	RemixResource1338	3008	a9b24e48e3d15b079ff75bf8d9de24b7c210de4fe2906881940e910448faa8c4
1339	RemixResource1339	768	2d4e065f08bdc50a1edbcbfede0219700fceb447c3988b699a0bb069392a98a0
1340	RemixResource1340	992	b5ec94696d9ff0330e9aedab57b467ed41cb39cc9cabdec13ce988ddfc3d7566
1341	RemixResource1341	1440	314978918feeb6f0693e9fd537dd49e7a3625f49d8c858b845b0a89235016ec0
1342	RemixResource1342	896	51f39635045139850c680d2fe3b372452b163671998b4db1bd1a061ed7c7a371
1343	RemixResource1343	1776	99363113994bd53d7d8b77a2bbad5f79831725f7036a77005aed57f05fa5d3a6
1344	RemixResource1344	3328	921ce004dafc15b67adfe668af7b02049768d174913f41f8405d41f1d3b1f787
1345	RemixResource1345	784	50e773139b85dbf134c7289b619a22aea3ba9e1219c79bcdb2d186a159e41048
1346	RemixResource1346	2352	df64a6605e4207d8480daf5ded8627e7cff7856c5f838ca2c26d99711a99d447
1347	RemixResource1347	912	e6129e7bf262d69fcfa2100c808d4e68c779daef454cf8129e69dad1ebaed018
1348	RemixResource1348	3648	99a90444956f0e893d58fe5a8dee592ad1007911e895e8d0314a98563414d0a9
1349	RemixResource1349	784	a4f2e4074b455de09b10c6dacce8013de89b1636a8086ce8cbd9e01dded5ae9f
1350	RemixResource1350	6016	9b62324cd634e372d88311f713c6ca6a8809c543a18a0c1701ffcbff083b6b6b
1351	RemixResource1351	1008	f0732c7ba4b9556586e719ebab3a0f8e15b84dc3256c5d18b122ddb746b5922c
1352	RemixResource1352	2560	d8ebad24a166b55ccb1218f58075fa9d1aad29d4fb227e3208dfbda8c88440ad
1353	RemixResource1353	784	4eb02db40725dc969ee7e7e45dbebdbda36d08a0795c15c97596163f64b84dd2
1354	RemixResource1354	4544	6ebfefe829cbfe878697eaf60d0e8ac84edb2f78758871808a8cdf0cbee8ac42
1355	RemixResource1355	1264	1b9e98ae379143d1afcfd4990643c73e637c1876c5a869774efc8c2b10bafb7a
1356	RemixResource1356	3120	b7f4fb1b47bd09be5e7e9e6e7b7a27838cae510787844deff5353f3479eb0fee
1357	RemixResource1357	2384	36e5e35eb90393606dc12ff85857f899c468a9e6a7c69e3abdab2cd70b6fa318
1358	RemixResource1358	2352	e647bfaac64e255544b80897217776bcfda6957827b44a34ffe2479fdee367ab
1359	RemixResource1359	2672	7b97b33b0b75b3e3990a678558ae928b45061cc5b6bb39aa06bba4537e5c5f40
1360	RemixResource1360	2080	212bae0a41a8801813ab9cdb14e18071e828fc5cf4f9faec241e985fd715cc33
1361	RemixResource1361	1904	b95d35175c0dac7c27bfbd9ab529934992209e539fe44d90ec2a26131665e08f
1362	RemixResource1362	2320	62462cf67efbbaf367951bcd3bfe215ea82ce1a35624639ed6167f8956bcf34b
1363	RemixResource1363	2176	7f1b934045f229e0183152f26cf574ec324fb9216e5036de76fb80e8b1c32b68
1364	RemixResource1364	3072	e0897af16b2dfac98157e75b258a77fe256481be3674f109ef7080fdf8c85014
1365	RemixResource1365	2896	601ba5a1196f3defbf31c98218c425d8cfbec59be7fcb89ba3127abac959a24f
1366	RemixResource1366	2096	985b9ef4a67605303c680f2064169ae454af495c68b93e3e0ef96c329aabcaaf
1367	RemixResource1367	2832	d3dbd3e899c2294c6fd6b633ee2c1e2b1eafeb5da7a73936da672b2862f5985e
1368	RemixResource1368	3984	87ccb3459507a05b874971daa60c680f1384e1f2ba19adacbb6d4b763d9a3ee5
1369	RemixResource1369	2720	af8dc529be68c808468bb5f3d1bfe221a56c23f622cf5411cf111be60680f5e7
1370	RemixResource1370	1280	b35d7d7d72951757bc13e491367b2f1f1b92ceab57c8f84cb89d4e6c6b9cacbd
1371	RemixResource1371	1536	040eb33dc185af306ce50b8a299d607afe27aac53488321f9a4eec9c8e019b07
1372	RemixResource1372	2768	8755b1cb9e0d8c926ff53e09e55d40f637a16d51f8f768a44f638b80e710edb2
1373	RemixResource1373	1984	11393dbfe5a0cfb2d797f0f3b36adbc46507c8957a4f7cafbc542ab67f2a97b1
1374	RemixResource1374	1920	b7d0f91ad05fc612656c70456198733f16a31fdb03a1cb2d758aed8abe67feb1
1375	RemixResource1375	1184	924004dceee43f89d78bea8b0ccc792eb99129bfdc0d23cca6dc2030df6441df
1376	RemixResource1376	1984	e3fd0241b1e99cd90bcec3d555a30fd88e13235ebecc3819961e3a2bfbd7913e
1377	RemixResource1377	1296	f6ede1072083a2a889f80c44f0c7220534913f6665dd1f1259e071ee395e0ec1
1378	RemixResource1378	2720	2aad189e9d3d149a3919f80b2d79e551d618265c4965b50b85b4f18458c76227
1379	RemixResource1379	2480	53dd2184b54f22033e28371c65f4efcef7ddc3f2e7811038b3b5c31a6fcb034c
1380	RemixResource1380	2368	7fb7eed0f601c3403bb6c4f5128cba62f2025f81ae32bdf6ddb5a0405afaeefb
1381	RemixResource1381	2400	b3e0b399e5d5a8fc54ad165e6f906b5460b2c833e2be0016f3409b1fbde9f306
1382	RemixResource1382	2240	04cb0ea9ffacbb3a3279673590ebb48f0fdc068f14828450976af920593b0156
1383	RemixResource1383	2224	9e5be03f6c2be62852fc02a1cc28b0c8985f58b534b76d65651f64d3ed07eb4b
1384	RemixResource1384	2592	1c292dae29640dc3096002918c33040247b35aaa79b653ed2b000d4502e1f23f
1385	RemixResource1385	3072	5d9355365da00e8a4a9782211e96e7478eea9998395b5aa2bf9f2cf850957ea3
1386	RemixResource1386	3056	d6b706fb8de036afc9ac18f491d374f1e17b0a9845db81c117a15002fb5d5484
1387	RemixResource1387	2288	264efd39a64f943976b7109579f056ebbb10088e25711e5ed90f52d0e2382515
1388	RemixResource1388	2704	be29ce7ce31a345f83ba42051c3f4661b388ab3bb008e896506c984f11619de9
1389	RemixResource1389	2304	cce4fe84244e8e2c22f8b18e01bcf52844594a539525183f8e469431b913f61d
1390	RemixResource1390	1920	95e205e4e558a29eed24c17df71718b2b4529671e63102a87865415a37ac0b63
1391	RemixResource1391	2272	550c4c1a2a2d8bbcccb294a4181e8b957f05c045c5e8322796264093c12a3168
1392	RemixResource1392	2016	a7f0080ef535367ff1c6e0b47dbff771629d66ad5ac5327b01b108a1cc464989
1393	RemixResource1393	1856	f232b4f1cc8b543065234a28be2d93b1f067407edd329d2cfa134598e31ab894
1394	RemixResource1394	1424	1b3d1355486ff6a0996ab902bdada14040ecc172947f35547a1ee4c4a69dd404
1395	RemixResource1395	1632	22d0e871bece8e30620debbf67fdde0fb79860eedb05813c9faf30de5ded5009
1396	RemixResource1396	2288	9a93c5d7b095e3aad507b44a27741b2cf889a9e789390a733dd5a36869e297f1
1397	RemixResource1397	2896	9297a89e2090385cf05f5946c0db37612e5b4f33b5a8624d617386a28e2005e3
1398	RemixResource1398	2688	4235ebf37862b8641d7d6c1aea6c50fb2519484590501a6194ce5d5754183ef7
1399	RemixResource1399	1040	0816b314570d31ec1425c8edf309c3e7de3f1b6b1e7f1d197558a1955ebc5c2c
1400	RemixResource1400	1136	494593dda922d8dfa8e58a704d4103fefc1b282640a576c305b357cce1af1276
1401	RemixResource1401	3952	d880b9dd388946bc866e1dd0eaa5259d56385fc3a3df02201e40ccc2c99df1ba
1402	RemixResource1402	1152	992ff333ce2f8a0d8df3ca7f9b2f769123828d61d4df2991dee7a86c3b145a19
1403	RemixResource1403	1152	e946e00495d3b83d89ca3ec340919c608f5e80bb27536ca354b00c7ddc793974
1404	RemixResource1404	3696	6f00d80bf0e485678b2d3a57a44c2528fcc2bbee32d7a96ad206b87eb20957be
1405	RemixResource1405	1520	0863d1d0a15f209e16f201b4e5c6fb20fbd61548f4e119b12807ab05e5893638
1406	RemixResource1406	848	de0e9eb94138babd5942ff78e15f0fbec20fa4f23660a7bf02f716b5eb5d98c7
1407	RemixResource1407	2224	f0fd29e755c56324f4f702d416e0ef3d5b3f55805c223dea42b24d07dd6d918b
1408	RemixResource1408	1440	60d4a61f888e7197fb1920af666b04f17f4542b3eef36520c6ce427cdd679221
1409	RemixResource1409	2128	58ed828eed7bfc4bb57a06d03e9214adeab186da25e3aef549678d571b7f649a
1410	RemixResource1410	3344	295b5c543374a33ba44c81d24e7f34de8ee76e31f7e9602c297297935b4cbf22
1411	RemixResource1411	2752	71b4275151c09b175f30dcb7cf9c552999f6d89ca5d91c8dce5fd2373a342234
1412	RemixResource1412	2928	6d55b5d41b0e64a79dd7d7bc9ac2f9603e7f22dd90861f229f6c0b125c32a4c6
1413	RemixResource1413	2992	34892fc1cda19093ee03098780afd2c83b146a0b2201518589fcb77f781c1f29
1414	RemixResource1414	3856	fc5126bb06b0f519dbe8a47bed0d52ca29c0b347a21237bf72853eac82e918d5
1415	RemixResource1415	4320	d39ebc1297f8b3e7534ee8485bcd2d53d0f39def2e76f4fb21573093a1e98af0
1416	RemixResource1416	3104	1ba6719c952aca6be3ca31e6b035a3651ea20af137ead8f797fb61b8a74502e4
1417	RemixResource1417	3328	7a19c5cbdee52ff169fb56d6453515ba886c43aa34091f8606c225d0a744dd30
1418	RemixResource1418	3984	5c38c01bc68285f24ff886c93bd6a83c6d2663ede95a8a87fa1155f73f7f7a23
1419	RemixResource1419	1872	58aa492907337988631b1934a437a68bd2934ac7ff65579aaa9449a8f5365a69
1420	RemixResource1420	1808	0dc292cfb973f13269b8631baa3a9c043d5a13d988ebd2f3300fc258db23b1ea
1421	RemixResource1421	896	bc340cbeda76a6038b4f4bb141932c292874661096352f4d8adcfc3f62a4a165
1422	RemixResource1422	576	200128b047661a1113fa91a85e66c5624eb64d8de9a8faa2c4d3ece1f247042d
1423	RemixResource1423	1632	309719824da70406197cb340a60fdf612a2c338d4a2353ac2bc250bc1fd261e9
1424	RemixResource1424	1824	0c733ac53b4e571500ff9a267830fb584e1a10b0af5dd036c3ec9d6ae1b7b5d9
1425	KIRBY_NSP_BEGIN	1488	d4eb4c624dc74c64dc7f0124864ca93967ccaed90b12fd593b8afa9c7691e5af
1426	KIRBY_NSP_SWALLOW	1856	82b108e4cb802987cc99e5d91cb87288d133e28f9a48960c92b615efcaddb4ca
1427	KIRBY_NSP_SPIT	2304	9dbf2b33116da824338c1f3c26a670dde7c03243b1273afd2c91303c45c8cbd3
1428	KIRBY_NSP_IDLE	1248	db86eb33913d0cc40c106d8c42ca964f810057eab1f5f3acd60466f3b0e56070
1429	KIRBY_NSP_TURN	1328	24219a28eb7593efb26c630fc2aa09916eebacd719a35d228f72f8af09b7c1ba
1430	KIRBY_NSP_COPY	2656	bd876f662b47eae89af6c12c98165e351e907ff3c178b1baa9a3bd5c97a49dc5
1431	KIRBY_NSP_LOOP	848	ac75743a8ef984248bc7dae3bbf1452b1fe6858f38f393576366d20e88f1b3ea
1432	KIRBY_NSP_END	1616	6c4fcdcc64d6d15b9d91b03ec7764d2bc8bca6137b615bced8cf053335370901
1433	RemixResource1433	2656	2d6fc1eceee5c9f96294c2390004e92d0736d5ffdd4a6cdabc3deee937fa7fd9
1434	RemixResource1434	2144	d8e28c4f91c45508477338c09e2a41f1ceb51ea2cd4ccaabcc73bc1342f4d73c
1435	RemixResource1435	2736	f42f1d5401e8d2a0de2077c179345f82a7d34f70e990551f0321aa59dc05a2cd
1436	RemixResource1436	1984	8a605fd98fc2d20d48ca06132905e253c2d52ef7e2f647b8fe2ab7642ab7862f
1437	RemixResource1437	7808	99f2e404fe7494183e1d3726e1d21896d921c25dd9f2ca2c73d596e16a865eb6
1438	RemixResource1438	6064	ec694d8b14faaa8abc76418ad602e207e7dfb5c62c0030ac039267a5dc662a4f
1439	RemixResource1439	3216	337ccc30a06dfe42a0a40073f260cbc9e881284a1b50e921f786b8f2c4a9f162
1440	RemixResource1440	3088	49902953a98149289ebca3f830d3b8b7f777aed4436d6ab85c34dd667bb84944
1441	RemixResource1441	3408	ed8933b9546d311b0098352c354ced642012effff8687bcd43babe05c64d0f62
1442	RemixResource1442	3568	543328b3131b9bb6a0e7a6082a0a2ae3d8d3c1e92024e1dbb05c32d571428b0f
1443	RemixResource1443	480	d478a01ffce5ee9a93d6631a9bb02b9714a8457ae249b674b86528fc96117360
1444	RemixResource1444	2976	657b849d58a4c1da18bc5965a63530a6da7608237d723ad82ce3cdd11dae56b0
1445	RemixResource1445	5696	91c690137fbaa91d3de71be83c1f9d02b4dc72882c1619d0664650d953e46621
1446	RemixResource1446	2432	e09db516878d0f16f4282560ae75f756c4e4f43683e24359a6c6704f7ce5be4a
1447	RemixResource1447	2512	a97c93bc7aee7f3de4b4ec62cd279cae5c0b93cd0f555ae55b43073eb14d98ee
1448	RemixResource1448	2784	17cf39f21745a5b55857d79de7af904ea3833a608a30c48987eee5fe82c5824d
1449	RemixResource1449	2864	46ff1b0bab3ec4dcc10593076770b5c2912af1d51d779e3482d24212acaf07d3
1450	RemixResource1450	3824	aed8c861c245659bad4503724e723bc2551e175d72e8bbff5fadae5992c2b110
1451	RemixResource1451	3600	fc98f8df1fe9e1382e84000e4a3a5e2ac6a20e82781ec2d983b6da0bd2423e25
1452	RemixResource1452	3056	723442a1c2cdc48040447334c6a4f3c191d4a41058b24ce8b5dbd3b1537afccf
1453	RemixResource1453	3408	f8542c80ae54b9cc344349b34b45565d8adfa56fdb57e529919f7ff89201d31f
1454	RemixResource1454	2976	7890d80c61ebd544d15eb411efd4c60e73b582823d9c1860969f92d14e3d5b2f
1455	RemixResource1455	4096	164b107a5dcfc77ba1b2fe250eb9aed0adb30d21adb9f0a5587021cfbecd22a3
1456	RemixResource1456	3712	bcd6e5aaf6af367f65878a8e430f6e2f6ffda88470cd4fdf98cb9e049370befc
1457	RemixResource1457	3872	7b93341110ac21961165c27163d2dd80bd94b439a617b1e0268b6d8466ce70c1
1458	RemixResource1458	2576	239149650e2b296ecd375f7f9f924aa03da3c8ab6d97cc6a0c058246185764fa
1459	RemixResource1459	2464	b558062b9d4f1d21b872c697f63322599cb687b85c35795399f68e33f6109f07
1460	RemixResource1460	3008	0e7da617bb4c263fa345fe9f0615809c041889c2a8b1e984229b7aff6a7ac1a5
1461	RemixResource1461	3856	b49af51d6c8b7a70a212be6907e7ad63769d293070faa8fb4d2f2ad389b5d851
1462	RemixResource1462	2768	8a8f5918fea8a47f41563153d58126af2b581d1aa2508b70f678cbf068c693b8
1463	RemixResource1463	2800	e5a4e4c943c5c4ce561b82050df42ff62b0491ea916a1f0ccd251dd16dcf5acc
1464	RemixResource1464	3584	81e4aedaa29a4d048ad47f6147068719cf502db72f0f7bdf7d8f52b904302e16
1465	RemixResource1465	3296	e3d9658333c4a18165b0c1e0dcc3dab875c2522ae8f8360c8e16354124ec14ef
1466	RemixResource1466	800	ace4542dc8e22cb5aa196e5a4b8fbe64bf4a4967134cf31ff28a8a60bbcacee6
1467	RemixResource1467	656	3157d6130ebaea655491a67243ee74193fa59bdb0051583c74614d2f96cff0ef
1468	RemixResource1468	672	ebaeef7b7f9a633bcac3400489ffc79475a27d8630c486723c56c9c424565580
1469	RemixResource1469	1072	2d0b67a3c9b7827afec0aea35d941c1b1d25a8eb09990e11e01a0f56ddc2af03
1470	RemixResource1470	2192	36d6428e86b655e510977c51b7743663d7533c0d08fcf81806ee3fa3ed36071c
1471	RemixResource1471	1936	3f99697dd01b4a86de511582098f8caf6b9379ce8ff0b59782c081b46cbfa764
1472	RemixResource1472	1904	90dd7274f6b83548f2ecfd1abe1a314a2eea74e22988d47f0e43374358c49727
1473	RemixResource1473	1840	b0067fb3029d2f16f55f23b87bfe1db401e3bd9b02a5c1aa51aec87c5ddec8a6
1474	RemixResource1474	1824	217d3e11b2ab153c5a119e9ee8ede94105a266cce54cc2d46c239b25c6284ae2
1475	RemixResource1475	1600	abbd0e0358caf5ec4b833edf116c478422d6318e90edd9a480232a334662fc53
1476	RemixResource1476	1984	9cf08f8eb156fd8cae5e2412c466e989b9359fb94368702742db3c464d54d5a5
1477	RemixResource1477	1664	3d6225bcfdcb5f9397a1569a59faacba740d2cd1dd2a3c302b0bb79c30f0d41e
1478	RemixResource1478	1152	cc8d6fbdcdced1c64cd7b9958305d2059e734825631ef3933a21e7587db412ff
1479	RemixResource1479	3136	34e409d16abd6d2b3ce42d4f84abd51ae2eccd22ad842a8aa79a9aa70cecd041
1480	RemixResource1480	2448	d17a4ee43553ddef591e59e2b95ee70cc931fc14656a9704ee4578825e38a2f0
1481	RemixResource1481	2352	14d9f5ef5d2b38a5295771a83c1875147ead25dd2c018adebbf338016ae24838
1482	RemixResource1482	2144	0416f7869fc547e8b7c48e46a7569c65a14a79e59868757b41a262eb68617a42
1483	RemixResource1483	1920	7e72ead0e46741e06235add85a490bfd82d1649cb4d11e71e6806534d7871fe9
1484	RemixResource1484	2736	e8d196b3c44beb3f4c785968cfdf8e64f536afb1a20586ffd64f73409968db10
1485	RemixResource1485	1568	82471b0c9790db525a1c3fe2b2204a32f803dee95794ab0dce4f0cfb5ff66a28
1486	RemixResource1486	944	962264be3cca492f2323a7d69ba95a69cd6aec23c4db1c3bf44a407b566b4bea
1487	RemixResource1487	1104	b42fc8b29b548202a5e4405280688a41cc67f2c94985081e27b4adfc3826e204
1488	RemixResource1488	4528	289af3d2fbfc4e386f6797cd7ff0eedafcc98c20d567220f96a84a3d18ba7732
1489	RemixResource1489	2960	b1ab37dc346feae57b31ecc6baa37e50a76e7045130b43a01ddb0ff60f8c1d8b
1490	RemixResource1490	3232	c9ffde4bd70a538df52d95e626dee7122ccb293de0118c9bb64ca226040911ce
1491	RemixResource1491	1520	79d9a2f3ef8ae678814862d4f7c0829bf6f9349789f6a402e0f05f7cea6b9dec
1492	RemixResource1492	8240	2ea0b2b4086c127c286cc39c389d61c43678345a8e0dcce04535f567a2ac98bc
1493	RemixResource1493	1552	72fc39db645e466894527fb5a6b7247f3da7196f053fe5fd626d81ad367ef8f0
1494	RemixResource1494	1584	490fbc3d3559f37e1e903ec40bd6252fcdb70e58028531416daa7fc5eb669cbd
1495	RemixResource1495	1952	a5e2729b55324a99a9456197bfe290812e3cf09b0280b02aeea137a471af344b
1496	RemixResource1496	1904	0a35cf58acdf44cde619c84a0be4f3d5be1688dbff97488603b3ce04d984b0ad
1497	RemixResource1497	2304	d7911cb23243c391b52a8d52d088c33a1abd58bd65bc677e2634da423821dc42
1498	RemixResource1498	864	b06c1014b3b7f6f60eea8dbd2f00f6ee5faf3e251c08344156f0f191e86442e8
1499	RemixResource1499	2976	0e9ccbdbd707ae0c97faa2164d306df5a7b67a16ae23ca2229d8293cf763e6a1
1500	RemixResource1500	5520	4664ea70ed4f4957c26d14c2930447a07df130e3a41e39ab3430ff8577c0630b
1501	RemixResource1501	8016	4fa8d7a49e2944e8a6eb348a3e1ffeceef407b55bc6ea80215777fcdcac70646
1502	RemixResource1502	4384	68be670a0de185937bf10db2d0d667e98940e0e24bf95a981de74b7a175c2a62
1503	RemixResource1503	3296	b8b5f1a527534d5110e55fb56c86a5474fe26690eb1eac6feb337b15f0369722
1504	RemixResource1504	7440	2fc1e97eadc2be2cf0dec1b2149074cf68933ef5fac690bd8711a06b6c0c9e66
1505	RemixResource1505	6464	824f9d131624f334021a0111b5850ab9db44fd4844fb7ba2448b9610acec06f8
1506	RemixResource1506	6640	326feb34eaa115f751277cdaac184ecd6a6050b71958bbfaa3812abfef8ce2ea
1507	RemixResource1507	2032	0ac4bdc9fbabca9d7165187e3c5caa6766634c24af7ee206470da7b11c80f80c
1508	RemixResource1508	4672	17f80747471673e7829436c85ae501f5469c8171cd7e67d5f4748e97dc9b33f0
1509	RemixResource1509	3872	1f6f1455975f12c3965ab9453ff45c444c6346f4b6b5c203f3fb05912b1381c4
1510	RemixResource1510	3824	d7416fec81d7566127d2b0057a4a0f7ba5335283437ae3ca000c8c770dbdb911
1511	RemixResource1511	368	f108cf6d348729fc9e790ed0301d14da429f1909da69c66800e3d54964d08ed5
1512	RemixResource1512	10784	4fe0dfcccf74099095a574a6b56bab202de0fdc5f1bda11f05c2c5198575bf77
1513	RemixResource1513	1648	8eb4e7ea00e7fca5275d127d366dacfba8ca62380c7416c75ccd14de162e5420
1514	RemixResource1514	1920	8beb1ec8cf3545d54b75cec443b6821d043c8300298b7e6e05dafbe805160580
1515	RemixResource1515	2272	fc12861b4c5ab717bd501682c9845592147005848f764f9291031da78efa1c8b
1516	RemixResource1516	784	08994989b3a1762ea157e8a68875c4079742d14ed6dbad693972b4b599347c40
1517	RemixResource1517	4144	aa6879a44d7c6183bbc3323ee753c6fb5a8e9a1f0d499d279045daaf686c440e
1518	RemixResource1518	2240	983393cea0741b712f4aeeff583e8e4c2bf60206f7c26d9f55b79b39ee3a5b23
1519	RemixResource1519	2864	8a1e4e54dcc14ba46925d4b08045492d1f7109b57db645a65d6c5ca6e6de0c47
1520	RemixResource1520	1792	21cc43a534912f7972021b413f5c0c2bbf55d815ac9cb8d71550eeb4017a419c
1521	RemixResource1521	2736	fc7b1b03735862cb1ed1e0eab54b487e142dd8fde7213506f9331f6605d76c60
1522	RemixResource1522	2256	655f70491923caa1e10d71c1b1f6a8df2938363abc524d6389a2b900dff61bf2
1523	RemixResource1523	3520	ae68caa99e84223d1de2b847be7dbf443b3b94ea05f98275a0103e5dd5e360f0
1524	RemixResource1524	3344	426d1e40aff4d236754450886c9727c36552ab43bf58511a55d8a235cbb9ccce
1525	RemixResource1525	2928	e515ad544df57a12fc9752f5d1cb572ae3aaee00d65dbf433a2c81c73686d972
1526	RemixResource1526	752	dab5b17137b03bf1da7b6b98579fe2c66d167720acb9e9ec6165074739d91fc6
1527	RemixResource1527	784	33ef1864ca43cbef9343dbbbfdebd7cb53b0a7816c3ec438548eb4fb3fc7c681
1528	RemixResource1528	1168	cd9a88dab25de88d261298d704a0a08820835b3f4a0d5e99f7f79befc7a955a9
1529	RemixResource1529	1952	5370aed14959518513afd8c5f96197148d5be79801742ed95d274b617ec9b8cc
1530	RemixResource1530	1232	756444d66d9ff856a50b37e5afb3553369b5a401b41c2497fb4a46763182a17d
1531	RemixResource1531	1184	d483e08d24c8f6bce5ca1c26115b43a16a936bdecf71bf21cfe8d80041918dc6
1532	RemixResource1532	3040	48025ebca71d8de4ed21cf1b75e645643a44234bc56fd408ca99ffbf879784e0
1533	RemixResource1533	4080	02b181df982929f8b348aa8a7a0e1bc1b302673655e7810ec2df3f4652373c6d
1534	RemixResource1534	1184	989b4e2eb79949e96203869ff7dc2334d1f364a6a657f5722f703665ea9ac1f6
1535	RemixResource1535	2096	6818eb3300fb2ea29f5c4b6be364d1392d44923f343bc1c14941dd097a0e4734
1536	RemixResource1536	2304	e1242d601bcfa5e87e429ef5c1c7a5d703352d79a8388c76cb68bd262c7bbd4e
1537	RemixResource1537	2896	9c5ab8eab85bd604580958a19dd1b581b14fa4bc2c1052afc1a64c9f8bdff9f3
1538	RemixResource1538	4704	1d21fb67f34139cc2699be07859b524151cedd5d49a24ed292d442d03eb32e15
1539	RemixResource1539	2032	e5647ab1cfae61ba8e432bfef2cc08d4acdcdd1fa2409e6d5261264f9af409a3
1540	RemixResource1540	2336	b089989ee1f5b261b38ffaef1dcd266a2d39ad9d49540e7357b873058b9548d7
1541	RemixResource1541	3760	080cb37989c03507a79561e3af897fa03200dd30aa82a152e4ececf0101c5085
1542	RemixResource1542	1808	cc7d364a6a3b852eecbfa88ef8ab9a7e95bf00da1c71e6500071f86209d50dba
1543	RemixResource1543	3184	31aab357e689ba4a178d57609f9ba3a946474caa664c428fee657333f0e89633
1544	RemixResource1544	2656	07585644e662f325961fa585877997c9b2ee1824d8ecedf24637a156442430c0
1545	RemixResource1545	1744	734a7175196c85aefd95bea17c25a26c71664696fc31014c5057cab9d9557d0b
1546	RemixResource1546	2512	e8d1e0290afa879ab5601c29dc71decf35c63c599031e481f01ec4cee94e71a6
1547	RemixResource1547	3600	7b2cabc8a89944a74713f3c6d8ea3f8e5bbd1dd1a5731ec01019d57d803bb5d7
1548	RemixResource1548	3088	220f342febfcc67d69368400e4230a598e22b465b4b8c8570cb6eb95cf8f5a42
1549	RemixResource1549	2352	f2b0019aff9f1bf4a13274e1d4ad3ab28fe0b64be260780641558ce8af69f1a1
1550	RemixResource1550	2912	85cfa08407812fe2cfbd6567d2be39dc8839a1e5d07e67037afe60224116850d
1551	RemixResource1551	3408	ca3fa09aafa4e0f46ef6a19a2181687dcd79a6ed15f4b1a684c9ba77381be14b
1552	RemixResource1552	1136	e23ddfbfff158a28a708766035fe6fccacbee502a2d70fda0dd18165f6ee77d1
1553	RemixResource1553	1504	ec2779ec56d257b0e514f234aa5c122d73fe690e17230eb0a810ba8d656e402b
1554	RemixResource1554	880	404b7cc813b42da3486e450075835f16edd265fa11d267d4a40da977faadd92f
1555	RemixResource1555	1232	9c2141bd951d702d82a011816d16c867844fcdee3738a67c531f0dc82429cc59
1556	RemixResource1556	2288	0c38819a5b94a6e4e5041b91cbae43ac098c1c639638a0bef929195875853ab0
1557	RemixResource1557	2800	b825dbc97ab3f0a3fbff137f69ec082626a0a4766f4ec34938fd2e3d68279f1b
1558	RemixResource1558	2624	8c38b964006611227eb9a6fd62cc2026c156232497a8f242bbf9d0300ee08254
1559	RemixResource1559	2640	c9850765a93939c8e213e02aa969de8d493ef12fb93895c50704f3b45ee73333
1560	RemixResource1560	4384	2a945896c16323083407de461ad738ffe2d95217338ada3d37e7f3855dabafdf
1561	RemixResource1561	4224	704ae8f7723a024fa964d761b03db9f9d00ee7dd7cdde579d711b8928871583a
1562	RemixResource1562	3840	70fa8e28942959873646b67ae1e90cc95f56ac91dee35f3e7ec2c586605e301a
1563	RemixResource1563	2736	29d2fa779edf3c93fd9b3c5879180446cbe239297303d919d5a1fdab3eba8874
1564	RemixResource1564	3552	9295636d7ee28cde5f74ffafc4bb048085da7455c497f63b5ced83995426862a
1565	RemixResource1565	2800	684bfb58b48ad45725dfd4504e67de88fcc302655466ebd91f34d145e96e1a35
1566	RemixResource1566	3584	df56912066339e9817a97a9a1c1d049f89461e2c72a48081209f3e638a60c102
1567	RemixResource1567	3632	d3519810ceab1ea7a6537cdfe276816bdeb0850495fd4a60db51ffcca89e9e7c
1568	RemixResource1568	3440	42c8beed009e207c5d19832fb0d166ac712b38fc17a6f46b456568f82d1b8ce1
1569	RemixResource1569	1360	a905cfe4988a224ff58efd3c427edcb4147cf0c92fda99dd0dd5de8ea9d841f0
1570	RemixResource1570	832	2c726bcc044d2361b7248b2f198bd0d42d3247bf559519899acc32219416cbfe
1571	RemixResource1571	1520	671277a08476a337e391a5b079f67e1d93cc929dedfdc92569f244b0716a7dc0
1572	RemixResource1572	5536	6405825d942a1ef4d1437a52adb99cfb87a86d6687c230bf25d42a15a7b6ba49
1573	RemixResource1573	4240	dc7352ed51b9beb04701456767cea585994b1a2a612b2c54287a0aa7d9390a4e
1574	RemixResource1574	2096	067efa70bde2b5d591aa4bdc6cb185ba63ef6f87c421dc61536f413fecc3a371
1575	RemixResource1575	768	034134558d63e3772bba8f999a958c0fe50727949e73faffd9fb054f01e86bbb
1576	RemixResource1576	4048	2f26ec8a531483c5145762612829df920020fda8f29a17b0c6a3c1c1eeddeec8
1577	RemixResource1577	4880	d93d5e29a1e3b179719244cd1f9bd087219db194f55ba3b9c227b8a8554a8adf
1578	RemixResource1578	848	acb3555f900dead21fd823c978a1d0292d46d695d20ba31a73f13576b5fa1288
1579	RemixResource1579	2720	b909583777626a974ec7346038f4175a37957d6a9a4ad81db75db4b4c9579ea7
1580	RemixResource1580	928	25e8580dd8259c829278c4336206947ac62785e3916d2204ac7068c663ad1da0
1581	RemixResource1581	1776	7e78cbe933d1c497ccc29fee6ae2510a5e1bff2f799a0f3617240cf1e22296d6
1582	RemixResource1582	1168	814763eb58af23eab3f5d16d192ff417a55cf829e9a3496dd7762b04e4b96e0d
1583	RemixResource1583	1120	70952db5262539a7db983176be220c726cc3c1208ee2eee215c450a7bfd47f05
1584	RemixResource1584	4144	ec966597e237900ed8ff1fefe62b18653ee6e9ea2624f47663976889b3193337
1585	RemixResource1585	848	a06e9cb6972e8b8a10ca24cab1016411c5a59ca8a28cfe8cab49f1f0949b53ce
1586	RemixResource1586	1168	9637ebd0ac545d68d7dc340ee20aeee64eb0514e89e439e84e4a87f22a6e380d
1587	RemixResource1587	2016	2aa3097e9bac1990f31c05fd842e4deee43585c74d47c4ce67fcdec5e51ac14d
1588	RemixResource1588	1488	245c9bfc2307c916cbcbf57085a7f75764d5a5ca03474b4eaddea84ff383a768
1589	RemixResource1589	1280	71ad1ebf1a39bbe94f40b0e1bc62c30052f7d0922eb38308f198d0c345357e1e
1590	RemixResource1590	2448	851f228a1a059d0110a29ab38b11c7f39645d78be5d19eef5d91e64afc55f891
1591	RemixResource1591	960	5991efb923c7bc8264da0b3da7ddbf60d2682684119657a8017e577a55399141
1592	RemixResource1592	1584	e57cc1d83c49e55cafa2c1f53285eef5b02fe5d2d7d85843923bafab1938112c
1593	RemixResource1593	1360	04bcbc00b421f018ea0ce987c38a014353873aebf7cab0464cc50f2e0cc3ede6
1594	RemixResource1594	3456	081b4ce3cb2f90f4e60f34277c8bdd32156985d187d36d3dd5ae3ba416fbde45
1595	RemixResource1595	1280	88faeaae4f9e59098cb69665964c1327fa14a739a9ea29fec914f325984b7426
1596	RemixResource1596	2000	2154c24061a70f57aa02d54bbf1e75d4d5f8e2381352107c8f404c82e0532983
1597	RemixResource1597	1008	83f9482fa03d22c355524ece3a1f57fe9249bd2358e3617bda80d19a7f72cfb8
1598	RemixResource1598	2768	3d08c88e30b5130fe45bed5695ba784d24719e4313f1134a374023b193c4688e
1599	RemixResource1599	1520	8366683f4d904e563c04c81621124f84547699a7402b59e887a530f28f675470
1600	RemixResource1600	3584	a03deaf3fcbdd5c2e1d3048c5ec90334ee907d6037d28092bee333482a2eb5eb
1601	RemixResource1601	1264	53ac8ef5ffecab0f0ac897c95b42f83876e57be53c8c15baa986d59a10eea2e4
1602	RemixResource1602	1856	b434d8e0ce834d41cf096de4d368dcca43671f4ce65cb6bf626a3e25f7e644d4
1603	RemixResource1603	2000	283d0af07cfc1cfd476b92c2072200ba80556335d9a236287d6252ca5628bb36
1604	RemixResource1604	1808	1b8a981f3aa7e61e61f0e5b048d581ab440a64efe4c6159579453b91b5b2b8d7
1605	RemixResource1605	3680	8f669bfe02d7d98c0a79c431004852d70b3906e23c412d76dafa7b016c581495
1606	RemixResource1606	1344	87ddb6e328adae3384db3f5882f348e11740f35bc79850c1d87f517c589abb47
1607	RemixResource1607	2064	a38170d02055ef1e860ca71920d4fb19d1dd0013714d902c2f0f751828766617
1608	RemixResource1608	2336	7bc28a5782ed4c54e1ec845584f4c4105aa0fd5690452f5f0172cab8e849f6fa
1609	RemixResource1609	2336	5b3700d4043577dd8880a26ba4335c30dff34ade7efaf3fe5d53f1b4e663e54d
1610	RemixResource1610	2432	8c508462ae6f13b8bd9f5a8ea212b3ecaa1f0bf194a263cb9803262e3a1611a4
1611	RemixResource1611	2592	48f0502a08fc5f7f22c99e7582818b08e21ffb3664619308c09d8c35ce9ad55d
1612	RemixResource1612	2864	b6b282f0b233978b3840461bef031af675af98bd829fa3817171bcfc0e49784a
1613	RemixResource1613	4288	166114fa28cb3e2ee2509b2217034ca89d5a1b12d5e874b1477966e8736158a8
1614	RemixResource1614	5360	a68cab69be471bd1c53205e34e603db24218cbaffc5c48a0fe4b710cd42ae038
1615	RemixResource1615	3296	c51d405896ef0c1ff40b727ddf596b765589dee329eb5e60504a956fd783ec69
1616	RemixResource1616	1664	15a518edf9c55f2105be08bbdff2ba51cad2198b14a6cb891d0cb09b415d1ec6
1617	RemixResource1617	2208	08586dbf358844060cd6d9345211467b0420d8282eb554e00d3b7023758274bc
1618	RemixResource1618	2576	560d7ed86dec53b8b81efad54b339978743ac0869b13cdc53c67cda04d6a31d0
1619	RemixResource1619	2656	85d4da2ee1ffae9f4060cc98f50a98769acd457df67ba9e9ea2e7ffacdb1fc29
1620	RemixResource1620	2096	9ffef9cb734fb6cee77e26e332b0bdf826b358ee691d607e1ea8916ef2f91667
1621	RemixResource1621	3904	fb10abc419c54064258b0680bff999ffa6f8a8b97f4efb90dd0a6fd258b462a2
1622	RemixResource1622	1264	a85143b291f39dbd94f4b193665cb2129c3850d80f7eb0e3d625725957dcc398
1623	RemixResource1623	4400	9f021062f222a5b7190b6556adce0ec9179d9441081b57d7f39e7902a044487b
1624	RemixResource1624	1808	39615679e436d8c5731e46c3f1968749496638af405052196bf158b1306061f6
1625	RemixResource1625	3040	e1d8c1a9b240810c611a675808972773ef7ff9c9be3a803470194ab313703b19
1626	RemixResource1626	3840	227e77ecddaab5e3760ce00b83a228ba5c3ac3ebcc20d6fab08388eee3d88aaa
1627	RemixResource1627	3824	805128779d2b9455e10d79ac8ae69c76a73a0a430a0c54f3c1e82f2b58a48582
1628	RemixResource1628	3856	c19b741a64ce0c2d7de528a9e24d37c042af805cdd1160159e016f13de42b8d5
1629	RemixResource1629	3824	99c7faca70f8e10db74839f55d5c2792be7b9767d851b78dabbe5980cf16f664
1630	RemixResource1630	3856	bef56a3cb5b34937e1f42b9ce394d2b6a0cb0c90f814bb677ba890beac5491d3
1631	RemixResource1631	4448	076fb736737949c2579a34b206144843b5bd056d5f340e29112aaaa337f82a5c
1632	RemixResource1632	3296	3b728e281c50ce0b5fc0b37bf0dac5295c28e3e93276d82788e56915da0dcc54
1633	RemixResource1633	6320	820641ca15b21c838bc5b6911acb60527670a402feab2c37bdc9da79ee729dfd
1634	RemixResource1634	6288	321fab996d94e5f055aaa612089054197b5676f1d7a428c6a748cb7dc4f184e1
1635	RemixResource1635	6304	e0c1053311753beccc6e1178d145ef3853b5920555ec18507faf6c556188a118
1636	RemixResource1636	4592	5ee630c06a3313ca0b11e284026ada8ba7fcf620cbdd0653fad18093d8a08150
1637	RemixResource1637	4192	2b5baa0c11c7856d0b639c00e207d4259f73647c9caeb61a2fb9570e0677308e
1638	RemixResource1638	2544	23ca3513367a014e4ee156d02c41994cbc9ec2ef1a6e33c7c1c6d489992e7c06
1639	RemixResource1639	4576	218053e3e9c11012d7dca8d746f6d0613c010b26b6eb7beff97b203b9028b0fe
1640	RemixResource1640	3168	4b7fd84c87117f9ef4c88a89b51640517166425b59663df9772d5b1143e4c944
1641	RemixResource1641	2688	29031dd893d363ec5990fe8f8d39eaf63a6ea0ceff01b2ce06610a24416334dd
1642	RemixResource1642	3760	ecd8cc3b6838fda4e1db4495c49aacbcc0429ec15b5f53ea32c9eb5ca991834d
1643	RemixResource1643	2448	c3775d6e0966e85e222150ceabaf67dad87a1cb4fb5b1ec5fe17092febdb6b69
1644	RemixResource1644	1424	604ef4f13e722c9a96b184f5a7615fa6d1cdf51d91071479774ff1d08c383df0
1645	RemixResource1645	1488	7cbb6951e1c31dddc199bb953724c62c0802d3c37cf3c209f6df3b17beebdef3
1646	RemixResource1646	1360	0c0823f7d93f11acac9b6dd46a86a35d90d08ca4f253ddb0e17f23faac9f9a4b
1647	RemixResource1647	1680	068413874d3faf77d075df172d765af850d8a995673b2604112221e97f5f2ce6
1648	RemixResource1648	7568	714c9f4810794e585da2a55f63311090dcf27d8f4fbd1abbe67c38366cd084ff
1649	RemixResource1649	6992	98a510786fdb8f14f896a43d3350d9e617ffef3aafb1180cc118783fd5ca5104
1650	RemixResource1650	2816	2f92e378697ff74f21bfa1e345e7bdb48cac80d1d7d43016f0fa20a331b746d5
1651	RemixResource1651	2448	4f1cc11a09802ba7b7459b1bb04b41702a559c72d9a0b982e300c03c2ed17c15
1652	RemixResource1652	8896	75106e82d19371211f92ff56b3f03cab9d790cd6789110996a906098cfa87f45
1653	RemixResource1653	5696	6b6021cfc87305d5db50d61e3f5f9be47c17d93b62e3588411cd4a7779887f30
1654	RemixResource1654	6464	fb4b0b95a208552f67a473cc158edb910c8d7844bfa959098dbbf1af81d59906
1655	RemixResource1655	1712	b0482a3a768685369db89b61195efde9979617a38011d7e765835e58335f11dd
1656	RemixResource1656	3216	d22ea842583a2fbe7771e71d098a70487782220953820b52a6a6ffb796fee191
1657	RemixResource1657	4224	34e242f2526798a9e823036fcd5aba9491b29abc735910b5dc8431b367d39690
1658	RemixResource1658	6144	372b892289d496014a1a9c33185c1c76802a3b7926c748ec039344aeefd3737f
1659	RemixResource1659	736	cda1a16b66570e05e2b3c5eac2c91355a5abf160275acd8e3f4fff189e547059
1660	RemixResource1660	3696	0239942f1bc7715f07c00924db06c02cf5bce2b3a45d4d8404cbf01206d068c2
1661	RemixResource1661	6352	8a8e1ff9d71480be5549586cbc663de4761eeeeb07703af9a7ad3b69dd207ae4
1662	RemixResource1662	512	9b2c59cb5a3df6805ccf83ba7a77eaba16a39f81122d6e981b22a4eb5d6640e8
1663	RemixResource1663	2400	54dc44cdd1daf69066cbf3ffeca4cb52702ce2a0df23a7e6105c5258e6812fb7
1664	RemixResource1664	3632	749294622df79d6126b78aef74cd40f93317d9416bcef71cbd36c377a06b2dd7
1665	RemixResource1665	2416	3b9bf1ccc7b3025db9880f58685b22ce1407567b21dc1948e354d0ea0afceebb
1666	RemixResource1666	2896	e88b603b67fbbd96820b67bc449062c91de29a47ad9a392135ca62743abc1de0
1667	RemixResource1667	2976	b10f7cc73664b7e62a8c25e0ea8fc946bb62e1bdb9a09f30da2b636f8fe221ae
1668	RemixResource1668	944	0fa131f5b7b4383483540d8d5c53d20d254d51eec943a517e71bf42b857b5c12
1669	RemixResource1669	2464	8a10bd0b3b9f6666f1f9794b4679b7622d1c1f23757e71d1f75e58afac0dfc1e
1670	RemixResource1670	2464	b3eeb73b9b08a3706001516bc09159fb8aed5701235189458e19d3ae07c706a9
1671	RemixResource1671	3216	53440c20f8956790bfec487eaecdc4c887803e07a1f364a52ed222d34fe527f0
1672	RemixResource1672	2160	f46fd2a78f6bb56c1a3cc63e61fba6b90da5e281e60d2acdf0427c70c19ce433
1673	RemixResource1673	2976	1f0223785f4ecb0d29b651f7734e903a602257988a051be2f40eff25a9d2a353
1674	RemixResource1674	1472	cbbedc32e1d0856113c6c891e4f1c5173c11a4f90be7702e69ed4c4d83d9c608
1675	RemixResource1675	2256	8061fbceba02e6e6705c744aa74b598e50a372c015f5381f2455752c7bc18ebf
1676	RemixResource1676	2848	b075a546060b9ff7fb0a7310b092c150d0cc2af5a0cd37f2a7e8ddb1b513ef06
1677	RemixResource1677	2976	4df3f699aac814a077073b01356e4e17ee3dc5669900aa818b3d45310e68349b
1678	RemixResource1678	912	420cbda73316a1e8301e3339138acc8917f032dd14c0ab33d07718c158807e66
1679	RemixResource1679	912	ae12f5180fff6fd68fa9785fa839c90b7c1faeb2de443919e2cca1048fc76660
1680	RemixResource1680	992	1de0e36cd096593376e438e8d7fa6fa05ff06a27fb14050b5252110e632b0a14
1681	RemixResource1681	4224	766db559b849d3cbe7d7bfa5c5055d4bf8af27f9b1be0397ce145b717999d50b
1682	RemixResource1682	976	43454a733edf4616776c7aaf7a6e016c8b90f68021b1081696768dbe8a57886a
1683	RemixResource1683	1184	ee2d33fa5c38de7f9946ccae652cbf09e48042737238ed0086c7dfdd0e622702
1684	RemixResource1684	1856	aa3a55434e2b1f0ac4f37379d65891ba31b3d875f7318c2b036291f104f8026e
1685	RemixResource1685	8448	ec9a3bf7719929a2fac6518e944d149e0e5e9464433803faf64685fe77a9ffc7
1686	RemixResource1686	1264	4d9aeb4d05a1df5644e08c372c0a4ad6878d08a9123abdbacd1d7553e1958a2c
1687	RemixResource1687	2880	84ca99ac582619c2b42cc30da8482e6146c3af508e7619113cc5a719d85b72c3
1688	RemixResource1688	2048	8d01c41dedfad067abf22dd09566fae4a82a807a8277c87f5c6fdfb0da89444b
1689	RemixResource1689	2880	e052f461948156a76c0d5451822f3a8b942e5a63a836c0107796b84073b5fbc6
1690	RemixResource1690	2832	7cee5047cb55d438c237bd6b1a92ca2cea1bdd0812b65a496f0b2489fc5de958
1691	RemixResource1691	2240	6afd299d1849383ac0fad5388cd11cea188a0d84e692c310ce71d043f6a7dec6
1692	RemixResource1692	3184	4add0399c436635c9e10c4dc60c200f99668465c8cd8b77448988edd0b212345
1693	RemixResource1693	3488	d9d1ca801d40496fc1d7322b3323b654cdb7d685bf347c14421b11a24de42da4
1694	RemixResource1694	2272	02ac5655765024d9d4afe0bc4e20edba7e4cd254d2fb1e2fa427dde014021532
1695	RemixResource1695	2704	88721079cc93db202ba3899fff8f87af6710b145a9a4292d9c4d8b842af4a525
1696	RemixResource1696	3440	4ca378d45f5b03e02a1d52ea92866e0f0f28c2e33ebb4bad20ab302e6dcea61a
1697	RemixResource1697	2016	a9ce94c098080c03a74111ccc042ac9ae1d066910ba5fe8047e1227d365944e4
1698	RemixResource1698	2208	e23280a1ebdfdfdee59b4d951bef548b420b3babb4f341a19a9fb58f66d803e5
1699	RemixResource1699	3088	f3dd1b0e383fc46b2cc6de273a8b5272c90f4e7b578ef4c233483f6e6246e4ee
1700	RemixResource1700	3248	2340dcbbd9cecce9fb8d53efc4774ac19811eb34de935272cfe27bb2d0318437
1701	RemixResource1701	2672	5f689aa0ac38c312a8106ce9797f460ded31901434afcbdd019740e80ea2fe67
1702	RemixResource1702	2816	3705ce23f7831f4c05b388aca34b875d40f2334a123d2591ff4852cb6f2267bb
1703	RemixResource1703	3744	6fb2072710b3b461e436c6f0ad967746a0a0e4a729030ad3552f0f935d1f40dd
1704	RemixResource1704	1168	4ed39de127c6b269ea61987078590fa9a8f56e40c1656782b7d0c2983b01b3fe
1705	RemixResource1705	2096	50dbae872e919cec5a2c43937ecac743b7183579896fb8bcad42c5a2d1cab05a
1706	RemixResource1706	896	69060ff34e310c6fa0374f254c357a22c5ed190793c027bf9106e123e149984e
1707	RemixResource1707	1568	83890858ff83651387965b2198065b26cc5b6bd94963809942485e0f1f0ebf4d
1708	RemixResource1708	2128	ae1ff8e6469e77b2db01fa5b309824b2d7e79bfd0691ee19c1a556187a964045
1709	RemixResource1709	2528	d02dc28138d7ed36760b6ce92db2a33027e5f35d64cc22b8adaea3dbd20ebeca
1710	RemixResource1710	1888	a601ad8f1c40b9f28b212708ad043dd1f7d13c88106a2f6e8fdbfe59e6d3de50
1711	RemixResource1711	2096	bda78813d543833a14b5735b30a69f47ba12d92c92757521d58524b104ec8c43
1712	RemixResource1712	3568	1960b568f56e169861ec3881c65e88c158f6cd62bd0cbc5074fed48bf89a0d0e
1713	RemixResource1713	4768	0f117a57b50b681c5d003be91e7df894c19f525886970fc1135915bc815262e6
1714	RemixResource1714	3328	1fc65642580e48d6adc31d45d6534d2407298a4eec9c505ace3fe4165fb741c6
1715	RemixResource1715	3280	5558df0ac694d5a6c32bf2c0a4d54995800af7fe3c84bde7e11f57fddc1d5948
1716	RemixResource1716	3392	3b34e8579831dd664f29c3cb34470b3faf42fb494bb10827603b76ef21a77a8a
1717	RemixResource1717	2608	fb13d8404bde12ceb91519a1979463d279359010b3924ae63af6d8924a15a403
1718	RemixResource1718	6176	f386f820050e30fd4e52d8c7d610418e0a1f136a8d8c1b55d745ab9e3645e07a
1719	RemixResource1719	3888	a0ebdb9b5f3c55aea256a88a49a3574addecdbf6effda67e5c99ec271a7b26d1
1720	RemixResource1720	2816	7baa1d7d0740ec1151e4abe864b325bd14f740941ed53ed7ea5eb907d26b7e19
1721	RemixResource1721	1984	a6444fb4bb9fa0a39182c4436fe75debc9c2130ebf64737811054c95d0a813f3
1722	RemixResource1722	944	cd35c59374dff61a1fda0a8fad0c056e123c770bae76850a44066baff383ccd7
1723	RemixResource1723	1952	8899a86bcde83cd5e450b4de5e1ac6561af2008e48e43ca0be68e45b5e7387d5
1724	RemixResource1724	4560	0e0bb7357a13932c0dd2b4731ef8f99c2b8009fae2f6d1aecd928479d9862d66
1725	RemixResource1725	3552	157246a27fe84232850e68c4e085305b5ea063207ff354eaa6c064f96be5542a
1726	RemixResource1726	1760	7dba2d03dbf22a29cab0270a89c4d425179f28c44fcc5ed22d6221326fbad3d6
1727	RemixResource1727	720	a8e9075792737d45913faf4c2a853356986b5e780ae235bf29a88957fb6277f9
1728	RemixResource1728	6544	d89434724eafe683917977270ef1f12eda863aefb0bbf5e3d61ff7ffe134402f
1729	RemixResource1729	6544	f7b1d21770d5a64f273464018d31f371aa13cd7c2e157789265f7a50ad56ca0f
1730	RemixResource1730	720	3a7f4faf5d8529ac64100a491e6e3516bfa883367ba9003aced89cc9fc9cd6aa
1731	RemixResource1731	2496	8922d8ddf702384a51f0dff7f34462f99ed20a3bf10503210cd12deae63c2425
1732	RemixResource1732	1312	75f4ecdbee76633fedfb286cc8a63a184283719c3de4f5c09788325b2c062457
1733	RemixResource1733	1344	80aa311a3cbaed85883fd0445679ca67dc8b8392443257ee329bf33462986cfc
1734	RemixResource1734	2256	664eb9ce88c0606a47881a8187fa1ccd55669c373d06e35f6e07441696125dbd
1735	RemixResource1735	1552	1e3f48bd6fe42fdeb41345ab18a3706dcb19bd9c428d5ab0511365ac62660596
1736	RemixResource1736	4016	ad4a197bd5bf376d69ef99376f96d15add558a43fc5d1648a95c0fab88751a93
1737	RemixResource1737	880	e1333fa6a9bb9cf02674d74d22df0621b6f5ead6641f3e43256c4218a8a0220e
1738	RemixResource1738	1728	3affd38b1205ccfa3c4ace4265f03c8e12099c39c299a37028ab9719f08ff586
1739	RemixResource1739	1808	511188fd0c2c786d0dec896e1229dfb2ef5348ac7b8b84ed05d5731d56bd8bcc
1740	RemixResource1740	1360	836f95410163a5bde09fdbb882c21cde62b94bf99262ba4b840b6cb61c7e1dc5
1741	RemixResource1741	1776	b31f5eec1eab894fe3b493e815e750192ffda6e62db55c4d72d6dbf6ca31290f
1742	RemixResource1742	1952	9a87725eb8fd8c30aff35d264671561862a660a3aebc78b9522f3e723c12538b
1743	RemixResource1743	1488	a1b195eb5f90f81c8093b6f93c0d24f30a7eef8a59b15f47ae750c410bf2f6c9
1744	RemixResource1744	1888	447e5e5ed32ba5bc7198286908459845f0c958ef34aca4294b98ff09197e56a0
1745	RemixResource1745	1520	0dd535fa0afb86c4b4ea2c27a13d8f99a7a5872785abe780b795dc23bd3a753d
1746	RemixResource1746	4224	9689d228c4550eba062108ac012aeb2dde97678942b6eb91eee2cb3974c75fbd
1747	RemixResource1747	1360	d95ef292d76356a42cafea67261962f913570cbad328fc3bed1787551a2038a4
1748	RemixResource1748	2880	b11a3026dcd0425f4f298c7578dba77ce2d3fee5c8fdc7a9647d888966cc502d
1749	RemixResource1749	1104	da003d49e8fd8169666254c6ef545b1d4f4e85c62b16c52a6e66e06bfc789915
1750	RemixResource1750	2480	eacd71931e004119fd8919275c40fae38fe9eb519856030d084128f1efe1e73a
1751	RemixResource1751	1472	6ec35724f699a9f899b67d7bb569859884ed9eb2c3f4c23435041373ae07df91
1752	RemixResource1752	3696	9e810f1adf1fda85276163891903caba9826aca9d66e5f2f8a951192bdd0be73
1753	RemixResource1753	1472	f9a3b35480de695af819cd11b9f7673aea6b9e1092fd7c2e41935627637939f4
1754	RemixResource1754	2848	f932e5cb75b70eaa3bba9bea5e2df406b92ccb41bf234b1109f3e5e5633e5e61
1755	RemixResource1755	2576	a88f84cdaed369bea7a96394fb073cd2d5b720fc79b344fee18ff2542e3650f9
1756	RemixResource1756	2224	2dbc34b472d7c2b1e2fd485134f85369d64356d0926482e4668e802a268391f1
1757	RemixResource1757	3856	429795116e0166389c7c9c9b65edcad15b5e93f5c27e2233cd84372c658356ad
1758	RemixResource1758	2208	1e5cdb4cf21d147a15f1fa79a446eca9155873abb798462b5f8bc7be5e023cc7
1759	RemixResource1759	2928	92099aec2550ec12403da1fe0cc06152e9e450e362286deb7c495aabf402272e
1760	RemixResource1760	2528	996468dd42de375993fcbc4061eff3738b5fded798d8f06986a4fcec6ef11088
1761	RemixResource1761	2544	3ac74867cf17fbb207f057e2545aca18d2007d9128953793d963dcb261e38a91
1762	RemixResource1762	3840	51cd472051660648a41431a7701f58ebc9bf874a7c9b75a4459443e219976aeb
1763	RemixResource1763	3584	92e724d9f05a7f4a8537770aff48f1e22b048b138ea9c7f1d977fb860cca588e
1764	RemixResource1764	3248	e61d0e4f2d07c95ff96ad19ebab07a9855fa695617dc74e95278f3834fa6bbe5
1765	RemixResource1765	4512	b957e1f940280d067cbdb7d26b1212e5c2fe8adfab8a83644e087df569b834df
1766	RemixResource1766	5552	74d5f702dc0279f2814cb8e0158b3ba3aeeaa25f597cd45a0eb3c263cae18260
1767	RemixResource1767	2832	283766d04482058830586120b5ac74b6938499384224bb6a2d7721ee6510d4c5
1768	RemixResource1768	1696	ff8adad3111f4ab32badc33b07c5899e0746346dcf1ec039c0f41f885be19360
1769	RemixResource1769	2384	f2695a267f9c445ad8cb227180e3c11bda8f0527cfb1b42db46ae396bbdfcedd
1770	RemixResource1770	2224	38b7f29ad7b137a457ba3bd7065b4087d817bccea8d1805ec409e6293a97e193
1771	RemixResource1771	2224	cc1bed77ce05c92f466946c4479c5e102fc86e6102b3bed6bc613d9d0e4433ca
1772	RemixResource1772	2704	f0da76327d43fe83f1cf28bb5d06f71ce246466b9032b41e5bb1ebea9afebd5e
1773	RemixResource1773	3200	d3cb335b28d2ee39de2041f98bf140623b9cd47cba037a99664764be18d8d6a9
1774	RemixResource1774	3648	84abe877842e123fd996c62a607d8c90ea21ce98df779be21a302c1ec224f7aa
1775	RemixResource1775	3648	e870164121d81b90ef98a010895ebdf75ac9ac5fe765351af6339d89511ebcd5
1776	RemixResource1776	3680	5a5d9f93c1d17d726348bbe0b786be5033deff2e43056f1c4e87c5bbfda32f37
1777	RemixResource1777	3600	c2b9cfbf4357cd50ef83f119ee9e5536d27b4f61c3b5be2839ef6bf75cccb281
1778	RemixResource1778	3712	92b53037c09a08992cc7cce21c49eff8835bd1b37b763c08261cec13e56dd02b
1779	RemixResource1779	2496	e2314c5817e9b7350c6ad36ec8365395f37785d224ce61213be6462a1b51cde6
1780	RemixResource1780	5536	1bf4c024a37eb6805ce24f3494a1de72cc80a24dca465118fd790c1f32ea60d3
1781	RemixResource1781	5360	0b996517578c0d18716f03b36e2a559418cec1d5c3873a8dd5e41867eecff32c
1782	RemixResource1782	5952	456b76c3fb29655bd93edf67e1362dd73896ac74b7affe4e3cfb51401271e221
1783	RemixResource1783	2704	792b0596175aaf6f94efcbd7ef2a0f957de40bfd9225397b810e5055773b33d8
1784	RemixResource1784	4576	72695194d5cc2bdf7213485911558922503a19efdd03a34b1d4108490078f505
1785	RemixResource1785	4016	27f6ca52ee23c4d2283458b9fa7d980a7e09975832ae5773d5dbed0b0b9c8c8c
1786	RemixResource1786	3328	7ff3123f194978d6903342147af67a69df87fe644b7fe4dc92684be1b475f76e
1787	RemixResource1787	2688	a0ca8923628bf2a124b8e89917b3b885224304fe4362f339804ee28770e17970
1788	RemixResource1788	1504	915447692f336d86af494e4ffe4aa54fc91507724620562e3bdece3a71b78ded
1789	RemixResource1789	2272	12dbe736f01f77ce9b74279dbb86cb3cdf9ca67575d9ef965efef0d24dc8e104
1790	RemixResource1790	2304	3798f6057e85a116e0e964fed151dd86e4156396b5989d8a07e11ac6c8c1b22c
1791	RemixResource1791	1072	a61bcf74d0cd930acad8280243b3b77091dd3d5859c42cf88b8d36c863e7a13b
1792	RemixResource1792	1696	975ae5a9175048a4dc40dc3c262110ac19c16f99badb2a523572a9076c86bea2
1793	RemixResource1793	2064	dde082f0c9f5fae0ae7fd6f3ae057f61ea0d32e6bc6ed1c9638517c1ae7a4803
1794	RemixResource1794	976	4040a6bab67a53dd2672798966fd6c46e6feeb243993584284a187413bf2d278
1795	RemixResource1795	1488	e696accdd180fa2dfbf0cf205042c7cfc3f947726ac5c332513ac8bb3cb658a4
1796	RemixResource1796	1312	38523ef0572325553e3679309880469a414f59b46c0e0405e192497efa265e9e
1797	RemixResource1797	1344	fb6b0cc84d42353a99494419946835358ae15552a0970f2caf279773b318af6f
1798	RemixResource1798	2944	099187d72f0b62473ecf2f73fc810ef5fcbb11e1ed4a3f47e97ad7f76722f651
1799	RemixResource1799	1760	d1285f7c93aecf971762514dbacbe23deeaa87d15767be0c931a82c21e1ca367
1800	RemixResource1800	1616	06b22d2b0ef68ffbee04f58f4272e87f918dcd84fb65403b7651509a43863874
1801	RemixResource1801	5024	bf5eaf9084a38c83e4f5c0dd3d300acb83b8aeb90311ec12e54e7eb72d5025db
1802	RemixResource1802	4544	382f73c5bd25adda0ca5a0d98e2275932f1eaf9b3ef93e23e3d23306c911e5b0
1803	RemixResource1803	5184	969e79be53e5b03b21fb7fa52d5e99f1735ddfe1d92eb4ea510ad1c5218f526d
1804	RemixResource1804	4944	cd5661bf45388b62d1c8a3fc9357aa14e2c54cae312dae22c2a14f43f3fa5d14
1805	RemixResource1805	3552	2e1ab8d6181c85e0388739a0cc3f7c20a0dd3ffa4dd0b62da4c5c8b8fc11eb9f
1806	RemixResource1806	2352	b727d01decea49d81187612475b6d2c646ea0a68c7164932638bb8c75f326c80
1807	RemixResource1807	1984	5c12121e16e4d5f8a091e460ca924ea0f4496e1197d940bafd0eaa4f0eb34f35
1808	RemixResource1808	1424	2261bb49d41e04bc37fb66fcd865dc6d3eed2cde1396e729c715719dfed28e7d
1809	RemixResource1809	2320	311511c89464ca2cc531b880ebcbca34462f8460e20701147b7593b72fc8cd20
1810	RemixResource1810	1952	a64c29f926cec40d9fa6fdf15d72706beca8238c7de66fc2176177270b3a8d93
1811	RemixResource1811	2912	eac08f8abc18b544dffcbdc75b78e22480540e3a1abd4fdba011861c3399b6e8
1812	RemixResource1812	1152	3807f3b1624a326436155ede8b40560e832c415861c54c5a624f9c3bd3b82bec
1813	RemixResource1813	528	e7a2e18c5e1609a3b5ac91785f9f8483e74b17d8a4e3c9a4a22ec192912265fe
1814	RemixResource1814	3360	95220f2fc3f733a7dd58c5ce0a835de6955b3a13db8ead50ef41c8454e92378e
1815	RemixResource1815	3632	8a6b649e7900b4197139a817d13cb90eabf839984edebd2a55a7192b45ac7286
1816	RemixResource1816	2128	f8a0ba90d40739ce4e0b8afca7836ae3684542915127f64a0c400684a19d1b59
1817	RemixResource1817	1488	2aa4ee7619c35536a46d3110ef5b3c417e9d1215e1426ebe798d28c32f5ab8ea
1818	RemixResource1818	1600	bc63d4d2019036e76623134e3f8240e880dc05fdb1b89d3f9210237331df5153
1819	RemixResource1819	720	1909c6864b92700a824f8d5bccda48256058a006c5cf0a635469b643165d0997
1820	RemixResource1820	2944	2d5ccd194e37e3f25eb3a31d35a8142eaaac7636bb90e6551cadf94148340d60
1821	RemixResource1821	2400	f6d6413a619a41fc239e0b290d98aefe39e050a4b6f3f73ebc7873dde70877a7
1822	RemixResource1822	3216	57989699858961fd6e481e60376f37d7c516742367b0923b7ce826b1a90f7515
1823	RemixResource1823	1776	3c16e734e187b28c880d509e670139e5159f5195beb3e00bc55aba3a3ab84889
1824	RemixResource1824	3856	659d695939f9b03837d71a84bdc0b860e8e2e06008aefa1594c1c7bfc03a5b2f
1825	RemixResource1825	2512	30808a9b140c66204d6064e91f4214441538064a5ced93acf58520e29bd951fd
1826	RemixResource1826	3456	876ed305bed7f5221fc33603291acce3af84fc24915fe8d61b67e2bddcfe267a
1827	RemixResource1827	8480	fda5aa3e26332fa3a3ba199e4814df5012788991a6dc8c7ef63d0ea0de0d911f
1828	RemixResource1828	1408	9803deb62b7bb2c8c2d30ba0fbbd0730271db33870b4d0410a0f415de47e791e
1829	RemixResource1829	1376	21b89199ad9c5e0078b23ff25026032232bcbe8e103a574eeac9cb7d63b9183f
1830	RemixResource1830	944	e099dd758fcdb0a452208ae78e60efe88f9b50d4410e6a62b389bc376503273e
1831	RemixResource1831	2432	edd2dbd50ab8504252c5b905d3077588b5879e77ca2dd455bbfd0a55c767d78e
1832	RemixResource1832	1152	cad506da4927b8c2e1a1d6111dcb3050bdbf63c9607d15ff5ebb3368a9b48b61
1833	RemixResource1833	1248	af49136f0c40f74e25af49e8fff31ee48f6281de39f2ba30a8d1bec3e43f98cd
1834	RemixResource1834	1472	c2bcc1b64d243f3cb441a28e356e91d2a3ada0335e56db9b7eae9d354c5e5426
1835	RemixResource1835	3504	19af400cdd15359546f44ca82c831c028d9e1fe484366808ab982e001ba2bea9
1836	RemixResource1836	1488	fcdbb011a688cefec959039382111944c6e34c03ede3f334a20fab4485371185
1837	RemixResource1837	1696	2efa40b4c2aa374fda33c6755f4d356110bee4be0a95e9281efd14efb1e8f830
1838	RemixResource1838	1776	8818a55cf8c8709c1635dbc8f7a15fd4f6606d8ce8024dbe009248c32a5f20b1
1839	RemixResource1839	2496	4242e6dd796b267c88590b4c1f6e125d60aa6d051ab03fc6fc94bf4a1ea0692f
1840	RemixResource1840	3200	f20bbcf3c94a34d5290d7ec6c6772e53127e346505f5d35c6e31695128919a6c
1841	RemixResource1841	1888	8736d5c5571aecafcbbdd7f9a7db5f4d18b1c8fe78b02f06dbdde72a17b23ff4
1842	RemixResource1842	2768	ccca7be2126250b001b2885c836b406283073cea743dd5163a9bf078bfa8e9bd
1843	RemixResource1843	3136	9a7f0cacd58dc5ad1a7ab62fc8f00a3750c11831003f4534da888d0bae56255f
1844	RemixResource1844	2128	b3b8d453db0bd596650203cf16c9f804ec15defbbfe41e4a5c71d717e4d65dc8
1845	RemixResource1845	3392	d4972249b01116925eafe10c14fa743bc9f010f8409a4862e0573005da514a71
1846	RemixResource1846	2976	f92f3362568ee0d2b4cfaec78d9824388c31a5070861f7ff09f200c9516fdb85
1847	RemixResource1847	2192	bb40ae5afc3fe9bb4620005daf34a167835a79f63fed45a20e031314951cb489
1848	RemixResource1848	3104	f0c1ebcabebae1f13afb5bfa82f46f8e4011ee0d0232b0db19d3478ad95c0998
1849	RemixResource1849	3504	2090e974e258ed983f2c066b4091f4ef8f07cab9571e61af2481e6dd6a9edbcf
1850	RemixResource1850	2080	666106e16f584e6d9bd6e2254604552e3c77e25697693c2721945531be6545ff
1851	RemixResource1851	2880	e49030f7530c605467efafb8af39eaa877a7b51340cffe7629017730818f017f
1852	RemixResource1852	2368	05e2a36ddfe2a8ae783da17fd8391249853c3386a4a64c736ff9c14eac2a1167
1853	RemixResource1853	3056	a32f95a8073acbe9a4130f0c8e2b5384f31ff7278373e15c20cbe3b2f841774e
1854	RemixResource1854	736	adee65cd4fbe893d3dd61c1bf8cff37239f4812b8e0cbf55c4ba35f828e0f4ba
1855	RemixResource1855	1776	b4e84d9e2e790e9cd8fc47534d36edf71ede06a58aa868b56e738dd039dad36c
1856	RemixResource1856	1440	d4304747734ccf0f0ff3334df9eaf64c29af1dbd88b3ca93f4b3494a1af5d67c
1857	RemixResource1857	1504	e26717d75d20bda48415f695114db6570ccd90c71702f2cb1c68a1d83004ba5e
1858	RemixResource1858	1840	d5b5eda8387ed74826f931cd5b4bd4e32d2390606f0de7a8363b3d4be50046ba
1859	RemixResource1859	2320	7a8136cb63ad67573fdac55bbc8bad65040e8522fa9404df70a4afe1912ece2e
1860	RemixResource1860	1824	f685d1ca10465457535eac850c382697afc0fc88c8eb9614ac83b3aadcfc1552
1861	RemixResource1861	2160	ddbe008316b4e962af90324ef124aa1dcba364e3dec207775ae399079f7f4466
1862	RemixResource1862	3472	870bfb8207f483df215eb8140a0ec9217566cbdfffe99ae9a43ba055c5e708e2
1863	RemixResource1863	3120	7417417132ffc957062756cfd766b2469e171ae5c576baaa8df7734f0478a378
1864	RemixResource1864	2320	6513279f23ec18acab454c34e4f42787c13df0975db2caed6fae733c21c0be90
1865	RemixResource1865	2704	4e25a1fefa6013f45f60620b3053cf7ad2f30ccba4f0f1a556b287e5f01171ea
1866	RemixResource1866	3184	d3a143bdbafa3bc6ef040248e19db7f3c9c079831bb01e640320ce554eacac26
1867	RemixResource1867	2272	de96be80c8ebcb21259ef52eeb9777c46b1204871e1321b62fd5e4fb1493b031
1868	RemixResource1868	3664	adf987ef6c0308761239557849338eeb044a62ee853626546c6272294de935b9
1869	RemixResource1869	4160	124aefdd3b47864d0fa9eb137fea6bfc9737720d7a65b381c438ce811f25ecfb
1870	RemixResource1870	1792	b11600711aa48c732753d655228d7bfccb57dc9b5c5e2aeb0c98a707773b929e
1871	RemixResource1871	1392	fbe34de9bef56d0f50117b7b85eea452ef653434f8fef50a146c73a1c9bb5340
1872	RemixResource1872	912	8ea1cbdab4f3c6892b3343461eff2dbb321c2b9b55f34058b99d63e189fc989d
1873	RemixResource1873	2080	7e28f5412d5990bd3c02d8629eef42700a84844eee828aac7d2203665531b952
1874	RemixResource1874	912	00c267c2b92ef32155545210c45305193d5f3aae669ab2e7d449ac283ae18153
1875	RemixResource1875	912	0a9c9e687c758f2550d22b241cdb73d95ac54f8dc2add9e46228638b7dbeed77
1876	RemixResource1876	4880	21a612f0ec6b23564cdf4d4d1c437bbc7c041705c023b5cb92989ff70c000ece
1877	RemixResource1877	1088	29e35657f16e845cb7c4ee2f5d30917db0f4508a7c8d11bcdb55582b08182852
1878	RemixResource1878	4544	6228838e1dfda0c8b718574202fea8995eec85e1f032b2dfe34e8ecfaa29a61e
1879	RemixResource1879	5472	c6670c944289a8d2ae7ccefec73e06ca8aed0bdebb89bcde00d4ec0210463e0d
1880	RemixResource1880	896	b45fde484a7458943b603d82b0d0f3065f8a3aa7230016f891b3e1bcc775baff
1881	RemixResource1881	2288	9666c58e9e639cdf8acdc0fb0a21b22edd8582a39018ab29b961ea518dcb4713
1882	RemixResource1882	1248	d90f843f2a21920233014eb213fee8ef7a8a78159c4ad4cd061cc2b8066b7f1b
1883	RemixResource1883	2016	f8ff553c5bef27bef3d8fa941dfb348cd45eda545b2571419fe4b3308f0cc4c4
1884	RemixResource1884	2448	f86479522aa17a71b55034b92c12d50f9413c27e01f91d7e91df425dfe5ea85e
1885	RemixResource1885	2048	030e00fad799fbc0fbf02110bde5cb5129c6d15f816628b58194d4def6746538
1886	RemixResource1886	5168	bfaa000233be6842fe4daf414ff7d37f4270e51ed3bfd8b74682c8a5df3ef7dd
1887	RemixResource1887	880	68ffcebac60deaad1dfe91bec02d8febde1da39aa967baddf78fb62793da99b7
1888	RemixResource1888	1744	23eb259982d23aee7ad4a2f4229742e72f3f2c8942bf252d0a49d39f06e05d24
1889	RemixResource1889	1184	2b99de109e1eecb4fca308797d591a44113cacc04aa2ecdc71a3891880dbc2a2
1890	RemixResource1890	992	1d27c02f2ff9c1d4c552a2290ac6878ca759ecb794dcbdd5e9a4d77a3b18892f
1891	RemixResource1891	2640	43a3dad5864901703c79b0fcbc52dfe42890bb2968d1b02ea0ef179642497733
1892	RemixResource1892	2560	b880f07c26ad4de2e2403c84897d3318f1bad3e9010e3d30aee9f29af88b6869
1893	RemixResource1893	1520	0e30d7e295234cb73631899ba1e2e8b1f423278de8d67f4603bb92e3390002aa
1894	RemixResource1894	1536	70d1e82786d4040de35983e122073aec59f498e78a4a580cce497a361937f7df
1895	RemixResource1895	1472	3f3cd53bf221c879d8678bc566be68e541257ecc6aa27a740408de0cd8e69d23
1896	RemixResource1896	2816	f5d331954e45b5fab799311f70177fbd2432c97038b82f2444df861ec909d943
1897	RemixResource1897	1600	e07901afcf780e488683c809edc64d14972e798bc8e1c1c28a65360ea0ab84cb
1898	RemixResource1898	4000	1eae95a100a02918efa8c642a79282f35262d7c297155fad3f6090c8cfcc58b6
1899	RemixResource1899	1424	614d4e63ed08bb44c37f461894294e34d05d39a7745a736c5f17606d39fbf1ac
1900	RemixResource1900	2736	add8db1dd35f4b7233565b7ae6887551196fa7e2b34ce40c1f21e45156907a4c
1901	RemixResource1901	1264	ac34e2a2df6272dfd4cff584621a60e576ab1e1598e6a26cbacfbe1886b0a275
1902	RemixResource1902	4128	f98589785901bc668f4c4147eeb176f2b5adacaf16b01a6642c5c329c70d128c
1903	RemixResource1903	1264	e2501ba2e090d7d74baca389b3b5cac1a0735cb32716f334b8882e52e84377da
1904	RemixResource1904	2864	13fe589306982746843bbde2711405981d678eb1a1e22be6c9a3fb4b89789755
1905	RemixResource1905	2944	afb289c56b1da2d6ed015a16b4fd3c643c7c1ff7ccd13f379c98135439cfb526
1906	RemixResource1906	2544	5213a8a85e213de495ab6f4df947407cbe5212f794b2f7ada615e21ed27b889b
1907	RemixResource1907	3392	8917ca0bf2c54c8ddd7ec868cb3c4557d14691e95f881e315181adc488739018
1908	RemixResource1908	1664	e4b48ffaa0f4ee9ef47970d3741146ffecd3c975f9f099ca074ece11b76fb644
1909	RemixResource1909	2976	5f908fa051ec123ce263e4d8b6782c9c8b5a615c45484e6ec19d4aa99c163529
1910	RemixResource1910	2800	92f991c162e09bcc9e73d84cef317241e9f64db0f97521f0b3ddda47cd1f7141
1911	RemixResource1911	2672	7f3fe04681f35d1c70466475b6da67b3d19fb62287b211e5f0c150a591219652
1912	RemixResource1912	2208	e13b41a956e41204c7d44381e45cfffd164e5979760012ce4887d088c50a8444
1913	RemixResource1913	2608	51881d162c7a3236fa22cd4a2cdcc2c55c8dfd7811b9a4e97cb889e8fd74ab5f
1914	RemixResource1914	2496	87b7c2a5bc5888bef6cb9c4daea328f10479c7aa4e64077d9bef1a890b58bb2e
1915	RemixResource1915	4048	b236246ae3ea3e59ef5372d9ce684a5698cff8085b8a2d472972c65959a850d3
1916	RemixResource1916	5376	dba3ebb952b8773a5270dab6345dc8f478fa226eeed22866b603dbc37896540e
1917	RemixResource1917	5392	3d19494c05c2f08362095a0d93b575f66d05ec16eccdbd050c99ff068934ee86
1918	RemixResource1918	2032	c0c4b6b32a5a0b5b933cccc2f2d66bec27ce63129901757cddaaed12e539d2be
1919	RemixResource1919	2464	ec9dee18c4b379bd696bd4c6a829fe824a4f1ce6e634f9ff8b7864d9b956ac72
1920	RemixResource1920	2976	c9203b0ed7a725a320e10d390b74bba8145d015b4cbd243196650f032acccc74
1921	RemixResource1921	2992	c12cd5937e6d1ff3202fbb75540b66e45f6de418148565fe7a8fd059bd6af29c
1922	RemixResource1922	2480	1bd8fda3d1a7dbd2e5751c3366a1e72f945a9d274021f0375f65e7af949dc6b1
1923	RemixResource1923	3984	22d898cd8f84d054168130c874b1d894eb44fbc1a0958527ff9a50540b8f6e5f
1924	RemixResource1924	3824	6143b2557a1efa1bde0aa57e910b1fbf628c43cbb4e71d12cfa5469b65a49f34
1925	RemixResource1925	3728	44af64e92f0288dfca04eeee7dda33edf0a0674a933fa3cb9a297ee42750d76b
1926	RemixResource1926	3792	4869dcc1520b7cfafc90d7b76394be94820c7b8c43082b88c7c1059e8d5bb0ec
1927	RemixResource1927	2288	714aeb211b148d9588881e32fea6aa3c47a3e74fb8bc596359845f2125dbf237
1928	RemixResource1928	2848	ec195fa0184cc8c2586f1276306a2dee3db222be15a366eac9dad7381b044ef2
1929	RemixResource1929	3168	7c9719cb2638e777bfdd927e5ec1bf126b80e5014d86b9f6c11c87b068a24e1b
1930	RemixResource1930	3296	51f59f64555d4ffae6d9376cbb67fa4ae6c7a9a48c7f91140dcc202d0b2ea1a9
1931	RemixResource1931	3168	41d0d68cdd54be14fc5043862f720e693181baa41c970818bc59e84740b51115
1932	RemixResource1932	3424	0bcbd0d2f0c3e7e9f5452b491895c77c0f0fa4e67a3c0897c2ea460c4fefaf54
1933	RemixResource1933	4432	eb2ffb3d1647318350c6ce809de5765dcbdf1112e4e8473979d876881c19249e
1934	RemixResource1934	2672	1da951825701588b863868865546cecc119ea586c03b63187965f31250a02f8b
1935	RemixResource1935	2304	28748b9b0e1c88337d1b2ad5c56f1f4385a1c1a5181b9dc6424bef9afa84aa4d
1936	RemixResource1936	2656	6ae3398928a8f0409aa743840e3f81b91d3cef14d407b24552f64d5792dca7bd
1937	RemixResource1937	3040	5673690c305785efd37e7e5a3de52b77f40d0cb6e3d608a5ff40c5e3f01015dc
1938	RemixResource1938	4848	0692f5339010aba9065d8ae38bc0f09e8ee71e7cf4ef193775c4a765d3eba6a6
1939	RemixResource1939	2400	8847a982f00e7a9f7688bbe7a5d28750df9b1cbdbf48bf0578996d07e9c5faa9
1940	RemixResource1940	1888	11d9674100f4484a2fd03a61a7c69ab526bbe3de1a25155d04e820798b546f74
1941	RemixResource1941	1584	78ffc9a0c2200afa2294b205b62bbfca4c35a1914cc924f95612455587b18e79
1942	RemixResource1942	1712	fe7bfbc491dcabc45324e842bd79ff63f2b0919db14768ca644a2218ebf4ba9d
1943	RemixResource1943	1840	e4ca9a75d4f5ade7a6affaae7f1e1bbd3a14072ca50367fa54b7a3df0b1da43f
1944	RemixResource1944	5232	7ae488f6785bf4a281a3dd0f007350c2cd36941ac327b1a4cfc8d9c3a4e47f57
1945	RemixResource1945	5200	737137eeb35a79a69c0ba635383f8c5637b703940bd3ce96d1eb460c5100c4ea
1946	RemixResource1946	2912	7d8caba548625b96e644ebd8d81242a4589de756558c12853960c62fd5354b4d
1947	RemixResource1947	3584	dfc41f6b27f90ac975ee8ce044f44384658cda41fda1939949e697392438842a
1948	RemixResource1948	2256	7f4f85858a1ad45520bbed1b39badb0549dbaa09d464f8d23a8ec6dff5f86d7b
1949	RemixResource1949	3072	70c6960997012f49e3ee45a7cb3448c6a9e79e4c5bfef26e20d9a385f5d53340
1950	RemixResource1950	3616	531b98d6534802911bde0ced9c107441109351352614b89218a83ed2b3e6a3d9
1951	RemixResource1951	3520	4a1353cc46b11d2280c1faa0d85394f8d2f2311871f55281705418503f9c2846
1952	RemixResource1952	3952	59b8cd386eb3bca15c515936ab319dadfb2673d6982ba6a2ec0ab0e5175f6400
1953	RemixResource1953	6672	581ad22a27ea0cdfe43d3986672cbf558ebdfa7454b8eb5fe194e3343555deaf
1954	RemixResource1954	9360	c1f758d73616dd285c563046c2f10289441f026d8abc06aa1012f2d9dadc19a8
1955	RemixResource1955	496	f96871782ccddff368da5d5952322c5853b5568524d00bd3530d465f866bb0a8
1956	RemixResource1956	3776	d25ca21d544e8c6996dc7707ee69ffca15b0456263eface29347f26222ac0fdb
1957	RemixResource1957	6448	e1d504e9dab3f239fa8c42e761007d5079e3268b23510ca065eaf16331f17821
1958	RemixResource1958	1712	216da41e45947cf0cf39b42c35f35d54a22f96716f4170cffad6f6c7f04b588d
1959	RemixResource1959	1776	db549adc6302ac9966da69b2fdbbad6bfb0285f976d9ec9592d9c3a9732f4317
1960	RemixResource1960	1904	9b9e24d339e6f46abe280f2a7fd4ed4551732d94a709295c40538a696ab042da
1961	RemixResource1961	944	1c3c4d7adcb4f440b4625fec31ab62fe4a66c8a0a3f47ebf0a1cef8076a5e13a
1962	RemixResource1962	2896	80b4e899895591902dc0170f69bf193332af0ab3b36a1ef93de30c866fe7da26
1963	RemixResource1963	1952	b07c3dc2be4dcac62238b55cccc4ab33984470305ad570c8c27d81ddc91eee7b
1964	RemixResource1964	2896	2a5ad3a632c9ae858632108ec703fba52afd07131586d26e08d98cfbd1bddcf4
1965	RemixResource1965	1536	955c040855cfec08d2c07c825ad0b5876c8a8b5a549516ab83410acda0f90d0d
1966	RemixResource1966	3264	dbc10c1a9717324077c7495b88070ead57c32c248cbd89358d8f413515f46083
1967	RemixResource1967	2288	25438c4fbe1571955eda70bd74e5b65492c29a851b231b2994e7901fa9843d52
1968	RemixResource1968	2016	f00d5e2eca50df45212ad551452ee4ffe7acccd403089de45ce19526a68a4674
1969	RemixResource1969	2000	84e53091804a8b0b27eda6d871b391eb74c5e3a5fd31d74223c02862bbd39c5b
1970	RemixResource1970	1792	3e4d6de1b04c74c697b26fb3cd9b03f776e61b006a0e0d6a8e58c0926f892f57
1971	RemixResource1971	1040	230f9ef7a626d215a2c91ea81869216b0744d0235b538f711402f2f3aea50cb1
1972	RemixResource1972	1056	56911f8dd6135ab0729b908c1ea683333eeb7210c8ca036800bbe21c8fffc021
1973	RemixResource1973	1152	ea56a40f41f8fe92bfd18eb130c35858a61b69d96064e51c8df0aebe3d5b6b9b
1974	RemixResource1974	4592	cba20a12dcec64fd0cd33cd2a73cc48ad9b80d14b1c59036b7917960e126c9cc
1975	RemixResource1975	1456	ea799162916107a9ab49a24d20aa7dbfa57a380171b419b48d21efbb13622aa6
1976	RemixResource1976	1904	38e14c246aa85be0bfa1fda407f0d7b5975375b5a21443714fb3bdbb8d0800f3
1977	RemixResource1977	2048	e2eed2bab15ceaad44efbca4a8ff468c63c1921cbdbcf686843e74d195dbc41e
1978	RemixResource1978	3664	eeac2c0c45f6e648a5994bf108fffb67557a8deca6fc98a3f3f32e314e1ed6e1
1979	RemixResource1979	1120	e09e89cf68297112c72f27eb5a031eda598ec0da190920478f962d5697786252
1980	RemixResource1980	1808	6aa101d38961ea0f9fd486a455c6d7cefa3b4115ef7ab9dbbb8626792ef4d5a2
1981	RemixResource1981	1312	0ea57dad30eab830545ddccb00beb8cad1a30db387d3613b75fec128eebab605
1982	RemixResource1982	2112	b28876e9c0d044697a417872906a37d17bfa531385c70535bad0f40275460b98
1983	RemixResource1983	2480	2e48ff31413ab731c066b216e950b4386704f806b5ea38581a1832effdb9cb53
1984	RemixResource1984	1328	8267cb3958f5490b0add9ebdcb11f8428497de19f5d4a68d5f206faa12875327
1985	RemixResource1985	1808	98f2e94c97ce81d1fd4f2bceb63a1693c63041a7d5ad25e9ee3506f8dbb52e82
1986	RemixResource1986	2304	7fd1d0d0edae72450ed34ab08772f78386c88291efef700d7d184f4065002989
1987	RemixResource1987	1328	4356b38ceb83bf1a4a8b9690135b4d27b92b36f9fa9f00461fbdddcd11a166d4
1988	RemixResource1988	2096	0a67d1a217bb3a340773ad7e81bf905bddd026e6f07e8b21532598af49c394f7
1989	RemixResource1989	2240	5b5723beb31a52fd1af920f5e7363e4404e373e436a07e78ad655b0da5828bb0
1990	RemixResource1990	1008	4cce24fdd72ac3dd4fe173f856d524a82a0e5bc16446988f450510b8532c6e0b
1991	RemixResource1991	3008	0d544896a6fa7af57e39579e8dbcb538017c7d5ad5456a2a6d24ba6482253262
1992	RemixResource1992	3136	225a1544aff522ee4a9caf156d8d1cf9b4204102eef9d74775dd45bb8c89ad55
1993	RemixResource1993	2528	53b458cdb7a664130df5004359b65b3e8e58dfcb3ab1ae47ba107964dc84078f
1994	RemixResource1994	912	7e67fc6ed2ae8cf5c77a24f780160dbb23c97d9264867ba855f0f8705b99523e
1995	RemixResource1995	4752	d246450926a167e444605f092675013083752eea11fce3924c27d737f36f968e
1996	RemixResource1996	6096	ab4fe1aab8bb55bd27a0530955fb6fafdb0e60c46b0c8591ff3d0310faa407d8
1997	RemixResource1997	4288	910e3d3278200b66452195efce17961179deb3ba8792fe95030974d1a988723e
1998	RemixResource1998	1616	7db3315f7754b119ecca1c6d17eb63e515225abec04c177c006ac4d3a644b7d2
1999	RemixResource1999	3008	d54b96fc9727bf34e136339eefacbfb928cfc4ef579562937bfe7674fb875cc4
2000	RemixResource2000	3264	367ac8751a1785af1f30ca88671eaa019f7ea08b5af18e45ed4b056a56cafc7d
2001	RemixResource2001	2912	b3718a967fe4822619bbff111819fc75f7445bb417afc8fd298fb94a1ae8bbc8
2002	RemixResource2002	1904	e5602e50fdd21329be5d99b98660774bfb0d4c8bae4935e7579bee76b5207576
2003	RemixResource2003	4240	4592126d39ad84f1c7ab8ea310462c750a9c062bd3a706f72cc178bc42d6e4d4
2004	RemixResource2004	3392	bdf1742209c8eeed1768351b46a576060cc7b095b7e264729b642c098f467468
2005	RemixResource2005	2656	12b4c99a9256dae5d8df3d76deaa667f50855726534293947fdf7330153ffcdf
2006	RemixResource2006	2768	255f4aee2c9cb2e3d2e63ce1b9c589e412c1f82989a4c59700a99580853a7297
2007	RemixResource2007	2192	5a776b66be51484b9bee1b05629b8e0e2a72d52aa21307713bf9575eb03bd7ff
2008	RemixResource2008	3632	3ec302b12c7ba6289594d70206347ac24073fbb4437243b2651990346a431090
2009	RemixResource2009	3408	f4036ae500e9ab4d1cc927980c1b81fb1404779c801b8191d02ab398591c4fd4
2010	RemixResource2010	3584	6bdf7f5d0c7c6aa15875993b6237b02f33b4dd1b99617f6e44e988f193c41607
2011	RemixResource2011	4160	cd586e3e03b92a420a0e0d5aa4593d3df8c20fb9bbbb35461de993706b4254fb
2012	RemixResource2012	4688	19f6a1137bfb8de5e24daa33d7db1edfee2f179d6fd12b2d965798489e1317d7
2013	RemixResource2013	1712	3b235aaf99c7b1ad190ddc58e866fade0d881cd437efc5454df41026d8bb399a
2014	RemixResource2014	2048	f541531e4af55da238f06dfcf9c00d817efc07cdbb3af3ed1d665a6fb38f3912
2015	RemixResource2015	3488	d2c38012c8ea8441400b80081da896730b3839235137823d7b01b5416172ad2f
2016	RemixResource2016	3296	6cd93cd47f9b60e07dd8425b18bebf1e619eb94195b8c59d2defda90ceda60c0
2017	RemixResource2017	6336	06bcda11ba686a96ed3f235b88404ff8909df790fe889a3c5c608d65b5a36029
2018	RemixResource2018	4448	87f1bb80fb696a416e6c66d9de533322d9598d9cf37e792baa3e4830b9bccfea
2019	RemixResource2019	4448	662ec71180849a7eb4153361dcf6a7dd28dafdd2ea7da7b68a4022e50a00ee6e
2020	RemixResource2020	4464	6fa32d42b08f56a6a4ab51ab522c7ca53a9677ad14aa702dbe810a3ba368f463
2021	RemixResource2021	3216	75de7ab62ba336848844d8ea22716b68680b0ada0ee01e199a3fe470ee16f0b5
2022	RemixResource2022	3600	42004892d1b3956cd3e63e99db47c0cd2b90d61d90fd3b9962dcd380b2b0e381
2023	RemixResource2023	5168	95304b3ec6d8fcccad34533eafe1d9337afcf5f6c45114cc4f9c37b8e1cff9f1
2024	RemixResource2024	4704	9b6aa40f13d2c24f9a955d4919d3eff9c5c46c8c2d85cfc2101dd02fcad621f2
2025	RemixResource2025	6480	bd053d761b1aa7d8e08af2be166736a8816d0d88acb3e762fa7c1bae80a485be
2026	RemixResource2026	2928	7d896890153b009f7a98e6c6dc6d3e23acae806fde05179e13b7b3628f9aee64
2027	RemixResource2027	4112	6c140179ed218307491ff9a2f67393e5dd02e574997d46ab2657acc3fa81df06
2028	RemixResource2028	4320	c8d231367af045f8b83437ca6cdc1423797d94c4b8a2a0a0a16d37f5a01cd81f
2029	RemixResource2029	2336	8cc53c4987b3a660b2ac16094c214dbd4cc7127fade52de3b1b6117d9d1e44f6
2030	RemixResource2030	4208	ebfe1f3309f6804179ac310ef8d4655bd327d1efdb9f337dd2e81eeb269ab2ca
2031	RemixResource2031	2528	fcf91300269e682b678ac114094a54ae11bb94df3dc71e077235fbc07e44e693
2032	RemixResource2032	3840	9ccc7c456cf1de38a469041b0d26ee623c17c6850e3e7651952832d1eac1900c
2033	RemixResource2033	1040	cfcec09953e92341e4a67b6e06cabce925b44fd6eec0e57d02eca547f70ea9db
2034	RemixResource2034	1968	60605834bf89060a3d43699c965cb79d57cfa2e1d6cc4f1c06d8e33fc9618a64
2035	RemixResource2035	2672	43b3350b8b9389c452e10cb2f25876e660bf57f59c42cadc9923904bacdb318b
2036	RemixResource2036	1968	579fd3d07eb428e974027c7fa010153af82d43b16496df8c480ca6affd6ad4fa
2037	RemixResource2037	960	62dfe17e28365fc03f2b45e4e0d45cf1f3def2960ebfbbf18ea2dbd7a7450f33
2038	RemixResource2038	1632	d58780f25c8398fd9b885ebea984f44c34a5b47acfb77629d76e13de1922b40c
2039	RemixResource2039	1040	9c80af62a1017795321f98f007e9dd932c67ec9c886146cd9c43996c698253bf
2040	RemixResource2040	1136	d97d282ab28ad6c496a93b86b57f567ae09e009a44afcb91dd0b7f6eb317dd4f
2041	RemixResource2041	1664	48b9ce2b3bcfa588df94412e25edb69963a843a5633368a5604f5c494f6f4a05
2042	RemixResource2042	2000	3f944b9ebd31c37ae5bb97e30c6bac13ef35c7882cf37c0c21b8e2828a0eecef
2043	RemixResource2043	1072	1d0bde659f5422469ad47cbafa8130688fb40fb0ad49ba9022d44cf854992638
2044	RemixResource2044	1536	3139d071b40715c77e346770f72273ceba8e0b2b2abbc3b5daff866e2e563f54
2045	RemixResource2045	1152	66ba91aa5dc5ae9877cc19c28e008a1340563dc6b9d8242328d42ccb45b025c4
2046	RemixResource2046	2400	bae406a3db0ce50779f028c909b149ae7445cd5c377469ca5b595c43d598fced
2047	RemixResource2047	1072	c541397f203cfa12216110dbceceea75107f31f2db1186560120e4bcd59536f9
2048	RemixResource2048	2800	14eb688c3ea96ee77a4e02663039de11248dcaa4495d5cb9ba222927473571f0
2049	RemixResource2049	1184	1241d1670e4def5cf09a9c522b7958d86e8bded1519cd8ea0e9db966323caf35
2050	RemixResource2050	2800	55dfa0ae3ffcf39f71d26c1bb49b8f8aaec7121c358fc569d17a14abc27fb924
2051	RemixResource2051	976	41b00c58055e3a2b0bd4d7e16694848c73ff03d86e1be3959416390e0bea0a0a
2052	RemixResource2052	3760	e1da6554510b2dc46239f07267dc53a4942a3c0f5d3610d5c26d115ad2596f75
2053	RemixResource2053	880	6dbdc3da6dfa223a5396eb9593265eec754b91e31195f99b77a18d0c72b61501
2054	RemixResource2054	1520	68d6e444c5ab3b8fbff4b6fe03addc3d6fa721b89432139922f5a72ce0faf9f2
2055	RemixResource2055	2144	ac87942577aaa9c9023d5751fad56b4e7984b959e96e0954c58664cdcd3bfdb0
2056	RemixResource2056	2400	4b5660d7308e5156276b0ad59e727504254a8e51b04281b99f5c60bf0e45d580
2057	RemixResource2057	1840	c33529a38e2ee1fea176bbbc9602150969c9193f58b95551977ce2a7218bdb8d
2058	RemixResource2058	2128	f49266d4ca9cc54132e139965f28568817582e8f63845e7f70c723c3eabf3ea8
2059	RemixResource2059	2304	14a3a783c00af03729511037f25c8a6b2ec127e1c043207ee6c93942d8bab4b7
2060	RemixResource2060	1552	5ff7e421c5659faaaffc0b3838e861d0cf92418ad26745b1a0044a0f05b59c8a
2061	RemixResource2061	2528	d194b792a6f0c5415c81528d7208c117b1db2e5aee07372e70a4d7fdf7e06d20
2062	RemixResource2062	3808	c20d33f73c4bbfd11ff0c09349b02ac14f3f20836ce9b2debe0ebdb68b5853ae
2063	RemixResource2063	3472	b44dcc746d222e720f9ae72db253b9e61f37edf67b4194df3b974e629e7cecf8
2064	RemixResource2064	832	b3af5abec85bf948646e99ef9eaf6a52617cb9db05510165a8b6edb8b3ae1e86
2065	RemixResource2065	3184	1765470796f65fc0c71a56a01e04a4eeb2d109e1dd8b645c29a638f41543637d
2066	RemixResource2066	2944	b1faf5b39713166e6122c2bed00f547c2b729a9cde72d64ca37d1989c78521cf
2067	RemixResource2067	3904	e48794ec947a4f4f9e89a144f920fa54a69168908da8516c5060263831715f8b
2068	RemixResource2068	3552	b88623506bfd83d46282fbd70945c18fd41117026f03c126b71aade74815cfbc
2069	RemixResource2069	5456	31e6c7debbd172b30620d870f8de279f498066466ac450f75a6faf12b4d5f64f
2070	RemixResource2070	5344	a9a22d60416567fd24b64f0d42ddb8fb2e1d083128a25aae9127af23f627fba9
2071	RemixResource2071	1088	985c6a54fda44c23561cf3b4ca253d83f692d6316648289a9d36785de2d424bf
2072	RemixResource2072	3280	24fb5a7bbd2c9161c091b5d92dda7643445957d5a7f91f0589de039e4119f393
2073	RemixResource2073	1408	605280d351b626b23c709ba89c46b095fe91316322cd3d8c9f85be8f1aba3164
2074	RemixResource2074	4336	1537a72a3222ed17d4ab450647ff37a086e514ff47da639ecb483a73b9ab188a
2075	RemixResource2075	5120	843c36b4d00aa9157743f3501682b5f1ef10c7b1be38998aa6ff1b8934946ada
2076	RemixResource2076	2080	41b265e7e9571e02a87eee825fc6c9ea8d61a4461da2d6c0206807742745a4c8
2077	RemixResource2077	2112	deacb7b6b176583711a8f75dbb52b9cbfb23c560bebcf3f74434f81b91ddf793
2078	RemixResource2078	1408	c66dcac115a7a912557a62cde681e4f3b24968aa00c4f7c1d19bcc870d39bb66
2079	RemixResource2079	1760	c5051b75d8c3015f1654933e1e4a597b272d4ecde1da528b3a618014e241fa84
2080	RemixResource2080	2320	d2e8f554873641aa11a1fccb9a9e3f935916a9ec9ae6cc13c6cd24404d7c8582
2081	RemixResource2081	10752	7f4eb90f74f780f83840225c0bbae6e8b0f611edc80f69e6e2afd76c3ab557b2
2082	RemixResource2082	10592	ee406d6af83e5e512b620c9bfbe45a763894c0c9794adb8d01839f07c004700b
2083	RemixResource2083	768	587f9e0f2f072e56ee885dc46a30118edf63f4d374b5cac64dc39ede65641d12
2084	RemixResource2084	848	cf0476a6f74b5555fa325426e1769dca1b2af056fadd348880fb2e75a2e8540a
2085	RemixResource2085	2976	ceb07da14aa173d9e27430be003a8ed28c0fb747732b00eff415da0ff9cb970e
2086	RemixResource2086	5472	7ddbd2e2d3f628be2410a25aba73e0a8205172030bdb37d787c4c9876331ae41
2087	RemixResource2087	5936	24f40c23af854bc0b66047a2118a884bbca714b739a01d18ee0af37abf8586ea
2088	RemixResource2088	6064	b40e97be1f2ef6734c72a982e02d9c08b795c183a7cb40b872af960071cfc2c5
2089	RemixResource2089	3248	6691bba6e447a121b8d844c9da3e1d9633b283f9766d48b60db1fc86d0cbaca0
2090	RemixResource2090	2464	7fbd3772b99b0112a2d5ff95c25fd5db52645ce9103451ed1e89f32528d54957
2091	RemixResource2091	1728	07eb7c189d0eb4a382a473cee2cc70bce4da343e1d0525c076ca8da385dfb1fb
2092	RemixResource2092	2992	9b71582614c6bce9b7cd6caf73873de44de67fab58fd67418bcc4dc435ce3f87
2093	RemixResource2093	2544	5d203f55e466667d844ee10eca0014a289db8957c3f5a74161e6e101a1452e49
2094	RemixResource2094	1408	1a5a0ca9fb5a0cbeac6a294226895291825ebf457d3d65de4014c2557b824293
2095	RemixResource2095	3136	027f36cb665434cc81ba849163f8898a93574545bc8138c758447083dd007898
2096	RemixResource2096	496	83b13b6743b0ab81f91bfcd96b93e41181ed5ed7eb9bfb31e575b27c85938830
2097	RemixResource2097	3728	8d5bfac844e1fb457e1e6d6311109234c740ef8b2d07b8cbe67c422b01c55ee5
2098	RemixResource2098	1360	54c995cbf0ec80a898c53648ebe32129d0e0576f3bf297bef46f6a41289bd7e6
2099	RemixResource2099	1984	eaf0cc78e408e6e1e5a26752e6b2ceda4d40d2846805d8809dffcab25d1ee4d2
2100	RemixResource2100	2192	80c579648c459dbe9fa560273c502ee6268481ff88cfb78b9e975d8e4f3d206b
2101	RemixResource2101	3280	b735e981a7d5dbe66ffb5dc2f2fa1d64f012b21fc0955b532203131781a1fef3
2102	RemixResource2102	1776	40d8e21100e88666b9219412f96fd3c0cd872133fd9ffe6d0eb357784fb4b06b
2103	RemixResource2103	5680	250f0bb7dd655d8544116dfe893d85c849ab71cd5e57b6a6e441e9a4dd44bf3d
2104	RemixResource2104	2864	9ad9c960fb14c3ed56bcc71110a62059d674f0923a40d547a64e256cd44f377f
2105	RemixResource2105	1312	e1f1157c677528d755df39c6939d73345e0dc3b1cc9ece7d48591c059d96d0bb
2106	RemixResource2106	2096	05f587e99212564736f22523f45c786c330baf9e2e39d7553f2ea67454cb7e14
2107	RemixResource2107	2496	6597b31f877bff5dd59ce10d342d71a8007e71f31de9120dee66c34674d57f9a
2108	RemixResource2108	1456	cca8d79896bc2e0ae48943b92934ff0c7c43969e62de64be050be3e71bac0048
2109	RemixResource2109	816	260b8189e78acef63b335909e65cce3a831b0a5ec5a9eb2fdc92748bb17a4e1f
2110	RemixResource2110	3104	686ac2fa6583f5dfd9a201d1a53bb7bd3480454913baa5010e566b2ec1028228
2111	RemixResource2111	496	17374a29c48106e90368e00a6090e16e8ba09026c1ecc5ee58e475d0bd6227ae
2112	RemixResource2112	1648	1ec0af97f3f45398fe64b0cd239f6f473d5a78fbb3c25bbc8c589641877ad78c
2113	RemixResource2113	1792	16da43361959f9c6ecbc58e118017f5b97dd07e757d0ffc7d8d00f66a4494897
2114	RemixResource2114	496	c440597b20dfaa1083c3143f905915568ce6407ef67779e2d49ecce10295db91
2115	RemixResource2115	6496	fc125502d4b582907901c8c836c5d9ff93fcf65805c7e70375b020be90099a1d
2116	RemixResource2116	3296	e082b6c78cbe5d39094e9baa73b8c5cfabd2bb44544842ec346b4117fddbb892
2117	RemixResource2117	1152	23a5fbcbe97f66e0511b6d7a5ea6d17da8a13c5b3de0b3e843f1dc9320c852c6
2118	RemixResource2118	1744	a3484bad6868490aafa2201c6a011cfb5821a648b8cb966a6cd4928ef2d7303b
2119	RemixResource2119	544	484d3115544e8ec35271b99f39f23c767e8a6e29d8c878f287d4b87062fdd876
2120	RemixResource2120	1312	b80af68f2e266475e236cdce1b4f128eda3f1b2bb512f8d342ff7e4828691d54
2121	RemixResource2121	1312	a89741ecef18ef39f040544fcf9870fbc34f0472a215bdd3fef03e9e8ec4cdb3
2122	RemixResource2122	1120	c82424a901915d73e8e4d67bd939f6d5bb52bebe059436bb07af78180fbe3b41
2123	RemixResource2123	4160	8104a957ddb9b033e1e65c3e57e9513cf5cee5c5273e252fa165b100a9b07f7e
2124	RemixResource2124	1312	b80af68f2e266475e236cdce1b4f128eda3f1b2bb512f8d342ff7e4828691d54
2125	RemixResource2125	1344	c84a32559e6dac38c74ced3cef0baa1a366e0d22bc35b53eff557993db6265a5
2126	RemixResource2126	1808	40212c7225aeb9c7e53b960d4c69907c4f166d2f955902fadd8a8ef5d0352434
2127	RemixResource2127	3872	7edc5fe460dfb23f9bfcd5f6b99080b9608741ec442d66ae6089c8c0a1f0872a
2128	RemixResource2128	1104	1698338f11465178d2bab143d7c928c9e365816697e633f3e8444dd19256de39
2129	RemixResource2129	2960	1fd257ac7bfc9065ec0462ef3f8c0941ba738fed25fbaaaa69812c9c51c462bb
2130	RemixResource2130	1104	b63d3233dd7ab68ec5cabc47307ad88d11c62a98dbae9ce8d7dde42cdffeb519
2131	RemixResource2131	13872	3366032658772fe948bcee4180f263472bfa8bce453853c95b887a833258f14f
2132	GND_USMASH	9376	12f2fa9d7bca0cfa2e6ba0f7c9abb5f20f70ae2f2b0b0947ded490ced3252c99
2133	GND_DSMASH	10224	29f8a951dea4583b87b2ba6af4c8554064052229e8b30ad6082956e2d845b869
2134	SONIC_DOWNBACKD	5664	4392f69b95f75baa94b5740e1e9b5dd6098c9df6786f6b606d2b4bd8b2995a11
2135	GND_FAIR	7408	22f77304e4e5f9e7462af7ec98163a73d3fed353a5eb61cf8312d58b9dddea26
2136	DRM_DAIR	7488	851277af037a33b88a5be2d9465e7fb70f5c04dce778932fe439da67caf08c33
2137	DRM_FAIR	6832	e27da53f2d3f7c70a6b23ad7d56ac9c0938d373b9ae9a75409770e20c04145fd
2138	DRM_TAUNT	10400	1f3f3d6e83f41997b96330297d9815330dddc3431e43e83e3b5a25f34f33e257
2139	WARIO_DSMASH	17616	f210d0665943a0f61a84e0275b9e82d0b564cbe47e9e8672a904f08236b7bbdc
2140	WARIO_NSP_AIR	17440	dabff0d7fb8b089ad858206c8933726a6c8aca6985371eaa9910aae46f482e7c
2141	WARIO_NSP_GROUND	16704	6f6bc33429b45bdf1045322d5e0ef957bd7e9049734f94d86c35d4ce1984534a
2142	WARIO_NAIR	9264	3af7f618a3758e1249cde11fa459b73de2301ccbb31bb8c88b54609b5c4874ed
2143	WARIO_UAIR	9408	5a914141ce134e261b98d6d240fe89f9e8728d1a60c137da828833cad6807c3a
2144	WARIO_TAUNT	12800	934e2987e6cf77cfe017e241a219a06257283a27e3e39d4a81eec0f1c3a0d89e
2145	GND_TAUNT	16960	9c8f1b9b9f865830a8277d5b57a22a303ec03e844580bc9bbfa617c320db37b7
2146	WARIO_BAIR	11216	49a3d1a9f133275e32b090b9c9d38a243f88f20244fde6e30da17232d58ddc41
2147	WARIO_IDLE	11328	e7ab0679e9a728ae6c080fdb2d007e1f8ebb960bd297cf0aa779dbafad4e9b04
2148	WARIO_UTILT	1712	22caaed0aae2d7c7ade060e4a48e8a68d294907ab1ddcbe91c91e2ecaca00c7d
2149	WARIO_FAIR	6480	22eb2503ad438e5fccb2e36534e283189bfbfb5b6b0f88749152e3b3180a7c74
2150	WARIO_DAIR	2960	5e9601bf94df21cefd4974db2700062bda754605d22ecc45dafc93b0191bfec9
2151	FALCO_FSMASH	7696	2534b0b1fcafa171f5290e6e205fe663fc1daae6ed4916b91cafe853e5d314a2
2152	FALCO_TAUNT	12400	8a973644c09cd0fe13f353853d596abeb2cf75884cfb9bab5d9b82cd86e861af
2153	FALCO_UTILT	6576	dc2b7f3bce5e0ba8ef1bd8279978b415c32fa55890342f95fe992d358c113166
2154	SONIC_GRAB	2640	8f284ca68f78ba1ad11607da1e8386deaacc1848b47b88c5ce16a6e77ee6e41c
2155	SONIC_GRAB_PULL	720	5443e6ffb125153cb5be9723f1ec4c1fb53d630166e64800439ee23e9611f958
2156	SONIC_THROWF	5184	3094c91a70aa67d826c4e1daa996768a8a77e3ba5a715631c5cf24b9bd6bc9dc
2157	WARIO_FSMASH	13440	8c6cb126fefb1834d12ff8c7897126d3c2339da440673d81ac022ef292b7836a
2158	WARIO_USMASH	11744	cc77d5a5777ccdcf865b220a869c061b1abf24d0b374e9994e48ebe0d85fe938
2159	DRM_PROJECTILE_DATA	64	374a3e57815730b3df7fc91966fed5b010aaaa85c5e5284a1582930029487a23
2160	DRM_PROJECTILE_GRAPHIC	848	e640646ab0ff669be9f534fe74af34e93ffdcd9d69681326195c2c646f1cfe71
2161	STG_BATTLEFIELD_HEADER	224	c35bd4b5cdba128ce7557312988c7426ed314ee148d9d8ddecd553c78702acce
2162	STG_BATTLEFIELD	40000	9d9088cac2ac8786179725812f67aff2c1a48117d553160542bf7e96a383cce5
2163	STG_BATTLEFIELD_BG	158928	1816002c3973b4ed07001ed356cebab9da24319b7f6d8362fa0f88dc6accd287
2164	STG_DEKU_HEADER	224	3400075aafd29e7c5486c4aa5bffd19e6370246a242a4260a1d6713ee472cba2
2165	STG_DEKU	27232	4eb0c00c6799bd66949f64aa9ca53a203bd8f78d7c2d6b4c02ba512f9df14e82
2166	STG_DEKU_BG	158928	8fcb569ce0247c0be4d799b7f6f94de9d698d9552979acc51ac51a9fd113d146
2167	STG_FIRST_HEADER	224	ba354cd0f404594ca3a686ed7ff8b465811e82ba3a72e4296ba7bc0fc24b77a8
2168	STG_FIRST	16240	d083ebda9225d499392213638a13da527a857acae23a2cb011550a25cf52cdb6
2169	STG_FIRST_BG	158928	9aee2c9255e6c3dd700665052bfa6b4946af7393ad98fb51571d11cb419aa4c6
2170	STG_GNDTOWER_HEADER	224	07fd891c4c8816b07a8260e84dba09231f7a23204f90ecdf70308782f571459f
2171	STG_GNDTOWER	56704	d4571413a31ed90ab57c05a49d73ac166dcafbc7f84d80ce9054afe32d598bc1
2172	STG_GNDTOWER_BG	158928	3a0b8b09b8ff1f04077e00be9b930bf765a5281ecead2fd4614d4777af7b1694
2173	STG_GYM_LEADER_HEADER	224	a879c154329dc39e3cce03b66244f483e5fbae318d076539c504a0e3b71c3a2b
2174	STG_GYM_LEADER	41952	d1b7c8106353dafc6303405047713f4e7643cf9c04eafe2d00c50ef5b8bf188e
2175	STG_GYM_LEADER_BG	158928	cd0fda6fea1a5c412331ef6f461145f0b882e418a39d7c708730b4eaf7b1863f
2176	STG_PS_HEADER	224	9a0567107db1f7d6da65204ccf0e46ef2751316378f2a15ec6dd80fc6ea68a76
2177	STG_PS	32368	a7787179e13282211b8aa00022f0961b2f92dda4b389038876edea8531f9bf42
2178	STG_PS_BG	158928	31786bd75792c445f4046e56bde9f8f0b760a17fe41a59a5d096ddd054ebf266
2179	STG_TALTAL_HEADER	224	fe1c268241694f476817ed48effc2ab83b9ea8a089f2c0fe9675145042d3c0cf
2180	STG_TALTAL	43152	2f52904f31be28455c4162e92fee916bfafcb0dde478573a5136171a28d54cbf
2181	STG_TALTAL_BG	158928	0ce9241f807666ec8aa8935b8b8655bef8d5231d63a49e5e1f3eda3c2effa788
2182	STG_GLACIAL_RIVER_HEADER	224	afd4d9785643e4d54773b9ca95cfdc4da4a1ffd8ed86dbc98e489714f283ee6d
2183	STG_GLACIAL_RIVER	15376	cb43314544d1467e0b552e792612198c3218b8592544e8e834b2168232bc8df1
2184	STG_GLACIAL_RIVER_BG	158928	db85e14edcd6c8d5175aeb237381faf6b45b4abf7ec06cfab56f3ace2b635490
2185	STG_WARIOWARE_HEADER	224	6d584424fd86bafaf1a15f626186cdfeca88ebfaf0e7675cae9beae169052aac
2186	STG_WARIOWARE	30336	6ef04ae5f091e62457ef3b4d16a28cfce5ca42fd31751942b3d780bd34316b21
2187	STG_WARIOWARE_BG	158928	8d5bd22244bc98103aee3e9c71085d3f6c8fb3ed69b664382bd2b7aaa2cfe678
2188	STG_FLAT_ZONE_HEADER	224	283ebeb43aa369205dec47e77065ac793b5ddc3e30c1cb678c6f18c916cd4e2b
2189	STG_FLAT_ZONE	50192	864925514d8f8e5ae4de2b518814969940d24fcd5bf0b075dd7fad36f5fd0ff2
2190	STG_FLAT_ZONE_BG	158928	8395e7192ecc9ce418dcfae8287285c4329c5adf2fb278f0b076bc005e565064
2191	STG_DRM_HEADER	224	37d524180bea298575aa6cfd6f4314f3f056ba7969d7b1e887e27b90f223b9c0
2192	STG_DRM	48480	7ef3b431634748151c50a289631403a0f0f7b6a08ef74631eb861e0e32d74490
2193	STG_DRM_BG	158928	b544bb4f1673c2be31c8df156b7ad4ecefc31684940753ddd9cde44f179c28ab
2194	STG_CCM_HEADER	224	2fb13b73bc2260cb217b61c481307993db74f7433322cf95ad888c5dcb87375f
2195	STG_CCM	26592	a7fc49980dbdbc1ff4ee02d19215f41d7cbf38020edd35f66d007b5873394c1b
2196	STG_CCM_BG	158928	7d0cc58f1454964ea8033fbf416713af7779f99c863b695a8c5858f6ef54ebea
2197	STG_DRAGONKING_HEADER	224	dae0c1dd0645f3fea73de493abc8194aff7936c4c63aee2161be23feabc0df84
2198	STG_DRAGONKING	6448	e6c1acb206762b94a98c0ca025e9d6e62568a10a06e65a771b44e16ebe03f844
2199	STG_DRAGONKING_BG	158928	c2a591e283be160dac742a516e7029ded662d4c6089ff746b2dd6db62a548aa9
2200	STG_FRAY_HEADER	224	384be73a7f1eefec85eed671daf63bbc9cf4b9985cbc7c54956003bc023ee033
2201	STG_FRAY	3024	4bfd6280b160aa41d8c9df664ec82e5151c73ebdac6429f957995d997df70e87
2202	STG_FRAY_BG	158928	49ca61dae0285065879e7e66f3fc9697c45f8c60eb2b53477f7efcb5c060fc92
2203	STG_GREATBAY_HEADER	224	d9aff8b74c13bad6f3b4becc70fdab3982252619477c1223c27bb0042f6668f6
2204	STG_GREATBAY	54896	72a8f82f50940f10310928c4531ea14b1d429ea5911722495a0e9f04d52eafa2
2205	STG_GREATBAY_BG	158928	c3f1654bbb5919a5fae622dea07420fe8a57acb8f319492c64aa1c8239e5423d
2206	STG_TOH_HEADER	224	3be41ed87b0b2978ca48721ae8435fc6fe0b1a452f8629f50e0b96666369f4d5
2207	STG_TOH	25760	7f35761cbb00a7c6d365f0ec4d2174c96deaee624f628333e3d928615a50b272
2208	STG_TOH_BG	158928	8bd4e2a34b4b38cf4a8b7878330ccc01c56e8751227ed4429ad52173f9dc2bc3
2209	STG_FOD_HEADER	224	2078da8c35bf027efaff5555920b82b3cce48a5bc1953c5934c5a28d1c177504
2210	STG_FOD	57408	5b9f8df7c038d66ed207c7661a9287789f141a4e7719a07d5ca3a34b0fa8ccc5
2211	STG_FOD_BG	158928	d3d50a2066bb2dcc4655f6028d8ea012e1419794e50f7b3403c246a4d649e5a5
2212	YLINK_TAUNT	21184	a50eba761397fc1693dff2e9ee659d08fb0cc323aad722c2e57598978a10e8a9
2213	STG_MUDA_HEADER	224	704fbff43ee878bdd88d39aa6f93a465585fc64a68376b8474e1370f473a16e2
2214	STG_MUDA	13504	ae159f3165be7f374fc8d21c47b23e4a42fd8985b5fd9a31503809209ed7e810
2215	STG_MUDA_BG	158928	10a905694c32f156410d1a7620dd2803d00fa7258f92917f2d9278560ee95188
2216	STG_MEMENTOS_HEADER	224	f67c70f496748c12d75c2f9746239301b403da23cd391c53f233cde5c2e5bbd8
2217	STG_MEMENTOS	113200	86c102da9fc792d43205a55882ad2752c71da62bdabf89d166b7f784ff0e4730
2218	STG_MEMENTOS_BG	158928	907a3fea13460c75d3a96741f3cc3f803495aa1dc81326de04b8622a2689b25b
2219	FALCO_MAIN	1984	b0261ba70edda016485248bb7cd827a23be92afda517676815629b5e8e762ea9
2220	FALCO_CHARACTER	42144	09eab1a5f8cf01d9e8a66249430ef6bf607db4c4dad22b719e30d1b0f5ad3228
2221	GND_MAIN	2016	765a7d3f8a28dc5d5b8f76072376cff6a80b448c8f3fef3e762c3386171af178
2222	GND_PUNCH_GRAPHIC	2160	f7d479f374371a3c522fbfeedb01822cb4050c21e1dd93cf26cd35f2c59689c1
2223	GND_ENTRY_KICK	26080	6c15aae5906f4b7efae89b93c77efd42a5db80062537431fd6e7b2d6499c1db5
2224	GND_CHARACTER	89856	e313c8d1c6f57a87aa9117fcc58948c058492a825351a02036f23985475c2f14
2225	YLINK_MAIN	2736	83a147b43e2e09e21265816e92f022dfb784691ddf3daa47cec7d019e4a930ad
2226	YLINK_BOOMERANG_HITBOX	64	d7d15d352f2e0733e94a8b2ba874a73dfadfc611b32b1c795cb1b9d09005d0fd
2227	YLINK_CHARACTER	100048	76bf77fcf31e8a5acac0b320dbbd0f1b60bae97ae1a31b7580dc3dcdcd077be7
2228	DRM_MAIN	2032	7e18f12cd6d4eb70ba019ed59b02e7cd13f9372d89594c3258f262588e6e8fc2
2229	DRM_CHARACTER	51264	dc586d31bef963da94399c0b462da9bd5ec8f56426dffdd62c6e5079813b00da
2230	STG_SHOWDOWN_HEADER	224	c06da061f2ab409bc42bd6b4e9ac9e0eb3b07f3b35402ab9fb76135e960266c7
2231	STG_SHOWDOWN	15888	1b17571e2e7b0559d0bdd406b1e4c38055f34012da784b6e75cb106dea58b4ca
2232	STG_SHOWDOWN_BG	158928	54a2e2a9d63b38eedc929e0475bcd5a189aecf6beb9f1ff3fc6d05b75240dac4
2233	STG_SPIRALM_HEADER	224	b32d0df6ed4ce7ea08d0ab1a92595714c0cdd2a6a1db587191b9a0d907a633f3
2234	STG_SPIRALM	70024	e87b6c065b384ce9787905bf52cecc691c13a91c3d5c1f2fb51044f7e104c9ec
2235	STG_SPIRALM_BG	158928	3f31065693fab6d5d7109ff43604589ec4e32d557b0136304c894d6bfbe13127
2236	STG_N64_HEADER	224	1595b9a03c4b4ab7c94a681d9088b4c5245f3e6928b71a955ad11245a42e546f
2237	STG_N64	11376	c7752eb6d5f1ec13dcabe64e968627c07231acb8ecdf7cb79d63adee325c3d30
2238	STG_N64_BG	158928	6508db030a5bc797bca6afdcdf753a1dfd7a177ffe1c3e99efc82d0bb0deee2b
2239	STG_MUTE_HEADER	224	225ef71a9d0b858b88fcf0501c57bee5e369559b5e8de6a1bb72f44d048b21f0
2240	STG_MUTE	54800	aab7a15d82ff4b1b4b8b6283e19dfaddb3f714eff5d8fd6a6a1d9686825ef653
2241	STG_MUTE_BG	158928	2a164e28a547097e77b3c24410fe92fc69341b6ad6e1fd4a3e97758b6a52c2af
2242	STG_MADMM_HEADER	224	bd249927d13af6c40f5f21d0ac81130d93e7eaa7407a6ce3aa9b1f33b00e53a1
2243	STG_MADMM	43184	78acdeb85152ded2eab1f67c319f904aabcbd25fcda457c98b5e27627b540731
2244	STG_MADMM_BG	158928	f338241a50b1bb458a1593fbc629660347d6fe8e0f2d11472908fd2774a6c373
2245	STG_SMBBF_HEADER	368	5198fc34ed175c6ca95a3dfdfce02d8a0da0fc0030793f74da2f85841f18e51c
2246	STG_SMBBF	43344	d013e4359d360fb98ee3a9e7fbb8ad7e9158d2ac99a8a603740538db0bb6acc5
2247	STG_SMBO_HEADER	368	1489451b87ba998adf346228d507085e00a2aeb40a63f792d9ae4932a9ba5411
2248	STG_SMBO	41136	1241ffe531f47a444086988481e8c38aa7b8262960d4598623ecede9ab4f321f
2249	YLINK_USMASH	9760	3d788fccfd133610b35dea65a4ed2e586e78865882a03166cba2d45abb2e6baa
2250	STG_BOWSERBOSS_HEADER	224	9b34dc4d9a6cb6da8910971e9596842e314d34660b68288dea4045fa3a251cdc
2251	STG_BOWSERBOSS	10112	868258cac33aa49c6f4e00a5e34bc1e27350ee84299b4d6f1c44ea17430ea5d6
2252	STG_BOWSERBOSS_BG	158928	8645a0aba6c34353f4d2de10bb5e1074b8a117a620aa91620b977c2a08f2fbf9
2253	STG_PEACH2_HEADER	192	9be1227c831b7707807d5c868b955b35d7a8a722dfb051a2e0411461d64a75d8
2254	STG_PEACH2	45544	4d4f40b200f813785247311f8de40f25728b462d12c27f4d52ab22ad50973103
2255	STG_PEACH2_BG	158928	6f6c7d466750e75337300ee7a7ad30e81f3fa3ea21ae208085a4ed370c9d8fff
2256	STG_DELFINO_HEADER	224	7ef3c7e7adc2c07d319f1f97f97c08318bb9e8c8453c8d96835b7145e32fb403
2257	STG_DELFINO	92176	d6d410f6c948d1860221d0112fc7e188053aff7954292d2befe2e7a4e54dc200
2258	STG_DELFINO_BG	158928	1346eef924e68e9b944d6d295c85ff96897fb5419c5b896bbef8e1f29b413656
2259	DSAMUS_MAIN	2576	44aaf37dc9f2016f669d3f14a47faec37b745385f15a39cc1c72435b51f6bd90
2260	DSAMUS_CHARACTER	83008	7508798de238e6c76b3aa66b0ede40d7808dfcdafc788f0a8bb109f949f58984
2261	DSAMUS_SECONDARY	64	8d9e069487a0605590f84c97b8d30b2f89eba0ed813af28a59a11a85cba395fb
2262	DSAMUS_NSP	848	91f7c3eac4e1a1cba56273839e3fc4e1c6e85d06d3b930ecf4160d2996f6dfef
2263	SSONIC_1P_POSE	604	c75a7abb8e5ce2406b7f8a9038830f4a0e10ffa3dbbdf4d675db44c5332b054e
2264	DSAMUS_ROLLF	5488	1374d1066461bde6568915b71f1f38c8ee6fa827f657bd59647cf576b8447f0d
2265	DSAMUS_ROLLB	5776	30de1c9fdc4be915f1056a7914770dfa1429ef7c1c587ba8326f7ff44d8f6bc0
2266	DSAMUS_JUMPF	7360	5c73e0f9ff81779e8a7ff756b877350b03c91ab62d6b294b2c48bf6f50e05f91
2267	DSAMUS_JUMPB	7424	02fab3377ffa3fe49a5dd5a9609099a004323c365868fbc56eeb96a50e9a0b55
2268	DSAMUS_DASH	1376	9228b7f0be6b758a918d5c38a7890c1d1eb099c6f00be22051307c2a90045362
2269	DSAMUS_RUN	3648	61d80c079b3519de8f44e140578bbc5b214ed0dd565d58ef63516d5c130f2a59
2270	STG_CORNERIA2_HEADER	480	fdef619ae930b1520dc83607be6ad1390f5aaeba10c9eda8161d4d2f03da6b79
2271	STG_CORNERIA2	36440	93473f8ea4e00dc305d7110b59d96b84556ba30707c37d48b88599321c06d4f4
2272	STG_CORNERIA2_BG	158928	ece891d33196069724015b8b543ad505100f9bcb7f72b4f454eeda9f25abd376
2273	STG_KITCHEN_HEADER	192	ab70261fbe6b79cda95aee13d9ca9063ce6c30319f482a4e51d2c3c36c32518f
2274	STG_KITCHEN	53320	e24cc7c6c168e0c10fcc84e22e1b5c478eaa2109960a12035b5df2c731b276af
2275	STG_KITCHEN_BG	158928	66754113744dd8edd6b7b5fc41ff9b93d5efd394c62392064167f8d61a4d34dc
2276	DSAMUS_DTILT	2864	55d8334c02a98ab0981de658d11adc8dc6d56c683bedc317e8ac6966d94d66de
2277	DSAMUS_DSMASH	11152	6e0004c02a6ce937d4a9c93f9ef9cc97b7988d9eea2aec0f49fad207ad25a786
2278	DSAMUS_FDOUBLEJUMP	7888	59c05fb88699706d5d2ec4a132234ffcf1fd0bb42608f296a53d3aea5ab4a1cc
2279	DSAMUS_BDOUBLEJUMP	10864	0841d57684e61191d76388cf17d9f82b0243c26cf833a1458465e819d06c2912
2280	DSAMUS_UPSMASH	5680	27b36252f7d1af9ab7527b987a23bb548e7aabeac49c8f51dc90334d09ded3a0
2281	DSAMUS_NAIR	1648	adcbd7452fbec9a96ffbc6f743c184651e537d70b620621c406d62ad79ccefe7
2282	DSAMUS_FAIR	3040	8093399f7517d0f12d4044f3b5d691e7dda304d291b461aeb2fba5d3aaf0cdf2
2283	DSAMUS_BAIR	5360	b294aad9a9dfbbabb9007b17c277bd8d8cad55d9f648ed6d30ed56b273f18307
2284	STG_BLUE_HEADER	224	3400317c3030dfb8b4b75935a31efe794d780e77ca0899af3a3531fc3cd86875
2285	STG_BLUE	108704	3ed04db37b2fb213105e097691ba49564943eeea52b89f4b2d560502beacba58
2286	STG_BLUE_BG	158928	ac81f92b19539aae7a83b134a3c418a2033f6b2422db548b658ac62a4cd36031
2287	DSAMUS_WALK_3	3360	57dcdcf0d591f9c7143472268089b5b577b5b0f788bcc565f84ed074621c9e21
2288	STG_ONETT_HEADER	304	db15b930fc808e18d3e65d27cbe1989107eed385b636599cb96c86696f8b47b8
2289	STG_ONETT	78256	9ba08f43510670400c209cd2856994f7e6d033d79aa8c8baa79b19be76f8b2c8
2290	STG_ONETT_BG	158928	be409a48a6afc7069471f8c0ee08327b3c093b4556dfe8f2cd6ed2743af872b2
2291	STG_ZLANDING_HEADER	192	a3a96276825657eb2c1571b7ad922f1d06c14f9b71f01eacd118278efbb51d49
2292	STG_ZLANDING	29032	3868def844f6e7dbbd57400b982ec54ddb49d6b4111e93b72f0c2ef1f60a67ff
2293	STG_ZLANDING_BG	158928	5c74d280040eff29d8934561ef6605812d6c43976c38d6f781ad6ffa9e952240
2294	DSAMUS_VICTORY1	19792	8df685e2070d19368028b55b06340dbb075952c97676f716527b1dbd683df031
2295	DSAMUS_SELECT	11568	a9930bf3a4d21651deb3b1c00af21394da4c17367b47764eb15ea08bdd10aa91
2296	WARIO_MAIN	2160	6b794175131b3e96fc1a4e9dd15b235544c4575a8f3385d55dfcb2169a6efb04
2297	WARIO_CHARACTER	76656	c3151ba35a9d4dcf29f1f5c547806fb7b1df159078d6f924ee3ae6beecd5c568
2298	WARIO_USP	16592	1dd3b244c525b013a2985ed4146bcf42ef38b0a710fd3d80f6b713057ab3f7ba
2299	WARIO_JAB_1	1472	ca36f98d29fb639ccbc2632ed0f3d75a5fe586076ef26cac06689c576c17d996
2300	WARIO_JAB_2	5888	65fe8e3d8fb5421e7a6643775da5604e14256bb170b73870bc5a81dc8c992817
2301	WARIO_FTILT_HIGH	7328	edc1a6ad3d203613fa17cea44a37108c9432857d02a4924863c455039049ecb8
2302	WARIO_FTILT	7312	1e7e957cd7b00c83efa9928a798ebe301ed89fa21387e9b0c63c83ec325c9514
2303	WARIO_FTILT_LOW	7312	09e1caa6ee6aedd075f45bfe802985d471cf111835b9ec5a8e7471cca869cb28
2304	WARIO_CROUCH_BEGIN	1920	5cd598ac7dd4c0c2087f8d71c68be6b90585e6f930c48112844202e399109211
2305	WARIO_CROUCH_IDLE	4848	2a05a5edf6d7aea7826659c95dcb49794c98d7ec00c62113fb1e05fec86c974d
2306	WARIO_CROUCH_END	2288	5fb5068103463448bc7f5ff2220184b8151cc312dcba8570e27552597cee7568
2307	WARIO_DTILT	3760	924282dca7b3acef282b15e28379db27d8e9a53f374a2ecf65fe7e687138d604
2308	WARIO_GRAB	3728	4521a256014e4fba713166a540bc531339cfb871ae6c30175d15d9720a90602d
2309	WARIO_GRAB_PULL	1152	d2aaa6b5fa8ed6a4339f252586125829f7160807fb4dba91e5ec321c50956667
2310	WARIO_FTHROW	11296	83abc04fe66b11ec1be1905aaddcec5554791a6dd897f0c82d16b7407e23e52f
2311	WARIO_BTHROW	12784	954b125cca14ecd9938f5c07969d3a34d0d4f44d8252c7a48f65a9d9e49b7912
2312	WARIO_NSP_RECOIL_A	1280	b642df7e9aaf9432f61283408d053bd9477165f804d657f5b39f664e55b66bb7
2313	WARIO_DSP_GROUND	6576	d3962c228847cdb9508a51ef8b0cb21026beb61e39501390d31c9973c9dfdb39
2314	WARIO_DSP_AIR	5744	690d6f198edda7f638b60c3192d209187e718f5b0622e7e34545f91b5de3877b
2315	WARIO_DSP_LANDING	7120	3a8b1005fbba399d31fa2d022016927b7dba2036fa854164da4d531681a69882
2316	STG_FROSTY_HEADER	224	96c530a0c8c89dee8101a3d27e97bff7a4d81e50bfd16420bb37694bca3aa063
2317	STG_FROSTY	45680	a80f121aa2be47da7f3fc3dafd50057798b212b79118cb276b408a30d2517c5e
2318	STG_FROSTY_BG	158928	409f9174be7f50d4488030341ad1eecf3bc4a889fd113164cadf290168935500
2319	DSAMUS_TAUNT	9472	8bda3107f61f99551a7dde20030db7cd61713928e04789619ae73a53f5d3fd2a
2320	DSAMUS_NAIR_LANDING	1728	72164ec40e54c809ade1a6976801e36cbdcb48291a9989db0b26fd158b5726ac
2321	STG_SMASHVILLE2_HEADER	224	e889d9d3ae02b9082b34935a56de9e3179947995cfd8b7c0c629f58fd802a4d3
2322	STG_SMASHVILLE2	44800	106cbb296b2e693379faa26436819ff4750b9173c9b4803b839ac50a2d30d401
2323	STG_SMASHVILLE2_BG	158928	1ddd8eaa1140437cff9ccfb1ce382b8d77449f61cfc38541f609e97a3d62cf26
2324	ELINK_MAIN	2640	da5a39fc103307ad3f5fe486f23cffed9407b30c180bac44bba7832ae659df69
2325	JNESS_PKFIRE	128	289efa800f9639bdfd29fe97b6a97376f80e109e2c0559dc10c7ee6a4b8b5420
2326	JNESS_MAIN	2320	a608106123a9f60fb396cf93940377fa40f55d3a99d3203b6ca01d4a5ddbee86
2327	LUCAS_MAIN	2400	6c4005c84be68bef7fbb10cc84cb4054b060e7709cd70191d3462c45981dc568
2328	LUCAS_CHARACTER	100384	848dd3109008e65c6ae58d52f765b6c2e1e1095f474183a64e0cd4097db77ec9
2329	LUCAS_PKFIRE	128	d0905838728892c6715a9815349d663656a03a6ac071a94df72b7eac1bda68a8
2330	LUCAS_USMASH	16528	05504ff6ec1ee0f01886afaf40461bb6c28881467c92e4cd05e7f8ad0a1ce82d
2331	LUCAS_PKFIREGROUNDANI	15232	a2c02af471610419a88df38c622105c39416c1c3ac054508b4134c5632416a7c
2332	LUCAS_PKFIREAIRANI	11408	7bec3af15d403385c8ae3efdd71e58789c6c3628bd9622518c351e777e3ee0ab
2333	LUCAS_MAGNETSTARTGR	2816	5ef58570b7c0734710f79b763474a876ded31bb682a49a891ffbdcded1f19152
2334	LUCAS_MAGNETHOLDGR	928	3376fd41e1ec4b37e77d46729fbd7bffa7b8999482171873e34db2415f4564e6
2335	LUCAS_MAGNETRELEASEGR	2720	cf0f0c41814332a3189c18f18d1332f8040027054c447b363d6ad81ce380ffdf
2336	LUCAS_MAGNETSTARTAIR	2624	d3b1feac555909bfe59eda05165857902ab3a7bd252f7300df7ccdc70a6321da
2337	LUCAS_MAGNETHOLDAIR	912	17ee118873d4982d41303bfc309c3241e78966a4cd3c28efd1f25401cbadce13
2338	LUCAS_MAGNETRELEASEAIR	2592	288993e4e004d6d54ddea54681539a955901e589bdbfdee253d641c963cf7c56
2339	LUCAS_PKTHUNDERSTARTGR	5056	bf237dc000f701aa92b2bb236e12073bbf27a1facdbbcebcb44a23214a36adc4
2340	LUCAS_PKTHUNDERHOLDGR	3488	7437e31f00cfb5d5dcf22d588be6a9f8c1c79dabc73bab2b6f936fb89b7d3bb9
2341	LUCAS_PKTHUNDERRELEASEGR	1792	87a2e0970f4036c33849fb9f1b31082eaaa43d0c307f1d0cd1a279e6bbbeefaf
2342	LUCAS_PKTHUNDERSTARTAIR	5056	115efc67000abbe84b5f2f192106405f4b249daa71e8b5ce8e0332faa11e9633
2343	LUCAS_PKTHUNDERHOLDAIR	3488	a770fe03fc3d554a88ccc322878ebcbf9269654554bee65e85ae7ccd030ddeba
2344	LUCAS_PKTHUNDERRELEASEAIR	2864	9ea0f21a5663a7220f7a252b4c7d3ce4dd9be53472d450a04c3e7323e934cf3b
2345	LUCAS_PKTHUNDER2	720	16acbbe7056d0ccb1944f0ec2d10586ad1cf0e3cf57a212022b23998a17c8c45
2346	LUCAS_SFALL	4576	3a4676c250ed88e32b16a4bd3577357760c1c9bb5205d02ab0c32378989e354b
2347	STG_DRMARIOTARGET_HEADER	176	98d1ffd79cac14a21fc79246bf34237a4bfc02494f3724255bd4fa5afbb60046
2348	STG_DRMARIOTARGET	23920	0eef0ed339d9edfc30234350159431cb1eeb75c5f2259b13d96295acba5c2554
2349	SINGLEPLAYER_VICTORY_IMAGE_BOTTOM	132960	027ee7e7fc963c3782a259dd53e6db10fa509d77b3bcf6673e96b0e50046e943
2350	SINGLEPLAYER_VICTORY_IMAGE_TOP	132960	8554962a368acf0e63481d081d07ddcb36c9dc20a348858f5dd367db6f126fb8
2351	LUCAS_JAB1	3872	e0ddf8ee94822ef8fcbadc3de06de9aebec72441bd964599a2f926caf33a41ca
2352	LUCAS_JAB2	4256	7c18c6f3250ba50861f1d1c5823e82b1793209a5494516a73e311ed53d64f6cb
2353	LUCAS_JAB3	5248	7a3f18de45d233103b9204dd4ee4c93a9cdca459240d672bc1867abf6ee4b889
2354	LUCAS_DASHATTACK	9824	86293b73ff59ccbed91ed5e7236739f3c7b302842de5f898cea445ede56cbb22
2355	LUCAS_FTILT_MID	8144	82cdb71e3855323d804f5850e569229f903595a30edc0b361ab0bfeb39083aca
2356	LUCAS_UTILT	5072	935311383c1fd716c3dfee585a70eb5edf894669a52506fc2739e45e26bbd14f
2357	LUCAS_DSMASH	13296	a96fc62719e0c9e56dc453a58bfdabfd81c3c5638f4535da17bb51b8a9975554
2358	LUCAS_NAIR	7728	32ca3a2d9d98d11e2f4028c43c43036561cfbdff2f8160e145eae465c5d39017
2359	LUCAS_FAIR	7184	3bd16f9f458cc554b77c60e5b9bfaf1babadaa9b78174da122518921214d9ded
2360	LUCAS_BAIR	7296	a05c4da83ec7240453813a3eadf7cea8178c8035a4c2510c6613017fb097849d
2361	LUCAS_DAIR	7680	a3136226d5f9d227e4af88dda65b94d800ec863030ecbb0dcbc56db5bbb61cd1
2362	STG_GNDTARGET_HEADER	176	aa66a74194dbb751e9224737c4a766c1a1b6e209900cdc4806600b7afc0155b5
2363	STG_GNDTARGET	18512	be739cfa3a00c2141d660dccbc78b83da9d30061a0a110cc32231722c1d42df3
2364	STG_FALLS_HEADER	224	24e83dd25a73a90a8b386d0ef0abd30611e29cbb59bdbc8bbe0a9a4856122dde
2365	STG_FALLS	32800	6a103984dcaf6cf5c75307aed17e719aae2dad45408b747f5b8cd6ddc8b2999a
2366	STG_FALLS_BG	158928	e68345f1a05147ea6d47d7aec4d6cc89edb5234a22b2ec02019eaf0d0adb57cc
2367	LUCAS_FTILT_HIGH	8480	191b5ba99aa3fb7cd61cb439614039d17208c86a481cce2575d0e26390477ade
2368	LUCAS_FTILT_LOW	8144	ac3e026ae8e9e3e071eaec7732fc0c687c656925599a22f6536efc9be23a7b35
2369	STG_BATTLEFIELD_DL_HEADER	224	f14c2da05e3a0e0cf2ea630166dae683b447538a45b8da586089db1c99fe8c96
2370	STG_BATTLEFIELD_DL	40064	ab8fc2814222a43b966c5595b85f39d958cac1243c66164f47e7de70b6e8b23d
2371	DRM_BTHROW	11536	b5c29ca80f1dc71511305d72009f910db2ec0b3a86f39dd4812415483bb64185
2372	STG_DSTARGET_HEADER	176	2128591a63e55b9ac45280ed85c7c25f6fef08fbfb12029e8cfe49f106c7edac
2373	STG_DSTARGET	14608	f201d40f2808a61de4fa27f5eb16ea4e3e852d786b43856795f18ab0728df74f
2374	WARIO_JUMP_F	6608	044732c0ecdbb70b1a6ffe459fb7a76525fcf16d8e613af2f296cf979686883e
2375	WARIO_JUMP_B	6448	cbaf4d72b6d33d4f3828fefca21409a8f15a36ab39afec405730599a3fc2682d
2376	WARIO_JUMP_AERIAL_F	6368	f0a05b7ebde58d70d88e458b2a5ee81f8b8bbfffc96adab8ece89e863998a1ab
2377	WARIO_JUMP_AERIAL_B	10400	ba2c5714ef1151c9fc234f163b420b452dde86fc22651ba1386259be83c8d3b7
2378	WARIO_DASH	5712	a9a8cd1db74d6eaf5f4baf787201e8adf059e1a88bdcfde38451a6df557c493a
2379	WARIO_RUN	9728	fcd86a23acf396d40785a0b9f1e4f5c10930c8243981f958643af0e1271107ae
2380	WARIO_RUN_BRAKE	5152	9ba79acb5f3dc53d5543d93bbbbd4f49740e3413d1d89ce50480e91f042fecfe
2381	WARIO_TURN	2192	f97858231d4155eb50c567b6797b5eacbb921b270bc11d24253779fa7282d548
2382	WARIO_RUN_TURN	5152	01f8dbccd962cd06d6e1769ade35ee2d5c7beb5e091b6bff8d62cdb65c085d48
2383	WARIO_DASH_ATTACK	7696	6bb30c9b02d08a5b02f8f71ad53f4161dcf1f1f176fba745b6b22c64b1e7ca74
2384	WARIO_LANDING	2656	17df1b0b3da079e6b194e6684cd4df62bac188df37ef71d3c1d95ca4521392c0
2385	WARIO_LANDING_U	6688	0448946508ca2ae9d30f516f5fe2cfb60c1c940603a20f87ad3fab9a81c2f908
2386	WARIO_LEDGE_ATK_F_1	2512	18d8443110711378ca06934c9ac17b94d4b47b540bada4f36459a6118e003fc6
2387	WARIO_LEDGE_ATK_F_2	7424	a28701f5ceb1cae3e164a72cd0edcc952ca9d963d3d751def9d23dd3481fda88
2388	WARIO_VICTORY_1	11312	8c23b6641ea974425f46e3b2052acaa8827ff0d02f42255abd58ea08419a9266
2389	WARIO_VICTORY_2	26112	7df1f25d5e1d8966b4bcd39ba9cd8f89b44b7310924379d5c67994bd03920ed6
2390	WARIO_VICTORY_3	18288	d0c2e242e2d171d6af585a130b108dc373b36ff5e7ae5528f28603c4162ce520
2391	WARIO_ENTRY_R	13584	11fc30aa19a60e6eef0861b25dc38c6578ca6cd803fdccc5bf5e3e1b099f535c
2392	WARIO_ENTRY_L	13584	0749744400fccfe94ed6db38d181b634ea77559f0de395ec8ffb9e81fd493c66
2393	STG_STAGE1TARGET_HEADER	176	b8da15e914fd9c96e79e48032299d64d322383b9df459fb926aba0a4f68fae71
2394	STG_STAGE1TARGET	27776	7c4274366e89726dcab46eb52e0c43868b6178bcbd89dd87cb3fe60aa373ae8a
2395	SHEIK_TEAM_POSE	5688	14c539545fa00a18bdc7315bf863bc923625376928a7739e37e5625b4bc2cb7a
2396	WARIO_POSE_1P	720	91a6d163d7c9ad53f80c13841081e7176827955758e4fa5aec16983d2e801be7
2397	GND_POSE_1P	544	520f2bc168aba383a4c876ac962744fb9066ce4609116fd4de518414e9d92c79
2398	SPLASH_IMAGE_BOTTOM	132960	e1bcd983ab207f9d17d56b0f9ab5e9321afde9f215242e23f617204760c8aee1
2399	SPLASH_IMAGE_TOP	132960	306cdb1b1bfa67def3c80ad3ce1be3137fd6a69ab8764d0a72c0fc99b0a35361
2400	STG_FALCOTARGET_HEADER	176	3593bf1892f122daf091c50c9213c6df162f947224438aaa3cbf921c7d29387c
2401	STG_FALCOTARGET	15952	1fa5d4a3738faa01e5e9fbe4a5566f8f7c7b8eeeef4a71dbdf3550ff947abe90
2402	FALCO_NSP_AIR	9104	5d214e1357b20ba903bc3e929201211717b35a3c7c270f1951b53238252c6c5a
2403	FALCO_CLAP	7152	ffdca440fbc6ee82f6ed572ab8a90dc4615cee81be7c9869f7f6787b870e7e3b
2404	FALCO_SELECT	13552	d0dcc15e29f10a1a929427785f3c90ec2d78edf6e17eee9020dd8a0e63f3570c
2405	FALCO_POSE_1P	624	cf43f6f1725cf234d7be57dab760e483cc0358ce9dc581d606e6bb4035f5ecb9
2406	STG_YLTARGET_HEADER	176	610a84f3e30af0c1e9d061ed5d39cb0e3a7ebb45c7361454698b78037fb51261
2407	STG_YLTARGET	12128	251ca4944191a1aa771f8f9846b48f88e9c5ac593e3a51a2a8c7b626652ee9f6
2408	STG_WARIOTARGET_HEADER	176	6816659b9f2268433ecf0810a9a3ce184daf1841e1a8a82aa925936687b47218
2409	STG_WARIOTARGET	12000	ad50a9d573645d372a2cc1e8637edca417df6a66f5405e314bcf35e28a99265d
2410	GND_VICTORY1	3472	c6148e46e54276b73cfcc0863a885698546e97899f95209d832df73724beae2c
2411	GND_SELECT	8080	2387437615d0cd59869ec6bba93c6b0e1f8a83db84021974394a5e3a6a52926e
2412	JLINK_MAIN	2640	0324c4d92e74d9353b51a93e1509fa5374894c90a03af73d01a0c5454a383b87
2413	JLINK_CHARACTER	73584	63c04c2a1ec53b089510a2e91120aceaaf73764af7b78cacb195851352194c01
2414	JFALCON_MAIN	2000	d9f8604b4f42f3d0dfda33346c05325c7b69693beffaf62fb2fb27b66e7e79e8
2415	JFOX_MAIN	1984	91681af506d4b061b0a169b85bbf6661a912c85783eaec66a49573496f2b3287
2416	JFOX_PROJECTILE	64	2cb000a05e89e98bc0031a4d6631d36f869ecfae1e49c8e34252606add6ae39c
2417	LUCAS_GRAB	13904	bcb72a8344abaa6077136e449db4f0a10528400608a7cf1bd10f6034c0c845de
2418	LUCAS_GRAB_PULL	2448	48a2c934598627d829108282f25d7bb1ca62fea65cf4de752124780bca9744c4
2419	JMARIO_MAIN	1904	902889b8355ffd0c98152e60f43c2db1b8c2109e41eff22922e8c45671057f5e
2420	JMARIO_CHARACTER	30000	c75cee61d2d283c9afb8e97da55d2a81f6095fbb9eb1efe59e0434b682ca56f8
2421	JLUIGI_MAIN	2256	2566f7174fe3b16501f3703145d280d0b6fc39f8e66b16176df855bdb5b0cf09
2422	JLUIGI_CHARACTER	32496	2e6c061f692fdb20f43db4d039591339ae0919d2783e1ead85977cb96c1ab298
2423	LUCAS_FTHROW	10880	bf0764a8830dc719b8ebe46329075739047054c16d0eb8572ce79a86c8188c11
2424	JMARIO_PROJECTILE_HITBOX	64	8da57e950b5f6a469a774644440f85a3609e4910546876a8e8f388bf11944272
2425	JLUIGI_PROJECTILE_HITBOX	64	1c3c2a108365be2b671dd5ae7b36ea10676fe11ba99f9b527ec0fea3a7abeeac
2426	LUCAS_UAIR	8048	f88b9007131f87f5b0d7e6dc30f2f464cbb6feb446d332e0d18171c1930db56f
2427	LUCAS_DTILT	2752	ae8a97e85e61c0278604a28901fe14e0f18bc276377341b609e71fdea02fdb91
2428	JDK_MAIN	2032	6bd2f8163e7344fbbc42ef7b9f56447b8a4d7b2c859d0276722e5a792f88ec7f
2429	JPUFF_MAIN	1984	d08de05ea44073abaaee00dfcdd3ae7c501ced2455a201ebfbf596665ce99130
2430	JKIRBY_MAIN	2896	8da33a186821e7f8f4d24b6e72d4c38d8fa48fd546781310272c59f80fc4b3e6
2431	JYOSHI_MAIN	2000	7fb4079454cef0a96b91101c6fb9c24d87d373011618bf703761fddbc4154e55
2432	LUCAS_TAUNT	14368	2c10aa6a4a5ab8121a36492cc90ff0a5dc124020630a5bfa71d866d05f56a3f2
2433	STG_HYRULETEMPLE_HEADER	224	eeba33f4092936b5a4029e37d9663b037f405ac27a4c1a37bea4a7d635f05a38
2434	STG_HYRULETEMPLE	59856	b61a8a517eedd93006dcfb0943a4973f62589c3be539d53a0efb972b7cea0fac
2435	STG_HYRULETEMPLE_BG	158928	b26f0a797f3813d9b6f548584e20a47c1310cfd20fe8254dd079918f1c5ee55c
2436	LUCAS_SELECTED	16692	40500bd206a919987c17d020ce617993478f464ff1a8938d1567ef76d1753e0e
2437	STG_LUCASTARGET_HEADER	176	a085247b4429e30ab833868496d3f42bf5c3ef9773009352eb19f6761df50f73
2438	STG_LUCASTARGET	14528	6e68855f361ad934bc7c4d84dc54f175d5c3392cbb5598865ce5f5437e955833
2439	JPIKA_MAIN	1904	c217452a4a3919d1054e0b42311da68cea09b545aca74b3eb3fa33f5e464f69f
2440	JPIKA_PROJECTILE	112	79c88d3106973ab0881bb9875d0d61755bb2b13d2e2448f8591ab36a5ff08496
2441	STG_GNDPLATFORM_HEADER	176	b96b5367a99f5a16f0c8d8b25b891a0a726dc5580b20e084171d5965a1424f31
2442	STG_GNDPLATFORM	15872	39a6f2e2e3da23aac86d6bc6859851e4db22c871ce98b2c20b19c701b2117631
2443	ESAMUS_MAIN	2400	5c44950de065444fa202f75bae8879f3ad7d31b5539eb29b784c31dd36984d12
2444	STG_NPC_HEADER	224	fa787f58bf83750ecdee0e1656f776034087ac3fed627cd6653286ec31290086
2445	STG_NPC_STAGE	45552	077dcf42e4c4a1c44138317e95229b2d03426aaa5e257cbabbee0816c2a0767a
2446	STG_NPC_BG	158928	bf844b8be3da67773246f7cf39eaadbca4e3b986f937c8c299c01fcd9f30f676
2447	STG_DSPLATFORM_HEADER	176	279b47fafbdcc0fbcf100ca0e10455721b8785114e57172341c616103d576bad
2448	STG_DSPLATFORM	18176	7038d3f45d8a369a9a15c5bac4d6718d6540cb8873bfe619fe5b88a9ae9239f3
2449	STG_SMASHKETBALL_HEADER	224	970d1eac3ed2a98fc6af9f9ebfa99621465e9150817b998bd5993054664504c8
2450	STG_SMASHKETBALL	47808	17878910b5e9d658da0100c583563e2d7e18f7610e277bf12e059ebaf3a27638
2451	STG_SMASHKETBALL_BG	158928	56d04c14c8bc8dc52f1d57b667199729b7389e3a107da76cca9893ca58cf857a
2452	LUCAS_1P	500	b8422ba01980c4d9fa4a371758877e46670241c276c53d3eead574e874b86dc6
2453	STG_DRMPLATFORM_HEADER	176	47160a8f0bf45c10221ca43e14c6a76ea6941f40ad288cb94df3fea62921c9ba
2454	STG_DRMPLATFORM	25920	85f0484534553ceeb2d6209dc64365868932d2ad5c906b7c9fd92dd658226a00
2455	LUCAS_NEEDLE_ANIM	8016	96e0693e0312945dded2df6cbfffbbb66f4b95396f85402bb7a6b4d649536c78
2456	STG_NORFAIR_HEADER	224	eb0d587a93eb64e0f514c4e6d35bc38e49ff6448c635bc66b1a54cbb3e7f780b
2457	STG_NORFAIR	33232	2aa120723b0ff0b3303ae6857576ee76d5e67633cfe8953da56073e70543ffbb
2458	STG_NORFAIR_BG	158928	f88203d32d59c5364fa7a276029af1d2099bd6026235045a5b4098ee398774dd
2459	STG_NORFAIR_LAVA	3536	b540cb0055b9bf1e352f49be19f65eb864a7e984dbae85b8c75ca94509f6ef16
2460	RAIDBLUE_HEADER	224	a0b5969ec78aae48fe4d01bd989c6e80c8534f99766d8ef9abab699a80896b14
2461	RAIDBLUE_STAGE	43968	125c11a0a9ed6868ec093dd317b5faedc6a193309115bd3f2846e3f976d18935
2462	RAIDBLUE_BG	158928	2d69211ee695f90951ce2dbacfa58b9ff3ab5a14264c83ab6695c2d77152098b
2463	STG_CORNERIACITY_FILE2	7680	a5ee542bc72f6c601630dad6abd003d374fef1237bd7abaddc31112f6251999f
2464	STG_TAZMILY_HEADER	224	abe5b5ac0d7656c4dbbc0c86f4aadd6682cf096ab8ea08895c6c009eea04275f
2465	STG_TAZMILY	40960	856b58da81b90f0d20cf285a37b6a77193e364ac37a39ba707d21c99da56ea8a
2466	STG_TAZMILY_BG	158928	3ab5eee68d56ed39cec5e91b52de86b476c5e3845331f2eca1be788832b85337
2467	STG_YOSHI_STORY_II_HEADER	192	fcec2efaf177431ff51fd3c33bc6993bff4fbdd5ac89098c7a4c804bfd27a64e
2468	STG_YOSHI_STORY_II	104288	55d1335784f41d59dd56b3c67f93e5e634864b86a50fd3fa0f9d1af1444cca06
2469	STG_YOSHI_STORY_II_BG	158928	5d9a69a4b2a0f136198ad8693d460704499af6c1f219012907d191d67061f4f9
2470	VS_COMBO_METER_TEXTURES	41120	75dff058dbec2a43e077e3a8bfbf724b51bb2cbc346696dade41fc09c1bff6f6
2471	LUCAS_ENTRY_R	12192	95c6fa14cd3fff2c6c4036fc77cfc46eae964b542ea93dce73e6759de7b049dc
2472	LUCAS_ENTRY_L	11712	b68f7541781d9dc581246a0adab8968e44880d60b0c84fd9e1095ddc5a87c9a6
2473	STG_WORLD1_HEADER	192	270c69557c9a8fc72198e14e639388faf0e4fa46592ee32f964d365b904d406d
2474	STG_WORLD1	39232	101dd75fff58087d8ad7b0545ef3e7099cff0633d1451b537567baacb9fcb055
2475	STG_FLATZONE2_HEADER	192	1e1224c8db37b21cb2e4b8f14ceeaa7cc473c1ad8d0dd6278ec84c76353382e2
2476	STG_FLATZONE2	107216	9908ea3bdba04c809ba6e236393d9ced48ab86c4e1db488c9862aa839977ea76
2477	STG_GERUDO_HEADER	224	df6e3b54e792276d5b414a978eb8265be67f98c73764b00612f1db17ec964b81
2478	STG_GERUDO	30816	2a2834cfd74fd56a9993e995a766c82f6fa77f366e03f8db4298a96c2993c78c
2479	STG_GERUDO_BG	158928	16d6f5122e0e545be824787ab3ff3eb0bfea2c1d21a573d75acadb01877adfb8
2480	LUCAS_PKVICTORY	7476	756046962820d04ddef56ea04967b72e185ac3236863d73e3468bf5c27265100
2481	BOWSER_BOMB	7176	70c0866d29200db701f4f1db71fa83309cbb725abe40687a7748e2c440be30c2
2482	BOWSER_BOMB_HEADER	272	29514a1a5ee3ed9c671a3ad338caab81bd80b11ce222472424d46b3d2f90425d
2483	STG_YLPLATFORM_HEADER	176	1cd8e5a9df077974d4b3d9d2cee20362a7570b034aeeddb46b32732c72c5c1ea
2484	STG_YLPLATFORM	17056	2f6bc01ddc2df37abaf4e1713b6d690780282580b7c9ce9468ee3bde8fc16d78
2485	EPIKA_MAIN	1904	f0238e3679a6577d8d21fb265ee0232b24f39d0d4b6411e54db16b3002ae5be8
2486	BOWSER_MAIN	2000	2973e50532cb504ef2aab3f7d26e6bd4d660c7d72fbeefd5e13144e8c9eef57b
2487	BOWSER_CHARACTER	112512	651e4e4b5684bff21c2315adedbfa3e40c072f504aa4f339ee33160712b5d949
2488	BOWSER_USP_GROUND	6880	34f85bed45b5eb0f2117237710dd8e3272a3b3f2f7ccb14b23763e12ba893807
2489	BOWSER_USP_AIR	2048	5823ca7c31564fecacca4e6691bb1fb7a472dd258d4220b723ab49d86212b084
2490	BOWSER_SFALL	608	5690958022b0607270b16de6bf2dda9c9716d735f587667b83ebb76ca63f9c32
2491	BOWSER_IDLE	7296	ecb307274c540057a97a3751a8150f7cb527b60ee8c0bf39916521c7c4ce5e8b
2492	BOWSER_JAB1	3952	577ca1bedb4f77917ce75f022379adb2eaddc98bc92a06f4b3cf228ff0a31733
2493	BOWSER_JAB2	4080	c9d55005340034a580f5e6d79fcbf559726778c16216a3ecb7d8aea1994fa7cf
2494	BOWSER_LANDING	1024	eb2fd899c22ae66a6195139337408f4868ff5db1fd65df1a89d575c6bc954ef6
2495	BOWSER_FIRE	9696	b4e76b1eb522e7607bd31712b56fd83107550dfc464837ceb6f3bb88d84e54c1
2496	BOWSER_FALL	1632	7736e21ab45820937506b39120b476a2eee256b0185d16937e29f1ccaa68bb30
2497	BOWSER_FAIR	3856	26925f50a1c833319a8643b812515121af325f6603761cbfb843099828095bd4
2498	BOWSER_GRAB	2592	34e7a2e5ce56136f991a50e45668c7d9c1af70d695eaad8c27951510060bb571
2499	BOWSER_PULL	544	69c255c0c341c3d71c6b062696dd9897fbff50ae2bd058569704a5fc2c833623
2500	BOWSER_FSMASH	8400	bb69cd42ed48dc0db1d55871b4ddc976c53d1263d00dbd91ae325ef48ad715ab
2501	BOWSER_FTHROW	5776	18e20a7b54d7c3d70c61e28b0c45f24917a40c4bd385f89e73fadf36f10e84c2
2502	BOWSER_FTHROW_2	912	c375a5e706b01ac5bc3c9a0bca3f5d7b4d63a3d911292e81f55e9cd0971cbebd
2503	BOWSER_FTHROW_3	8480	758ff6121cf3f77c3d500ee47179d656bc9d5441c30ea1a09dd8ef2d2410e356
2504	BOWSER_BOMB_GROUND	6512	878bb2955b17b653954a1baf8938dd67e57911f421bfc9c5ea98c1a8e38d3cd9
2505	BOWSER_BOMB_AIR	3312	ce911d29c85c2057360c807988553c3ff2059298f614c2073c710973dde1c5cd
2506	BOWSER_BOMB_LAND	8400	a28c1cd70b8e672c117fa318c84fae8a4889d25aa0ca228e2a613c74ed0ac1ab
2507	BOWSER_DAMAGE_HIGH_1	1328	00dd4d30f5bec64da6bce779823005c178a18f3e574c9915d149b920a8add8b9
2508	BOWSER_DAMAGE_HIGH_2	1280	e9afa779631664e005be4d424fb2ee747e0e2363156f4945bb5b08b123fd75f0
2509	BOWSER_DAMAGE_HIGH_3	2576	cb7bbde05a41aa79b0dd4740fae835ca253961a762ba455c8459c8e7b83a6a5f
2510	BOWSER_DAMAGE_MID_1	928	3d88b00a6db43a518a6555999cf19bdb65cbb5a43533fb3febc570eab7edf578
2511	BOWSER_DAMAGE_MID_2	1024	4a7b4fa5e9c25c3343b3622e61b696c904bc4205c9b8c4537da4834ab1befc0d
2512	BOWSER_DAMAGE_MID_3	2560	7bda91afbb405577cea3887a3fa97b5bc61f188ab0d975c467378fcfcad6af45
2513	BOWSER_DAMAGE_LOW_1	2656	4ac3aa40114d1d2ce2da09cb6e04e6f997a489e7df28dfdaf021913a08b09b65
2514	BOWSER_DAMAGE_LOW_2	1232	f539b23fa87213d85ed72ee04f6808ba41001368808b65ad2dea6fe67a2da232
2515	BOWSER_DAMAGE_LOW_3	1008	d2bb0eeb75d1ec2a06d0181bbb14049d05d2d0891a7a04deb562f6260f4d54b1
2516	BOWSER_DAMAGE_AIR_1	2608	8c57fd9cbf5bb229b191ed4169e2b6d71b7610c2be36ec58219b4c439241c4a3
2517	BOWSER_DAMAGE_AIR_2	4880	a1140f0bc16cc11da8fdfb8f82a2192ad37277a45900109f4ad84907d8a10c2d
2518	BOWSER_DAMAGE_AIR_3	5664	258eff33d593767c2a875060b9b886c40ec4105aa90f1162ab520fce0e920912
2519	BOWSER_DAMAGE_FLY_MID	3856	a5ac2331694d466925a651c075659c975caad77b8120dfa2d00f3f1b63b6e949
2520	BOWSER_DAMAGE_FLY_LOW	4512	2832845fbc60cb5b1336c64f30b37d44647b4c4702fcbd0d5ea447e8fc23db24
2521	BOWSER_DAMAGE_FLY_TOP	6720	2e030261bf628843b7f69c33444ba9e624f0f8939bd712433bce716c2b723972
2522	BOWSER_DAMAGE_FLY_ROLL	1312	936a6c505bb5ef0c26706199f80bd8927cc68de5142b79bbfed57a2c81743f84
2523	BOWSER_TUMBLE	3744	211cfaf740eb84d721d2658d4e2af8caab8e5ce197286ae040828891728de805
2524	BOWSER_CEILING_BONK	592	6daffcd378fa97c243cdadcb4e2a30963f9ad66b3def91563cbda31c420af6a5
2525	BOWSER_DOWN_BOUNCE_D	5136	1afba83f79dd726718be415da333ecf5bfd42b35334a77c2fde1384ebd6fd053
2526	BOWSER_DOWN_BOUNCE_U	5312	1759a6a1cc25a405a1e1225ef8fd0f81eeb81d01eb0db61e8b67eb3ad0ece620
2527	BOWSER_DOWN_STAND_D	6016	62bde7043fe1ce45759b97e6a8a8bc45d1f93cbd410d95c08cb31c2ea3768ef5
2528	BOWSER_TECH	5584	26c8805ce3aa4a15522fac504cb7965536ab93777f7b2ea2c08fec3f92fe415f
2529	BOWSER_LIGHT_ITEM_PICK	1808	23cae5e3073ae84caf6e9f3d8223a9111f42da0de7489ab5ba65ac5e04f52fc8
2530	BOWSER_ITEM_DROP	4672	871aa78f7ac56a2f37e3998670b7c18e20a9323800c34bc219006c1b9c1b277b
2531	BOWSER_EGG_LAY_PULLED	1536	0b53d8e462afe05d0d02284cb730c974eeb791f6ba0275a7667f35361d8d3e09
2532	BOWSER_THROWN_DK_PULLED	5776	1107b16f7382fc9dc880be923c33b46f76238cc228be782b6b546229c399acd9
2533	BOWSER_THROWN_DK	4384	87c023a56f66b5b7678ff3020b8355ce60dd6af8ea8fb118f6dd582526b22d83
2534	BOWSER_THROWN_1	4688	6e62b7729d864ee497f08f5dee3ee2cf7fe2601efec127278f3de864a1b525e4
2535	BOWSER_THROWN_2	4736	dedead7f4bf80d929956b904852cc2b586464fe8c0464f9fb05784eaa237804f
2536	BOWSER_TURN	2528	0253435dbac9e5311eee9b0b3b933c7f3f040e45aa66cd1a5cade88e8a216a4d
2537	BOWSER_LAUGH	20916	d095152eea80c86e996c6b9edac0f61cdf4063d504e82986cda7c6b59f78a9f8
2538	BOWSER_CROUCH	992	9a3cb5c8b2c53944706900c0361b81391b201da27a88d323267feaab3968af11
2539	BOWSER_CROUCH_IDLE	8528	f4c938102bec1e96c8d8d5f8946803670e9438bf23bb66536df078689cbb5976
2540	BOWSER_CROUCH_END	1520	48770cbccb071d28201db5485447fdf1d549111fcf05ddbbca010b401341c893
2541	BOWSER_FAIR_LAND	1664	751e22da7ad30a76fbd27052a46021f2728d35c3114d67fec54a1022206bc261
2542	BOWSER_RAYGUN_GND	2032	0a256a5f54cc8ad461cffd2e3a30fb4dbb5d88c1be81636c18b755f1ed1fbfa8
2543	BOWSER_RAYGUN_AIR	2160	7250ec43f29efc72e9387ef32bd8a37c49b74a47cd89cde135251070c4104bf0
2544	BOWSER_BTHROW	10448	d622cfd90c897f2d390f0f72c6f2f0398c3bc32fc23b2ac442e7f7f6f70f61d8
2545	BOWSER_DTILT	4320	5e421a9f947fae6cca10220b8e7fc339d22ecd227d01c6024e379be85f483ce5
2546	BOWSER_NAIR	8272	322413369c0acb9d4ac3c98ea04fb87c20bf69c849ba7b264ce43ccef1c00868
2547	BOWSER_DAIR	7744	92673390c43b2a14076444c59eb887af9bee539bba90db81b56aab47558233fa
2548	BOWSER_DAIR_LAND	2496	981c11146e0847451678bb289d35b7bb8f1c1aafff01df172d1d002c40827dbe
2549	BOWSER_UTILT	6000	632278d122bc685775f8a38c7cf97fdc525402d7eea7eacf659119feb74aa306
2550	BOWSER_TEETER_START	2208	d544c3bbc7b9a5e7f5a81658a2afef78e6338f4a15ae0a14cd7f94c7258aeb17
2551	BOWSER_TEETER_LOOP	23168	e966de2dfddd067ae2c79b5f80f0cc63d418eacdb3039be89fc5627601650d00
2552	BOWSER_FTILT	7216	02e5926376ec236efa56341522d651e686f1f2816e292dc84cdd9844c5c080c3
2553	BOWSER_USMASH	10080	83a1e52f8a1864be4f7f8cc590b982d25ae86795ddb446e411624e6cd756dd92
2554	BOWSER_DASH	4096	6fb4975a2c31b0e1a64ad6a710560252708d316b478b2d31bd156452e8e1cfa5
2555	BOWSER_RUN	6528	76c22c5cbed96cd2f890611d690f6db63ca1285f0b34373b5d3087e3a057d9ff
2556	BOWSER_DASH_ATTACK	6064	2b40aad1234e630f41514c4457a817286a73802fbb4258eabe5d4d5e23d4c1eb
2557	BOWSER_CSS	8168	6d8a306bdb7fe7f89097a04b183f87cae7e8551bc8e38e4cda2606b75b5ddbfc
2558	BOWSER_JUMPF	6608	ec0ea8d3308b9fae7ae999ec94ffbfaebce584bca8063eeeb0246e100ad79fd1
2559	BOWSER_BAIR	5520	ed95fb0cf9b380e12e6baa74cdb6f363f9c2c1283545830d26fd88f3adc6cde2
2560	BOWSER_FTILT_HIGH	7184	cc64eb6468ad55cb897ed99788ec915643dbeafba1235422e6c05248ca98b83e
2561	BOWSER_FTILT_LOW	7360	416717f1e935c57a58830098514e4a60d2103214cb6513673bd9ad02854a48d9
2562	BOWSER_JAB3	3552	bf836ab718dba22e33c5dec4e9ada939fd825369ad0aa50cdf7101574df65aea
2563	BOWSER_UAIR	12048	70f89300d358c6ebcb3b036bff740d9cb148720a69cb9c0e39fe8c93c27457c7
2564	STAGE_ICONS	249104	aa4aa3f9496b08d4345872398cdf8102b4259a3539f25bbc644eee1481f44241
2565	CHARACTER_PORTRAITS	199336	f86bde8f7fd563715ea6d8c22e777846e759a71a45d365da1e7e8d0cb66be7fa
2566	CSS_IMAGES	24720	c9fd423fc70095a7196e42c993964c6907ac9c2f6e3670fff65043bfedbe7c13
2567	REMIX_MENU_BG	132960	552e7bc0f74403fffa92f7897bef6af47ab66257937fdc6f801e8343addcc636
2568	BOWSER_CLAP	5796	0de6635e876499c3eef71b0629f1f4dabef9118705940d4a747ace827c97ef43
2569	BOWSER_TAUNT	9408	e3b68755e25d3ca33f09fb554942a9d7e484b77eee0622becedfbc8db61109b3
2570	BOWSER_DOWN_STAND_U	6048	8ef1772cee08eea7a217798080e149c65bca3e7809cd67dd5f7d6282e317f87a
2571	BOWSER_JUMPB	11424	f04b009f1f2dac2e746fca5d16ad72f5f98f3f6b149b4fcbba31a6c013e5fe54
2572	BOWSER_JUMP2	6976	70e5b53a8d1718d2b24cbf92df697a645a2678859547f3b4895e5e15b36c036b
2573	BOWSER_FALL2	2592	6a7f3a0533edb479ae1aebe9b7aabc6f22522a38e70cc0905797a1434d2b0203
2574	BOWSER_CLIFFATTACKQ1	624	f5a152dbd98d19e6552952252423653c9a40847dbc8925f1110b252da9f4e5e4
2575	BOWSER_CLIFFATTACKQ2	5552	077765355af869a1d50b786597cc8cd0f5f9fd7222e74aff706b5128ba6ef024
2576	BOWSER_CLIFFATTACKS1	1600	eb40c96fd08886e9546295f8c232b2eb53e74c12012b6cb9f74ea52719561c45
2577	BOWSER_CLIFFATTACKS2	7376	12fc3d261094d9aa800418919b2a2df52df8fdcb9f07054b6e3277aab437e831
2578	BOWSER_CLIFFCATCH	1648	85db43a331a4acc4d1f920db2411521aa8898cda127bde5a06bef51dec3dc2a9
2579	BOWSER_CLIFFWAIT	20272	2e08a8c08dcd5af4ce03bd71a1db387ed39994a5e25e2242f37ffef7e88d7df0
2580	BOWSER_CLIFFQUICK	1200	6779f4d83a3337d4a51b6414947bfc7feacbf1ef456a1ced47af6830d7c93a3c
2581	CUSTOM_FONT	33888	bdc603d9aef2c83adef4a30c56fe9ade540441ae2a347f059e84fc70b5ec981a
2582	BOWSER_DANCE	18588	8cdd349c189e007977f547cd77ab4f5b72b611aa3ee5695006e7db86484c55a4
2583	STG_FALCOPLATFORM_HEADER	176	49fc6ad0e0cf34ad299b5d14c089e21ff69e6ff9823ad7e569c977946a520168
2584	STG_FALCOPLATFORM	18816	71c346c84541fd619b8d4fe5ee4019bd0a5c3321f82bb1ee2636cfdcc7f20956
2585	STG_POLYPLATFORM_HEADER	176	d586c792075e3a1ac2bf8d375dbfeed9db03b65392ea169ea901d754a04637e9
2586	STG_POLYPLATFORM	18608	8bfc56fb0f4c3c7cabf1ed88933a4912e6ecb59dab38d749f796061026e8d735
2587	STG_HYRULECASTLE_DL_HEADER	224	da19e7b7ed81894df94dbe3ad72a0d49b60bb0f671259cd5e668ceb23b9ff584
2588	STG_HYRULECASTLE_DL_	22016	278c097d56cb04c9d3a9214f8833deebd778df99e8a57043795c2fafc3c6e52d
2589	STG_HYRULECASTLE_O_HEADER	224	61c8c205ea45311f9859e5dae47cf25a8403df33ab2c5cc853d58e39318025da
2590	STG_HYRULECASTLE_O_	20480	18504a733f1ffdc89631eb81a007590976d149cb752267810b96d9009df13754
2591	STG_CONGOJUNGLE_DL_HEADER	224	514d88d1501595dd903c54e34791a326ba4969361867a2450e278df2fe29ce42
2592	STG_CONGOJUNGLE_DL_	60448	695e4b79674fad47eeb6bffa640d278cc3b2cf1d6de7494665570c0397a0b9d7
2593	STG_CONGOJUNGLE_O_HEADER	224	8975d92290c88b5ec33fe208b1046007f7ff3c60ec6d823ff41b24a0716e0512
2594	STG_CONGOJUNGLE_O_	58080	60e096d0fd36606ec918f7f6778595782a592b159f2d8715ab390d5843e299ef
2595	STG_PEACHCASTLE_DL_HEADER	192	de9f82371cb5e472150dda0e25c41bfd2d41a262d8fa904d41228d7276a37358
2596	STG_PEACHCASTLE_DL_	19608	fcceaa95f3f48373c274a021bf49c3190ef3af200c4ce041bd3660d69ee384b5
2597	STG_PEACHCASTLE_O_HEADER	192	1dc74a6b1c49371c723acb2517f3509598767d28c466ee57c270fe3c1cecb945
2598	STG_PEACHCASTLE_O_	17448	a80cec5fdd7e5a9ec3714fc5019d5b0f0501123bd10e783f961070cb5f5a7018
2599	BOWSER_ENTER_PIPE	3152	3807f2d85d3d637163c286f7671fb7a4f33f8846a497b846836d392d8cbd000e
2600	BOWSER_DAMAGE_ELEC	576	da17b0e25a89e4774f498e75d47b06e1a27a92206b9fed83497e98866d435b53
2601	BOWSER_CONTINUE_FALL	8800	ab6a29149503eaf4807a4364d4d37d9e29d55f974c298cffaa7442ae6ac19489
2602	BOWSER_CONTINUE_UP	13244	25730624ef2217e435c25103421739dbb1fe8a2c148b8b2c9110ced142646ca5
2603	BOWSER_RUN_BRAKE	4288	0ef44b839d2e921a9d8d0bc98133c88d8414bc53398b8ede6f512d24dfe63b6e
2604	BOWSER_TURN_RUN	4112	e45018182d05fce5172eeeab17f289881386511ed4e2bae3b83294ce7ec1fcf4
2605	BOWSER_1P	568	4e2430e8796c3f58785f889defed40acab2bb3fadc65e5499e6d71b9ca9329d2
2606	STG_WARIOPLATFORM_HEADER	176	5d2e0bb6ab07c9edfefd4fce6d66fb1e56c6636c8217fc564ed1c07b7aa437c5
2607	STG_WARIOPLATFORM	15856	44d59669031db46708e246cf069dbea5afdbb9227abf0ad5c80b0fedea69116b
2608	BOWSER_EXIT_PIPE	10272	8483a8ed847d75ce85f57b8c8ec249d9cc01ad80a2911bbeea6f45b479d47168
2609	BOWSER_STUNNED	14304	ced31c62605f269e262338601605c6f699fb66be743433a900e6dc166ceeedb0
2610	STG_FRAY_NIGHT_HEADER	224	0f257157d31e594c154f20f8450eebd9bff1ff1c7f6ff04f3da571b9e0e34a09
2611	STG_FRAY_NIGHT	3024	1a38941ae9a255afb7ec71416003ec3b6cc76b195aff48b43afb418972344674
2612	STG_FRAY_NIGHT_BG	158928	f6689f14b7914af6bd0dcad32176f579f0be58df8baa0c917b8387cd75d5dbb2
2613	BOWSER_HEAVY_ITEM_THROW	7136	21e66612d97c492123b0feeda762e50298116cd39882a05fc4a4d2eaf648427e
2614	BOWSER_HEAVY_ITEM_PICK	7680	7cbeea627cead443c80c535ae931266c02f65a931a054e1feb3254c94ad6eafa
2615	BOWSER_DOWN_FORWARD_D	7344	57b929a349843f8fd1320fffb995025166831f32f7d47593dee59794dd563a66
2616	BOWSER_HAMMER_IDLE	2944	aa95281502c875059ba49e82a6c9c3ef1448a8be43eb85be525f98c88d553310
2617	BOWSER_HAMMER_WALK	3184	29d3711fca334a762cad5827e373d6d8b9eb092a9e5e43f686068bef67b8a6b0
2618	BOWSER_ITEM_THROW_DASH	5520	8877d44dca77af5ebcd73d6770bbf218bb93c85a943f2e7459dfe601b2afcf5f
2619	BOWSER_ITEM_THROW_F	3984	fd5883e945e930f382d622439b6773a4a113f78b43e247c05a3a9a857e356838
2620	BOWSER_ITEM_THROW_U	3488	853f5611d99be89dc75c2c2aa7ec5a1fabada757c3fed83a649506e267834207
2621	BOWSER_ITEM_THROW_D	3040	520a4b31d27e82be0f01c1d8e07c0c1a8b99446b7ee071888d01142fe6bfc277
2622	BOWSER_ITEM_THROW_F_AIR	3280	74bbd143107c2f206e27aafe2d8abbbeef9f3ee977e0b5da0a16d6c2dbfd238f
2623	BOWSER_ITEM_THROW_U_AIR	3408	61a99d192473c3f2c305ab909dee9873b48b7ed0e80dcf2ec7cc289ca27cb7f3
2624	BOWSER_ITEM_THROW_D_AIR	3040	de90bbbffd91b65cfef4d451e69c5bc9952677e4f37fe70704345d12431abeba
2625	BOWSER_DOWN_FORWARD_U	6720	cc986e856d2295df4b911bf6a93084c39f972ef10cc561ef8fc712a3c9a8fa4d
2626	BOWSER_CLIFF_CLIMB_QUICK_1	1824	5c4de8b1f2ac327b8b2b0635a6888b0c176a54db3e0519e7d94738b8d76e6e6e
2627	BOWSER_CLIFF_CLIMB_QUICK_2	4256	a3c4fceab7bdead7b806ab3dc0a5c6eaecf17228d8e1c2f90816a363d1fb9adb
2628	BOWSER_CLIFFSLOW	2896	37d191c36904433dd35f118c7b5d4c18cc7e8a66e9e6cace181155008ae108c9
2629	BOWSER_CLIFF_CLIMB_SLOW_1	3936	c781a201252564dd039aef9aea8862f16e64163f5c8eef0131dc63c9eb4d9d2c
2630	BOWSER_CLIFF_CLIMB_SLOW_2	5888	91996ef92ba47061ce010a358d6433f1f37298f5b472e7f40e3d09b0d9760b0c
2631	BOWSER_CLIFF_ESCAPE_QUICK_1	1776	ac652c79ff4d2a1e0b2f4d486dbf6bbfbe4e9ddaa522af4b4332b4761c94c73d
2632	BOWSER_CLIFF_ESCAPE_QUICK_2	5424	dd727d1ccff2a5bb2df923ab713608f100e220d5d11b7ca057a934b4a62c0a6e
2633	BOWSER_CLIFF_ESCAPE_SLOW_1	3168	06c8957aac6940d8882bcb7ddd883f331b63d2c1bff0071bcf6762f6cdbf9c17
2634	BOWSER_CLIFF_ESCAPE_SLOW_2	9968	75681862c136120a3dca4141ca6e5472aca9371403d6d8588237f30c18baa866
2635	BOWSER_THROWN_MARIO	992	3610efc7ad58f542d8845f04c882b7954957c53b252f0784a69781d85bdece22
2636	STG_GOOMBA_ROAD_HEADER	224	ac45326201c6554a2cd8f9ee68e3cd03e424944edbb669ceafeccf4bfc340f32
2637	STG_GOOMBA_ROAD_STAGE	27376	41302a10d9d102af0251610d97a4023ceb8e3f05164ad93bb93284a15e149ec8
2638	STG_GOOMBA_ROAD_BG	158928	35d31b539a726fa4ac5f2aebe1160092ec5ff8b2a342037541f875122adce2c5
2639	STG_LUCASPLATFORM_HEADER	176	a7ea5337b30ee04e81b071bf70ce52bfd519a7a1a8b0f04f29c7fa6c84c29e1c
2640	STG_LUCASPLATFORM	20144	327acec39004e61a8e12b46999831d4c8b5426aaa4c8d3064c172bafc9392693
2641	BOWSER_DOWN_BACK_D	7072	4888a43741774aaa32fb195fd931f2ae092563c565899e9b920a02ebbad6cb5d
2642	BOWSER_DOWN_BACK_U	7536	a28056b6b04cf66a17298dfd66d7dfb44d9ae99bf0b8e31d46c675466a2b6167
2643	BOWSER_DAMAGE_FLY_HIGH	2960	13bce1ea47c94df2bdd808e21ab8c17246dedcd47899f2605467a5c124093e5b
2644	BOWSER_SWING_NEUTRAL	4320	56169abcc185ab28df5f432239a7785d70d594e80a6298c889cf9b76170c05b6
2645	BOWSER_SWING_SMASH	13328	e673cca19ccb5110d6de686929577c049132c1e8622177996927bb088f489235
2646	BOWSER_SWING_DASH	9200	12dad8d57cb3b111cbacd6dad8259749ce6bd8118998dd5a359c98259ef656ab
2647	BOWSER_JUMP2_B	7424	738ba52772e5bf7f3dfa6c8b45e357cd9954c25d5f1d4713c57a521524ae6cd7
2648	BOWSER_SWING_TILT	6352	71667a77d6eaf45e4180746ba6c22cfcb6691a660fea8d25bd9afbb16bd5d987
2649	BOWSER_CLOWN_COPTER	11192	4ea680dad486771631a2b5c92c825efa0cfe7d5a917abe966a491bba4ad9b6ee
2650	BOWSER_ENTRY	18368	8cb52c4bcee6f262bf88521aa612fe459e051df1b5de4c1797a94d56f505a389
2651	BOWSER_WALK1	12560	bb20c6952af2afe365c221de336fd88320e72b7e3402256eb14111a5f62b8526
2652	BOWSER_WALK2	10496	a3c14e84c7bcb914c24582a462fd8b6dacc1ba62012633b126e2125a024c70af
2653	BOWSER_WALK3	8592	52b391823387a64228d7f524a5b9e037883c161e265dfb5f64ed483772574c7d
2654	BOWSER_DSMASH	11440	6b6783a5aa2447f682bd52b97f2f83ad797431faa1d1ce2b8646c3acd099d887
2655	WARIO_CLAP	12544	f1c44f7365390a68065f303ca308aefa4c4f3c1b4b1a483531a9f952704354d5
2656	BOWSER_DOWN_ATTACK_U	8960	fcf7f2a8c346eea5f25245cc1bb64dbbf981bf90f7d4a2f46b8e463d37236dff
2657	BOWSER_TECH_F	3744	a4e6811c3c435a83a10dd991e55fe17a8fd682ff3ec555f2a9cc7a02676f2aee
2658	BOWSER_TECH_B	3744	60c6fa970e4f7d82778c0cc5691165f45c3ff555efe9b53272acff9a994e02db
2659	STG_SECTOR_Z_DL_HEADER	304	076bfa73841be2b6ab56f68a6bc2239c6ff730fcea7b9a00a72842bed2d55609
2660	STG_SECTOR_Z_DL_STAGE	30184	c2ad99473464354099f618c18458ecf8c5435c3d826765c5b60effa88c5b6531
2661	STG_SECTOR_Z_DL_IMAGE2	224	085b82ad115bead3343e65a6ec1f9f817654c353452d433b3d0a508d08a15c01
2662	STG_SAFFRON_O_HEADER	224	e62b7ed1083385e1e8d96e10ea02aec8e7d2fadff15378dcd131c95f8325b021
2663	STG_SAFFRON_DL_STAGE	28272	b489c13586c731f729fd6194e090ee2e92435fc18d0746da39f54dccc723966a
2664	STG_YOSHI_ISLAND_DL_HEADER	192	2313fd108f8c79d9100daadf46f365828c60f3520ce447b365c1656ca9177599
2665	STG_YOSHI_ISLAND_DL_STAGE	65424	3c3d2ab941b739a56223907260ae728650b2dfc2b69acdbfeb064fb4b5e21502
2666	STG_ZEBES_DL_HEADER	224	80d5b7a3f6d0793a77425dbd5bb5a5b4aebe16b90f3cd814aa953020be933bc0
2667	STG_ZEBES_DL_STAGE	77312	7b233c1cb792ac2e15b46920d97126dbee32f4ab05cb8b270f53b2acd0556a76
2668	STG_SECTOR_Z_O_HEADER	304	6b9b1bd7172e0e8c6f48b86d66d3d5fbb60eb1ba852ff1f1cdabd94f28f987c7
2669	STG_SECTOR_Z_O_STAGE	30232	870a0d1c257b804fc15673145405de0ec56d8a5102f3c9de455e07ba9c26b2c1
2670	STG_SAFFRON_O	27920	59c3cc291926020f79563a4f0bfb4f4223bab32e519c0b28c1b2d98729fd236c
2671	STG_YOSHI_ISLAND_O_HEADER	192	39d7c8bee32d236358807c67241e62b2b0cf9f1d1707ef4738a65d35e88e9d15
2672	STG_YOSHI_ISLAND_O_STAGE	62880	1dd0eed2cde7d8b339b8190b5bf33b22e12ee2ee2e3e6d27890ad16735edadf6
2673	STG_DREAMLAND_O_HEADER	192	4ba1a347d4a59c81d3487dda4b7c9ff8e463efcad96a9e58b4ed91c96d6b4b3a
2674	STG_DREAMLAND_O_STAGE	40528	c45cfcbeee566d8788ad9b2c18e6d28de3e356e7f53308687b0768c29cff37e1
2675	STG_ZEBES_O_HEADER	224	68b7081dab5a849be30f473b08bd6564f0601d5d6ca1add25e831977be0b7d8d
2676	STG_ZEBES_O_STAGE	76048	b89bbbcf1d2474b47ec3c97e94f435f208a1bafc47d72d2b5ed9f897537e9456
2677	BOWSER_DOWN_ATTACK_D	11344	4ea23f2f81406e876d42851b57e99a62e86d7ca38dd3007a7fb78b32a8e5cce9
2678	BOWSER_BAIR_LANDING	2752	08c9b08bc01f0ad94e679ffc1a9c2804912745c9f475f9b530d0cec5a02d0821
2679	BOWSER_SHIELD_POSE	5040	b3a3d3bb08b88ba311f225e5b45e41b827cdb761994ee76ea3b7d4cc0c682c4f
2680	BOWSER_SHIELD_ON	1088	b1856d6943ab4401083ecca18e101411909cde1dd84236f93ebc6be66930f3da
2681	BOWSER_SHIELD_OFF	1840	aadbc9b021eae774ff9a2ffb63219a7a4dfc54d3aa41b79e49cf3aeb451c54f0
2682	BOWSER_SHIELD_DROP	4016	f24589df59367716199406a0c7d53e0267928a5375508b8c62933351ceff43f3
2683	BOWSER_ROLL_F	6928	c147c2690cfb98c39f81b86f1ffa2920cede813246ce18190ce7dade854d0d29
2684	BOWSER_ROLL_B	6384	0c447e6dba2d8ed6366f1bace4f6ec07968fe6e6f7351fcc1fafbefa40a83390
2685	CONGO_FALLS_BARREL	3296	fa9286b3735a0ea62eca5a16c98baceae48be2fe4dac5ff91ba9fa0097f86812
2686	STG_BOWSERTARGETS_HEADER	176	74c9595f879acb65e787ddc69be1bbce5b8fda6df2aa7f5aee7d5291e85f3464
2687	STG_BOWSERTARGETS	17968	46113195b70caa15df60713d67c5dc74d5ca7fff9a2e7c555d786275c361c12f
2688	GBOWSER_MAIN	2000	5960e52d9a41b1303bf5b7f9b5e2313cafce52871eb473a8752efb101da085eb
2689	GBOWSER_CHARACTER	64064	93bdd44972e7064f9ee4bd128a945451c242285432203aeeb37347d9a8b17353
2690	STG_BOWSER_PLATFORM_HEADER	176	c59cf0a91cd7bbe4f9cc0cf11a9bdfb58ec11381ce7e0bc7686faa76dee9724c
2691	STG_BOWSER_PLATFORM	13456	2a4a486fc7acbd2f618c96e33136773c697def7d35f4532e82e57bb4cdfdbaee
2692	GBOWSER_ENTRY_RIGHT	22992	22922c85a302ccfdeafc64cdb20959cd40e2b466182cc4d32da73cff8e8f0e48
2693	GBOWSER_ENTRY_LEFT	22992	f6bf4496f02f2477f2b12bb53ce34e953bc2e2256ef66a137d4bf9d87b25bcac
2694	GND_ENTRY_1	4640	9c9b887ae33eb8571740ad6e73e752f7a8c3a47aae69a3bef9a3e0575ed5513b
2695	FALCO_IDLE	23440	7b0bb522aa5d53ccb37befa988999afaba50ac574718595ba71d321ebb2d1fd8
2696	GND_ENTRY_2_RIGHT	2640	4075a8ef0f89ec393d492cb2c23c0544045a13cbc394a4555904727ff0feeab5
2697	GND_ENTRY_2_LEFT	3152	99db2caa56f951e9bb14db635c895363e674340e1fbc2b6430ead1cbeb14ce91
2698	STG_BOWSERS_KEEP_HEADER	192	e246a1f32b9b25f73cb85a27283515c1ca1e2b7a5e112814614f0c4b98e89718
2699	STG_BOWSERS_KEEP	28512	e3b0722f897f9d0b7ee9c093e9aa068cc22a045ae812642308d8fb56a667223b
2700	STG_BOWSERS_BG	158928	888b384a26049b8fb3c892fd71d26bd61ce1425734744e1bb33b4dacce9d264b
2701	KIRBY_CUSTOM_HATS	260480	d779f4d2c395ddab0e61e42cf5dd2a9c6191894af28e0fde3679ffce5c95ab1c
2702	KIRBY_WARIO_NSP_G	1904	7eb1322516cf848b9d17f7b08d339c1cd7b5398325f535430ebf2be70e47d952
2703	KIRBY_WARIO_NSP_A	11968	26d0aefda7740650aabf57949acbd2b53b38e538940aeaf5cdc09499a8e01e49
2704	KIRBY_WARIO_NSPR_A	1024	9ad000cc0063f9774e4b714ea100e4d0241b4660a233fff4c6dd4fa0f5fc6e52
2705	KIRBY_FALCO_NSP_G	8368	35441a462fe3af1eca9910014bf4e639c0dce9c3a83633e666c6dbe50a2cb3a1
2706	KIRBY_FALCO_NSP_A	7856	fa36cabe4a0601fe8f385639f505d10f7d7bcf398658a63e4d7e2e6051a56c45
2707	KIRBY_LUCAS_NSP_G	7184	d18067a5a96d3d643b33c623a943d1056ed1a0312b6b8f36396a0ebd1689a7ef
2708	KIRBY_LUCAS_NSP_A	8432	82b35c799aa6aa60962fff39521d20a4eb55778f9d6c0660d12d3940698e2727
2709	KIRBY_BOWSER_NSP	10016	5d7d30f4a1d62a27f1801f5fe2446ed46c0318fc11f069238088ee2d64a5fa32
2710	CUSTOM_ITEMS	29552	36b994a87550ca8c86e05fce4ad99516c419b0a44abe6299f7a9f8c287558e68
2711	MARTH_TEAM_POSE	4200	28c33f68d495778ddc519e67eac7591792ab9b68899c91fd3992ab4fcfa154f9
2712	PIANO_MAIN	1920	706ee9fbb2b9c8a44764130d65ad09cb81fea3a056a33befaf8a4ae9718939d7
2713	PIANO_CHARACTER	19888	18af0aa461fd6d14766ce83df4f112d6ac1ab4b81e79e6a3c3a74a5ae8724966
2714	PIANO_SHIELD_POSE	3040	4560f798b62ccd4e90a6a5f51884a45abd40e4646132ff0aa534c0e83baad4ff
2715	PIANO_PROJECTILE_HITBOX	64	ebbfeff040dd68a77efd7bc2fd5ce263cb32cadfa90b825ebbd3cd5cc4b4c47c
2716	PIANO_PROJECTILE_GRAPHIC	1040	7db1f93f66942cdcd6aec87feccf83f3108c7f66576a20f0ca7e7830015ea42b
2717	PIANO_IDLE	304	5a5eebaf1250e1e093df315c2228c701b859b087dec1881f05a7d25d03824d09
2718	PIANO_DASH	1008	4d573c19fc451f6c8f7bf820f4706de6ced2ec5a3931eee409a2659a7c32b29f
2719	PIANO_RUN	1184	46d5c8979362425e2fc9eb54be8be70de6276dfb60a26775c97e1e1d7662e877
2720	PIANO_WALK	768	81a6087c80f7dcd8cf35d80695e092a100d690dd2da9cab2a1fb83d049341056
2721	PIANO_TURN	336	01e71dff0290338c83878efba213043cc39e6095ebac3ae91d9880782bf62008
2722	PIANO_CROUCH_BEGIN	336	331847e7e289062bb2205b728852aab6891cf5b66c14e77aeaefecedf2aace02
2723	PIANO_CROUCH_IDLE	304	ce8b39361592bc6e92d0f18981908d55773eb41ec8eaf209909bbd550a4cf60a
2724	PIANO_CROUCH_END	336	d304a65cae2c2509cd51e17f348db8bbe5d420009a12693092fdcd129b97a380
2725	PIANO_RUN_BRAKE	608	9524538989113bbf5f784e6e1559ff925527264f39dc6e83a952235d8ed224d5
2726	PIANO_RUN_TURN	1328	b0cc8458802ac2306f7cd1906bffaaee485043b631a6b71f765d42e8787dcdf8
2727	PIANO_JUMP_F	928	60c44329b6c5c6e05fa6f54d6e4e0935f665c9302f6b369e1f4e4c4a8d6c6265
2728	PIANO_JUMP_B	928	3bfc03b35ef49bf10e81ecc9b7f8915c88d45eb2f8966c1cbdfe4bcd4662d3ad
2729	PIANO_JUMP_AERIAL_F	864	5c77055cf9be1b8529de5aa3493981a706ec30ca8b800be9fd1a8833c2a73c5a
2730	PIANO_JUMP_AERIAL_B	896	e0c7e1a86ec271831e4d49c72e966384f20e69c3ddda12710e3a49f5c6e52578
2731	PIANO_FALL	432	1b5d162fa6000c1e666ef607d38e10d11e7ca310431aa930ebccd69a5e198653
2732	PIANO_FALL_AERIAL	784	584e0e5ca8c79d5d75dfac1a5c7052be748a431b25851ede3dea8972733674a5
2733	PIANO_LANDING	304	98d0900725de644ba257eb172b39465d81ac6531732c8c5bb9318b20ff0fd6b6
2734	PIANO_FTILT	832	52a0264c2158dccc48cbfe897ef4c80d4b6415b1696ccfe0d7929b156c50b205
2735	PIANO_ATTACK_HEAVY	1488	5e4a909dcc0c6ede76c14c3524e4f357921398866309d2ae00a5507df8a90a90
2736	PIANO_JAB	448	b8194b4d9659991180895ef6aaecf15b752582c5de98ca0cd820bf190ffab803
2737	PIANO_UTILT	624	0a543ebf3450c8547a1fa16bf63db0c677fd2d69f0ea307f570fde710efbf835
2738	PIANO_DTILT	592	681843e7bd1eda618900c3fa5e7a201237a78fd6b5f8fc5904ecee53d8091bd1
2739	PIANO_USMASH	1184	22caf07bdff28800165ef724bcc862ba3373c3af1a26a50e28991f7f28900984
2740	PIANO_DSMASH	1024	94eb0ff5599b0cd56f122d5aa73ccfdc9a338679bc666f60768b02f6d13864be
2741	PIANO_NAIR	1040	a742d891b6452d594b983d672101f65f8b2e1bedeac7afc74c5b49bddffd9498
2742	PIANO_FAIR	880	376835142e43372451b2a6d20ae5f792a0c8ddc64b0ac39ad0a0a3ff87478566
2743	PIANO_BAIR	1408	ce36d447ff2151a81c4a0bec4f931a98b26f745c1722e17d699134c87db92e49
2744	PIANO_UAIR	832	938d1a559f454acbc7a87e19697972f78b813befb127a3865c80b3320925fb54
2745	PIANO_DAIR	896	ca44f2302c92c4a2ce8b78d8cdcb09c223999d866ce2694631382c01bfadba9d
2746	PIANO_USP	2144	65a6ff7b521f05054385c25dec8adfa999813587df9ed9cc55e44000ff67c93f
2747	PIANO_FALL_SPECIAL	448	b794e3181903f8b3c09da4babe205ae0c1885dc5bc683089a906c0abd26444b1
2748	PIANO_PLAT_DROP	832	b177381f4922e731b321706056d890e8cb08070ce44b4cb634c253c116918789
2749	PIANO_TEETER	320	1f8e6df4592ed8e325a4964b89dab03c9b0acd027baf94bf1b747444b5f40c36
2750	PIANO_TEETER_START	576	090580bc4abd3246f0052775c23010b3f221718880ee0eb48b0c77730a225f4b
2751	PIANO_DMG_1	448	4291c1f75ee4cab63e0d9f653a199994706a228c3bd0b2f51ab063b7c1c2e9fd
2752	PIANO_DMG_2	816	f8776d5ec2c0819b10730e872fdf918e5931a3fa7c3f057768adb62898cc544a
2753	PIANO_DMG_3	960	91b48230c919ea0739d2572ba73628bd0c5629f00fa1a3c6c3094f48966b33ff
2754	PIANO_DMG_ELEC	240	7ce1af330f69666f7ff79a09b977fc5891f6895658af2442f98faa73957d34d4
2755	PIANO_DMG_FLY	704	3ccb24e687a327854ffc99df6180b058857e530aac617cf5352fb6b7bdb45b55
2756	PIANO_DMG_FLY_TOP	1040	6f26a020066d1f6b223d94cf5752d07fc7fb64d902b0472334fa6ca8813c4ace
2757	PIANO_DMG_FLY_ROLL	320	8e521b6f5f090bd1daf4c2a8b1129db196f18cf53e128c9ebeb35db12ef33d6e
2758	PIANO_TUMBLE	528	ce7c3f59bff27236113d7fd897de9e360b7943ec71332e34c9ab3b363bfa0e42
2759	PIANO_PIPE_ENTER	592	e83efd038dbc6da67b880eb0d6e33948f83f6766b1519637d3b5dfb515af3dd6
2760	PIANO_PIPE_EXIT	720	9066b1fc526f97d506cd57fedcfd48464617184bbfeceb44bf9b64c9aeb8fe78
2761	PIANO_PIPE_EXIT_WALK	944	e52ee6fe24940928c532cf836714a56464823b73f26d1c6f1842a1287b5aec66
2762	PIANO_CEILING_BONK	304	3ce378ec017029d5f7c6e7f874f1b817f9a7a863cc56d3b6aec2e76776c36912
2763	PIANO_DOWN_BNCE_D	560	b3eb1311788163d02801bc49226dbe580e65dba9112a3f967faf423097e0d7ca
2764	PIANO_DOWN_STND_D	560	a4a955ba7d4cf9534a29b617a611f8803c12e9ee84c41dabfb66b82829423a73
2765	PIANO_DOWN_FWRD_D	880	affc383464cd3a2c3343cbf99c816900f3c5dbcc6dc07df2a0af880b63d33f35
2766	PIANO_DOWN_BACK_D	880	1e64422aaced37be6fd58f2b987237b618691d6770ecc83b55a255ea28cab419
2767	PIANO_DOWN_ATTK_D	848	001d900d40f2794c83c2274ecbf8944644cd0abbcfdf8230a29a0c4efcd54ff8
2768	PIANO_DOWN_BNCE_U	560	2e434355b75a6fdee293d42c1a17489a2239a075831eded5288ee75eddbbb130
2769	PIANO_DOWN_STND_U	608	dec94dbc1b436c6b8b4a10067c64c65466e8ac817846ccd226e9fb7ccb64c2e7
2770	PIANO_DOWN_FWRD_U	944	f212b3252093663ad853a08b52d704f4c780a461a57c4b9cdac2bf3a3e24d6e0
2771	PIANO_DOWN_BACK_U	944	6a1b471c3e208a894b511ed43b665a891de2a4d79b98c1ae3b8224f5d9d84eed
2772	PIANO_DOWN_ATTK_U	944	7adedf46392e12f0cb58ddbdd54ead4204aa68f82225a88a151e19c0744e9a2c
2773	PIANO_TECH_F	992	e59e6e7222f8d98d646095380d1359b76ae97e82257fb4f2d47bdcbfcbaa6197
2774	PIANO_TECH_B	992	b075a2d9086385e3642c75e5111e0bc9661d4968dfc79850220cea8277b772ed
2775	PIANO_TECH	560	d714c4c42eb8a51080173445af18ff7ba562de70eb9fa98680bf68740fc3ad11
2776	PIANO_UNKNOWN_053	240	3b67786705689bed096043454b90a7ae63389a86a03932231ba823dc8a8c3d3c
2777	PIANO_CLF_CATCH	368	204f97271444d457a710e16931d6fdf47530e51ce17aa0f8b7bf912a8618021f
2778	PIANO_CLF_WAIT	2848	a1d0528642ada64b86c0965617b011b7f12bbbe3c6341933891eb9fb32fafc94
2779	PIANO_CLF_QUICK	624	d99dcd0ef8fc0cc01e290e9acee5cfe131420bfab150600cb9fadd6dbd62cea2
2780	PIANO_CLF_CLM_Q_1	384	ebf41c838cbeee7bd95c79d6f6e156df6033cb187b17155ec099a1c986c22d30
2781	PIANO_CLF_CLM_Q_2	832	01d997f2314bbbfb42809f434435015462c021c16c4079176f589d73cc62e9a7
2782	PIANO_CLF_ATK_Q_2	1136	5aea9f9935c4ae7a07ecbac32fd1a132c176a84f5379a602194b078fa4cb878e
2783	PIANO_CLF_ESC_Q_2	1232	e1735e6ad6b7328ebeb9e3014af23119dc2c974d652094e796d5f509d2540318
2784	PIANO_CLF_SLOW	1104	a0be212917371acceae1ecb945d3e377dd2ab66493b351664ff8f7cac2c35bcf
2785	PIANO_CLF_CLM_S_1	944	16031e19c281239e14e1d0107c7ac8f8ef70fa82c66e5e627a8215205cf896e6
2786	PIANO_CLF_CLM_S_2	800	ac98481b8832135b040c46e3590b8a2dcf99a938dd86f4ea487e89354072ec8b
2787	PIANO_CLF_ATK_S_1	496	cc9262859025c3860c9103408c06a300b908283f6c1161d1426c8849fd1014e7
2788	PIANO_CLF_ATK_S_2	1312	7d575f969a340504dd99b681d0f2161e688e631ece01d9fb3c079505ee236301
2789	PIANO_CLF_ESC_S_1	992	9d37fc9960f8a568ac4ca24ed12900e1dc83604db30e1656b29835d58ef7e22c
2790	PIANO_CLF_ESC_S_2	1104	65744ad6e55f1ecdce147366a14962093354c3a1251a73437c81c18a0f3a83a0
2791	PIANO_L_ITM_PICKUP	800	fc38f7dc01194d8f08dc1ff18fc649b782108fb6ba6e9f70b42b022d910d8531
2792	PIANO_ITM_DROP	1728	beefb5b74dec8a9ab6f08b5aef7adcc8089ae485402bdb10ef153b5fd24323cc
2793	PIANO_ITM_THROW_F	1424	3dd98920e82dc3e2a61bbd30c543c81bc2ecf13866e27a27b1da149a9d778d05
2794	PIANO_ITM_THROW_U	1504	a808dbf321ead2c802004ae3375d51c0c53ed79723ce889584e659b7931a066f
2795	PIANO_ITM_THROW_D	1968	dc35263f18f082cc305977c105b53dfa89a4c05adc79209883f23822d48db7eb
2796	PIANO_ITM_THROW_A_U	1472	df139e4b3c626a0509385ad835f99677b798c4fb0d631f7c358bdf3c0d9c163a
2797	PIANO_ITM_THROW_A_D	1920	7ea0d58d3914dfa0b8c97086c831039a14b8678279b1ac4e4c56cb7aa2cc777f
2798	PIANO_HEAVY_ITM_PICKUP	3024	6ff8b62115bb95dd200acec9200a4dedd7f9762eb40555a71161c381c16352c7
2799	PIANO_HEAVY_ITM_THROW	2960	f36c5e8de5afc9926f54b5152c7020cca88d102ef3e97aa8f65c6e498e844479
2800	PIANO_ITM_NEUTRAL	2048	b0af6e964f8e70a032dcb8c6c273bc6bced881ed59547e45d6abf10fbcc91aa4
2801	PIANO_ITM_TILT	2160	47a2ddf478f2bcd08f2e3362a5403d1a3c9a1284298303bf8708f7611738e835
2802	PIANO_ITM_SMASH	4352	cee19b2253498bcdbfc10b03a289efc3e93be1086d25a69c1d4e227d0bb1ccc2
2803	PIANO_ITM_DASH	1952	d08f2af61f421b72ddf048421a5824ba2a84487311d705efe67b0b0ddcdf110a
2804	PIANO_RAY_GUN	1440	7bc4074bb08bb1a4fa66a6097fa9a95a2e5da4bcb96dca66341828c3aa1fba7e
2805	PIANO_HAMMER	512	012ea809a6caba31b1dcfe86560409103c456a775fa0ab7fb9fed640c3dfc570
2806	PIANO_SHIELD_ON	240	101e03234d6ee20db10e4fe188eead48c75cee4c6753ac893adf304a37d4a540
2807	PIANO_SHIELD_OFF	368	213c248b69214399dbe87f901aa20287de31c820dc32d35ec2a8c21c4666a4b3
2808	PIANO_ROLL_F	976	15a5f96e3acca0973a482da854a6deedb8722617255cdddfe856f0072e8f1ac1
2809	PIANO_ROLL_B	832	63df66daad88f330170bd6cfd263dcd39cd871b084d71bf29aa2884d9c954405
2810	PIANO_STUN	336	ce1541e3b8e8f841ed56f97af392b4ffdc7e1e4ca3681765bbd00594cf94a600
2811	PIANO_GRAB	3200	876c79e88dfe1523da0543aff449a09b054e5faccb8adbfecf122fb7a68a92c9
2812	PIANO_GRAB_PULL	1968	4504e668de5d25d028fe0709068f9c1984b1029ccc00d31869958179fdca90b6
2813	PIANO_THROW_F	816	07d19e865320d6670d7e3dfb8a1bc6c153a8a3f0544dfc99c733ba0e25e9a3dc
2814	PIANO_THROW_B	1760	557127215cbc5cdc2a7f9ac122b688c45e7ddae2cb080b2a4b02902bcfbe5b10
2815	PIANO_CAPTURE_PULLED	320	d55fd12ddff03fe996f7df973e1b9fb0ab17454d6fa12d89d1f90496e54e8639
2816	PIANO_THROWN_DK_PULLED	672	0e53366f297f31fb3bba88efe1ee1a637ce016816420dceabc0825a780cc235e
2817	PIANO_THROWN_DK	416	60a6e5dc33c986138bafda28f39b96071774f68994759e212d7e6645b94f163a
2818	PIANO_THROWN_BROS	416	b7a750d01392c6edb5c7d8266cba92f607d2d2e36f5378436dbcf7ab59bca8ff
2819	PIANO_THROWN_1	560	d10b2e3bb7d3c23e637490bb6d6c3ae77d6cc49150013f34ab86552650577c3c
2820	PIANO_THROWN_2	528	ef22847d66fa268426f1156b2f67e08d92ffbea0d1b0396348d586880a2d9b02
2821	PIANO_ITM_THROW_DASH	2416	7167e201174119ddd2de23fe5c9389e03b8e131fd8ed9ac40718a4213612c383
2822	PIANO_TAUNT	352	df327738781761d12f8dd7f74fa2b34f0d675b57bf0e1999d66d898420562713
2823	PIANO_DSP_BEGIN_G	464	f86e4f8827bdc5c50c9a30dbcd93b18375a96921cb8e4590e64840574235d4f1
2824	PIANO_DSP_BEGIN_A	560	d17a07021ee1f06ba18720650adc5d5c4e32a103aa658347e6ac7cb37e22f913
2825	PIANO_DSP_WAIT	480	ab3ffd3cab3404fe8099a9f4678128f7e034b9673429ca983a6cd90e34101ffb
2826	PIANO_DSP_ABSORB	768	1a9be28d32e4360187dab1f330f8f737593193c9526ef86f0bc11e56fba9ff7e
2827	PIANO_DSP_END_G	368	0be61d329cff1c1bd9361970e33698b858478ecaf2af11ceb1e80d6ba86635e5
2828	PIANO_DSP_END_A	432	68f763dc7762f5aa48c62ed38d3c087f6462a06bb47312a47ca3fa8850e9aa8b
2829	PIANO_DSP_THROW_G	1520	bf0d0ee15ba5ec47c8a26c6f500e80a8ca3f9dd55ced1f9b61a6a562b3883772
2830	PIANO_DSP_THROW_A	1680	caf150f9141bdcbd911da13166771fb0a2b0c69e4267e628345166416e8eb91d
2831	PIANO_NSP_G	1200	2d42b66d27d7139b2ba5f59ac07d22ee4aa38ed6b2053717134b6f38c8d5f571
2832	PIANO_NSP_A	1456	fc1bc6d8ad48f7a14fac1cd026909ef293e67f2ed6484c710783badec5a71942
2833	PIANO_ENTRY_R	288	a8e30fb7baafe6027548bd66730ac9a89d03ea01fad6973bef90b213f249b7d3
2834	PIANO_ENTRY_L	288	96022dc09c47811c20c9dc969f1e3c969b2353885ade0ec7017f8e04fdce6c49
2835	PIANO_VICTORY_1	880	bbcddc721be06f5f71a04f94e1f624073279c37c9835c100df106fc8b3a33854
2836	PIANO_VICTORY_2	768	a0c06934de9d9ae743bb2afab8b18975db25c6f37f39d5a3544936fd462651d7
2837	PIANO_SELECT	1376	31ce5b0549323b6b2f3780b918b8bc98b5ef1d4d54857847c36febfef9c17357
2838	KIRBY_PIANO_NSP_G	6576	df5d532f3b8de242f91cc3c0ea67e2b942617c87811d0dfe315093c900c80502
2839	KIRBY_PIANO_NSP_A	7440	8cafea4685ab4ff8f268bb44a3d887bbafa4c4192fb6095975e47b06beed6c53
2840	PIANO_POSE_1P	208	7eee22be807cd03a708e36ea3a63adf004a31be74a1155bfe575ec11b7e0b295
2841	PIANO_CONTINUE_FALL	1520	357ff237a9d18e1737479f50dfd1ac373dba212989d5fef2cc7b3915f8523867
2842	PIANO_CONTINUE_UP	3084	c082c91550ccc7059c1d6513ff2ca1d27aeff8cbe1eaf9788039121e04ccc77c
2843	WOLF_RUN	10512	8b96f09301e16dac48b09fe1714e66ef4dc6a00d0f37ff65f3a2b4ec1d3da8d1
2844	WOLF_RUN_BRAKE	4048	da1542fd0da64ce793c1f575934b8ccd0d8f9993849da1a733e9a507290c1a3d
2845	WOLF_TURN_RUN	4224	c44a56ed40f41193a3a23a09359bb797d372d49bc174fe5c08ece72fd74abf40
2846	WOLF_CROUCH	1872	b5c1ab02894274faa7c6055dd3b73b1b4d16653a1d769dd5a0a223ea2eb4f9a4
2847	WOLF_CROUCH_IDLE	10464	25648d01d09aec9ee99b29c25c8146bdbc189b0c69612892b0e424c6ea6a378c
2848	WOLF_CROUCH_END	2304	7bd606c6e74cdfdcc79e220f2b35b42de7c0d01f9cf9c068194f2ff79bf53c54
2849	WOLF_JUMP_F	7840	1c6a50d390addc4e066364a09782a8a39865566540fb8d498c9001cb5a678bf1
2850	WOLF_JUMP_B	7776	460a8dcd240480824607673706ff01314ef4786b5f2c72a76fcec7be6274cf3d
2851	WOLF_JUMP_AF	6336	c35cfacc43c70acbda78b757fc4e82983cb172a72ac80a740b9e3b958dff95b3
2852	WOLF_JUMP_AB	6784	72b3925c388f2c8e3a4878984d052419038b5247b30aecf05d7202666b239131
2853	WOLF_JUMP_SQUAT	1952	4dbaa992eaef81417012aa49feb2dffc7f8566e48bfe69462199e51e62f83bc4
2854	WOLF_FALLING	2240	e3ccfcde7a7a4162d1141e8c88d039d9e879ed87c9a4478d69d72fc47c53564e
2855	WOLF_FALLING_AERIAL	2240	a23138d2cf4d0e906e9e3c13f6ce16bb59c5fe162274343a394f53b55d5c7e61
2856	WOLF_JAB1	3712	dbf66552973ca3756c2359ab47cb3b7b3de30578695a4986a2f428f05cb945e9
2857	WOLF_JAB2	4048	d4d5696c4514a8413d00ebf4a36699909ff1661c53dd8113fae15cf315c377cc
2858	WOLF_JAB3	5488	63cfc777d91abc3999acc1ef11e4ef173879bc8406f4a340103e79389266bc89
2859	WOLF_DASH_ATTACK	9264	9959eb86f80bfa262f6fddd7e8c278aa20207b857a65a7887f58aeaf06355229
2860	WOLF_UTILT	5952	f99a614df3e32359ab770663d3b9a98bd6026638984dd6b69723b1e7ffad1fcb
2861	WOLF_FTILT_HIGH	8000	9a7d848511966f8fdbb529153575026ed674927823a1713205a86e95f755754c
2862	WOLF_FTILT_MID	8192	f2ba6c37e7007902a934afc796ef7d5cb7991d748006c89c665ae7fe17226702
2863	WOLF_FTILT_LOW	8192	dce00210cd88c05a859b96369a9c385d01530b1fc7539e09967c411db7466caf
2864	WOLF_DTILT	5536	e44355836ecb9fcd20cb80b845b88555a6bb0e1f69580d81e08305325cd4cf5e
2865	WOLF_USMASH	9760	9b4a054dd94ff2f0befd2f768b73483dd37014a0a4084a758c27f17f15db2219
2866	WOLF_FSMASH	10384	212798bb053c567071d263aa45488748e289c304affd81d6906220c4282012cc
2867	WOLF_DSMASH	9584	3c2b93fbab795a0795d8bbc330c47e22ce8f7f7223dcd073f226974d37daf1d3
2868	WOLF_NAIR	8976	c18eb5ca85a3994e2f0352d03964fda11ea1abbd84992a3a6d427707cf5b9b73
2869	WOLF_FAIR	1920	16ea9d40b5f8659610fbddee3290291a0344737b069797d31bca1bee3c221281
2870	WOLF_UAIR	7568	e6be98fb69525a31eaaea648cf51f0dc14ee7d425e770ecf7c15770afb220935
2871	WOLF_BAIR	6896	c310cde2bcdf102a747aac8f89debae3b4f39d7d9d2d6aad325e6d90bc277e02
2872	WOLF_DAIR	8128	00886b4821a84946928ef89d8685616692bf09301fb35b4b7a6feaeef6edf1ee
2873	YL_VICTORY	20676	1c5e44c20773c04ee86e4e66af6f7fc19493f3243f0f3c8a6fc4548a646cea20
2874	WOLF_CSS	17640	92b7a83075ccb2cc101960449dea3801e74b8d3a8475f65deea62a28e9ebd8b3
2875	WOLF_VICTORY1	23764	fdd82b556fb344f6ade0293f8ce2d1b2e7c5df61ad38a5017c94da0c25815911
2876	WOLF_GRAB	3392	a9f4cc92b13e3b23c0b43dbb4b95866c2dbf1876cd5d796b08dc640362b4939b
2877	WOLF_THROWF	9120	27583adb5620a9206d148f5431155c78566e9ec92d940ff7113380edc3b3b0b9
2878	WOLF_DOWNATTACKD	9808	8fd549d2ffc1a90e0ef7659a0038997c05e0532810dd1a5ce247c3a4b60672bc
2879	WOLF_DOWNATTACKU	10176	a956bdd46cabcf8059de5a3fe729f4ceb452a79d164ffc6b809f068dcdf519dd
2880	WOLF_DOWNFORWARDD	7264	aad71922dfe5c276355aaf90c0968e344bfa521e743996ae9cfb8e79fe778d29
2881	WOLF_FALLSPECIAL	2160	946392ecc4cb6c4db911c85cf8bd98f6da3f7c1e0bb86fe3f3cf5b281cf93e8f
2882	WOLF_NSP	6304	563109fa0bfc7b4b84f694d5f3e89490a722718fc2535d3ddbcd1e3cf9aba0c8
2883	WOLF_NSP_AIR	4848	26c31c87bc956c481af5a96b67813b1b30fcd410f2c6ac86cbc2505cd43eca19
2884	WOLF_USP_1	4720	c51594ca0d6f844d51d91547852e4262b422daf412e911b75e8589a18df962af
2885	WOLF_APPEAR_L	22944	8a3ecdd86cc313602681aeaba4fb03dba0d4cc92d3681b9f5fd6c90354bd01da
2886	WOLF_VICTORY2	23804	60b9b10b8ac8aa42b2baa53d2d31c1f48f050ca9684d32fc3ac9a08b841bcbe8
2887	WOLF_WEAPON	3096	29e10e108cbc90e64f3a7bb537fc63d417d0505420e6ddaec957bd46883ecb9b
2888	WOLF_BAIR_LANDING	3216	fdc07e2e6d8cb15a5a0aefbd5a5caf132737f9699ec1269f27b9fd938a1e765f
2889	WOLF_FAIR_LANDING	3808	2c922d6d9f563df5029981342510ba0537c0e9cd6eede9c3ec3294a95609cff8
2890	WOLF_DOWNSTANDD	6016	540dd753a7fd22b5d0cc704ea17a0a50283997b7ceb6fe2a69da5dbefde47a09
2891	WOLF_DOWNSTANDU	5920	ac13d6d893499ca4324a7f549e1f74078ff0a985f4d3bbb94668058126e70050
2892	WOLF_DOWNFORWARDU	7280	2b09cf80b4bd5909a691515f81238f04c80826fa2ab7a932db785d81403e2238
2893	WOLF_TECH	5312	9ed71dd90c71c0d9701f60d01d03504fd7744f69317712ac5baefeca58a75cd8
2894	WOLF_TECHF	7776	a32ca7d581c803e7b4763b2eb4386876591fe3084675f436f5e0a101a41dcc60
2895	WOLF_TECHB	7792	24499d26fcd0dbc90794974d5608ad71f92d317cd31e5c4b01f5e1d3c2bc5ff5
2896	WOLF_DSP_END_GRND	4000	c7d087b55ae44d4afbed33308dd73340af02e989658b85d7c0326bc5c7ec4258
2897	WOLF_DSP_END_AIR	4000	5560aeda9123ed7baeef45f466fc236c79ae8812f6547a828f1e539a633b8232
2898	WOLF_DOWNBACKD	7424	427379de4593cfc4d2c1d52ee9c4889fc6199246e68115a244ec3d9beae5db8b
2899	WOLF_DOWNBACKU	7312	593e7c2339da1826dcdb2732e3b54b522f10b30bd50cb77a887ec13144c7172e
2900	WOLF_DOWNBOUNCED	5184	a1390461661ebfb452f1581496761f48ef803ea9cf06013ae0bcf97629ed05e2
2901	WOLF_DOWNBOUNCEU	5200	1cc761527a5c25041973195cadb969196c180f8fa9bb34d46d520cff024e2c12
2902	WOLF_SHIELDON	1168	67f13b2c4f6b62c17eed11ffe7e36ecb3923410cbd9715f8158bc013bad10424
2903	WOLF_SHIELDOFF	2832	d1e311ecec075e3115175850872dbd670ac4a2ce469e14885472ca7eba97ab56
2904	WOLF_MAIN	2064	394f6243eb698aca305fe706728da6d57519c1f9f2d781bdbbc4f8c448b46c59
2905	WOLF_CHARACTER	30368	9f3386b4a7a40343247f0bebf3f5d55db7cab7ea187b3bd8722683968fde9dcf
2906	WOLF_PROJECTILE_HITBOX	64	204af711fbb51f453f35f38bc4e18e6277b1cbe3d504cc3ac5b616e7689d4c38
2907	WOLF_PROJECTILE_GRAPHIC	4352	fff8a23217370328812a65dd6d69a19e902066e7f9c77c87bb24a6581e5dd93e
2908	WOLF_IDLE	10512	d87032f7d1d74e5260dd6ae607f92be423535710d8d327a79bb6ea756a309a2b
2909	WOLF_TURN	2832	df16f9b6af893ccacdd3c984974a3ab571ef4cf30237d88488ac5720ed14598b
2910	WOLF_WALK1	8784	e2e3b41844836c05bcf473cd87c960eeadfa2c54dc450cdb0102fda085552ca1
2911	WOLF_WALK2	6496	1650beb4fe6e0ff71341bc6eda4293269421d0eb9d7b4e6b8b1d85e4ce5d8c01
2912	WOLF_WALK3	5584	b570c2c8b0b72527fbc509ad93e4eea51997cc45d8882bd0b7589c3208f3cb30
2913	WOLF_DASH	8320	eff526c539f0fbff266756940b8160f2e3e37f8205f9b649ba176c68c82d0b89
2914	WOLF_SWING_NEUTRAL	4768	e404558a4fa7f9afab0c971583acd03e88d17489541f1d1bf78786d40774c3eb
2915	WOLF_SWING_TILT	8320	b6d01bd60423bd16af6373dd39a73dd797989839b89307b5cfb44ddebb97305a
2916	WOLF_SWING_SMASH	11680	c179f333c8d050a5b05194f1359a27bc06c407cb5e170eddb02f8b3c899ccac3
2917	WOLF_PULL	784	d0eb3912002de92e5ee649d8ab1b9aab64f64d70424eb180755aab0855799197
2918	WOLF_ITEM_PICKUP	1920	ca1c551d2d46208a597b61f4bd87f52782a066e1a0e67fc6b0a40aa1b02a8ee1
2919	WOLF_ITEM_DROP	5040	712a2b5da979c5cc5b8e9d1bc58439ee5a08baf736c55b52cb86ac0bdf2c9e35
2920	WOLF_ITEM_THROWF	4928	be362e27f279bc1e48f52a9b761821286630ae66d5b17987a48f0dc35f759f42
2921	WOLF_ITEM_THROWU	4880	26d773632febe8804d2bdd0039c6c3972e40ae2f7ff4e1f1510a8c302e917dbe
2922	WOLF_ITEM_THROWD	4064	52a9e3343912280894237bc9a915ba2daace275224a19db3b1bb45ffee82c96f
2923	WOLF_ITEM_THROWF_AIR	4752	4119ec319867fa8b5776b113a11fb383810c5bad0eab13d34f16663fa668b14b
2924	WOLF_ITEM_THROWU_AIR	4848	3712190ff5935a30967b6d9b718325998c15e9c5b035282b313bf2884e1eeb50
2925	WOLF_ITEM_THROWD_AIR	4896	09c609504de26ae1aaf763de0edf3b95c7e86b18811cd81741487053cc02db11
2926	WOLF_SHIELD_DROP	4928	33d5e9e31a11c2546ffbbf5899d2f7ce9facefeb127dd05a5886ee446fb150c7
2927	WOLF_ITEM_THROW_DASH	8112	32308fc93c5fde0adee553c08f91199ef5c701b73f210124bc18d7607ad1d7de
2928	WOLF_SWING_DASH	9408	55b7e8f6a5aa689d1be486f8cf416baf5197de2d2996d6ec91f342e8128d8013
2929	WOLF_RAYGUN_GND	6064	28119809d3e2d7278dcef83805fe32f4d27b07d76351ec7d1a715f250a18dc55
2930	WOLF_RAYGUN_AIR	5984	9a77558f3b6b72cf51e37983c455c03619f64fbba185fbdeacebfaa9d6b5ca0c
2931	WOLF_USP_2	6336	760ab9a3776cd728787dc3d65068f4636ccb579d4a2179df7183d7042477760e
2932	SSONIC_ENTRY_LEFT	44832	049a2aa54d2489f5a7e24d5d35fe5d37a88f952480da35068618bdef3bf3b998
2933	WOLF_TAUNT	13344	681f081d9262865b0a8e68dd8093085a8693d3fd1b1cf6f26e6622d1cb3a2bcf
2934	WOLF_REFLECTOR	4184	3d5f1aa9c957171db0715dccb1503c024c863910e6c38605ce12e8594988f41e
2935	WOLFEN	13720	588b00bd1129405085e6c6329b538d6810e1cf4cf4a5e3987a9622b9d7fbfd40
2936	STG_RITH_ESSA_HEADER	224	065309605df8425f098f1bd347d245149e9460113841c17950e961b5628016c5
2937	STG_RITH_ESSA	36720	d9fc462299d1f128af80782d142e8ac3da7cc7fb2a7ef980d11a4883b4cfedc4
2938	STG_RITH_ESSA_BG	158928	7227c0852e02bdd82a9f71e3c51bbcd6ea5273b0623c90143d904ac52e877f23
2939	MTWO_MAIN	2192	8306e10a1aa1619b6f28f78868e7b8887d8b918e990917f60bc883c31ee259b8
2940	MTWO_CHARACTER	99552	cb44cf23a4dbd4bb3f2b2ead1d2ce7e2552a8703d4b46150f8745e97053c0c9f
2941	MTWO_SHIELD_POSE	11808	61f13528cc377d79638f8a3c72d66de2790c6efa6cdbae4605e1be817064309f
2942	MTWO_IDLE	8880	9c6f8ad3212bc6f12750cae3bcd54e1d4fd468c76a1bc330314e3d2fb3397781
2943	MTWO_WALK_1	4672	4256a147e80f50067bc82b4f000a4bdf8809d218647bc976e6bd754e8c27bbb4
2944	MTWO_WALK_2	3984	a2875f115ef1fec292e549655bb41d530cf856761be386cea0bb6b11242ba430
2945	MTWO_WALK_3	2368	17687b3ec0bbc9ac703c87586c70e55778377bf51d19ba8bac341bdd08b4555f
2946	MTWO_WALK_END	720	326e32261ce3f769cd50b62766dd6a242ada75c0d637ece600649e60284fd633
2947	MTWO_DASH	3264	1f5b7a92653b9f4340c48f1760602897b056fbcfcc4c5d0fe3f1426579b91c6d
2948	MTWO_RUN	6784	d91331955c76126c7e52aa67a556063d57fc81403934eb6ed615e5c0eaf2937e
2949	MTWO_RUN_BRAKE	8096	da9ca643a9ca342a8e489570d9634fefba6665fe422d755b1b8bf6a735002fc1
2950	MTWO_TURN	3296	10cf1eb928676c57ca6befb90914bf5dc3d54785621bf891050ddb586bdb2ead
2951	MTWO_TURN_RUN	3360	bc4d6edc3e7b47b7fce1a2765fb4a2d2c8c9e3585a8189fb76c8e1bd856dbb56
2952	MTWO_JUMP_F	3104	1198f5fb7022c8458d0e382fce0c7785d22b0c23da1dbc7af703b0377bfbde68
2953	MTWO_JUMP_B	2240	08f48ddd1fe5b1f2672280d1252323551e6265cbd684563409be04f9e3a33753
2954	MTWO_JUMP_AERIAL_F	4016	b279391cea7d9705b11bc52f074f2aa0cb37dbeb791fdf228c12ef9463021600
2955	MTWO_JUMP_AERIAL_B	4304	e96a7a10fb84ed1644303c416f60fd6232a0064c660caf243de12b670e9fdec1
2956	MTWO_FALL	4240	4b5fe2b4fb7d51a01c560b8b63a1b01adaceda2b00ae53a80ecf5e3f55bebb07
2957	MTWO_FALL_AERIAL	4752	5ec6bab585829c966e617e88c1e07825953eaaab3f550a08b9080a13842e01fd
2958	MTWO_CROUCH_BEGIN	1824	1e01d90cf67606871ae9e21001b5edae3957dd8db34c49096a4976d6538be461
2959	MTWO_CROUCH_IDLE	3024	43ac82bf4a29f3d90723b000ae0f9211e60519e285f6abc893fe616f3fec9c57
2960	MTWO_CROUCH_END	1904	8a123cb552394e64375e0683d3668c8e99ee1c9349be9860988ed58f7ae332eb
2961	MTWO_LANDING	1984	42150dc8f7f74a512a03fb3ee70eebf61b8437f1fd3ebbbbbffd245f6b4f40ba
2962	MTWO_PLAT_DROP	2816	8a8548cd33e02b6079ec3e96e2c07dab4ded6cedaf760c81e37e0dc9b1fe2d42
2963	MTWO_TEETER	3696	dd61dc3274692e6442156b0be1b2adb5b08675bf2d709dc5cf571022e8d591a5
2964	MTWO_TEETER_START	1648	1987745694d2d267f6672815bfb5dc76e90063adbd0a917a429916dc28e1204f
2965	MTWO_DMG_HIGH_1	2368	06af1d71a211bd6e335ba4175a0ff47cc28d3ed0eb3806d31d325033dfed2236
2966	MTWO_DMG_HIGH_2	3952	80447a5b54f0836651ef0d683ba70cf3ed6890a919da955d97d490bcb9156a96
2967	MTWO_DMG_HIGH_3	3264	7f42ff93499453e41589603b85ae11384dc71fef5c941836da16d516619aa3d5
2968	MTWO_DMG_MID_1	2176	b9d7894d560a38e8b61d96395cb627517840f082947b69266c70140b183c44d3
2969	MTWO_DMG_MID_2	3584	b4a4dcc10c88b291ae459c489fb475c48e11b2471a5481f882147c7f8a2bbf68
2970	MTWO_DMG_MID_3	4848	d6c2ba15db7f7c98c6e1a73ef834ca7fdb40dd4cea654cc6f5373c93be2634f6
2971	MTWO_DMG_LOW_1	1904	5be81920279dba499fb1923099e6468d278b218a44e63e4bfa7ac33fc5c5b9fc
2972	MTWO_DMG_LOW_2	3184	41b7d1f3795e3080fdd74696333f6d30cd2d1a9eee0495f10398808df739d057
2973	MTWO_DMG_LOW_3	3184	41b7d1f3795e3080fdd74696333f6d30cd2d1a9eee0495f10398808df739d057
2974	MTWO_DMG_AIR_1	2160	9879d4f59cd139104732759d1e1b0c9691931664aa3da9b883f625f409246d7c
2975	MTWO_DMG_AIR_2	2176	431f8c5ac7c00c3c6f564c38ddb529685f7f5cfd9bcc0bc0bd67c94d80da4b9f
2976	MTWO_DMG_AIR_3	2720	bc6c5acb51e06650898f5ffcb7262442cf0a99c62fb11daac9a143b2e54cc3ca
2977	MTWO_DMG_ELEC	1104	337392f97fd42d272a5cef2f7e730acefb8c2209a7984f4a14889d391a11daca
2978	MTWO_DMG_FLY_HIGH	7872	3f54c0fedd2b29a4e9cebdb8e3e69dcdc068bd23c2a4333eac6c213657a32de9
2979	MTWO_DMG_FLY_MID	8112	50a0beeb2883352244e57f81f58d144f818ee6bd30d75736774f90bf573b264c
2980	MTWO_DMG_FLY_LOW	7600	d82b21e75a0ba00944d3e34b2dc85a867a1ec61559d3a33d46fbdb2cc8ae54c5
2981	MTWO_DMG_FLY_TOP	5296	9f6930c9312f6fb51c68a0478f53220d0bc9f72f71da390f0fcd5f8762b3f78d
2982	MTWO_DMG_FLY_ROLL	1280	0d4362d993b346e826c85b76f62517d09449835ee012e63c66f042648dff2fee
2983	MTWO_TUMBLE	1952	eb6f6ae01e389ce1bbe29f7b4978fd19ed1d422a16747acc09bf9c21fc280e65
2984	MTWO_FALL_SPECIAL	3376	129c6841a7369fdf0acb1deae7ce4ce222f5ebb1a4af21355b66bcda480348db
2985	MTWO_ENTER_PIPE	1664	3062731f18807f309859bf7aa73acce68243d3daf5b92b734e06ff02bfda40ae
2986	MTWO_EXIT_PIPE	1888	c4fbec74200c3106a9e5cae29de2577e9a9d6d9bc464df67b1799f22135c6197
2987	MTWO_EXIT_PIPE_WALK	3776	4f685ba4f73ad6f3848c5ccc5506ad85a34f8938da639459bae3793937835ca2
2988	MTWO_CEILING_BONK	1888	1f3645bc3fb300e0ceb7c0d4b8601bae0f6e8ae51f7e46e074905436c6fbeed4
2989	MTWO_DOWN_BNCE_D	4720	0dd75d4fc11be9cab17c93aa5bf3a71682a04deeb93bc9059afabce6d2951ee0
2990	MTWO_DOWN_BNCE_U	4448	e19d1c9f3af2d8eccdca42c367b33122433b3f407235750fab89a7b3bfb67761
2991	MTWO_DOWN_STND_D	2432	a3cc664f13cf76e0c6c76270f8291bb9dd7be18f988396a1dd86faf850dd29e4
2992	MTWO_DOWN_STND_U	2592	e358f6f0216e4427c0fce671a7556b499f5ce393289eb2c1964743da275fd678
2993	MTWO_TECH_F	2960	50fac91f6366d233cd3aa6f9079e07f57296853fb7d6017f446fa3408a6890a7
2994	MTWO_TECH_B	11200	e991ff884d1584ead124a3f115e77d4609374b06db3a325c681c077cdc2c9d63
2995	MTWO_DOWN_FWRD_D	2752	703c5c34eb89587d859c2e5221c74c271bdf10942fcd7828be4c5b8f8001c4ad
2996	MTWO_DOWN_FWRD_U	3184	33ddb15bef2fdc47092b964a147f0facdf9ab676634958709ac217691114c2e7
2997	MTWO_DOWN_BACK_D	2784	2e75bd811e8a494945dcc5cf7902999948bfbb35e7beadbd536a37776d3ac3f8
2998	MTWO_DOWN_BACK_U	2096	151e176b568cfa7da97be62b6b555854be4e9eef6209b8d17f9be0e2f7b08e8f
2999	MTWO_DOWN_ATTK_D	13632	baebc6ea61cb6d3d9f00e6667ec3afa62d11f531bd5d9bfb13c5b2a42cc89511
3000	MTWO_DOWN_ATTK_U	13504	a0a7d0ebe3f855c63b88d11f6bb8e1271a61c3cb2b3b343e63f6c1beee73d352
3001	MTWO_TECH	7184	e7e64ebd47d6dbaa89b9e188b8f52a345365d2f4abde858fd55f189d49c4c4fd
3002	MTWO_UNKNOWN_053	2368	9ddb9f23d50b37a3b81eec6dc629909af464c3757b7ac1802246bb4aa951000a
3003	MTWO_CLF_CATCH	1440	005eb986265f696ded42149600351bbb75858f1ae7df76b7d23a5067cbaba774
3004	MTWO_CLF_WAIT	8544	374da16612c69533c51cea0739ecfcdfac072f98449e3f188169dc34dcbe5ed2
3005	MTWO_CLF_QUICK	1952	3677e7fe86ff5e7ae78165b9f9596f238d5e1692d4b61a1f86f2beba828f8d43
3006	MTWO_CLF_CLM_Q_1	2160	8d0ffd83bd979ed24316a98d75a5ec1b8cbad9e8eebe49de6538e815858be29a
3007	MTWO_CLF_CLM_Q_2	2896	0e342a5e73afc01280fc9ca11208fb737cbaa7578a62e763a686e016b184f5f4
3008	MTWO_CLF_SLOW	2464	bd2750ca14f2959c1daddc59761358dfea4d7f2c160ad44a8fb08c84de5a3c1c
3009	MTWO_CLF_CLM_S_1	2976	e0535df3f6efc639e5b7073e57df6ae37d5c3e10b29a51f3ae28a98b32a0c5f4
3010	MTWO_CLF_CLM_S_2	2672	aad692451530b79d2957f83b8ea644ce8ab52010ce50c615f077899d15259f9d
3011	MTWO_CLF_ATK_Q_1	2096	0f23c2174880b7fb071c982dde8b3e7a665c9a982246c3ee4c30c7d5565e789e
3012	MTWO_CLF_ATK_Q_2	4960	680cd9b5f4464df37270c5c4eff7c603149fdbd8df676e29cdb9ddf383afda33
3013	MTWO_CLF_ATK_S_1	2944	ef7d098aa26d9da7647dd5516ede3adf1d226162ff48c50e5a357f81c20932e5
3014	MTWO_CLF_ATK_S_2	10928	9380bd923a82ac95e8e9042ad60b46c85758c78cf5f8229e991aad2e7ebae8f0
3015	MTWO_CLF_ESC_Q_1	912	3312fd0980935de51b623ab5791850fb033dc8a1a71d801b98d870ee03cb16b3
3016	MTWO_CLF_ESC_Q_2	9104	42fcba1314d75f7a5eb424c75302216407c0727cb71b74be8e4783d8022922ed
3017	MTWO_CLF_ESC_S_1	2784	dbb363d9bdaf0b935ad6b6e2ada444856001179fddd0fa84a1bf46e09cae0783
3018	MTWO_CLF_ESC_S_2	5360	1d06941f75ca32fd4417db00937bb52c4f490de9e4b1a280615db53cb0e03b59
3019	MTWO_L_ITM_PICKUP	2000	d8cbb9f30bc274f676cec50085c33e1a6af74cb33c0b20ce87c7f495868f99d0
3020	MTWO_H_ITM_PICKUP	3296	1428bfcd0ac8d16baae6b8cdb0df6580f725e293e5ce7642bbd7cf8532527b89
3021	MTWO_ITM_DROP	3744	953d6a3eb34fb435bef370b4e6da8779ebe3119424ba4e288ea908a177c04860
3022	MTWO_ITM_THROW_DASH	4224	2b087d8dcab90cf0baca82916d556f74fbe8316805e8e670b8df9eb1d55593c1
3023	MTWO_ITM_THROW_F	4112	7f6b3a5a09b2b56f249c900b20c92344ac81660706a46a501f59c7234cc1b131
3024	MTWO_ITM_THROW_U	4432	49b8e28edd76d7ca1ec7aa08f2bcddd25796766c147e7b12ec5d2ef82b1c7b89
3025	MTWO_ITM_THROW_D	4160	5daca63044178a46859d9826ec39a42dbab2159f92c6ac20c44e3ec0593aee6c
3026	MTWO_ITM_THROW_AIR_F	6656	978edd31805a433fda42ca7715ce81653f3b4b51ac56938e02723dc839f6c50e
3027	MTWO_ITM_THROW_AIR_U	4032	0466af8cee7c4b0a995005daae0e7ef7c054135c69ccee056319ceaa2b90c7ba
3028	MTWO_ITM_THROW_AIR_D	3808	ab594eb56ad396f9bde232de5cf5b1bf3a0d9a50a76c5a1dcfc04125d54fa3e6
3029	MTWO_HEAVY_ITM_THROW	3264	5836d1c5f59b94e88d0c50a712a3fd5b639e56242649977f90806baac60aa9a6
3030	MTWO_ITM_NEUTRAL	3040	1c1b681d859d0f9a81cc1bd0c392de8af43c8c308a90da1976a108931991dd1d
3031	MTWO_ITM_TILT	11248	9cf68101249f21ce9661cf749dd3ce8c9325da56296d2ac20e670d2865494b2a
3032	MTWO_ITM_SMASH	6192	904c875bf3d087c4587742f978ffa21216c394d257fca354f6add8a660aaca79
3033	MTWO_ITM_DASH	12144	a7ff61d56a743833edb364d7f0f59cf998f4b0d47305ffb274738b3db10792e6
3034	MTWO_ITM_SHOOT	8240	1bbec5fc8a95c8d5f7b084f09ab580ffafa4c2f0c368b8607703c969cfc3dc4d
3035	MTWO_ITM_SHOOT_AIR	8032	42f692bbe0b79ea2be3c81e14440c1c98e84ab949fed13210ec6df11fe88f7f7
3036	MTWO_HAMMER_IDLE	4576	20b68fd767ffb006a03a462f920b99930ff5f3660d26903b1a209175ebaa65ce
3037	MTWO_HAMMER_MOVE	4576	15f622a02d0a076029ecf1aa2aebc08791681cd8e65067463e4126c4d7c732d5
3038	MTWO_SHIELD_ON	1536	6d4545cf3e72ba33fa61d2b223e0db3b61ffe0cd3692b3418c06f57b8cd80aa1
3039	MTWO_SHIELD_OFF	3696	2efa0400ce12e59810927c91286b52014d37f049729d5c765c3ba016d90c2be6
3040	MTWO_ROLL_F	2736	2fc60f6eea644a48ebba86a106e69dc4ecf0bf43dd115e312f57f5fcb198c28a
3041	MTWO_ROLL_B	2720	f226f2749d07f0e6633b1d99143a92073379a4eaae14cc3a864715d545696f69
3042	MTWO_STUN	2368	678cb2f1971f1de08083901342206df9ed9be141ffee25fd616aa54b01f3ea00
3043	MTWO_CATCH	4416	80ac373035127cf817f7087d10388c9d3bcdd16780b23ab23014e30856dc82e7
3044	MTWO_CATCH_PULL	736	8c0b5806e643622f9d45487558d1034ec0d05b92ab6480b125ceee1173976197
3045	MTWO_THROW_F	8256	8d2f1a9355b388b8b6f0fdf8f73d7a04ea2c45c60c8036fe16635c9d583bc782
3046	MTWO_THROW_B	13440	0b12e0ebc049892868c4963b645c10340b15a27bb87a86374fdab608bb7050b7
3047	MTWO_CAPTURE_PULLED	1248	c3849cf939358385d28f90c703a342a0fbc6edcfdc77e4ff7a286e137ee7e692
3048	MTWO_THROWN_DK_PULLED	1248	29f36f398100fee0963e33f4d1efffe4899f0f3d08cd8453e86f878e3d5fd8eb
3049	MTWO_THROWN_BROS	848	63147c93b25cc2d6640df5603d6fe145a4ee92892db106ec3abc95456a1473e3
3050	MTWO_THROWN_DK	2288	d0d537f8cd44664edc9b21d3693e8585e4cdf2f4862a602e5cff5febbfdaa3e7
3051	MTWO_THROWN_1	1408	00ab9fbe065d3ef8ea8ed17efd110a78f548f6ccd70498b5390146cdd1a76009
3052	MTWO_THROWN_2	1072	d8b1046416c52e9555b7b327e124e55e47fd8c3b5a651465f3947b15bad22238
3053	MTWO_TAUNT	6768	6f89f09e41d6cf007788cc4163570c53c2403393c460ac57204c61a6819f6879
3054	MTWO_JAB_1	3264	8ccca28b8ce06b56d7f1778521dcf2f6d8730f2b92be651372d2e2837c338e2e
3055	MTWO_JAB_2	1584	3c1b269963eec69b645f8b53b1548b9922704fd9ed477634fe7f3d1dac6ddd46
3056	MTWO_DASH_ATTACK	4848	718be61b436d98a5904a5d68acffba5ef33bce09a46a30b0e925731a2cba5dcd
3057	MTWO_FTILT_HIGH	8272	9f9c6774c4d441ea1e8a7e911597dc5fec7019fdf003e4994e10c26fe105e583
3058	MTWO_FTILT	8272	7efd19c223d884c3ccdaba6912547285169fd7c5d21ecc889ce3244dda8a70da
3059	MTWO_FTILT_LOW	8272	2ad13d41fd6d60750ea462029c5f5a53cb46d986a85672d9c2cb8c28c5cd2700
3060	MTWO_UTILT	9088	d8dd79522d4cf78b275f2a7acc3a96415c7d868be4f7c60ce72124b251c9bc33
3061	MTWO_DTILT	7152	1aa35852421ebea0ced147927cc88eeca2273d25db65c58ecab9e6f880abd587
3062	MTWO_FSMASH_HIGH	14752	cfd69909c577792425b834540a4d372a24aa7d4af44e2a842a3340d4ed404583
3063	MTWO_FSMASH	14720	db79fdca620cc47e2d8fa9ca03d895036855b853f65988a1aa3635f3b54932e6
3064	MTWO_FSMASH_LOW	14720	e314d09eacd9eb75940de310062ef6bc4ced0907f4ad530798a56b500a946a48
3065	MTWO_USMASH	10048	6699c096a9ca51544cb8e5f6a67c0573d482eb187c73681fc726ac3ecbe911d1
3066	MTWO_DSMASH	5216	d48dd0affff8654ae92bdb4dd97a922147db6b649c4ce123ed3c63a4ecafe4da
3067	MTWO_ATTACK_AIR_N	5616	a19262e2bbe745346cff238c029956d44e55e2c386d963da5e0e1c6537082110
3068	MTWO_ATTACK_AIR_F	11408	b639c94bb0e2de6243ba30f987ddcde59b00eb9577f683dcd4743f5cbbf9f30e
3069	MTWO_ATTACK_AIR_B	3968	ba2bf4729c54024fd5377d26535bf73a4aed5092a7b2aa2a544dea8caacffb1a
3070	MTWO_ATTACK_AIR_U	9664	ec1422c9129ec213c5cac05985da2eb377f9567476b9a814b28a10106b85036e
3071	MTWO_ATTACK_AIR_D	10736	b5f3b3d40ed8f8b9ffa9bfb9bef7d7acd81e2f53d0c56920512f95208f5ac71d
3072	MTWO_LANDING_AIR_F	6576	03439b3f7bdfc68c1a864021923826d9c21eca6954b9c460029c7e8a63e53314
3073	MTWO_LANDING_AIR_N	1408	34e4546050e352925157a065f20c08fc173b75c628f04478453c0f15b265b7c1
3074	MTWO_ENTRY_R	10016	44a132b079994bb4e75812f74ab4df5eb41f4927ca99eaab5baaf6fa9b631061
3075	MTWO_ENTRY_L	10016	482b558f10090ccde67baaae9aca40121780cf308ec65d9319226569ea831630
3076	MTWO_VICTORY_1	7616	a7511592dc5076cc3d8a81ead2b9fbbd90d653abb03fdbc1bd4d87fd8425fc82
3077	MTWO_VICTORY_2	27856	1e5aa137ee8e77a6457af3ab4ff23f784d71b944c8075c9f09b56bd231e06a5e
3078	MTWO_VICTORY_3	29200	eb816ab67843838c37d555d36ec304bc21bcbad012829bccd0af290bc8649efe
3079	MTWO_CLAP	2224	9a75dad8f89d3e11dc1f3b07d38a8aba53835a7f54a92de954e4c5d68a71e154
3080	MTWO_CONTINUE_FALL	2956	78b4031c16e7bda3d41d71f1d1efeffd1a3681f3c72ba16d8f2338c07b6a9d78
3081	MTWO_CONTINUE_UP	30140	dfb2421f819030ced47afb3f68ca7f3f65d64dc70dd4aa3df6e9c0a60201bead
3082	MTWO_POSE_1P	528	9e607118f45e0f4a148b18e50174e5fc781985ba7ca390d818c4137e60c7cd54
3083	MTWO_USPG_BEGIN	1680	f0e07c1ab5b3757b433168d3c32e0f6712ec595a72fe0d7aa8354a7c63222162
3084	MTWO_USPG_END	8080	327dcda174cf99ef7416019ff2baed0077f2333be752df82c58fbd1d5bd6aad2
3085	MTWO_USPA_BEGIN	1696	9208d2398d2e37ea475e429f19d2536e4eade57034d778073b3e0db1a318d124
3086	MTWO_USPA_END	2256	edcb16381ac8b45f828ccd7c926502af1b76a31421a7f4fbffb2d689f2984812
3087	MTWO_DSPG	5520	b1c9aa1f7217e2ddf8d73b5afd3e7d4f95ef812d9169302f43020d5e6ae8b5f5
3088	MTWO_DSPA	4688	a2fa00cdff9fabcb8d50ca7bb21d5822318154b2c3adc019185b6c89e7c9ac7d
3089	MTWO_NSPG_BEGIN	2256	ef981b0bb4a8682039d857c02286a0f1e174c716b301b0de258f02ab90bed880
3090	MTWO_NSPG_CHARGE	1600	c02054296ec5de9f80ec980f5e8a6d3ad35b7d3bebe366a51b5c81dd6e7f2629
3091	MTWO_NSPG_SHOOT	6592	dc9fdbcbb1707091a866838dc0d657401a013ed4323658a2b5ac11ff4d14314c
3092	MTWO_NSPA_BEGIN	4928	b9861561dbd004f3c4993b9c9688131136b2ef15db0df317ded7d7527b871d2f
3093	MTWO_NSPA_CHARGE	1392	d4587ca9e364c1391c3f7b8e6eb680847da13d9347e9dcaaac45cf7cf536a659
3094	MTWO_NSPA_SHOOT	6608	59f2ca93acf17c0d13333d0f3559af5cbbd423a1ce0bea78615d19ca11de85ef
3095	MTWO_JAB_2_LOOP	2608	c78801a746189d2a50e5a02bc63306b4a9222ded3d926ea285df094473be7baf
3096	MTWO_JAB_2_END	2352	4522a79a0aa79dc2eb6a047b4614119bca5399e3824cdfdcc9b19ddcc44a9ab0
3097	WOLF_1P_HMN	528	2491d0869ae85aea36e256e903169aac131ebd377e61c25e5372ad5e73e55d8e
3098	WOLF_1P_CPU	560	ad776207a8d8d11efeed34d935bfcadaafb56934680674759e3383abe48a9550
3099	REMIX_1P_KIRBY	80	9690d2ee79e239b3c8dcd3cad0512af8d3e078a04fdab5cf01b76fc94c7effe3
3100	KIRBY_WOLF_NSP_G	6000	f6bf851b12de26ccc0b33971fbcb1fd213407eb86b6315153beac7205b7a7e3b
3101	KIRBY_WOLF_NSP_A	8208	a0efed2091cfeaa66efd7a86da8011bffe8035f9e2c773ecb1fbacfd88751908
3102	CONKER_MAIN	2352	c7689371ba69c150177517e48653c9e679f25107f7a3f77b486098ac3addf7a0
3103	CONKER_CHARACTER	69872	173397aa3b6f8579353e277ab3023382fbc21762377c287f9c9f392894b5b5d5
3104	CONKER_NUT_PROJECTILE_HITBOX	64	a1b2138bfa48f7e4875d4e7de976b0ff9d82fb12c49387bea84f6539e5736f99
3105	CONKER_NUT_PROJECTILE_GRAPHIC	656	6dc51e17862f08bd87016ef1b61ea92ea44035853062c4c4b26789920ec303d3
3106	CONKER_SELECTED	28668	e9184ce3608d98a3e269017e83b0f47435802be30b05faefcc9df1459d6c4069
3107	CONKER_IDLE	8272	8df26ae577b458c294d0a1ca1100832d60184907a3b0830cac0edb80bd3d03bd
3108	CONKER_CROUCH	1440	c0a14b750b3c997a591a632073def55fdb245d74928a9b2d18671b40783c385a
3109	CONKER_CROUCH_IDLE	3216	5d04303dd666744ded62fbf48e8b95cef2cda3e5d9a392407cbca3bcd97d0078
3110	CONKER_CROUCH_END	1440	139ac6adb3e32747ac0aa59da5fd46f6ef72b1f5969854d65ecad09778c2d514
3111	CONKER_FALL	2080	2171fd0dd868fbd5f50621558c9e53425b1737be69b902b07b5cb4dab1b8eb6b
3112	CONKER_UTILT	7248	765d5a411a1e86089b80f59678adb84118ea942678f8709a500e2d11ff0b27db
3113	CONKER_DASH	2192	024e05491b53806edecf1b70fcbff8c08623ad84915b2714ecdd8aac6abe91e5
3114	CONKER_RUN	2944	cd152e3db957cbe44416c7ccb9b083e1a0887b45192e530c5df3a7ac2acd693f
3115	CONKER_RUN_BRAKE	1680	d5d563e4ace58fbb0e8be7123ed0b4f2d7307f48088c0888fd07d31b69bf1768
3116	CONKER_RUN_TURN	2144	b3651713803ea693afc96f92d3d7aae1cf06375b28de6fc610cf74f20f9ee2b7
3117	CONKER_USP_START_AIR	10800	f8738391a3776fffb150ff106c29b4e45f9fff8e22fd12a4f2141d2c1274075c
3118	CONKER_USP_LOOP_AIR	3760	698c69bcfdfd17ad42ff3b9c451b3c486ebed9173ece7b2089c047f354140125
3119	CONKER_SFALL	1952	72f40a66939e733bb1a9cff9e1f6dec08c6bfd36f77cc22c0fc640f251b3b730
3120	CONKER_FAIR	8608	a8ef76e1e96d44e7e916083127300c806ea864621ec04131304049454a06b35b
3121	CONKER_WEAPONS	1856	e710676fa35ed9a7e24d2e8cdd7f55e9caae8f13ca96223efbdfe13cb58add9e
3122	CONKER_DSP_GROUND	9888	f5ff7be477cb93afd8d94ceecaff3564553c39962afd68d83d40232033baa4a5
3123	CONKER_RAYGUN_GROUND	5040	1447fc4cbdfa7047faa34660e27fc1383918b984a7ad7835670f6aa8f9a03046
3124	CONKER_GRENADE_PROJECTILE_HITBOX	176	7e1dc6e9ee152c70d381314529f407f4d3216c1bc16dbf5668a3a7acec24c9ef
3125	CONKER_GRENADE_PROJECTILE_GRAPHIC	6672	681aafc4849ffe05f2056435abd2e9b7c15f2927944956bdf23f021dbb72931b
3126	CONKER_DSP_AIR	9920	4456436e3246971702abb67d34e9edfc9e0383b4ad300510446c3aaee3eef418
3127	CONKER_DSP_GROUND_FAIL	10208	aed8115c420b597b7a08b84f771b5607872f805c97534ca7ee9cd976fa72e101
3128	CONKER_DSP_AIR_FAIL	10304	f0322e678a90a0ed48905db4247df7ca18e06de9cb2054ff7435b02df528b4a8
3129	CONKER_ROLLF	6544	b351dbf2a8fe1261ce30f0bf89cb68747b87ae0e16053156495c4ac889aa50ce
3130	CONKER_ROLLB	5712	8be8ae983ec87e49b6b969e850fb86ea1cea1a37e1689c65cc27786de6d90595
3131	CONKER_JAB1	3872	944f0846498f26ad0960ff9f3de3e59e0618cf394074b66fade092b46c751e5b
3132	CONKER_JAB2	4304	7b862303bdbf07bd19b4f4e44d865d3d987dc38495141790f195ded6d5d4ed95
3133	CONKER_JAB_LOOP_START	2480	db819518f9a6899ab05fe8b75fd35e6caddbf135961029a5bde4a6870df073b8
3134	CONKER_JAB_LOOP	4704	9662d48de5316784d7c013b22b662a213dd6d8fd657748424974c10aed7082fe
3135	CONKER_JAB_LOOP_END	4368	5ec1f464bed96e9835b601f5378fbe7558edcfe8000fb028ab352f91b2c0d3b5
3136	CONKER_ITEM_NEUTRAL	4944	c9fdb50ca3a4fc2a40d03fce9d0a325c7c7deabdfc90eb37580d8f9e813cb2b4
3137	CONKER_ITEM_TILT	7728	6ec22abcba47f54012e895c89288a50c257a790cbdd9294ae1bf3fe837c39626
3138	CONKER_DAIR	9824	ea0443e5c06429b9b7e186b8ebf218ea1a371a3f21ceae347cf15ff398a11419
3139	CONKER_JUMPF	7616	b8fd8adfc2f43c585ddbc8c336cbaec191a3b99c9f5a0f4e2db8a9c294fa849a
3140	CONKER_JUMPB	7616	9d684529c7282bc53353aa34ee14e4fafa45271a7c7709ec3adcc8684d6ebf65
3141	CONKER_JUMPAF	7776	7e6bac0237010fa4a7d2431504d1e0f1418caef39c59cc70266aff7906544a6c
3142	CONKER_DASH_ATTACK	8400	1d72abf831a73503ae291fe3da039321f2c877148486143ff1b5cd3db4cf8a66
3143	CONKER_DSMASH	9584	775461d0500843ec2ae9ae7cd756956df68cb3fdba237bb5236498992babadd5
3144	CONKER_NAIR	9408	28585dba429da971be117c6f7c938362c88e4ad6b8120a838b3542f140e5fd29
3145	CONKER_UAIR	8160	b8f98ab87dfb4bbd5efb58c6af0b84ccf8fd809feeca3e9afa4e49b5ee0f3213
3146	CONKER_FSMASH	9936	4de952c92bc6548f243aa278ae079d14c5c3c3a85637c5eaf5099eee9fd356a1
3147	CONKER_FTILT_HIGH	6288	04af8a945ef8ec3c8fdff555c34629d365fc167789c6e675073dcd1e88ae0048
3148	CONKER_FTILT_MID	6288	ebc5c4cabcd3605ace9cf9f862b54bd421e7bf9d98eee90b18c65f5f23c29ea5
3149	CONKER_FTILT_LOW	6288	3126a158db517372493f77fe42628cc65551a667456a718a0018b76c8fb75bd4
3150	CONKER_USMASH	10128	af2f6e4c937e50c390b104ffa33c03916b05748e45bb12e9e95752b0723fe581
3151	CONKER_DTILT	3856	ca4acd1f0c523430c183896cefcdfc0d72b717ef277e22becd31492602153a1b
3152	CONKER_BAIR	8544	0833699837f618ae6b70d09508ae734f17695cb1d22d6b67c13d101b77f8659b
3153	CONKER_DOWNSTANDU	4864	bb0826876ff16929a38120e1a84b093b28428bd71d07862b0b4dbc77c54239e8
3154	CONKER_TECHF	9712	703eae30fac1ab9d278d161bf7978da0df6e3d0261d591704c05b224444e6441
3155	CONKER_TECHB	9504	e3e4ed5d54ab127e0868e6c84d55271f3e10d597d7988c7687feb05b14193af6
3156	CONKER_DOWNBOUNCEU	4672	d13f0cf2a6e7da93a9bc445a6f33858f48c8368df4360ccd45b57c41a49b8db9
3157	CONKER_CAPTURE_PULLED	944	004af1b7a146edd49b6604d13000371026da5d5e9280f7cf8e4507c0a1244288
3158	CONKER_DAMAGE_FLYHIGH	4624	99beb6fae7692c3f234adbe8fbc43bfc68e383285d1649c3cdc3fa6b646241bd
3159	CONKER_DAMAGE_FLYMID	5344	6ad41313ed8032a8f70e73de309445b4a8841c8067c6edc15fcf1a150d4b3c8e
3160	CONKER_DAMAGE_FLYLOW	4992	da601d560c664430d41fd4cde789c04431de7d03fd6971dc6d546f682821d8e4
3161	CONKER_GRAB	3296	1790798bc997aa45307fd37e274a3f71f45f800249896fa69dd77f8d0c4510fa
3162	CONKER_GRAB_PULL	880	456187d1235423062d70c7f47de3c14b5fe6dc1e8e722faaf99470e4297e5c68
3163	CONKER_THROWF	10416	e2797becbd15f9b2655ce8f53b4e1a3def7119c0339852a4ad6281f42521f7bf
3164	CONKER_THROWB	9936	19458ed9aab3f6041cee13ab7ee32408c17049c5d2a5e17a27db276dfa8c8dc1
3165	CONKER_WALK1	3536	f4b5b5b11d096bea37c1c3d05ee06a3a8f43a09a0d27c8fa441a45b925202b27
3166	CONKER_WALK2	3872	ea0f9c2bc86aff2f2d9c7cd0670be86182d307912e5382250db40df532ae03d8
3167	CONKER_WALK3	3056	429d33726e3f72b450d4c671852d6896dcd1d5cf73eb28c3221ffd054c911c44
3168	CONKER_NSPG_BEGIN	2432	001f21534835fa9b979f12967235141bb59ea545ed2ab99348e7599b48ad3d33
3169	CONKER_NSPG_WAIT	1904	e0ca3645045b8bb1f09a8b324dd2dd6e931bda4c8ecf4fc36133e3c69e20cffb
3170	CONKER_NSPG_END	6448	da94ea543a0b90d93dd04c96036862ee8248eb9ceb01b491a4e8672e2ab0f48b
3171	CONKER_NSPA_BEGIN	2112	b88d45175a7ad196982d3eaf633094adec8aa715483ece5a8c3abe1aba8c6530
3172	CONKER_NSPA_WAIT	1472	ef204b970abe0bc649ef381f1eefe0e83314359d9987caf0a1bed0452ac43772
3173	CONKER_NSPA_END	2800	bb0f4954f128c0aa4e69f28aece559060226952b32c221af6705458239751985
3174	CONKER_CLIFF_CATCH	1136	b44a6c07705a231e84360cdce4f1c348cabb1ab482b26fd85489e67c52429526
3175	CONKER_CLIFF_WAIT	12272	451905bae8623d716af43f2dfc0cdd8156292895c1c3f0ae2d109dce86db308f
3176	CONKER_CLIFF_QUICK	2432	ee71dd993445a5bd45e3ec704a69c2a2c26bbb426a8185ca200283a3cd6b7fe4
3177	CONKER_CLIFF_CLIMB_QUICK1	3424	bd615ad933e20505216810464451f081b5bb44428cb6eb135191e9a0e7b1f4f3
3178	CONKER_CLIFF_CLIMB_QUICK2	2416	964124706bf86eaf36432779322f0d9cea251e98c3f1ddd95869b4e462f2d95e
3179	CONKER_CLIFF_SLOW	4384	6ac1d99af45aab8be55f4b0d92baea70abefcc859af19d32ca8cdb11ccfdb659
3180	CONKER_CLIFF_CLIMB_SLOW1	6528	e78dd8a9a89f6b68808979bbe6153dff6f601467a7eb5a3aaa64d219ef65e8cd
3181	CONKER_CLIFF_CLIMB_SLOW2	3872	2e3136d8006fd031bf1ccec65d26a69fa4da16d792c76d3cfe7f793d43e424a3
3182	CONKER_CLIFF_ATTACK_QUICK1	3120	449dea22c98a686202f671fc0dfe2b6a246b75601a0303e2089839ceda5f9690
3183	CONKER_CLIFF_ATTACK_QUICK2	6688	d206ed3390efa671d67e769e612b850f5422e42191086d8cf37287e38008dd0c
3184	CONKER_CLIFF_ATTACK_SLOW1	4848	41ce21e02a78c2d1d4f36b1e33dea28e63415d742df80f829323451bf27104cb
3185	CONKER_CLIFF_ATTACK_SLOW2	5728	d3b4980a3bfed1bd1b6803f57ebddc7b987bdb31a169f098a3305b341b676dc8
3186	CONKER_CLIFF_ESCAPE_QUICK1	2368	f4522c871adfb945484cd4f068c0d5d11d9d3cababf0f30ef4f2849e627e2611
3187	CONKER_CLIFF_ESCAPE_QUICK2	3808	4d46d7a83805e655f56735be40d741caffc4fb6dc619b4a93f11b60f0d713c06
3188	CONKER_CLIFF_ESCAPE_SLOW1	6256	3fff08fa07132dd198a5b6cde7d678588ac4954b3d6cd34ad4980802e1a992ab
3189	CONKER_CLIFF_ESCAPE_SLOW2	9168	d3e9c7101b713014224cec6a55d58df1ee68a23663ef5c70822d15ca0305656a
3190	CONKER_JUMPSQUAT	2128	c742fc63dec91d95c0577cea45c339f8e7ee39b02c3a269e536559cc0131f19d
3191	CONKER_ITEM_THROWF	3456	88a01eb9eea99706f52c369d8418f44b3acbe700453f3e74cd2d84e612264c7e
3192	CONKER_ITEM_THROWU	3776	468f526b89e806919b9a2f67494880201815fa638bb2d639313f1397bcafb925
3193	CONKER_ITEM_THROWD	3632	5407618019cb004411dd9b855cb971723db992f5993fa33201bd1cad223c8b1c
3194	CONKER_1P	676	8a3c4449db6110c5195d3213afd6bef484a58087871d8056e5736cd4d4c43181
3195	CONKER_TAUNT	16672	6c87a29a4fc3da022de3133c65af676f05edf4f64d21f4a37ba475fa6257d26d
3196	CONKER_FALLAERIAL	1616	9e7a0a79d72ead97514e54516cd576567b38df3ae4c150d43ed026d206bc3867
3197	CONKER_JUMPAB	7696	32e6fda3e3f02a03cbabd8db386a4b982aef858e1e00e0954b954f11b1d3715d
3198	CONKER_CLAP	5360	5b1249ec96c2776af81e743693f99b67507458c1fefc8c47d0dce861165fb413
3199	CONKER_DOWNATTACKD	12640	22b99820ca931dc4963a70ded344c194258f3c519c8f62dc2f487a5b3c54b1da
3200	CONKER_VICTORY1	5212	62338ae7f50a770a971f12846638c824c3ff65953f05fe5ec58a88150777cd76
3201	CONKER_VICTORY2	25028	93c6fe1903ed0f933b57553465eea5ee0a0a306920779d739ceb9e39ca1f1b02
3202	CONKER_TURN	2592	3c88230ef52e8b94748427725d4bc293a1f2fae74ca3bc61bf56610af542ebcc
3203	CONKER_SHIELD_POSE	44536	79f86794861cd6d45fbe78498260a18bea93e4292bb9287917b0ef66871e16bf
3204	CONKER_PUPPET_FALL	9484	945c9fc2f60d7485804fd0feef30490681347952f65b80648bcdba235a14da83
3205	CONKER_PUPPET_UP	27060	79cfc89b1632f86d229a2467210076376d2be2562a712f6af22a8ae5463452c4
3206	CONKER_SHIELD_ON	1216	bee408d6c4a22a33406ce5d0c3a9b74a7af31cdce49d3ee530547cd44de25286
3207	CONKER_SHIELD_OFF	2608	09867f495848a4bf09bfbe8d9306c84003ea989f298e03ec50ddbfa8130cf87a
3208	GREGS_HAND	6520	8fac1d76bad48f30932772381e0898ca5980f12b3e4371e244118e58a6ae53aa
3209	CONKER_ENTRY	9024	487b1a70624f06af6aa87902586c6606fee5d1fb5915b924155a84d2ae0dbc98
3210	CONKER_SHIELD_DROP	5344	6d9ad16ff434ec68967d02f636a4c4b1031eae2ed52f6cec14ebcd07cdb9d19f
3211	BOWSER_1P_CPU	568	1d136b87a00aeae5c993549fd59b35b19ba9ccab606f69aba00afce5f9aab91b
3212	GND_1P_CPU	492	16a0c558b8773795f32d4aaa6b6c3d7ddb89168a1f644d28e3ab5d0a39c2e827
3213	VENOM_HEADER	304	838233af0887154ece3315ee7de3491cda1cf67d490f4fafbc5656d727a11044
3214	VENOM_STAGE	44024	c9339735803b045b60b5b8acd85b8bd3040c72b51876641c572fe529202bc03b
3215	VENOM_BG	158928	127d7f30e0d4e2535d68c66d6d95b2728bd728bc3382d1eed33279077dcb6b98
3216	WOLF_APPEAR	22864	a0b04bfc67ed2e9dd80ccd84c0145b7460af190e1b5ca9c223892a0c58008c55
3217	WOLF_ENTERPIPE	4048	832b4e6663b1352c76d6a661c61fc59090f461f9430473f7e2f34fba6dbbe672
3218	WOLF_EXITPIPE	5456	4c98441d52e09e234abbc9ea9545757fd07e4a44c041b209262d78b30b3219ae
3219	CONKER_FAIR_LANDING	2848	7c89c2b4d9edbb8f34985aea58540e5bc373f5df58f362d81c36cde06b928997
3220	CONKER_BAIR_LANDING	3280	fbbbbefa94e1f4804d39736f277ce564a2943e929535ca3953655f87f293651c
3221	WOLF_TARGET_HEADER	176	c1bef567d65f5433fe91aa85f2cdbeae34ff7e0af8fbdf3a600055c06a04f87e
3222	WOLF_TARGET_STAGE	14816	bbc470c3ded0394af514eb0d56dc5bf066ef10fe09c5c95c90a42367702c010a
3223	GND_TEAM_POSE	3816	faea5744e4d3c2f4adeeba49ad60f4662d2f326835dbe16d3a9b9ff8bdc5d3a2
3224	DRM_TEAM_POSE	2328	95c77732b95e31124a259f9239929dccea90b1bb0b895c630b9207a7c39bf2a8
3225	WOLF_PLATFORM_HEADER	176	15aade2a6e18ff2aa72f68d5723c9549abd28e250e4bede9b6474f38bc92046d
3226	WOLF_PLATFORM_STAGE	31696	f17c1a432fd29d9a3d3967c47d21d1de0e45062f49beb004b834981e0ceb0b81
3227	WOLF_SHIELD_POSE	29088	4d4dc7e17e3dd3a0b54118c4ecd545614ed6f657a087175cd5c0dba406e8057d
3228	CONKER_TARGET_HEADER	176	292084519cd42aa874f94783a98ef1d2cb58e3c39f889140c9aabaa29f20a0af
3229	CONKER_TARGET_STAGE	24464	c71e637ce6bd03a92f0f1c8f8e934eee3f4a32bc49c7581b741ad1dba93ee465
3230	WARIO_1P_CPU_POSE	428	7fb0d349f83d9861f9df6d04f5f1f6ef0aa3e11250aa136feeb70f08e5cfb5c7
3231	WARIO_TEAM_POSE	3028	3f1fe1e07c766ad01105c315f1fae1c751420dbb5665410ac17b96872f9206ca
3232	PIANO_1P_CPU_POSE	216	d1ca0ee2247550fa83a14191187ed3780fdb773d7b8c189172a0864fc47b4bed
3233	CONKER_1P_CPU_POSE	476	9bba0bef0b169f09992be47806d0b908dcd85421126954df183fc194db14fa06
3234	CONKER_TEAM_POSE	3272	c34b0522ff23653b0a9fe8c6128b752d5d458086db0903d8560911ab05ee70ac
3235	WOLF_TEAM_POSE	3028	3f1fe1e07c766ad01105c315f1fae1c751420dbb5665410ac17b96872f9206ca
3236	FALCO_1P_DUO_POSE	512	cd00fdede6ce2beb027bc173403ec45e2a6d0479c526c29de9c3aef76414f375
3237	BOWSER_TEAM_POSE	4656	84efe45c19fbe6aba0b0dbb2402b6c7d6d3a396cfba78070c0d229658dfc4189
3238	MTWO_1P_CPU_POSE	572	fd0c4d73d24bce1ef9b292b235b95f51f0e0ae71cc15159dd128f1657ce38c59
3239	MTWO_TEAM_POSE	3712	ae2fff2564d9d7b48c13c42928ab4735b26921c242c54144de2be887126cc905
3240	DSAMUS_1P_CPU_POSE	436	3a79396ba9ca43b9c33c71ebea3b53af87a683a2fb650d8d2834c2bb0f6aca78
3241	DSAMUS_1P_POSE	532	d946c4392f3e97cd43e632860c1fffea5149317dc2495699c9df1bc692fce13f
3242	LUCAS_1P_CPU_POSE	448	5c1675654a1f7adee5a33e9fac19666673d8bf6e1b3bb3c9fa51ab5ddff5f75d
3243	LUCAS_TEAM_POSE	2588	1b29573a2b4d350006dac4c6a5f228638a4818fbf7d2ff42b341e33993728215
3244	YLINK_1P_CPU_POSE	456	6a87d9091af7397d4decab2e631ab90728de8188bef48205a1e48e2a7bd3ebf0
3245	YLINK_TEAM_POSE	2212	c585b5bb80565ceda3f4fef310adf7996172395aaf1a85857175c747683a759a
3246	CONKER_PLATFORM_HEADER	176	816bb8440eef8017da9038ef7be9b14258cb1d3e29720bfa2d55327a05bb8fb9
3247	CONKER_PLATFORM_STAGE	36048	8c451cf03b9253b1f8489d14eb1c71bb4dceb21556b08765a35a18a1080f9fae
3248	DRM_1P_CPU_POSE	436	35aa009f1e171679665eaa599469f5f491cbf6aab96e638defd1c0cd3a28bdd4
3249	CONKER_ITEM_SWING_DASH	6208	2eb339109735f5194494a767c0bf58db2b94b80fd22788bb311cab4da6cfd0dc
3250	GBOWSER_1P_CPU	552	79e18cbc010b4b43c8f30afe32113eec8db6ac20386a6a0a4028d1176e9c507e
3251	CONKER_ITEM_SWING_SMASH	8224	b59397695b2bb5e199f11b520f5c4cf57213dfd8eb27b7d60213b325565c3aef
3252	WINDY_HEADER	224	0468ada2ba00acecd8df93ad8679d20a5127dad657d3a92625fb82f3273bc841
3253	WINDY_STAGE	70864	5d10deaa7344e4f7cf628dfc0565887afdc300255f12f86c699379bbb35f2d9c
3254	WINDY_BG	158928	306b0fafa101d62ff0134cb0b9d45f0ca96dd561899ced503191d8f9081b6149
3255	DATADYNE_HEADER	192	4f89e6a049bfafa2d79e7a3124706ab5f394f33d54c44662a374dcb9136c65ab
3256	DATADYNE_STAGE	25664	d0360d825e4ccf802cb618f92ff35f91c0159e0bf4ddc5fd0b941a7a130f5da4
3257	DATADYNE_BG	158928	28ad5174ef5e23d9320c16e7d0dcd99d035ae0830f021927f7bb3f8538085d48
3258	CLANCER_HEADER	224	5c64de5af1bacf5b8780e935a72d2ad70a90f7d2132e82f1526610b7d78d123e
3259	CLANCER_STAGE	51792	9ca873ab4118e0a215a21561b745c1e0a218b88d25777248373f2036250d5200
3260	CLANCER_BG	158928	2934fa442a0926a5ba87b9d2c9667c3e436a678fc623598cbb21794f9ac6020d
3261	KIRBY_CONKER_NSPG_BEGIN	3632	b65ad0cb781c69da013253b2865b46f5ff2f587c1a97a4482f6330c2a74c89b1
3262	KIRBY_CONKER_NSPG_WAIT	1760	b6988d84ea09332fdfe161fac5cbca227a86b98352db70fb7f8bdf0f894734d9
3263	KIRBY_CONKER_NSPG_END	4288	f2ad5fabae88ffedbb7e65bca56a09671c23a0516e3502dcf8cbe4c4d52c3a5b
3264	KIRBY_CONKER_NSPA_BEGIN	3952	01f33b0fa12f355e6da4e2fc78ba19da1909f57041a5d606fe0c0cbfec977ed1
3265	KIRBY_CONKER_NSPA_WAIT	1792	a44b9574729792abbbf6bdc1e6f0b3901328ef319208ea5b7607f3f08b2ea975
3266	KIRBY_CONKER_NSPA_END	5072	73f122d64dbb70fdbb974fe9311b607fdc30b3f4f465e7230715dec626de0032
3267	CONKER_STUN	1392	cb8807e3925f3871959cfeca562a632c6e7e1186a40d787dabfea31455ed1b3c
3268	JAPES_HEADER	304	71eb149ff5c66c2f4cd5f647b9093deab1f2094350dc36dd5a16e5be2177937b
3269	JAPES_STAGE	53104	9661ca2dfaceaf82c18333041a40577c85456ca5e2f5a201fb8f3dc649f49257
3270	MTWO_SBALL_PROJECTILE_HITBOX	64	92632dac6fd2a78121fec49f1bcf526009fae4135da2635b0c4f4df5d3dc1e86
3271	MTWO_SBALL_PROJECTILE_GRAPHIC	18128	e0346203f41970f64576aeac5ba11078322de0e6f50bbf154006abe0384a913e
3272	KLAPTRAP	6928	ce673a632af8f30e3bcb9e661318cadaea9367a7e026be9bf9137d3be5c804f1
3273	WARIO_NSP_RECOIL_G	1744	93c20994f2c6b494a4636b78a934dd70353bf82ee6c934a33b1988d0066415f8
3274	MARTH_MAIN	2160	ea4b5b63ee2f500d4ba21f1612e5731fcb8fd44865a2e2fa1b5e4f45a7faf7b0
3275	MARTH_CHARACTER	86528	c9f8f16ffc80c819e7cf92050d9f46ef7c5dc4e10f997d1a061cd331133f57f5
3276	MARTH_SHIELD	24912	66f7eb241002f721b2d3ca2bfdeebf3b8b4e2d1cbef19ddaba5cf5256f5fde3c
3277	MARTH_TUMBLE	3024	88602776d7f967a4a3cc6dca6960f99502262b744e9aeda8a049bbc2d678e408
3278	MARTH_IDLE	2736	e1228be37558cca9417db9b24aec838cdf5365522f8d1548d58646a9e1f91bca
3279	MARTH_DOWN_BOUNCE_D	3760	b83e224b1fdd25d3b55d9c9ea2560898c66359db4bd2dff98b6d6e848434126b
3280	MARTH_DOWN_STAND_D	3408	2dfc7f1b6fa97add70bf1a65b02b1c308c9c4cb0be0246904ade1f1981f71393
3281	MARTH_WALK_1	2528	f2b1f9922efe166bb60b42c6e9f1b044b816e71559a3653cd70519780119c28a
3282	MARTH_WALK_2	2720	301dd25d05844da2b008d430c5138d0be773a4681ea6496913a3a3a8898a2306
3283	MARTH_WALK_3	3408	4e2284625d002e8f046d69963df33e0e5e4ba28ef5bac7f7b61416aa8d54ac03
3284	MARTH_WALK_END	1904	fd584bd63317fdf2c0e1ef360b3f203c3236f9ffdee6cdca7d0ef4003150d027
3285	MARTH_DASH	6960	f75a247a0d5cb54141ead2d17abba046bcf0f1b16f19c57f94ca13cb33068f42
3286	MARTH_RUN	3312	cc68f94a4aa31a26e6a2ecc2a537a21f2b79ccf4d111152cc461797609d30a03
3287	MARTH_RUN_BRAKE	2944	efbc18271fc8c287b33926a6559e8e3a885d7c14ae8326a5dc1f6ae0f2cdfcb4
3288	MARTH_TURN	2656	4b0a37332d1cb9d758d12d10951db4cb8ae224fae1bf83c72903751c547bb1d6
3289	MARTH_TURN_RUN	3040	5b00c1f0f893518f238ac666d20ecbbdd5078a3f4a0915c73029e89637e57927
3290	MARTH_LANDING	2128	cba2e33abb10b74285f011ef91483b94269d8d16567de49f94e79b5da6ae94a8
3291	MARTH_JUMP_F	2576	9cd4f1769f664d9e78a6aca08d1082714fc290addda68483de7253b574b4a84d
3292	MARTH_JUMP_B	2720	267dc4cf84525307f19fc81874bf2c7aa0727f93d27ceb1e06055c4221136a42
3293	MARTH_JUMP_AERIAL_F	5232	3aea758f6f7bfa5438b47a98b22e44e5c4e39d13c015b665370311a22e7d639d
3294	MARTH_JUMP_AERIAL_B	4816	0fa662841e4bdab27ed84dfcc8194d2e5b216cae2ac55f8ae9528260aaf83568
3295	MARTH_FALL	4368	75b185013f44874cc9751dd573be0b1c3e08abeac6e946752bd18e49d32e8409
3296	MARTH_FALL_AERIAL	4160	a9cf00e7033ae66bce5774e6375bbc710e3229f156fbaecf04fd7048ecf94181
3297	MARTH_CROUCH	1456	2c7d9f0337e908b2bb555d74aa0983daa2754a925a448b59dc265374e3d5d456
3298	MARTH_CROUCH_IDLE	1920	b3d6bfa5f95b1059e874c7ef5b3446d833962d31316e12888594051853b2b10d
3299	MARTH_CROUCH_END	1472	975a0f0019e97955a5e0ddb39e988b82757019a8af3c875832b4a0350a6dbf59
3300	MARTH_PASS	3952	217f49ec4325b59a2760d3a8cc46cc4fb082984cdec37b39f47170df28fd99fc
3301	MARTH_TEETER	14080	b029e90ef37747fda12f7c87fafb187a0cbfd651f53bcdacde31067ec5e352f9
3302	MARTH_TEETER_START	1600	95a701c04a8a14e0eddc29c1b95e3d4d0c273a896d360fd466b3be758ab40eb6
3303	MARTH_DAMAGE_HIGH_1	2496	d4407db2b56fa717845f2f42116473b13b38658de66a6a793efcb6181a69e0ef
3304	MARTH_DAMAGE_HIGH_2	3344	5b5bbb5782dbc371273aa1823137c9b4706201596cb285e758f5e4d89bf167e7
3305	MARTH_DAMAGE_HIGH_3	3744	635b3280923e7e7bdc9adf9fbe039e7cbc7e70b2752191aaf8197f07d38e36ac
3306	MARTH_DAMAGE_MID_1	2256	8acddf22e5f1c2adb5c7f4b8a860b1dd19f824841706e2a50f8ebdaebb83a7fb
3307	MARTH_DAMAGE_MID_2	3120	f0ab3e0d9371a60cc0631a0520d53b272a2d897dba9e41e5d1a5d179e1e32aef
3308	MARTH_DAMAGE_MID_3	3568	93b78204b1ef2cded186d89a9df3fed5e08d01a4498167dd26574c5a592063fc
3309	MARTH_DAMAGE_LOW_1	2512	ed865d693ff25acec988137cdbf785f7da757932df9ae212b1a311d4cf442397
3310	MARTH_DAMAGE_LOW_2	3472	d188855ba6d2af2c021c294ab8bd0d3ec67e275e30afd9159e5184231c90e37c
3311	MARTH_DAMAGE_LOW_3	3488	ebea671668ea68f03c86ba0592b9e414c380cbf68a9131e8c54f7baa616f33f4
3312	MARTH_DAMAGE_AIR_1	2480	4f619f144b2f1d3c808b91147960426b8e7a976051f2d311973d53953ae1e503
3313	MARTH_DAMAGE_AIR_2	2784	54f18382850e8ee50c8f343ca93e12e3b3f818fb57a8aec179ecb81ca041c673
3314	MARTH_DAMAGE_AIR_3	3536	66b58f4304c3b8586e15aafa4d2ef733f7db0965c819b694d49f7a4ea4d8d87f
3315	MARTH_DAMAGE_ELEC	608	249da83f87762d007cbf7049143044c0b5116485300860f904c2a9e3f589ed22
3316	MARTH_DAMAGE_FLY_HIGH	2992	e92c6bf5b0be1c2ab38d7abf29ec31aac3cc5f4da7960ff15e78414f2b5382fa
3317	MARTH_DAMAGE_FLY_MID	2784	a5216ff729f6d30cf9dc523f6ac6a3b99b01a4defb25a7e59454a5a19708183e
3318	MARTH_DAMAGE_FLY_LOW	6704	0e0fe980256f28227ecacdff14830cc8ba2de98e3b660f9d2683a58a8177527c
3319	MARTH_DAMAGE_FLY_TOP	13776	f970f24986105f5c287d210bf7e3037d60467d893e554181f5a76f408933d0e8
3320	MARTH_DAMAGE_FLY_ROLL	2336	3954918d445836bcfcca8dbd6c610af6f995558e4b26b55fb0fc48e8c0120b92
3321	MARTH_FALL_SPECIAL	2288	e0833283cd84f0dd9f1a9e427da28df5304de908db64adc9dacbdbfaca8557da
3322	MARTH_ENTER_PIPE	2720	3598a519165ee32c2956d0e0ad6e85de307fabe75d34d5cfbad2985e72a37e7c
3323	MARTH_EXIT_PIPE	2768	0ebcbcc5c62e6081d532f7024929646f05389175c32eddcbe84ab9e897a74618
3324	MARTH_EXIT_PIPE_WALK	3008	c098cd8b9af3973c5e0831691652f9cbe30236f82d8d556ff573bda233489f40
3325	MARTH_CEILING_BONK	2304	e33cdd88f59b8e96d790bc709f3297247f2d5960cee4ccc28bece8b8f5f6c6ef
3326	MARTH_DOWN_BOUNCE_U	4048	b0c1b2d44ce087c24b25494fc0782f319ac7a471d96b8fce3c5a29a68fc5b819
3327	MARTH_DOWN_STAND_U	3312	d1859ecdcc7826e48604d4d5abbb8d63964498b7534cc439a0cf181f4b92f87b
3328	MARTH_TECH_F	9488	c82a6376c71d41d5aba675c720282e6f20a01a8dacd8bae77e636e5354813347
3329	MARTH_TECH_B	9344	88277e0eb818175302895e8beb233625735bb6e1f0b5385eac02f35ed39243d5
3330	MARTH_DOWN_FORWARD_D	8960	9a4c7111318a4f72b6e9f1fd9e982d7ee74110d96d052a3e28ba13792a59128e
3331	MARTH_DOWN_FORWARD_U	8992	f0293738e96829bb5b1aa90517b547193c224fd0ff5ffee69a80a0f618c0875d
3332	MARTH_DOWN_BACK_D	9024	5148ab1129009e0bdc79755d8a618cd87051e7faad92369a039c2abbe6296b74
3333	MARTH_DOWN_BACK_U	8912	d6a65b8afddf61b6ab47e134f3d5ead61f0cbd35a13c1ba657467f07f288d4ec
3334	MARTH_DOWN_ATTACK_D	11968	e135a1999cad243c4e8aba03b5b626f33978bf70b3446d5a28a3618d10d6e10c
3335	MARTH_DOWN_ATTACK_U	11936	1f1f275af060a71ab6a9ee4923d0ab1ed25fe8ba42cfc1276406110585ecb081
3336	MARTH_TECH	6112	e07f8f7a09f709ab643c0d8da9cb603790575a648576443a190720fbabf12a6e
3337	MARTH_UNKNOWN_053	1552	6568ece9dc24f9b480e220f55751f1aaeb1673b25c8ff131a347c27a68e58a67
3338	MARTH_CLIFF_CATCH	1152	b89ec4901bb3f3b3c62c62992a1dc999bd7be4355d95305f69081364cebb9ddf
3339	MARTH_CLIFF_WAIT	4848	7353cb8e390123962f3d02c17f4ffa4d90e0d8b3521cccaa19f38c783325db92
3340	MARTH_CLIFF_QUICK	1888	9160e683d7bb2bcb2bd7bef91339d93fa070dd9703c9c4b526e1d61baa8d21b0
3341	MARTH_CLIFF_CLIMB_QUICK_1	1760	01e490357405c375651140d519653b825a769a4778e3df2c8d7ebae2ae43cc7b
3342	MARTH_CLIFF_CLIMB_QUICK_2	2240	5b16cfb9d267188c80abedaeaca6ac714d5733fca5e4c439e7a5e97d5c78c79f
3343	MARTH_CLIFF_SLOW	3072	82cb9add46900969b2b60e09763194235c7e750d67c946283c80d68c0eec91a6
3344	MARTH_CLIFF_CLIMB_SLOW_1	1872	fdc13e507d2853acd0da39c221e13c5ade9ec75dd7ab2c85d36db3fc59bec233
3345	MARTH_CLIFF_CLIMB_SLOW_2	2880	9d8e3a5a8e327ced6535a6b8723241f4986c0e9404f7669d028ff7ab0cf6816e
3346	MARTH_CLIFF_ATTACK_QUICK_1	1488	fd79e982e4f862d9f5e82f7b230f9bbcd64ed75be3cecb125a837302ea06522c
3347	MARTH_CLIFF_ATTACK_QUICK_2	9136	27e356c078aba04afe424eac2621af1a9845847f92f46d03a4289b106cee49fd
3348	MARTH_CLIFF_ATTACK_SLOW_1	1920	8dc98cab5b69db12093f105efd97c148d26eb569eb4193e765ec18220861b842
3349	MARTH_CLIFF_ATTACK_SLOW_2	11344	fcb26926489dff0c035b2335e24ce155dccdf2323cd346dda83f727e60677ce0
3350	MARTH_CLIFF_ESCAPE_QUICK_1	1920	e78a94995c24b1bf0a06c5bb54bda4519c66f5deb0290682466341b949ab1575
3351	MARTH_CLIFF_ESCAPE_QUICK_2	4288	4a8a0a3fe458497c09bee728c73701bc1476fd8ebaefcb75b11433b230be8a32
3352	MARTH_CLIFF_ESCAPE_SLOW_1	3616	89aea41a6ad3b4ae4329bf447acad47753abc994e39411375886675b5db40dfc
3353	MARTH_CLIFF_ESCAPE_SLOW_2	5744	c8912d2d5ad365be6bc81953717ab9609618d50cc29d88f528a1b03f52370a3a
3354	MARTH_LIGHT_ITEM_PICKUP	1728	a2b61025c421dccc82cc67d77164f561e421a2506d7c6df48d9fe0eab6becece
3355	MARTH_HEAVY_ITEM_PICKUP	10384	77d886e539fd5e90369cc7310acacc3ca8baa9ac3982fd37b281d920751fd5f8
3356	MARTH_ITEM_DROP	3024	21434d239eb14d703d4c8acf83d9cf6f6cd2614714bcfb0a950de87df3ba3440
3357	MARTH_ITEM_THROW_DASH	5024	c4836c0e06dd5f3bdc3277ec2398a043a44c7829ee1fbceb114e71e79b9268f2
3358	MARTH_ITEM_THROW	3760	0e66c37766f1931a60ebeb1260a00274879c68facdfcf6ab5c81b70955a34b76
3359	MARTH_ITEM_THROW_U	4192	d044479db4f27d6615fcda8c20acf28cf27797ca3a76d2063ff11e2ef146f3a3
3360	MARTH_ITEM_THROW_D	3424	f2eaa557ce266cb74c0a15ba94ef3298e91787665965939c16e206933ba47b26
3361	MARTH_ITEM_THROW_AIR	3568	9065fa75d37fed9c82c74200512c757552050d570848a0e7f40cdf34fb3485c8
3362	MARTH_ITEM_THROW_AIR_U	3984	fff3eb4afb6aa160ad4dead01a0a20642c6def2e0c36331f128d216e715d6b59
3363	MARTH_ITEM_THROW_AIR_D	3888	931fe62fbdf8d5ba27e05ee02f53ed61c1c8d7f62866cdc5f463df9ff4fa894a
3364	MARTH_HEAVY_ITEM_THROW	10032	066b85ac7d582b581018d98f5415b4f351bcb016906c9d668882b080966a5bc9
3365	MARTH_ITEM_NEUTRAL	3344	0e129383975903a2d835a4c4cd853bc4301eafd14f8182fdbb4d550b6a2e677a
3366	MARTH_ITEM_TILT	5552	47b735e87c207d0cee48da6207cf9e40c79033b61fccc6da316d1dcbda0ef5b0
3367	MARTH_ITEM_SMASH	5728	59c3b1680365ae4f763d9640f3ef927efb74bd8b663033d5b5ec2ba6a917ba3b
3368	MARTH_ITEM_DASH_ATTACK	11168	3237c7bea6b3e3b0ff491e94dd13aacf2f9c98c8bbe487b512a7c5b2745136e5
3369	MARTH_ITEM_SHOOT	3440	9614dd754952c618005c88f8ecab837e92a2ce2be7b7f586b27c5769c6cbf125
3370	MARTH_ITEM_SHOOT_AIR	2992	4971019e1127aee3db8333d04b66c0322148dccd9fd8f01da9c558910fc47840
3371	MARTH_HAMMER_IDLE	2464	b0aabbfb5cc0baa082feae75d5d821a3a43caf639a3452eeee0ce83cace06192
3372	MARTH_HAMMER_MOVE	2560	21f74e467338f98639ebd91e2b0edd6c048fdff26ccc814f4d4a72361b8e6863
3373	MARTH_SHIELD_ON	1536	46990d4837965af66cd34ec4df2090384c19caff4e90074a2b1d4a9263ea5f76
3374	MARTH_SHIELD_OFF	3504	eb999ea9871f5b51d369ce982774393b2925eab8100884997df024a716190b75
3375	MARTH_ROLL_F	8672	02f8e91c0f92db7258752949685b82baed1d825f310f13e435b1ececcdf74eee
3376	MARTH_ROLL_B	8912	c52485b073a6f0b1256bbbaecea20bc7eccaf206b6d2fb84b570ed241233c098
3377	MARTH_STUN	1600	209e8cca2796abf6e6663e959a55686fac551ff61ea9d2d3e7b5c41f05381fae
3378	MARTH_GRAB	2640	59a2e84a21c86e49b72bc166de6ac46991093603fea3ee9934a50de5b0d0e049
3379	MARTH_GRAB_PULL	1008	1f756cad38a9a460126073fa3f13fb121147bcba7b4567a7e9b0b5900df68032
3380	MARTH_THROW_F	7184	d526a29b5e7407487d1bef03bd0f95a92347dc0855b133ea7d71eaea8349d906
3381	MARTH_THROW_B	4896	28161e12346c8ec8e34a59a336b017a4e5af13d402af5ea06450e8e945fc9516
3382	MARTH_CAPTURE_PULLED	1056	fbab88b18acbc00f5c6fbd738f2ae57d8df0361f65514f0b05d7792fe4cc8b49
3383	MARTH_THROWN_DK_PULLED	1984	f18e1ed7bfeed38e4652a7b7fb2801558c7ba86c9d39ebaf38de287b0fb2f63f
3384	MARTH_THROWN_MARIO_BROS	736	df807c8bc6d2a9343b2e1bc87a6e149d5e3619d562b4f73f25a0f8d8c49d6bdb
3385	MARTH_THROWN_DK	4048	118e5e3d6eece604aec2a49e3d1b6a60d7358a9444071b9b36c07e5991a430a3
3386	MARTH_THROWN_1	2336	6fe27990d9f8aaf6415a49cb9bdb7d5b9654e3ee767716b946ad0300cde21278
3387	MARTH_THROWN_2	2320	fa3db8516f40c36d345702d92f70cf598f615292b8f6f1fccf63f4e7b85ff4c6
3388	MARTH_TAUNT	8352	b2dc1f35d5286288df06f77afcdd23a3be1e3e0ef80131213bbdc803d3b6aac1
3389	MARTH_JAB_1	5680	bdac350ef4b47521a705e96d3b905822030fc06b2d4595b2759119b8871dbfb5
3390	MARTH_JAB_2	5264	b4d42e60377f60db79080aae236787e3c5630c585dd203189c178cce8d455930
3391	MARTH_DASH_ATTACK	11504	978d3de46d340abeb2575503fc460aa22e6b8263dd7bf18aa47eb8109af4fef7
3392	MARTH_F_TILT	5376	8f4a8bc62f618bf3e7c30e820536f5150a79312150d4df3e8ae717112a8a5f83
3393	MARTH_U_TILT	5552	7ac975d3bed70ed4f5357b2a78fc3b740e8ca8b128ccda3462448909b7b3ad07
3394	MARTH_D_TILT	3984	7776f5f286f1400b535f1d2c0a393af45fcdcab26f499d04a41d2f302e261bc3
3395	MARTH_F_SMASH	8656	ef5c4b8d17a542b353491425baedd653bff72bd73b47d9e2124182192031740f
3396	MARTH_U_SMASH	6848	49e9f387e0c52d01259507acac8f1d0219c31085c4812ca8bf81e3216f830a5e
3397	MARTH_D_SMASH	8832	315032ca7240c8c1488b96a8a681e23e7335bb368e45ec437104c6f13f4d64ad
3398	MARTH_ATTACK_AIR_N	6736	7ebe64fa65b5f0a52ba1fca3bb0b6156c8917053c52d8047e52f0b73c689ff58
3399	MARTH_ATTACK_AIR_F	4416	e75b6b2a13cee9b16b155c5190ef01dfe5b979c10eed4cc60cf02dc136342546
3400	MARTH_ATTACK_AIR_B	4768	eff8dc3053224db68cf5cd72ac56e18f2c1f9fb94d945087296c7acf749c6b3f
3401	MARTH_ATTACK_AIR_U	5072	be546d0454eea009a153ded44669395566aeae09427f7a4a583862b521b4a172
3402	MARTH_ATTACK_AIR_D	6544	3f378c48658c836da46a0eecb1687b7eb350193ea018a3a44ff0fc15aeb9d265
3403	MARTH_LANDING_AIR_F	3280	f658e2c9213de758c785c17fc7046b1cb3bb3faf51c101ffe5f2c82e7e1daec8
3404	MARTH_LANDING_AIR_B	3664	9d31f9f656c9d627320c896cf6c8425f3510f94c0890dc54d8a36f24406c1cb0
3405	MARTH_ENTRY	6336	1fded6ebb8b3a15f3e1a883e48f264776036612d048729a0e974a1fb5d60e7a7
3406	MARTH_MENU_IDLE	2768	e635db51ce4626b8d520f88628026e9fc2d2c5717a7ad63ebf223f778507d82e
3407	MARTH_USP_AIR	6048	3454f22709c719030539f9c1019392771fdd4df8fea413409fe7cb82a38ba067
3408	MARTH_USP_GROUND	6096	ace837c3da20692ff36610248afb060926e9fdd5494107a870e664b1b003d4d3
3409	MARTH_NSPG_1	4928	1fef34dc384d523841e23cee95a3c838eb2911e3efc355545060fccfdb4e3b82
3410	MARTH_NSPG_2_HI	4624	f5ad86cdb8ac5d727a5d7059e067eea940045bc6c6a67b1df5d14555d7667bcb
3411	MARTH_NSPG_2	4672	e5cc708ae1f5efffce164de1fc926c020e2690d2873aa2ef10c58af54d033540
3412	MARTH_NSPG_2_LO	8624	414c2533460db9ec72267361681634ebb2ff647621fb1ffaf2eb1a3fbe21e520
3413	MARTH_NSPG_3_HI	7360	8633676fdaef59d05b78d5587226102a01814c9bba12fa3307c722ce9b9224ae
3414	MARTH_NSPG_3	6320	0316fd96c838d9ca182080f205097109a66f505dd54ed313d2ceea5d474f27ae
3415	MARTH_NSPG_3_LO	7904	55a93d3136788af9e359b722c5e151c11616a4c1fa19764a6e79fc01f29bf902
3416	MARTH_NSPA_1	4400	c0857de28f277ccc4d1ee8300fb73a3a6ecf2d8f6b33c8f442bdd119730addd6
3417	MARTH_NSPA_2_HI	4672	449721b581b3b1ebcb75ca6c99b7cadae21fcafbcdfa0855ff76587c379dc734
3418	MARTH_NSPA_2	4992	31f40d12527e7dd31cb7938e655337595f2fa2a517174743782ae6550a7bae34
3419	MARTH_NSPA_2_LO	5808	5119733dfe9b5cacdac956c9f74a3e27d4915339e377bed1695d7a5f7e321d26
3420	MARTH_NSPA_3_HI	10960	82bc76d183a65b519f72d5d8b33f4a6137b34878bba01bd0c10f676043bc8988
3421	MARTH_NSPA_3	5632	47ebccfe4ff63578ca94a37cd27917915267413f66e80295c34a73b7776a2bb3
3422	MARTH_NSPA_3_LO	6832	8f99e630034fa28196581701a1e1f707eb3ef148d0d5b0b6a7877b5c237dad3f
3423	MARTH_VICTORY_1	13200	153c1c0db85dbf9dc106d96cb093a70ab6f5fed11d54a637cd12191c98b6245c
3424	MARTH_VICTORY_2	13424	eb4d367ba1e808aea182871d91da205fb04205e9f719347263ccc02498211b87
3425	MARTH_VICTORY_3	12656	a59eda94381c5119425116051096920772004b6805e28adb7192ce32aa5a2ca1
3426	MARTH_CLAP	5824	b6a45399b24672f862c5c7ac8b26b88c534b5b25a4e2469db987d72e4425ed72
3427	MARTH_GAME_OVER	1400	8c5aaa971e2d2c9569ce5b7b5660efe4fe4a7b1ae219f542d3d3ee3786510659
3428	MARTH_GAME_CONTINUE	8512	9fe5ac3c70efa7c45ddb91139009e616a93c65e40d9a9ab287fd8a6b969ef50f
3429	MARTH_POSE_1P	560	edd3b294cf73e3857916228ebc27224c42defbfcbaff049840b85aa64a84ca5a
3430	KIRBY_MTWO_NSPG_BEGIN	544	257e13c02cd6599768deca8aa1899f9a0884a648208243da9408a5888ca1c232
3431	KIRBY_MTWO_NSPG_CHARGE	576	10fe49ea11fa91515a9b6b272b556b64401eefa0525fb7fc6198893cc8ad48e4
3432	KIRBY_MTWO_NSPG_SHOOT	848	3bbd34afed0cc68ad09745d61c32ac6a892f15e7fc2275b56e3b984485ca4288
3433	KIRBY_MTWO_NSPA_BEGIN	688	3a2158267f0b48f17a047ee5be079a77e89eff2ef7d9ad2870fcbce6b0f04053
3434	KIRBY_MTWO_NSPA_CHARGE	560	23b7f7ef24a74d34a52469c639a563e6a7e067edde4b63bd2d27abf1173ef8bf
3435	KIRBY_MTWO_NSPA_SHOOT	976	d4de958dcb6be00d65d729aac39fb23ac45637c4a908519511ade70ccbf3b7fc
3436	MTWO_USMASH_GRAPHIC	8808	7bc2530b5a5446801bbdc86ba1cd14e6c0f988b6de92015a53c0a8f41e6e6edd
3437	KIRBY_MARTH_SWORD	3000	6423006b3db89aa6268d17a4ea0f9b4aa8a8a60302b914778cb2351b18a57c91
3438	STG_MARTHTARGET_HEADER	176	da656d8ab5558ebf5e84dee9d6000b8b450f8cd41743dc9e1888838b72c2df08
3439	STG_MARTHTARGET	13584	cbe2483567ba575735df1e5201bd229137f3bf2df03783104ba003d523ccc8c2
3440	MARTH_COUNTER_G	5568	17a53e8631cbc0e896812c981953406c9885800e0ed097813918597bac351c87
3441	MARTH_COUNTER_ATK_G	8048	e1707842db76ef7e4340b6ecd2617dcc66b930f2afb18eeac3184255bf1ec2a3
3442	MARTH_COUNTER_A	5248	c2af6364c2607b458660d033b7c537bff0cd6077bacf655ed5e8c44ca0847001
3443	MARTH_COUNTER_ATK_A	8160	2d1bbb0938dd175e9a0736807505da148086a347661cc56f0ee69e0632d9eed0
3444	GBLAND_HEADER	224	d2ac912fbf1952b897a513f197101b8e7cac09b1245d55771e396af7280bb029
3445	GBLAND_STAGE	136352	b8c2c4d67495fe2df327741953404852789d93277b48a102366d91d44d37d593
3446	STG_MTWOTARGET_HEADER	176	daa45b0101630f3e555db2168ef6c82e133b954b9d80f91d5ac7e8b158a84c33
3447	STG_MTWOTARGET	19952	0621bc50d8daa621ea82c5b6363ca6e710dde1f3d514a49588209f86873307a9
3448	STG_MARTHPLATFORM_HEADER	176	a8471a8667e10c3265e1a4b2f2f8af6e7e07945869baf36f38b0d004407c6f92
3449	STG_MARTHPLATFORM	23648	b16ba920a30e1a396040de3a594905ac2ba458991fa0d0f2aec7659936086f38
3450	STG_REST_HEADER	240	2e3a65c2ddbdc845882bdf7e3102f0bdec8b7b39195fc2647cc679b32fcf3396
3451	STG_REST	27104	bc9f2100ad93baaea77e8734e4bffa37a1491a1d3fa8046f08b2b08128c1014b
3452	STG_REST_BG	158928	23e97c4fc75016c994661315b15e606679d937d438c15cb8fd82676f44a95a53
3453	STG_MTWOPLATFORM_HEADER	272	0b103e1192308d5ee1d37d980189db5df10f4a93762c1153ae722dad1ede6623
3454	STG_MTWOPLATFORM	28432	23780422b3da0756a28c1793d4e083fe124800694ddd4f57be33429168aeb834
3455	STG_CSIEGE_HEADER	224	bea38ba1422f2a3d1f03137d01ba92175fa97b6731b01685cc7eb9f5a28af182
3456	STG_CSIEGE	41504	183596c464bdb4d4028007ef2d8814a67084ff9b52d64273558ac5550a981216
3457	STG_CSIEGE_BG	158928	83b9d6a11bc57f7792aff7ede4ee588cce2ba48fcb670120e6f61bccd0cb5606
3458	STG_YOSHI_ISLAND_II_HEADER	192	7bfb5462c7a8caa0980a58e6dce4d748a2da9f874dacc5ce469c851f93b94c96
3459	STG_YOSHI_ISLAND_II	77632	d80ac25fd9c316659dbf053c29ef5f3130dcec974937844a9d46919126220034
3460	STG_YOSHI_ISLAND_II_BG	158928	54402e28e07d693528e6266a26fb91eb425fd20211ebb82f0eaabd4f87ee9261
3461	STG_FINAL_DESTINATION_DL_HEADER	224	b1080fac0f72c564ab73afca0d5804ddd5caadd35c4e8384dd422c5d165a51f8
3462	STG_FINAL_DESTINATION_DL	29168	e030c1406b31a3a82dc0b8ca439cb4a7392a388edd3e678fc09406a88190a545
3463	STG_FINAL_DESTINATION_TENT_HEADER	224	e7cf6cde2112445aabc4515e829bb60d18f5ac2df09b17d69050b6eef6d5b694
3464	STG_FINAL_DESTINATION_TENT	31136	a9d0d37fc3b3fa293dc691c9454b36627b881b075de6d83ef0f56e9a45011464
3465	STG_COOLCOOL_REMIX_HEADER	224	7aca6e7729f33e09ab979dcb3e4a3b20a55053d57badec395e45514ddb60bc02
3466	STG_COOLCOOL_REMIX	25296	72235c8b94dd43361d8176563d31e62f23dedca0e673d10a28fba70635222872
3467	STOCK_ICONS	10024	4e5c5e14480e02d8950a1f22c6e9508893cadd95ba330f0e4907ff0d541493e1
3468	STG_DUEL_ZONE_DL_HEADER	224	e5340f7d4b515f845afe5447d09eb7addc9ec39ef21c0aafd2044a50169ea728
3469	STG_DUEL_ZONE_DL	21504	b398a39fb1ce957c58c0b4355e2acbc33019e3fdedafc60dcfa4ae8f50a522e0
3470	STG_COOLCOOL_DL_HEADER	224	92bd33b8c89cefb25ef66820ba4d7b2e7465d0d10acec6ce381593d5bf1ba1b2
3471	STG_COOLCOOL_DL	19600	683df6816aa35376c22932326023b34accf435fbc78765da8fc61d5866d13295
3472	STG_META_CRYSTAL_DL_HEADER	224	25b2d37daaa60a26e999b5cebe0319b2de996891dcbb6efff908ca44e5e2cc56
3473	STG_META_CRYSTAL_DL	31648	a81179601f63f23b083d360e1706f3a3c0205ba4bd206fed5dcdea566caf98fc
3474	STG_DREAM_GREENS_HEADER	192	f499ee8c761ba52ce224517f65e70bfd718e6aff9053ea740e524d694d96a794
3475	STG_DREAM_GREENS	48736	3b4bf28431fde7d0b40eb5f2022cb74b7885abf34611f36c5cf857817b335139
3476	STG_DREAM_GREENS_IMAGES	13520	3f5304a8f39e4ba802ae3d48d2551c5246e575820a8258d8c315e3a7f9e0edec
3477	STG_PEACHCASTLE_BETA_HEADER	192	cd0f1d2caa7e57eb1a64861d22b0d0ce4935bc458c73cffbc5d4e9dde52ebe60
3478	STG_PEACHCASTLE_BETA	23368	289305cb5a66c218eac612e36f01860beb6795cbac6ead9eeb630b9d0e59636d
3479	KIRBY_WARIO_NSPR_G	736	4d941137db10dc75ec704b05937f53a2d3cb99f82b8e1876bbff658aa80c5d8d
3480	KIRBY_MARTH_NSPG_1	4192	a174c16b84ebb4434558369085604923c6b4ed94e1b6d4a287d6e7c488bf349f
3481	KIRBY_MARTH_NSPG_2_HI	4944	7c1998cb421a64e83cdd9ae11fccbae4c50842f12e4888c959efa7af158798eb
3482	KIRBY_MARTH_NSPG_2	5008	d5a1cf28fbf0eb20891e8452bd017fd29d2da8308d1f0df3b33e5b75db582c4e
3483	KIRBY_MARTH_NSPG_2_LO	4928	3210635c6a8bded33de2a745443fd4f651e72c67f1f53810c973af06284b5c4f
3484	KIRBY_MARTH_NSPG_3_HI	5984	354ad48de5331f2262e8cd5d0b87f59691fb4340eac7dbfde7e9f5db56ddc1e0
3485	KIRBY_MARTH_NSPG_3	6192	dd061fe209c9072822e43ed69682ff5cda7303e41c761e0a2b9a3ab11b83eea1
3486	KIRBY_MARTH_NSPG_3_LO	6624	e15c7c7c4e3d9aa8e13c0dec1f354666bc1d9371b228307fe3fb950372a3bd59
3487	KIRBY_MARTH_NSPA_1	4864	6d6ebc96d75acf9e37b289f32243a12d8c8f5a6e88338fa62e9d584e61c6fec2
3488	KIRBY_MARTH_NSPA_2_HI	5760	beadf65789a321eb04b2b472df0f9e0c31c0e9295387c391e69187af6255791c
3489	KIRBY_MARTH_NSPA_2	5760	ffdda160668eb2e44cbde5140767913a3c98017e36b714b8957dccf7416d1f9a
3490	KIRBY_MARTH_NSPA_2_LO	5680	5d4b49bf9c44b609a06fbd85ff37f77cef7850fd4ec99f0b990ee745c454a61a
3491	KIRBY_MARTH_NSPA_3_HI	7200	f59455afba21a7c26fb210aec30a809ef16ce7a81493ce71620bc62804d6ce70
3492	KIRBY_MARTH_NSPA_3	7632	87ba20bb68a16f5ad46a3ecaef868f00faae42f0cb50b27ecfef9558116cea7d
3493	KIRBY_MARTH_NSPA_3_LO	7520	7b69f122f330094babafce34874a41b60c914b80780b1718733fbff9b0be7a9c
3494	MARTH_POSE_1P_CPU	508	eaca886b18c1b7664c47e8951716429ca84b56d15dedae928c639e9a108b54a5
3495	MARTH_ENTRY_EFFECTS	8600	14e6f335afdc6f135a424901e0f68814e7faf1925be2213393e7b7b0dc88fff8
3496	SONIC_MAIN	2272	2c58a475fb3209ac63c5e7a9d73cb9c8da10d096c07af0f786eb60cfdf249500
3497	SONIC_CHARACTER	90912	71fc6056a51004b3f926288ccf6052a59507cce82ce1e6c03bd1e528edf41317
3498	SONIC_IDLE	17600	455d065dbae0213ab380a421a77dce74486aabf27939d1d1c10f27ac045138e9
3499	SONIC_RUN	2336	55dd5a646789b77617a47633eb175f1aa1dc1062ece2b8bf2ab8a2990ce8056c
3500	SONIC_RUN_BRAKE	4096	6b3e54681ea592f7a5ed53d873501e060f4077c5b7c67bc9b1b91c3010c5ee25
3501	SONIC_RUN_TURN	4672	ab4737cf15d7a042e3b16cc17c5d86321c0cc9df7d2c09f0064011dedf2530d8
3502	SONIC_JUMP_F	8576	54cf03328293f3516f44db5e7a41eac46b151ceab927e6995783ed53c0717938
3503	SONIC_JUMPSQUAT	1360	deeda700aa2a0800112ef94fba0f2ff2836dc301ee1156d4058020cf2197307c
3504	SONIC_FAIR	7104	6311c41e003e7804e3ddd713db7114261858a4da6a769cddc7603e7d4d6f83bc
3505	SONIC_DAIR	4752	e53273bd80b5bd4cb886da0f9f7c6828b24f46c395d209b21ae71b53752f267c
3506	SONIC_FSMASH	4544	ad74747d6b59f9b0c45c4e0fe1da3f0dc50779692b3591e07a726662ec58dd61
3507	SONIC_FTILT	5120	fa16dd68578c676c5389d529d8bb7b82234d5267702791d50311523ffc477ad7
3508	SONIC_JUMP_AF	7504	3d4c12773217107261ab86948717304aaa050abe86b916907ced85050f448411
3509	SONIC_CSS	15136	25c42e40533d38d5a208ec8838eaae512cd3ae219d412c095420b344d2bb7aa3
3510	SONIC_JUMP_AB	7504	30fbdf406e7bdba6fa6203a0189208a63170c8fc065a211dceaacda1c61dfdbc
3511	SSONIC_ENTRY_RIGHT	44832	8e14de7c24e156584623d82131cb6d05670e007c6f63bda2728b43055dd3b9db
3512	SONIC_FALL	1920	55ccdb9d0b0a01706929efc03dd6b56832e17206c52b1fbd4df13c685b586f95
3513	SONIC_FALL2	1888	8cddf9f94b55b0527026ced26d010c71f2fbf9e20ccaad633534818d30ae818d
3514	SONIC_JUMP_B	8576	80cf403fe1751c157c0d10c6c12fe3dbe5f8ffd4c641e59561f2ccfe94f97775
3515	SONIC_FTILT_HIGH	5120	547ef9d1d1e36624f256534a0a53d16866fe4349ac7226e3e59bf3fac5b01f21
3516	SONIC_FTILT_LOW	4560	679b770fba469e2aea5edd7c2be580e026d3cd9e282c61b4a8c692042bbcda70
3517	SONIC_UTILT	4944	01342df56f0c6b0d3c6daa695a7501d2a7fd088d16a8480b99e6ef4812d50467
3518	SONIC_WALK1	6496	3da7c8c85e39e933d6b1bd0133a88b77b3c3c6dff8c63e5843c6a25951eca9bb
3519	SONIC_WALK2	5328	a5c212f0f63a31c46e4f0f8de4d64f6f66b2bf8225aba9606fef3f3669167903
3520	SONIC_WALK3	4352	11f7614f07d1627c6fd728d983da53aa757368caae33d5993090c7592f6d7fd8
3521	SONIC_CROUCH	1408	abc38695c2198b4eb2dd9621c8ffc204880d958d3414eb3b222a2ffaa0b75cd0
3522	SONIC_CROUCH_IDLE	4256	29cc6727fdc32a6faf65fd8799acf490e08f5a16291137a082b20ae9071c1979
3523	SONIC_CROUCH_END	1248	9370424136768292dc4c38ac7aed7cb39b1d4a517774fe5ac387e5d543ea70d6
3524	SONIC_UAIR	8384	3653193d56ed60bc302328dbac9a6a0e5248c700cb2f6d3df105cecd76775d39
3525	SONIC_BAIR	7008	eb43eb680909f6fbd9f560980ea9b265012e7d69b30042ff0e015132a3413159
3526	SONIC_NAIR	6752	2bb4de177b4c5f874323af7810334ff00133365ad05d94ea5b0fcebc62791ba3
3527	SONIC_USMASH	8592	3b3481c85ddf00e31fabb57bfc2ed6a4abb04d0316b990b2050b94e37166338f
3528	SONIC_TUMBLE	2544	34d052e9de4973930d7828df2d340c3608d63af1986712dffb460fc7f52c9b67
3529	SONIC_JAB1	2384	f7f42abb2486d7634b07957c7d2fd80d5928a4186009a1f19c67f2d4114f18ac
3530	SONIC_JAB2	2224	d1f12eb4b667f72eae10b74749d3c3f494c805cf63ac16b72de0fbe0ac666134
3531	SONIC_JAB3	4720	a60210080b576180584a33827efe3ec48f871b9c320ea32f34c95cbcc4819235
3532	SONIC_ENTER_PIPE	2384	fbf99f58bfdb3530321f789a04ec0569bcc01888812a81431e129c3b3883c856
3533	SONIC_EXIT_PIPE	3600	b497f6980d15ad9e6d975426613b1a5e0bb02d5e5e9ae960076bae37ba2dc206
3534	SONIC_SHIELD_DROP	3376	d51080a28fcad602cfb6a9474a56ca552c94e7c878c4119bc01a7f6a57a77432
3535	SONIC_SPRING_HITBOX	64	0308add6a5cc867bc5a05b720eff6634edbbc7ec36290701516fe9ea20c9435d
3536	SONIC_SPRING_GRAPHIC	2704	5c8f5bac98909a31ed41a0b7ba8b859ed225f5382b1e2c84f7949b2d788f919b
3537	SONIC_1P_POSE	564	7ade4ee32b99e2247979d6a5d8e3a1d83a6992ce7549ef10170b3cc70d7d8402
3538	SONIC_CLASSIC_1P_POSE	512	f90887d8b2e48046fb60a90d184aa0cb061b44c966226483c4ccb669af3eea61
3539	SONIC_1P_CPU_POSE	512	9be09403803da7821112715688e1ab3dc145fa8f9c0dfaf169d29aa8ac32020b
3540	SONIC_STUN	11808	dd27ca436d5b86e7a6ca61408dfbd6067cffb6f436e415b0fb3f55144814b34f
3541	SONIC_TAUNT	11376	e214ed239794aab2cc2e043a214152c4538fc1f4eae918b52b8e3013a02b8f04
3542	SONIC_VICTORY1	21396	82df66e6db87c281ec9536d2cafc922472c6752a2d1131fc152790a1919c9179
3543	SONIC_VICTORY2	19568	a7ab77d30eff22474aebc3e0728027bce394c5ed1c144f6df102e31ae8bc8ae8
3544	SONIC_DSMASH	8368	1e8eea5452d1bf3a86dc15e4bdfe2cc83b99e2c9d50b92e43cb51703541b32ee
3545	SONIC_DTILT	5008	77e483673f16ffe47c091b79432e1716664c0353053d551672e49d5464a0fc49
3546	SONIC_PUPPET_FALL	8856	bfb34f8278c6c606cb04e6df06f635b85e7bb7d097b1fce6bedce18f6b5d3ef7
3547	SONIC_PUPPET_UP	25392	4b5f77dc60b55b6620e162f7d1ae74bef08724d6fe00338c703230e172b7f445
3548	SONIC_SPIN_LOOP	4448	7a9da3ac3ba4b09f6bce5f125a40dbabd49ebfb432097af72c0f7c3292a7c2f6
3549	SANDBAG_MAIN	2000	0085cb3feb9ac9d6c42c1dd94712366df87a1679a3a7f0bfd9e1588a9a76c306
3550	SANDBAG_CHARACTER	18936	5d0293e43a99508ae091029f6d208d8a2cca5f4c9f593a01295bea8da57d8d66
3551	SANDBAG_FILE1	64	dd7c32ff2decb05be622cf663e678f2a00dce2899112a028e4caeb65216ed798
3552	SANDBAG_FILE2	656	6a6b905b145ebfa6b6171c04291ff45890873544ce7a8a453c7289c9810f9983
3553	SANDBAG_IDLE	272	6308ac84fa97dac2f3125c391a92bd9831a301b2b7cda92161ecd440a72afebc
3554	SANDBAG_FALL	368	f1fd78435bb5492eb772c483d5787648a13f9f83859ec43b3e8db3313bae7d52
3555	SANDBAG_DAMAGE_LOW_1	352	384b73f16310385d941ff556bd1f165ada00546e689d8a474d0f0ab4f06101e0
3556	SANDBAG_DAMAGE_LOW_2	400	8b47d94a6c635242cffd311f7b4ac8708617b50e79910f4ec658f73a6c378516
3557	SANDBAG_DAMAGE_LOW_3	480	2ca507a0296fae9f356302599a36e989980b740f984040e5f1e578312e9f06b9
3558	SANDBAG_DAMAGE_MID_1	400	71bb541cf9ad24f914b1d38b89c235826fb683df6cc62bddaaa13ce439e213d4
3559	SANDBAG_DAMAGE_MID_2	432	92a60ae3b8c9cc907eb38e8832894744e55aa9cd837af61946a774122b34c8b5
3560	SANDBAG_DAMAGE_MID_3	528	e04916012855ed0f37d947b1a082fe56474af8e9b1cf476a4fe64f5611e066c6
3561	SANDBAG_DAMAGE_HIGH_1	480	d7208ad39930728e0b257a61cbdd6558f8589acb305ac649b09de4599545f475
3562	SANDBAG_DAMAGE_HIGH_2	480	ab965a0a54c9542a501015303aa59957bf57d4bd2d0b85cd2820f66b71f67e73
3563	SANDBAG_DAMAGE_HIGH_3	496	b8b1180ec07d19796466b71fdd5b64a79d73b039665370cc26c4b1aad0b4c59d
3564	STG_HYRULECASLTE_REMIX_HEADER	224	abd0256a45e96135496c35293615865f52299b2254472725ef15f88363f47450
3565	STG_HYRULECASTLE_REMIX	26928	6e64d17636563c099562569a1837f37fa212085c63420f12797d2dd0ab656ed9
3566	STG_SECTOR_Z_REMIX_HEADER	304	929021501609cb898b889d33fbc8a6cb5ba6f45618a4f3a032a6730b71c0707f
3567	SONIC_DOWNSTANDD	4176	93043f4e6834e485ebf049c1a2ee216f036f2875314616c2052c8c664458e967
3568	SONIC_DOWNSTANDU	1152	3275c854ad8d77db16e73997321aa0c91b87c2cdbc40725bce280666aae78aed
3569	REMIX_CREDITS	43400	b7cbf47259e8a8494cd5a8452c37e21b934c423cd88568df3f128257b35dc4c2
3570	SONIC_TECH	3168	099a2e4b181e1eea581d8a059b08c3667b05a80a19b705cf8e4aac6a2bfcae9a
3571	SONIC_TECHF	3104	6c48d7357663ef67a78b5a75fdcd275cce09421e322e87ebfd177fc5f46677f9
3572	SONIC_TECHB	3888	ca3061a3321003e787de02048cf55bd5f846e1e9701aa7173d9d1c13617faa99
3573	SONIC_SPIN_LOOP_FAST	544	f8063b39bc90b2b3c80446b20adb25fc9dbe0e393d15cadf8896208af2920ba4
3574	SONIC_CHARGE_LOOP	544	5d5df90a9ca415c8600f80fde58985bdf38192aa1e4b022ec474850e93f176c6
3575	REGULAR_ANIMATION	592	cf7b0450f91eff0a064404ca3c4d64b2092f3af6c809e07e9bd262b0625b854a
3576	SONIC_DOWNATTACKU	8448	2b1ae7ab68da2c01d9cc10caae80fea2140c3c8be2d3d2bc34b2bf5b5683200d
3577	MUTE_CITY_HEADER	224	1f7cc0a94a8f0794ea64a1d3ddb6633308648032dd669d8cb80a11efe68b2588
3578	MUTE_CITY_STAGE	40320	786b74640e0548fd1d11a317dbdd4b02913ae815fa412a109ddb15b916882982
3579	HRC_HEADER	224	6207de395fa78548cb172f25fd14853f9d990727ddcf517448dff3d623ea514b
3580	HRC_STAGE	112352	5a136f4ffc140e6c0c1fddf39eeef3ba0f287683ae3212b7fae7eb781ad49bc1
3581	HRC_BG	158928	46185d611edc4ee6c232d49611b4f53fa0cd12b839435e2dfe6a4f54920b7260
3582	MK_REMIX_HEADER	368	c2c524467ce3d87668eedc242bf43f2b74dd6efa6e81eb15cb74cc993f482bfa
3583	MK_REMIX_STAGE	62128	caa3811e087ffa2696a7f7dc2545931ba519a797b6ad4b880fd28fc6cde83f6e
3584	SONIC_NSP_FINISH	3104	ab6433a34cb35cf77f73d387b38e4318e838c844b8099bf363c0f8bb99aba965
3585	SONIC_USP_SPRING	3120	0cb90f7625afafb74a7967739e1ba0894dd37d344e6966383098f139deb1e40d
3586	SONIC_SFALL	1680	c6ce5c98bfe31e907d0e952a6f0a1c0dc6a97df357686d7ab05c4b18a4b7f0cd
3587	SONIC_DASH_ATTACK	4832	95bbd345f3f2db707bd0fb3ebf22e560533bca8c5f63a4464a4c36b607ac0f47
3588	SONIC_DOWNBACKU	5248	c649373691d2d2019619139414cb855024e2640409cdc44b0be10b7b30857f80
3589	SONIC_CLIFF_CATCH	992	306aeb6e6cdfab02d91be603a5f8a91d2634cfc32dd1520eb88c78ca0c1b9aa2
3590	SONIC_CLIFF_WAIT	5312	0b96532ddcbc427222f199d029a62ff8d7d984efab7e65ce9639c0141fbb6824
3591	SANDBAG_DAMAGE_AIR_1	416	56fd7b4e474e289c3599428071abd884fa7de449cf9456945a5a3051fd4951db
3592	SANDBAG_DAMAGE_AIR_2	448	67cb3b55416f0a0c9284c6756dc5fb88ab872e8a44fffd8d7461404e12a394ac
3593	SANDBAG_DAMAGE_AIR_3	688	38f97855832a0ba7914d23cf3e298dcdbf6d638cf3c2cf1a62949c95441ec0ca
3594	SANDBAG_DAMAGE_FLY_HIGH	432	b5d5e69dbe1beb502ba7c4387143a611bd642321c7c84b2550b26478acb7c380
3595	SANDBAG_DAMAGE_FLY_MID	512	2996066f1fc999781a56c53344af6345597a35c1bcdfcec66241ce8fad19b3a9
3596	SANDBAG_DAMAGE_FLY_LOW	592	3104cb037c6374950aefc8ca299e3453db8e63db2a59a5fae5fb374196bee2d8
3597	SANDBAG_DAMAGE_FLY_ROLL	256	648a7c2cd1bfd92cf9f1c7520a3e2db7b9e56d09434a4c1f463f76d07d33313d
3598	SANDBAG_DAMAGE_FLY_TOP	416	1b713af4161c761b2fd0af7ac0a02b478b52f737f0c1000309cb10d4170305e0
3599	SANDBAG_DOWN_BOUNCE_D	512	1464b399c3bd77760a9bd7c18a44ad7e5ce7f769b3ff3731308cef4005222ffd
3600	SANDBAG_DOWN_BOUNCE_U	544	bb01c1092ff5dc54f9cf8a30da09c4880878f5e89b2fdb6a38acbe84b4cbce91
3601	SANDBAG_DOWN_STAND_D	368	7db3ebd52cfd4ba0c427544126b701d7587918ae7c3cac62ffa4580bd010fe8f
3602	SANDBAG_DOWN_STAND_U	400	c80ed2bdbe8e38319f75381bf1951c354051b9ff1bab85b0e2c818c1154dd262
3603	SANDBAG_TUMBLE	480	5431ec3bdf71c9db617f4cf5849007765d9b479673ae4bb3a21f7dbcbae21cd2
3604	SANDBAG_CAPTURED	320	9af093607cb331060edc51fbdf448ae43e367a88749e26d4910c28819ba72404
3605	SONIC_CLIFF_QUICK	3072	b171777a5c420d859631c92a0c6be2f44eac1da316a316685d6b6e2d1004fc31
3606	SONIC_CLIFF_CLIMB_QUICK1	992	bde20f570d216fe6710dd2aff935427f3bc07f383a9c2834278a1103372fdcfb
3607	SONIC_CLIFF_CLIMB_QUICK2	2016	034d159be983f27623f6f2790ce2e319bf0847d17fe1760a96c256308eb6c52c
3608	MK_REMIX_IMAGE_FILE	5936	10583ede6de7ade1c7f49ffc5326f10adcfaed180dbd8a65758ae1e7dc820f51
3609	GHZ_HEADER	192	9a5c8e3834072f8dbffb89df8b0ab871ecd2798f8e1aba122784fdee02658b00
3610	GHZ_STAGE	44880	75c1d80c9dcdaedf31dc9ebb8b37b606a612616fdc0f67d875417c79c729d5c1
3611	GHZ_BG	158928	93b8b59bdf1d437c2a8d4ce22acd2e27130c701b4a230ee4bc60c633a91674c1
3612	SANDBAG_HEADSTAND	272	444d03d4c4da10afd171818db5911727c9ee9fd0eaa34c10c6ac45914604373e
3613	SONIC_CLIFF_ATTACK_QUICK2	4736	0bf1eb2170b8feff60769bfd1f243dcb446f342e7d42a711253a2c1227a2a673
3614	SUBCON_HEADER	224	fb9a7ddc8cab145082fb36d2a4f7f382e00f307cb3aa2422888109b7bb555fdb
3615	SUBCON_STAGE	92928	8cd42489e155c9a4ea8b53c7f12bcec23f2e3a3b3dfe6348e7620bd9adb2bb89
3616	SUBCON_BG	158928	603730dd175332de0a017597a316eb1d1eb892753766ee944f8873a5b0eddc64
3617	SONIC_CLIFF_ESCAPE_QUICK2	4048	ad07b6c6880e911ea95d498d9969132bf8a6766bc2682230ff9b543940bc263f
3618	SONIC_SHIELD_POSE	35304	73bd56f099e34709d817de854a52162f4c78e0a1988c35098e14dd1aa6291ac6
3619	PIRATE_LAND_HEADER	208	1d4f8230840cdc9541c8fbc8908bf4c5c7732200667064e0264f3cd641a49206
3620	PIRATE_LAND_STAGE	70760	7e3331cadc4c5dabc1c60ea8f770a6c89209f9b930eccff8e000828271258cff
3621	PIRATE_LAND_BG	158928	4a0f8a05dd39e754a0ca477170abab04b61db97f4dc116f6a1b6c6e6caf37bc2
3622	PIRATE_LAND_CANNON	16480	c3a825b0841bcbb65a9178471248e4a68bab4a87d8ea0f7704bb3d41d3eec04c
3623	PIRATE_LAND_CANNONBALL_HITBOX	64	ab8c7c7b711728cdafa5f376146c2df9984ff981635d6e164648c53409153f4c
3624	PIRATE_LAND_CANNONBALL_GRAPHIC	5920	efe556815153167e03e8498646e2b2448c58a5daba954d1d3c3d53924802f686
3625	CASINO_NIGHT_HEADER	192	2e297ecd3a31f632150e136f1f4f30462065e894ca1fd0322e7a14598a4e63fa
3626	CASINO_NIGHT_STAGE	74232	3a15498514e4882ec4053b55f62d2bbcb2b18ac45928f95bdbbedb8427884df3
3627	CASINO_NIGHT_BG	158928	dafe9940826c50b94a49ac09cc7e01dd50f0e2f51d35fdde9782e5b53bed8c9b
3628	CASINO_NIGHT_BUMPER	960	0b1642add603e4592cd54b9284dc765cc896cb497f054c0b24c60081afc2b5ca
3629	SONIC_CLIFF_CLIMB_SLOW1	4048	db57f1817590a24940bd487a009ffd147b5b7b929fc0bc390b4dedf13eadaeed
3630	SONIC_CLIFF_CLIMB_SLOW2	3712	49784b15dcdea67046e0297b9721f989a1beeac4ce3a853d614c58f25e16a5a1
3631	SONIC_CLIFF_SLOW	4336	244fd8e8c474ba2d8e68caa208d17816e4f713f6dbe98c3cc4107646aeafd75f
3632	SONIC_CLIFF_ESCAPE_SLOW2	6080	4f8d514671400fcc8bb03b29476c59835cb8a248fd916861d498c654aa9fd576
3633	SONIC_CLIFF_ATTACK_SLOW2	5872	74453350e712f06fe0cbcd7f90441d2515ecb12f7d27926fb812a303c2360c53
3634	SSONIC_MAIN	2272	b2c1d7b6ff0b49a495cc099efb8180b8e43784b24ad0613f6773f48996703262
3635	SSONIC_CHARACTER	51456	e0ac21d53c33b5366323d232e7c509232f5d9e37cb408ec33b57914ad4c36e34
3636	SSONIC_SHIELD_POSE	11184	13c33824fbf4c6fd0a916fd0da4a6defa4cdca9cc0af0cbc3848bb8f9713cd63
3637	SSONIC_RUN	3104	6ffb7480183857aeb08c6c6982918de3a03a03be6629ee0b1a492b4bcfb8e40e
3638	SSONIC_1P_CPU_POSE	520	a2f12aa9a0f8d480e17608c80eb94156d9532b1af11008e16e4a233d6ed99d9d
3639	SSONIC_DASH	3360	7216f6123e5627931f8b8813b8d73c8a81214509775a108dd4f37c863c679d5a
3640	CSONIC_MAIN	2272	0c29c063ea3067579cdc11181f515603218bfc56e082e08a5e0feab9f8b09b20
3641	CSONIC_CHARACTER	94448	3213b17a8892467fe10ae71f5f1c663b15c265adaa38836daf6f30e84878f92b
3642	CSONIC_SHIELD_POSE	11184	13c33824fbf4c6fd0a916fd0da4a6defa4cdca9cc0af0cbc3848bb8f9713cd63
3643	DRAGONKING_1P_POSE	624	5b2e07d15da4bac6d8758684a19e662d0bd17a1d2c52787752c450113c4629fa
3644	CSONIC_VICTORY1	6640	eb87b5e5bcc062422c681ed0a727f7121af2f0142e58f1756913ef2eec0a37db
3645	SSONIC_VICTORY1	30412	9125983a09acafc5f5f46513b0b7a8fec56aa17e10a4c73d4920124b9a2d8f36
3646	SONIC_THROWB	7488	caafb5398ed765ae621812f81051b32522f1a50d459ca6ea0dd66159ef0bf332
3647	STG_SONICTARGET_HEADER	176	a71d92a0968fb5e98f4d686e030564cc4d9e148b711b67103d5306d534efef2e
3648	STG_SONICTARGET	25872	8d34e1d3042651ad0ce3a6d97f621ffea6c04a419df138381b39014b8d5eea4e
3649	SSONIC_IDLE	11744	58966322486dad7449e66d19c716d0bd0072fbaa7abcf822dec813851bc76f89
3650	SONIC_NSP_RECOIL	6320	b89428bbd0121c573fac90ed218bfd56a1ffb4a42cd07d90bef65cf6ecec5d79
3651	STG_SONICPLATFORM_HEADER	192	d379831604799cd8c3dfd9ee649b42ca2931d0383665661817f55924e99f22a5
3652	STG_SONICPLATFORM	31184	bb0fb4ebfb728f15503e6bf704f58c1aa7127b17d4b8410808c8e575ce334fb0
3653	SONIC_ENTRY	75168	2bef7b7e86ae00eeaf65747002030caeadf7f083254649061287318a4d2a43d8
3654	SONIC_ENTRY_RIGHT	30976	0165454c7ad9696370337ff7378a0ee6fe7aaddfd97f6c8c16b65e0966c36be0
3655	SONIC_ENTRY_LEFT	28448	aa3d20088d8cc4b4058d0183ee81940a389f8126bc35f14a02daea180293d6d1
3656	SONIC_TEETER_START	880	ef05b845d6df296b2f2f701b66b841640e6ef41ed14f6427abbf431f0f6f911c
3657	SONIC_TEETER	4704	5da42681bafb41912a248f9ad85a2312433034aa3cdaf3fd5c33f9e19093aa6c
3658	SSONIC_TEETER_START	3296	c3f16ac8ea79cf30c8ec8e3ae97cd71ccb471458d831bc279ea87a1154711ae5
3659	SSONIC_TEETER	5216	8ec3a7ec76c120617aaaa0058b167ce24598144acb00d5feb5625837669e2534
3660	SONIC_CLAP	6944	e474a5d57742a90acb6394f0ae9dabea790bd1a3beb9fd1e15337ede2fd69e1a
3661	SONIC_TEAM_POSE	3704	213d006286f5d19933713f5d04509c429d6b66cc3baae0ac1f3512ecaff61fbc
3662	METALLIC_MADNESS_HEADER	320	9e27b060aefdbef1b09c9f4c7969219a0b17ad6d994af2357000f2713117e861
3663	METALLIC_MADNESS_STAGE	33544	4f67484332175083ae11c180ce60cc28d6761d76f4e38edc16d73ee8b62e738a
3664	METALLIC_MADNESS_BG	158928	577bf17e87583bf83a51492c169ccc880360d00ac32f67acc74705cd0e85ab74
3665	ROBOT_BEE	13908	31c3583511850951fa9ec5580c800e297c8e47aec42f070d3cd528b0f3bbe82b
3666	SONIC_DOWNFORWARDD	5808	7a5e16b2fb5682f2295d76f6eaa961f6604b32039221f0977ee2a3545c8d48e1
3667	SONIC_DOWNFORWARDU	5760	f47a601fa05bac40399ea3aad157ea9d367f25a44df059b5f9d36a4b1b0c6fa5
3668	SONIC_NSP_GROUND_RECOIL	4144	7836f3a79fe1ced73787e91bfd766517b1831ab1ef7811e34978972714f6729d
3669	SONIC_NSP_GROUND_END	3744	ba9c9121086bef3f87124a18545e9233fdfe7c0b6878b86c101bc94919d3e631
3670	ROBOT_BEE_LASER_HITBOX	64	59afba7bfd3077b6c82af505111dfcf1fdbe9a5027bfb2d9e49ebe18b01a7cde
3671	ROBOT_BEE_LASER_GRAPHICS	672	2ea767f405d52508e7d05c0b4624562f29e53e8df2b597bbcdba13e0ab74464d
3672	SONIC_FSMASH_HIGH	4640	7536ca1bbd9fe59d9f3a234bf6d397519fd40bd8dc43f904eed2ae3cdc21bb2f
3673	SONIC_FSMASH_MID_HIGH	4672	61475cc59d24e434eabc14613fd843dd8bec019e6feeddf29c557129c9ad2e71
3674	SONIC_FSMASH_MID_LOW	4432	ac745774e5c3b94b5a2b84d86b6e31f856b6135ed19a7c60cfffd1f2ce01c426
3675	SONIC_FSMASH_LOW	4416	e9de3f8c9e9b402778b1e00a1defe36bacad2950632034f8d3e80c890fdf017c
3676	KIRBY_SONIC_NSP_LOOP	448	c149b7514e3241e231105176f6329000c2a3baf20a8d55fba903993d8531d804
3677	KIRBY_SONIC_NSPA_END_F	4528	a0e06d410389c6044dbbc9873c987b73d40f52c86dabb87c034fdf4a19520d0c
3678	KIRBY_SONIC_NSPA_END_B	4528	391a5fd224d12bed76f1c7ed3e6602780e3d8331fbd2a625e2bb0528b3f03e35
3679	KIRBY_SONIC_NSPG_END_F	6000	795e7d3f87ba0685a349c00f70769350caeb41def85f9692fd436ce165c7b441
3680	KIRBY_SONIC_NSPG_END_B	6688	351f1e032008355997d1e9980deb4119effeb8f61e03c86c4380e3ccea08aa8b
3681	SSONIC_VICTORY2	16344	e2fa2bd8b557a5bec45f365a831f5206a2dae87840fb2496313be701cfff6121
3682	SSONIC_CSS	7872	9b6394deb3c84cf1196674d7d10452a7ddae5157b36bb8f3cc81f95432967897
3683	RAINBOW_ROAD_HEADER	208	9f6f53297033d63f12a845120086d5d6dc8d07922610600eb161d38506c0cc3e
3684	RAINBOW_ROAD_STAGE	191720	b9bcd8d0aec23e9703f304b3532649da67943ce718c00e7e09d5736b4137e5b7
3685	CRATERIA_RAIN_HITBOX	64	3c61e6692d76c6a7b5a889ed95e721540831973469bc5c94e84c8076c25f1a4d
3686	CRATERIA_RAIN_GRAPHIC	144	bf4da673ebe904910c34ebd520b1e61f0209dbd835b2e7a4b15030a40fcc1fda
3687	RAINBOW_ROAD_CHOMP	157504	461fb0589935fdcec60eb753700e60905ee18f5ec807e013a606e3843c91f9aa
3688	RAINBOW_ROAD_CHOMP_HITBOX	80	f8be0e7c773978434ad50172fd17471f4c8e605480b27b4d0b0a43a78404066d
3689	STG_PS2_HEADER	224	b4e7dfc8e061a410241059a7d0c44e6a700f16869788cb2c4556734ae6ab76be
3690	STG_PS2	32192	832ba77f9c372884b8dbc1ac40acf97f34df6528b39935794f81507205e50135
3691	STG_PS2_BG	158928	9b4e499683f89b2aaabecdc847509811b494a0a212a5f6fdcccff138eb260309
3692	DRM_VICTORY_1	12096	a2eba8dffe76d1b58be9d7caec4bc7413fe10d320a772aaa0e517dfcfa9064fa
3693	SHEIK_MAIN	2048	3a1ddf9977fe086be9c196208da6b584034aed4176c0cb077bfd8a199148bf1f
3694	SHEIK_CHARACTER	74480	caedeb23609eb6add7869ed0c6da5018883f7fe7eb596dec11c002cfe42b7fdc
3695	SHEIK_PROJECTILE_HITBOX	64	e046aec2d504c7c71e591c5ed58ccf78d2c33e7ea3b91c5891c48160e09c66ef
3696	SHEIK_NEEDLE	864	4b95212ded80a4dd307747df5da87c06295b44b075304e5aa5d94dae5b7eaca4
3697	SHEIK_USPG_BEGIN	6592	99bab0b24314689e7938627bb153e079c722b9734c692f94d08444dce56a27dc
3698	SHEIK_USPG_END	5600	f34b6bc032ce81fe6ff46e9df9717ee7cf67e656c227ba6d40e1ee5fbea968f9
3699	SHEIK_USPA_BEGIN	6032	354af3090a2a451f0e3396d3ec647faa57d1b3da65305149d2fda13bbc70fbb0
3700	SHEIK_USPA_END	7296	a36815e03d5bf7a636c1170f8162d18075e05703e86b2122462b00ca300429e2
3701	SHEIK_DSP_BEGIN	4576	db2fdc2499ecd171576e7c49e548cf99e7b5664527490098168db06d519896df
3702	SHEIK_DSP_ATTACK	5312	3eb5fc33454ef6c4331cd52e43b6da05b30594091059e88b5bbb678c9b13089c
3703	SHEIK_DSP_LANDING	7904	a31eb3add8dbb5ad32cbe714bf3891bb917222aca32bae0948af338b96b2bd30
3704	SHEIK_DSP_RECOIL	7152	08bb2068f49f7291610a13add8260778f6147f3eda6014d06eb781114fc65f79
3705	SHEIK_NSPG_BEGIN	1792	65b49ba8c17702687964b6672250b2ed3cba7f892074b652f3620700462f3a57
3706	SHEIK_NSPG_CHARGE	3376	c669ff9229ebd0ad8f551cdb55f21cd926eda52b902b0d45eee1e0569a332266
3707	SHEIK_NSPG_SHOOT	6672	8595ace89ccdb8faa8c5d15294e194d9486d68a998ef544f791412e1c9e37524
3708	SHEIK_APPEAR	34160	ae93e2bcc236fd4827b78da25a970e105c93b512d0bb5751a16dfd5a2f12b700
3709	SHEIK_ATTACK_AIR_B	6336	de5e986eb1e08e488b245fa08474af2ce986f0bf03260b730d0367d7018eb1b6
3710	SHEIK_ATTACK_AIR_D	5792	964391d235c45492274e03238d0c0281a0d46a24475f218c95d5df3df2b7bed5
3711	SHEIK_ATTACK_AIR_F	6016	38b86d3fff59f512b36b5ca5fb7575312054faa02899a0f2dbd56b97f3f7a033
3712	SHEIK_ATTACK_AIR_N	8336	32cc10524f0f4ef013c720606ece1391c16ba41c4dd45e800c3fbfe3a7263ead
3713	SHEIK_ATTACK_AIR_U	6848	ffb2f72e938443b284d920d43cbd3b5a17bae5f5b0061981d62bb5ceed8ed6c3
3714	SHEIK_CROUCH	1792	dda318454e3a35256a877586704baf4a6387592861bb805436466a14d9169866
3715	SHEIK_CROUCH_END	1808	7c3608b8ebc3b6c28857f2d1db5222172051ddc8f80243c1905e16799fd89ca4
3716	SHEIK_CROUCH_IDLE	12336	b7c425c6217c24a3da5ec475b95d2fc82ac5733f86630bed6dc8f2a766e819b1
3717	SHEIK_DASH	4672	3af379eee116a3a04efcdcbdfe97924062557c6a7406cfa9ce42ba17b9df1afc
3718	SHEIK_DASH_ATTACK	5648	9ba25980ccccabb9863cb6f64c8a92abdd36e274c058e3c0c97c4bc52791b403
3719	SHEIK_D_SMASH	9280	ad2ba34456ce5f2c3132413c163c0397b0a47bd85b38c95790b0bf72e077fe43
3720	SHEIK_D_TILT	5184	777df990d699ea245921b0c0b6c8bf37f34895d35111f2c249df542fc41b9b5d
3721	SHEIK_FALL	1552	776b4ceca7d8b2ee9043189c2b21c663483cf453f5c4b4da702b69459c88b86d
3722	SHEIK_FALL_AERIAL	1824	ad424c2a688589b626660dab1a76daf427333dfbc1150257299503178d1f726e
3723	SHEIK_F_SMASH	10960	fb2c9239215a2d49f881cdcdbf4b2130f27ff08995f5cf5e3f98b47d37a2c239
3724	SHEIK_F_SMASH_HIGH	10960	fb2c9239215a2d49f881cdcdbf4b2130f27ff08995f5cf5e3f98b47d37a2c239
3725	SHEIK_F_SMASH_LOW	10432	240e37e11ecf94207ca2aaa705d693d8a0289dbf25b6726a795df57edb2d27a1
3726	SHEIK_F_TILT_HIGH	5600	e5f38a591bdaac7e13e3374bf98b20fe53a75aa5e6c9657f22f8ee4eebb4862a
3727	SHEIK_F_TILT_LOW	5600	e5f38a591bdaac7e13e3374bf98b20fe53a75aa5e6c9657f22f8ee4eebb4862a
3728	SHEIK_F_TILT_MID_HIGH	5600	e5f38a591bdaac7e13e3374bf98b20fe53a75aa5e6c9657f22f8ee4eebb4862a
3729	SHEIK_F_TILT_MID_LOW	5600	e5f38a591bdaac7e13e3374bf98b20fe53a75aa5e6c9657f22f8ee4eebb4862a
3730	SHEIK_IDLE	10480	653e7591307627647b1a3c7d0e4c7cb8fb97bd7140500199c7358fab14a7faec
3731	SHEIK_JAB_LOOP	6416	909ce9773aba9b32f9cf156e53302297991bbfe5e1fe6a8acad55f0eb270403f
3732	SHEIK_JAB_LOOP_END	1856	8efc024e229eb07fb5f71417b8a6cfcf8435c13e0364245cbc616a360d3aaf68
3733	SHEIK_JAB_LOOP_START	1744	fdbc01ea1d2fe411975958cf79e96f05e157bef924b140b901123dc278ac4f50
3734	SHEIK_JAB_1	3328	c865e0d526a25b5817cbd0fed260ebaff54b392ca35d85f0433c8dc143438bb8
3735	SHEIK_JAB_2	3472	047097e384eb74f712bb8958a527729d1a94b16a7fb3144a89644525030134ec
3736	SHEIK_JUMP_AERIAL_B	10464	2772321890fbe1ae3da43b258c8e3b425682a63fc70565b92c7bcacb9e94df66
3737	SHEIK_JUMP_AERIAL_F	9488	a6807735f8097253b59ca6cf691f3e40d1e2554b5561cca016d0f49b57eb1b39
3738	SHEIK_JUMP_B	8368	c99c08319232b0721d488cad191d488ab84c75f0817ce4ac0ae394c25217b212
3739	SHEIK_JUMP_F	9200	28dc31642a00768e1cc4d2d5f7379fc3ad6c5f611de66ddb0a698088828459ee
3740	SHEIK_CLAP	3632	162a59655f0e4744f964bc2ab710672dbf00609e95c40317bed729260ea17f7d
3741	SHEIK_RUN	2672	d5b3db408c4ff499e04fb5ea42ce0778ffdc8b4f221564bb779825c6e05fdadc
3742	SHEIK_RUN_BRAKE	3776	7a09b394300f24a2bb71217c997f9159cbb0a7c0b74021cf7ce6c0ca2ae360e2
3743	SHEIK_SELECTED	18384	875d3cb820098f77379775c34e919b012d3784925d92568f491dccf4c6ced978
3744	SHEIK_TURN	2672	729464888534c9ffd85e8a2441d3a172e69ef8c5cdb5fdb5d91e8ff747919b06
3745	SHEIK_TURN_RUN	3744	84ff344fb7078f7190d6bf6add63bace3e77a1e1dbb0f1b421ab595d143c770a
3746	SHEIK_U_SMASH	7504	1b9cb488bd25a5c778eeb4969c99eba77d7d8d2cffe20d1185ed9c1abcfc6071
3747	SHEIK_U_TILT	6368	24bf1d0868012da62bbf18de2712a7fa86024efc211f0dbb1fc27acdb8ccb594
3748	SHEIK_WALK_1	13568	cb5def6d01424ed21ddfc201b54c6811680d558bb41efbe47dd6b6fc084951ad
3749	SHEIK_WALK_2	9808	815a1e027bf02f3f7ab0542bbe373564cdbb00138466e86973eb351b551517f7
3750	SHEIK_WALK_3	5248	4f675306b9259e72e46bf3ead2070f86e2f3eadc7bcd71207828616abd726442
3751	SHEIK_SHIELD_POSE	38016	a0d80e9cae60429191d82f93bc35deef730edbe8f850ba8eee8f89408d04429e
3752	SHEIK_VICTORY_1	9456	1a84ea5fe1f3a1da3d0f218fd7bcdc9ecfcf3a7e2c92fff20b0ada5113f8160d
3753	SHEIK_F_TILT	5600	e5f38a591bdaac7e13e3374bf98b20fe53a75aa5e6c9657f22f8ee4eebb4862a
3754	SHEIK_GRAB	2784	271906a62c0d7663a61489df0afab1b0bf4dc2cf496a1cd4e30757a46106d17f
3755	SHEIK_GRAB_PULL	656	5f42a1e38180795f15435bf005857f10d02aac974750b6d89715b42c1c8fc51b
3756	SHEIK_TAUNT	19392	cc885129faa7b4565e9efd403860064cd7617401ecead9880bbf147e9a39305f
3757	SHEIK_THROW_B	8592	0e32b4dcc9cc8648dfd16a3d0d349b5a30a3583206d562c5ab30e94740ab5dab
3758	SHEIK_THROW_F	8720	35fcac375cb4abf4085512fb598fbbeab045443e62987c3b5326a6a6d1d8748d
3759	SHEIK_DOWN_BACK_D	7504	e8b1c403c0b03d8a027cc9522e7c2a4953961afe9bd49eb636969cf320ee8fae
3760	SHEIK_DOWN_BACK_U	7280	51234b39ea48b69106a4864fa7b8da98afa65c622ff24959559f714206d71817
3761	SHEIK_DOWN_BOUNCE_D	5280	9301036fa98dd3153dc88149cedf0e1734f4998d9f0050ea6201d9af8ee2d274
3762	SHEIK_DOWN_BOUNCE_U	5328	529b0a0c2a33474a86384572849493bb1be4d9f397a98d83a62f94dd8a1de74b
3763	SHEIK_DOWN_FORWARD_D	7280	480ca829538041dee3183807621216f8bb86b1e3f84d1fdb600b3e9746b88b52
3764	SHEIK_DOWN_FORWARD_U	7280	480ca829538041dee3183807621216f8bb86b1e3f84d1fdb600b3e9746b88b52
3765	SHEIK_DOWN_STAND_D	6096	191578c8b3afbb7fe457bfd2445d3274f5afc7e44bb90078172ab6ca7ce8439f
3766	SHEIK_DOWN_STAND_U	6096	b394e5a127ba4c7b87a35bfce7ea771011a4fec2548aed91d25c912ddca85d70
3767	SHEIK_FALL_SPECIAL	1648	563baef736b813ea5b55febe99bf3502a80166d6915defb1949a4eb0cf6b08ef
3768	SHEIK_STUN	15696	414a784991f17fdbf26d59266fffe17c38e59988c866e76657435156000f40c5
3769	SHEIK_TECH	4960	b5423a7556347e756a2a57e4624cc13505440a561b2e684de19b6731e41eca12
3770	SHEIK_TEETER	11040	15c9dcb50db2cbec2f334907714ec1a9bed666faa8d8f2aed34a1c8467ffe8a9
3771	SHEIK_TEETER_START	1648	fc86b34f3d231e6f1b4188c31921eefbf1f638bac2fff9d30572680769c0b8fc
3772	SHEIK_DOWN_ATTACK_D	10000	bc8d75eef57029bdd01a8bafcd329c8a8b60ba66e24bccef235f9e895d6d32f5
3773	SHEIK_DOWN_ATTACK_U	10320	c4c48322f3d65ada8f13142d7a2f3168f6b5a072f785d5623b328d55989106f1
3774	STG_NORFAIR_REMIX_HEADER	224	cd9a7c298c9dd68d00925efcadbd522cb25da2cbbcdbb015fce1546eb8eeef76
3775	STG_NORFAIR_REMIX	32080	dd85d2e3ea56011f7a4dca1f09ae39cb52e6cc2edfc99707abff42e5bc40d3f3
3776	STG_TALTAL_REMIX_HEADER	224	84d86010e3d73f57494531bbbdfdceb750e50c74e6f629bf9a843dd0d3c9d3b8
3777	STG_TALTAL_REMIX	39808	9b91fc4e3a9b2ad7625fcf5a22c40a3ab8df6f2e06dd9f10fe84620d0e473fa8
3778	STG_TOADSTURNPIKE_HEADER	192	f13f97bf3478b82491d33684bbfc0cc4339154096e5afb1e17912f639414c18c
3779	STG_TOADSTURNPIKE	184568	b809c9da7f541ddebc9bd4cbcbcb8ed4f1ed8c2cd2534b30f3bbea0512c03170
3780	STG_TOADSTURNPIKE_BG	158928	a83302548667e845591d50f6c15e9c0f17b5501372483014a5bcc75ccd087cb3
3781	SHEIK_VICTORY_2	18880	c52c6654d971f40b8652e6214b8f3472258f8992ebfe43a8368f3578c059217c
3782	SHEIK_NSPA_BEGIN	1360	b3eade683bcb2a6ed6bd9d9e5fb98cbddfaba5f017bff0c04d8d05d71697a2b2
3783	SHEIK_NSPA_CHARGE	2768	a96da396b69405b0b2d19189e6b5ad9d49b65a850b3aee0b2a323a516f094369
3784	SHEIK_NSPA_SHOOT	5808	85398e6ee6a9e4be97bec4b9e87a7ef5020cecb9d3e47f9be2241d63721289f6
3785	SHEIK_ENTRY_RIGHT	24512	e4615dcec507f3ac8289008a54ced064965aa2a2b141722cba5188fa5ed9646a
3786	SHEIK_ENTRY_LEFT	24512	dc2d849195a91b58de493af3077ea9b9b0730a2684341a990ec8eb27aae6565c
3787	SHEIK_DAMAGE_HIGH_1	2288	8608d5f226139f79c4e1a6903935b99c28d8aa355d613fe633d7d6d55a105eb6
3788	SHEIK_DAMAGE_HIGH_2	2880	496b1c643a4f342af559e6bbcf883700e6885de6b43621c4df4cd108189ea59d
3789	SHEIK_DAMAGE_HIGH_3	4704	9079c64704aded05e12e51295955bdbf2f89d287e7ceb6848372cf54c10082a5
3790	SHEIK_DAMAGE_MID_1	2032	98b6346f8a928f57067dbc0cc776a17e8874bf0270a90f2f3c688956e41c822f
3791	SHEIK_DAMAGE_MID_2	2320	79b9dc84d0fa7451cc54af523d1babc457d853ac1498c1179d1f08a976481b6c
3792	SHEIK_DAMAGE_MID_3	3744	4cbaf59c2c16c28d29e3f933b2f0ed25e5bff5bdf2c70ffec9759496a8f3c35e
3793	SHEIK_DAMAGE_LOW_1	1808	436beca730941f1c7ac154c6cdfc2b2bcaaf67738aeb8d05d26d2c797067c307
3794	SHEIK_DAMAGE_LOW_2	3168	dcc25089844389c207cad4bc74fb53e4327f5a126e2c270f05658496df7f97f0
3795	SHEIK_DAMAGE_LOW_3	2640	4fdf4cc227572959f4ad201a42a7e94fcc94abe957dec4a4e03d2c608bfdf137
3796	SHEIK_DAMAGE_AIR_1	1728	5def374bbd7617d59d1d74c9353276afaa95a41b84af38c27f13068b88477ad1
3797	SHEIK_DAMAGE_AIR_2	2512	15e9a5b58345a6e1f28a4f1ac080ca2b277341ef4e4eeaf9efef77d19d65a32e
3798	SHEIK_DAMAGE_AIR_3	3600	3cf52a60d50214590ce145a0fce4b62794ec6b5929e96ec470aaa0cf38d45163
3799	SHEIK_DAMAGE_FLY_HIGH	3072	4f5d235064ec9c86ac24fd2428a6b95a745f5c5f50f482354da364660601aa8d
3800	SHEIK_DAMAGE_FLY_MID	2912	2c8c7025822081039a50482fe20fcdcb8900dcc9e48606971a33d3566126c032
3801	SHEIK_DAMAGE_FLY_LOW	2912	2c8c7025822081039a50482fe20fcdcb8900dcc9e48606971a33d3566126c032
3802	SHEIK_DAMAGE_FLY_TOP	3392	0d7b42a53be54d580cc9075b3b445df3f1b3f1ee62c7a2cf94bfff4e5ea53097
3803	SHEIK_DAMAGE_FLY_ROLL	1120	1c39c20b9a773c56f9fd7f241957c151ccb0c111d2573113ee9a9b460899c75a
3804	SHEIK_TUMBLE	1488	8917be168fa0cafa72b48c35478c04086cb8bed9dc3984e34c5e85a33d490923
3805	STG_SHEIKPLATFORM_HEADER	176	d3fd7dbb1b731d661660e112a7b90c47928fc9733988d1074369bd42704b1067
3806	STG_SHEIKPLATFORM_STAGE	21696	d1ab3e3a29d4e9404d5728e7dcf30d74d254c8bb757395b954de55d5760385d9
3807	STG_WINTERDL_HEADER	192	9b48af03d79b61be018a813b2d510ecebbd5015a471edb039f069bac27b44024
3808	STG_WINTERDL_STAGE	38416	d941077e5f3b82206f36b9aa7548e81f8c5e7fcd24ec2dd62625c913d43dfb38
3809	SHEIK_SHIELD_OFF	2352	a25000451462881ef2811ba97f95adb75c180a1ee24a3747c39ca9dfd7f45843
3810	SHEIK_SHIELD_ON	976	ab94c04038a48a77fea6ef61fb0bc4e67397ad466e7b82606c99c2301dc98963
3811	SHEIK_VICTORY_3	15968	0a53438c9e43d88e887927ef32fd9ff67f75939c6281ea10b3bc7508e0d39041
3812	SHEIK_1P_CPU	512	3e911eb606cfbd41b85fa63af91c4cd76252bbfaf8aec0a58becb476faec6dfa
3813	SHEIK_1P	576	cba088179c042b59ee7c6fc352fa61ea6371b67ed4d159e88139ebcfb3d9d910
3814	SHEIK_PUPPET_FALL	7312	3cc6a74aa0257ea7cd760660e5bc4662810cba6dded05702bb06c7387f7cfa3a
3815	SHEIK_PUPPET_UP	28576	c049c30e9b5914106c2a0f2585b91b021da69980422417e917f5c1b363355758
3816	MTWO_VICTORY_IMAGE_BOTTOM	132960	acaff2b1c698ed039e76b2ba5b6c70e0dca683c2a8249ac3dfc43fa03e291418
3817	MTWO_VICTORY_IMAGE_TOP	132960	d30021348593d7a76dee1388da9938f54ecad0161f06f32170ae100ef13c30db
3818	KIRBY_SHEIK_NSPG_START	480	7a755e55f03b718432e132877f03cf3af60888e80119dab0bd3b6f209689da80
3819	KIRBY_SHEIK_NSPG_CHARGE	656	c2a37dd114efb1fdc78bd9071a644e4a8c45031b67b711e1f47edf66e004733a
3820	KIRBY_SHEIK_NSPG_SHOOT	768	e191dccd311b23d76ae8e125fff554ab294d1fbaba3c2b00fb77e660b7843ffd
3821	KIRBY_SHEIK_NSPA_START	592	14e015c15450793082d4e308ae2a48bee1a8818af3630258b1fb2eb9c68de4d8
3822	KIRBY_SHEIK_NSPA_CHARGE	640	f3776bae679b5a3db08af439ba24508b486467efe079291435186a33a6fd8a0b
3823	KIRBY_SHEIK_NSPA_SHOOT	864	6b49788ffe649ef5ee37f477227938fab42f9b03854ef2c97fa7922336de17ab
3824	STG_SHEIKTARGET_HEADER	176	34ca41aaa2c43c98a9d7a6e9e75d1ebaf0edfe26fdbbdc82d589c1a69cc45674
3825	STG_SHEIKTARGET_STAGE	13840	dd7bffe15705cca00a74e86504ea613c9212fde18bd5c7f64cd9d441c81f352a
3826	SHEIK_ITEM_SHOOT_AIR	3856	bfd8faad46545a08ee09eca36ac69d862018f9ae141f3a47f9bec3e649e7c725
3827	SHEIK_LANDING	1680	2599a1da5038b096dae35a92763c97bf7bc4a48517b92d16d3b0af6dbe7c45dc
3828	ONETT_CAR	80560	ec5bc80062f61d56f8e8fce041e49c2256770fbe587a55b6e7cba9b6cc4df69f
3829	SHEIK_LANDING_AIR_F	4432	bcfa5d0b0e9b90414771596de75000dfc49e64216b6285bab737d562d913b196
3830	SHEIK_LANDING_AIR_B	4720	51a0c1a38523a2f3dc47198b472a74e6b6e30d7ef37aa524982013ae6475719a
3831	SHEIK_CLIFF_QUICK	3520	6a5f40121ef06548e62de6049cdc86b8f2d8c5f9443241c44fa9934ba242201a
3832	SHEIK_CLIFF_ATTACK_QUICK_1	1024	cbf54292e35a51868dc9dc0beabdecacca4df450106711737645cb01a8a4cd88
3833	SHEIK_CLIFF_ATTACK_QUICK_2	7248	bcddc4a7c3fba5d90011313a0c855de7a2a766c4b988f50de71dc5cdad1ebf41
3834	SHEIK_ENTER_PIPE	4512	5ebc48ee4f39a04a932024d4a58e84a454b3fb55af02d0927986e71f8a63e412
3835	SHEIK_EXIT_PIPE	5680	9641c9e744d445d57fda8ebdea75a84f35ab8847dc405d2892f9edc7bb6c873e
3836	SHEIK_EXIT_PIPE_WALK	6320	acd99167616e905917bac57e444670e9cf70342e8c2a12ffa4182cb2bcbd7392
3837	SHEIK_CLIFF_SLOW	8896	b6d48c0c5b68248837ff59f6060ca238211b3411e845d180564bc30690fe879e
3838	SHEIK_CLIFF_ATTACK_SLOW_1	1600	36ab2f560caf6b7ab71a7bc0c74919c152973f5b697d7255828428cf0d5435d5
3839	SHEIK_CLIFF_ATTACK_SLOW_2	4160	c0e34d52c9ef5dd77d35999f1fda973c21711063c522ee96847bd515feedf216
3840	SHEIK_CLIFF_CLIMB_QUICK_2	1968	95c8801bd71ce2dedc80eddb759cc22d736c52504c1da77d05766ded5304b58f
3841	SHEIK_CLIFF_CLIMB_SLOW_2	2080	d7c8c5fcd75c11ea685aaad3e07baec9382d9d963ccf6f43d0fbe4ed605eea63
3842	BOWSER_VICTORY_IMAGE_BOTTOM	132960	1147b9db32d468e2f31937058b754b9d6b8bd6c47dbfb25224238615ac4556c2
3843	BOWSER_VICTORY_IMAGE_TOP	132960	5d2b8c010ba8a936e96624143adb714bad06ff19361810aa6f187c35e739642c
3844	CONKER_VICTORY_IMAGE_BOTTOM	132960	c812a98bad2376b2c4a0607cb6f8e8a338a2262e4af708fbbc5cfc9aee019de4
3845	CONKER_VICTORY_IMAGE_TOP	132960	ad75c7eb60d2655238ff505615b4a23e41d7186be325a6a07eea8698b44dbfcb
3846	GANON_VICTORY_IMAGE_BOTTOM	132960	a370c7032a96a30a73c510857d0ac2205df7818d81dd14ab4726b9d5eff2e9c6
3847	GANON_VICTORY_IMAGE_TOP	132960	8fdab8461e530d51c5b2429dabc05fce15dcaf7e05fda862213c5282db54997e
3848	MARTH_VICTORY_IMAGE_BOTTOM	132960	2f17a4f248b4d5eb1233ab355dadc6beee49cd822aee43a7b464cdc7acdf3cec
3849	MARTH_VICTORY_IMAGE_TOP	132960	59bafdc86d0adddbcab4152426928fba90c46eba293b78a945475faed1c24d2e
3850	SHEIK_VICTORY_IMAGE_BOTTOM	132960	6240f444ea3dd950988d1b2824dc13baa4e4b8b2d02789c42efa46659f883769
3851	SHEIK_VICTORY_IMAGE_TOP	132960	9b0eaab5069dd313a48ce8980cc66282b698d3da54651439a15e90317c527edd
3852	WARIO_VICTORY_IMAGE_BOTTOM	132960	f06a464ec5febb9af4215a9179c3a7196ed84ff6a12899ef85a75bc44fd2a939
3853	WARIO_VICTORY_IMAGE_TOP	132960	12dd9e084bbd92859ce21d5c22df125dfbaa6d0dee300ff2ac9dafc0618faf96
3854	SONIC_VICTORY_IMAGE_BOTTOM	132960	899c11b46ae1363816e46323bb7cbd36295f6e1314baad6e2440eb073df6ba3e
3855	SONIC_VICTORY_IMAGE_TOP	132960	c79e729aca9e0cecc51c042ab4c5ad946c80e642229905596baa3e52cb5bd879
3856	YLINK_VICTORY_IMAGE_BOTTOM	132960	7e114a6378ddc37f70b48340064c4815c0bbcf1e3d5490055667afccc7a1c8cb
3857	YLINK_VICTORY_IMAGE_TOP	132960	058c42f2ca902051c235e449892ba57db3cd4eaedf33c8b2bff1f08e73fba8e1
3858	WOLF_VICTORY_IMAGE_BOTTOM	132960	9d84dda0427e684286253f69a8c330b7f36ee0a3369b316545c6b5452a9c4c91
3859	WOLF_VICTORY_IMAGE_TOP	132960	818250c78de98b488f165be25af7bee4720e410713ddadad84626e91ddd8f20b
3860	DSAMUS_VICTORY_IMAGE_BOTTOM	132960	565f6236317c288878d532fc794164c038d6016376744725ed739a41a3b38589
3861	DSAMUS_VICTORY_IMAGE_TOP	132960	b35cf6c89b68fd131e59390ebea9ef8fd69a707e3caf765cad9bb2374649e793
3862	LUCAS_VICTORY_IMAGE_BOTTOM	132960	41d90900198f7f61e85111dbcb7a425bf1e7dfb8b85486819960eb634dc52258
3863	LUCAS_VICTORY_IMAGE_TOP	132960	1719a2b260124af95ac181562a996775d6219b962371771e9f0ee10de431fb04
3864	DRM_VICTORY_IMAGE_BOTTOM	132960	67bf6498d7e65f778f9550420415354c550c3c4444d9b8827e8e67f2b8c7116a
3865	DRM_VICTORY_IMAGE_TOP	132960	972b0b0bb844ae5ea3f8df62666416e8934d32b34fcc5538199b2b35942162b6
3866	FALCO_VICTORY_IMAGE_BOTTOM	132960	3c43754e225194dc1f14f83fb3a912d1c679d7bb805772f54a623ca7d7b2db28
3867	FALCO_VICTORY_IMAGE_TOP	132960	310631d9fd4dfe043e3be7ee2d279ce546441008d20d61476964b917592890ae
3868	SHEIK_ITEM_NEUTRAL	2864	75d95ddca1920f52690963a272fba6464deca69992353f7959269f4ab2928f19
3869	SHEIK_ITEM_TILT	4288	1ccf94d9ff4750cfc946a831825d306cccd8ed6f2a0906dcf5f7f9218f8b57b3
3870	SHEIK_ITEM_SMASH	5360	420a18bdbb04864cae89d1915b1d021298fd786a5d572f478468d6aee17004c1
3871	SHEIK_ITEM_DASH_ATTACK	3280	5e7283251a3098b8abf1f94a18efbbf475510aa2c4ee4ee85d70c25a5f5f5382
3872	SHEIK_ITEM_THROW_DASH	3680	27643708c825131b61e8fb280f3cc4b76d1ffb2436e71b53a5ee6b25f20c45cc
3873	SHEIK_HAMMER_MOVE	2208	38520fa95fd0b3b906da617c1c5393b6b0777ae895b90e714bde268cf39fa893
3874	SHEIK_ITEM_THROW_AIR_U	2336	fed5284d8408dee639a4dc424bd9cb98da45b843ed7e3ff93e163c35afbdd605
3875	SHEIK_ROLL_F	7312	b60f073858340789d3edffeba3c47705530af8b9d0602b4bd2bd5e5474b00578
3876	SHEIK_ROLL_B	6896	0d72226b281c16e336a191ba52912c6b1db5e9ce7d744cfa75d603fc30f606c5
3877	SHEIK_LANDING_AIR_U	6352	c4d359b27e7540f6f5d34ee5fa202fb3a18feb7cb885a8a0c894636cce23907f
3878	STG_GLACIAL_RIVER_REMIX_HEADER	224	bd3c32861ec034da0187250fdbc3a4d79553ad22ff9126c48355db04a6221bd0
3879	STG_GLACIAL_RIVER_REMX_STAGE	21552	3214f69a398ecaee2002ee6e6367233fbcf989fd3f513ead37ffd3fab5bb9db3
3880	NWARIO_MAIN	1536	b9abb8e93169e10ba6cb84407ae8a5fb4f29d2d8960aef7ee2340a14dad48e5b
3881	NWARIO_CHARACTER	17744	7f63f792b892548cd1a0adbc27f334448e4014ad76ccedc002daabe6bc359a4b
3882	NLUCAS_MAIN	1616	dff2f56ebd2c142a5515fdfa47e686a937da1b0bf75b3b55896695a36c60c82d
3883	NLUCAS_CHARACTER	18880	104d3b67aeacbeb9cdbfeeebbb48c5ae7b3aa12d0a9dc952b044cc29939b0267
3884	YLINK_GRAB	2640	552a6a53a981240c8078de887a9dc7be66f13efdd9c770feac8bb90690070317
3885	YLINK_GRAB_PULL	720	806f805bff05ee9efc603884b78ac9002a4a829c452cf19b8cad7f1d4402ea85
3886	MARINA_MAIN	2224	36fdb99ab45c0b184142cf7c0be6048d4b85fd85496100f87716cfe276cb0bce
3887	MARINA_CHARACTER	79600	a19138432ce1e9eb112f5836a0370e8381d47c2606bfb286840195040b080b14
3888	MARINA_SHIELD_POSE	28128	f47918f9eb297654dbca191512ea3c6192adeb1552f101f45b5ef8d0df28819a
3889	MARINA_IDLE	1520	c98550da016e9f9fa740863695094a1e9bd70f4200ec81a06fff3c46abf85289
3890	MARINA_WALK_1	1856	b6447205a969311218914d547c766f6c166122915126859e0235b4146cbe9a07
3891	MARINA_WALK_2	2192	254192f3e76a0454812427d7015a58e17d03cd71f9fee8a04abe28d00cc30a33
3892	MARINA_WALK_3	2080	a867ea5c5d0127c580469bbee91c356da7a29e42c364fe6f0e2f34096ff91597
3893	MARINA_WALK_END	1936	d0679c585c2b25f8d4ade969e7f9c548b87401f34f326d0a6b2d6c00c833ce0b
3894	MARINA_DASH	2432	0e213faf2d7e24fb4e6fd1796f3d5c00a6998b4ec06190c7a865949063b6dd3d
3895	MARINA_RUN	1680	4a46bd8a089d5b77d20e8830ea4f30a24b969c4dbe4af04c037631ae2076fe4d
3896	MARINA_RUN_BRAKE	2736	971de2e3f0f7f5be9e68cecbde5083545f7db446e5c2f65b0eb6c1b94ee1709c
3897	MARINA_TURN	1328	ecd027860a8916c0035ff236404d4d5ff8c9e7d3b9428775b394819321c45f8f
3898	MARINA_TURN_RUN	3232	4ff047f42c7087e2ae6fc99607b71058d3fea1af939c2698d3371ec2a554c00f
3899	MARINA_JUMP_F	1056	06d21e3cbf82c0b75a05f65b16c10e28e85ef032c1ee9c2a2230c681a22d46af
3900	MARINA_JUMP_B	1440	5d952556035e9e7fb3ffd56fdcc00948ce3a5465e7bfaa76cce6a70bf21afaab
3901	MARINA_JUMP_AERIAL_F	1968	46357e56a41578a64e78b64d6876122133a3dad2cca626bdbf742add05820f8d
3902	MARINA_JUMP_AERIAL_B	4272	d04bfe42410b3635e0b595999a65534ee3a82cef3ae1c74eba4104b90bf73960
3903	MARINA_FALL	1024	a7e72326f24add41b7680a66597ef018cf44caea9917c5415d521cb32046ae34
3904	MARINA_FALL_AERIAL	1024	a32eb3fc56c1a75a866502e1357c3362753fa0abbc1aec5291976d7b57643927
3905	MARINA_CROUCH	848	12f04e0b8d3016beff8c2206b69e1fb2203786a391c79b1f61a4f8292c75cd6f
3906	MARINA_CROUCH_IDLE	1600	bb5455d2c251a5de641b1759e16b6903607740c86fbd42404db5afa7f54a43f7
3907	MARINA_CROUCH_END	720	23d51696251165f2fcc70945c016fa7d65395af9416853c08051a1937a9635ee
3908	MARINA_LANDING	1088	257fb908b779d8a5e53147608c2a11426922089df37a35dcaf5427a39918d773
3909	MARINA_PLAT_DROP	1808	b5d31d15a1be2676c168bfaeb8c18a63d5aee1829eef77f7d58503a862941b8d
3910	MARINA_TEETER	1456	5b31c29d739d4c60668608859cac9292281694b30874713f9b5b7de6d0a416d0
3911	MARINA_TEETERSTART	480	8c5d86affeac63b294f6eb85133e84ebd329c3750297a34710979ac7b65eaa25
3912	MARINA_DMG_HIGH_1	1360	8c8564e90418dfc65f9688de901b5cfed0065c2e21a209e34fe2c429cfa3e100
3913	MARINA_DMG_HIGH_2	1952	443ea1d7af11cded63af5bcb45d3cee48651a5cae679b94866fe80a27b22b74b
3914	MARINA_DMG_HIGH_3	2160	74dcf179e494b043ee5ff32c55e4735789b33443643682b014711227577a36de
3915	MARINA_DMG_MID_1	2096	f3e1a6c3f3b440161f4ae2c653efe58ededba94a8d4045dfcb3cc9dd6826fd1d
3916	MARINA_DMG_MID_2	2976	112788ecc9d5117bd49071524613279fb3b17e5c54e5fe8ab9b01e0a6a5e4362
3917	MARINA_DMG_MID_3	6528	9eafbc6ce46f1f30d28043357fd70a6c7df5f4ee30c3294a75ea594642567d6c
3918	MARINA_DMG_LOW_1	2432	ae5e61a59dc0ae93f7c0a225565233cb96cc258ccd1d0ec0ef435a9ab0dee1e5
3919	MARINA_DMG_LOW_2	4528	57b326c32d2e68d5c465aedb5c07f0119a14f28e4591f3776bf40309816e4b95
3920	MARINA_DMG_LOW_3	2688	c2894c06ca072fbff211813f5b61ad4544b369aae0102a7116dd74766cf9373e
3921	MARINA_DMG_AIR_1	1456	87be43f8a436b4a9fc5dc6cbcc72d460388cbf8c6513e1906db2cccaab5ca110
3922	MARINA_DMG_AIR_2	1792	50ba3b8486e2832d2035230862da1232148c8d0b976394ad8bee5aa6400169fa
3923	MARINA_DMG_AIR_3	2304	a02c1bc379b4df06f9c7a6703509aaab80b12fe6e8174a5c8909ca70af6a631c
3924	MARINA_DMG_ELEC	1120	28cf95344f6edb4d8e4f813aa7940ec97b03c8041e54dba558697b66eaead8aa
3925	MARINA_DMG_FLY_HIGH	6768	e9d20520159d4bbbf237ff315e0e029e6f7c9bc6ea0231c9837095c3803bbe9a
3926	MARINA_DMG_FLY_MID	6112	85390125c58e87b4390ad385aa03649c5edf697652388d298885c3a2f00d1831
3927	MARINA_DMG_FLY_LOW	7120	9329f7f7db009ffaf804b74a56954106963d97fe67c095cacc7d408f4598d71b
3928	MARINA_DMG_FLY_TOP	11536	6c814dcdcd24e0daf2b6f2920bcdf1d7269cb193dcdf72c0e59a487578bb51c8
3929	MARINA_DMG_FLY_ROLL	688	8d9343c33626ea2f39132f324e2aa0de5d1c05f5872333c74f7d2ea0a610402c
3930	MARINA_TUMBLE	2032	e30768d7d30f6496fcd634b97980f9a33c2597f1ab0572792c58ef52d7f5b305
3931	MARINA_FALL_SPECIAL	1056	8b4e3dff12b58c11a58c3f6c7ed3978e4abe9f166ba17e53541fcccdc10d615a
3932	MARINA_ENTER_PIPE	1136	51810f153e459317baa4169759bb2fbf85f038057626b0ccfdaa9485102cb586
3933	MARINA_EXIT_PIPE	1040	09cb04cd1f46db07f9c020adbac1f2dae664dbe808509c748fe61f8ff89d887f
3934	MARINA_EXIT_PIPE_WALK	6448	69ae42637e0fca29cb1f61b80f0a27edd0deae8bccf33e757ff565093fafcd98
3935	MARINA_CEILING_BONK	1088	bc7b6fa92f47e463a57cb7f4ae801e041a5cf8614ab9c868ba2293c66cfa7c19
3936	MARINA_DOWN_BNCE_D	2352	c910f0348f1f9cc313734fc917129146a331f0344f7c5192079b5187908026e5
3937	MARINA_DOWN_BNCE_U	2256	771bfa0e4f49c5cb440167e7cff4c543a103968768d3b1af5d436d4a5e868ab7
3938	MARINA_DOWN_STND_D	1376	d4c594a7ef7120a7cb867674849577677a444af615a7d21fe8cee46e03d0a457
3939	MARINA_DOWN_STND_U	2192	efbabfbe66e801dfe28cbc897b437a2eb5e08bd9bebd6b48ebd5e8f6b1bf1212
3940	MARINA_TECH_F	2912	b0f88bbdff1a064a50c6d6c4a09286008e880e47ecbfc1c2095031d167c26240
3941	MARINA_TECH_B	2848	d0361c85271fbb93113de2ba225dcd9dca163f955053cfc98f8e293678b64a23
3942	MARINA_DOWN_FWRD_D	2096	f8195e4b4f6591c1bb13eb81806a00e5e7ae26d49a046824c26a183d9c822a36
3943	MARINA_DOWN_FWRD_U	2720	239270b29e7fd95981a93cd5fe28bb8df218982c2663e7794ab2735e38029809
3944	MARINA_DOWN_BACK_D	2480	52e4b237183beeeda76f0251cbdd93244af5717043f388e76755f46767fc18a4
3945	MARINA_DOWN_BACK_U	2528	a82a460e7788c75ce0ee269594d4f3ff4f555ebf2bd57525c526d49e8ee4c974
3946	MARINA_DOWN_ATK_D	3328	17ab4b239236a7dee448af0ee29e1002b3aa179e5aa2424ed8bfa27073d0b31a
3947	MARINA_DOWN_ATK_U	3280	0a970a7f9b8aa812c444e0c59de51de6c3136d1bad33770b604e105ffd0d66c1
3948	MARINA_TECH	2304	631b619a86dd163f794b58e377088a882f020658445e475adfe298780d65caac
3949	MARINA_CLANG_RECOIL	912	7805a5257806179de1b51255054e46ce448c7b6d69bef67af6938515e7b0f621
3950	MARINA_CLF_CATCH	832	7bde75a7d3b87f81958d74ce3d32312bf27247d7a737d30101e7e7759c47ef5a
3951	MARINA_CLF_WAIT	3008	23ec3c561793badf16ff10d2930b75ca025f8a12a299f512977b6292592a6bd6
3952	MARINA_CLF_QUICK	2832	99ae8a40bc8e2d979cf08461f2d9ae13be5c4de5548d3613710d9a47fee40c58
3953	MARINA_CLF_CLM_Q_1	2816	b02e632101653badf41a06345fdc5f9cd5d0a6ec2689d3bfbbc7f8eae2a4a568
3954	MARINA_CLF_CLM_Q_2	4448	09d7ab5b62fa400e90c9a9e8ebdba494790b561484c0cd0f384c1d661b473690
3955	MARINA_CLF_SLOW	9408	9e1558d4fa6fa168760eb4ec09e873c7a2283a67b547f22ce17f19a3f6a38f31
3956	MARINA_CLF_CLM_S_1	1824	5b89356236463ad3ad7dd5337b59cb74b780a2fa141790f2d6da7ab6e07e497f
3957	MARINA_CLF_CLM_S_2	2960	051c5482de9c93a7141f7cc164b6dda719a3292974543290d82e091c1b3a8d3f
3958	MARINA_CLF_ATK_Q_1	1728	33a71b2e0e7970f2e2ebe011cfa9d6df961ed843bf3a081b7197d604267c99d4
3959	MARINA_CLF_ATK_Q_2	6752	c3f3803a91101d6cc8c5370b63e5425dbae80c6bdb5e172f1b6d3110fabb2639
3960	MARINA_CLF_ATK_S_1	3456	9c2711dd0f1ee73c3a9a777c4a1d9f4f97527219083f87e37de80df9a1fb7bc5
3961	MARINA_CLF_ATK_S_2	5264	09dff1da73a7a305a7b01735b27fd94fa8becdd637647413e929526bc23e4fec
3962	MARINA_CLF_ESC_Q_1	1376	a713fa310f6b8207f9f8d92d28ec92467ba099e3ae8629c8e21d2cfb4a171879
3963	MARINA_CLF_ESC_Q_2	8960	131453bcef29e3cd45d444b76fefeeecb5d2dd9044a325da69bfe40f9666b572
3964	MARINA_CLF_ESC_S_1	2272	e530eb21a5d42b71286e4d3245cd904f20db65c0788f652c53ced9366593aefe
3965	MARINA_CLF_ESC_S_2	12480	63b3b5446c600ecfe16dd40df6108f405e130f2b20735f138434b6f84eb8ce32
3966	MARINA_L_ITM_PICKUP	1856	6eca69a63034ace9c472ce6c53019f4251bfffa946eafbf77c04c0e019d926fb
3967	MARINA_H_ITM_PICKUP	8128	d6e9c0c9d88f40a0bcbed856b8a8a4fa25474ae6a9c91c181587bb583bb6ed58
3968	MARINA_ITM_DROP	4160	0b5c8257c4cbfcca397e59b03f9cf73848a452de095f024c700ec05d3cbb0f80
3969	MARINA_ITM_THROW_DASH	2368	9663468cc459aded84324a5543ae43f5ba792a8abd7d5ef81243fa537e780680
3970	MARINA_ITM_THROW_F	4528	dc5d1267de366d5387e4d091fb0501c49e5395f9f7310bdcd5c87f06c6583545
3971	MARINA_ITM_THROW_U	2208	ff89ce1b5b0dca034aa4005538afb0b257893c1a15a09c3f8582a7f8e833728e
3972	MARINA_ITM_THROW_D	3840	b0743c74b9e06dc57b9c27063eca9bfad72e99654f082055fb955526a7d48451
3973	MARINA_ITM_THROW_AIR_F	2224	b195570b90507993737b9d48df6ec80e96d6ae86145e78d5fb1d5b8c1cd3eaa8
3974	MARINA_ITM_THROW_AIR_U	2224	50a00e33f7071119b5acbea4835833f64fe207cd6a2a32df16baa14391800cb6
3975	MARINA_ITM_THROW_AIR_D	3264	058f1ea6432a1e5bc0e8963cd1c804024bfa2c8d13730abec6f7af0c44c7d432
3976	MARINA_HEAVY_ITM_THROW	10944	8d6cf54bf6f7160cfb2ce6a86ce26b04d6a3481a7ac35ffd670d846130d5f503
3977	MARINA_ITM_NEUTRAL	3824	80fd2b3ac1ebe5795e1a59786df5cf71575ef36c5d1d10932f04f2e7a32a975f
3978	MARINA_ITM_TILT	8208	5434f596bf82f0d22d8a1f1654539cb9ecbbb897b07ed6f6ec6bdcbf5c6a3554
3979	MARINA_ITM_SMASH	10224	0973757cab3d78f1851865da815d5dc53ce8d2913ef05b0ac18a5d4a6547cd97
3980	MARINA_ITM_DASH	10048	298b8c3da5d39b56bb1431ba7e4cf7a3464bfcbf81f0fa2539580fbdf1f207bc
3981	MARINA_ITM_SHOOT	4704	6488feba529ef7b94ebfdd086220dfe0e7e5215a30313e290e0514e31cfd40c6
3982	MARINA_ITM_SHOOT_AIR	4064	22d04c80f944c34b8e206298c5de775d9e962fe800b3e94dab649ac211e7f763
3983	MARINA_HAMMER_IDLE	1072	a5924319824ccf8443ec991d08f32c6439df4575aed85ae2149956c1d45f427e
3984	MARINA_HAMMER_MOVE	2000	a1a09f9d1dd240799391de0b137d3b3e7a4fc3caf20f8050c0c29a7c687b0fad
3985	MARINA_SHIELD_ON	800	6998665939d87983960d6028386d084c44ff10292d182dac77bf656a9461c039
3986	MARINA_SHIELD_OFF	2256	fcff447f95530ba583e416f02b33f9267efc1a99df46869ac31d79339ce27732
3987	MARINA_ROLL_F	2528	9eb15006072050d0bd6cbe350dfbdac9c196ad601384907ebfb0f84d4d30c044
3988	MARINA_ROLL_B	3024	e49d931cb6e19f6f29ff31ed708f5081acef6a5c2afec909cef9cd551876f84e
3989	MARINA_STUN	3456	2d438d40b3b1b28fc212a6ae60f9b48628dee0d26e72132643b17d7ff8a5975c
3990	MARINA_GRAB	2480	677f86bb16c26c0c6fde4457a3e0cfc3976761d4f206d4f2e66831f751fc7501
3991	MARINA_GRAB_PULL	704	a438cebb13e369fb239339274f65ead087a681ef52c0c493d12be599ebd251bd
3992	MARINA_THROW_F	3040	5fc3a5430519b49ab7d593641a09c2cbc4d5a55ce196b314f08a3e583ea32647
3993	MARINA_THROW_B	5216	59281bcf836f6fa22a9008dcb984f1b025959d85a70cc7d728c780beb0e7f217
3994	MARINA_CAPTURE_PULLED	576	2379f6a4782fbd95a423d79183e423f543756b5fa0c05e9323e1fcc5714a9105
3995	MARINA_THROWN_DKPULLED	1152	dad62629623aa8e7aa838f1bd9298531339741fc88b3ec89b749123212b66009
3996	MARINA_THROWN_MARIO_BROS	1360	421b4e66c651182b0486c520be622b705a925d8902700c30e6a7341a1ea25ded
3997	MARINA_THROWN_DK	1824	0087d25b67110c74b30e97b0a0e710e8072cf168af172e4ebede7be49cad9dbb
3998	MARINA_THROWN_1	1584	2a30a30382e8090ba1fe017dc8e6c4443cf1d544062620bec2b6415e8b9f3fdb
3999	MARINA_THROWN_2	1600	5812e78f55bff46b439a32fdd6f6906bf29ef90c5d3f21ceb9f6883e89b315fd
4000	MARINA_TAUNT	14880	759bac7874794dbba0d40adc9ead5a1669b13452ce38a650d95821f0f19e330b
4001	MARINA_JAB_1	4320	7202113cd4bb38e717fdc066396a1216f5660c6ad123ad9d521387cf400b120c
4002	MARINA_JAB_2	4448	48015eb4de866a962b97340afcaa4c6d530e93c1e39c9717d82434d77eed251f
4003	MARINA_DASH_ATTACK	9040	ca53b180844bc69f09e02b0a1420d5598e91fc310cc222f1d1491542a1431f44
4004	MARINA_FTILT_HIGH	5568	cbbb091133478f34ff7e1c39efe88fd9ea4be81de5655d9cf3614884df5a2d9d
4005	MARINA_FTILT_MID_HIGH	5568	cbbb091133478f34ff7e1c39efe88fd9ea4be81de5655d9cf3614884df5a2d9d
4006	MARINA_FTILT	8832	d15ff163590d2bf8e16565c8a103efc91682c107e048f40fabc46146bb1bfc04
4007	MARINA_FTILT_MID_LOW	5440	89f40c78b5a1075bf0564a1ec37aa6fb0ed0da290a0523df774597d893b693d1
4008	MARINA_FTILT_LOW	5440	89f40c78b5a1075bf0564a1ec37aa6fb0ed0da290a0523df774597d893b693d1
4009	MARINA_UTILT	6880	6733a284ebd854688791fa1d539d0b44b8875e2b56e492c886018c2f516e6343
4010	MARINA_DTILT	5008	040f0c8326614139bedb7a4ab74d21fd7fec6848cefb246d5a9668b605416cb4
4011	MARINA_FSMASH_HIGH	13904	ed7e7215a49eeab71f1b5f45215fd8d454b5a1dcbfc1a30c06fcd67147165168
4012	MARINA_FSMASH	16496	ec325c277084e7ccd9a6e7e5465e4ba551bd171163bea9148a8509a08434911e
4013	MARINA_FSMASH_LOW	13904	5c9cb1fc680a69174a37142e07799c5ffbfba6c08a46bb0dabcf4f93b922fc4f
4014	MARINA_USMASH	8176	6e19ff9c4a7468bf94faf4123d1a9077fae7cbc1d85b7217efc14b9a74b30ad3
4015	MARINA_DSMASH	9184	360c193d8ce3e086438cddd3271eb5d0f40131f3caa9f96d22c8a6c23525b547
4016	MARINA_ATTACK_AIR_N	9184	56ded44c3118ddf603e4c33ffbe0c78bec3abf0498964238d03c1ebbf7a08af1
4017	MARINA_ATTACK_AIR_F	8144	9fe0c1700b141292e47adcafd0c5009fe9bb731d108a113e0ecd05fdac193d68
4018	MARINA_ATTACK_AIR_B	10480	2741be9cda897fd66c489f52e8e81d4d006fef535a919dcc4d8e755588ae0abf
4019	MARINA_ATTACK_AIR_U	8000	3bb5b4d96475386826117a668b9a09a80b3c2a602ffce1f0c3d19b5d3770b93c
4020	MARINA_ATTACK_AIR_D	6048	f8874669aa1326a0f2704b0c322c6f3df8e531295e041a9609b639c2876c7b8b
4021	MARINA_LANDING_AIR_F	5520	f4e1fba47350ce27ade3b4c13883148be7dca7b06ec2f15d7a324907704ba61f
4022	MARINA_LANDING_AIR_B	7760	5c01e630dc44dc38a1e94fff15ef1a4766510234b8a278bd3b1ce9c85b352055
4023	MARINA_JAB_LOOP_START	848	28df46f6a600f856cc6bd801f5308bab4f2632ecf79eabaf40f143bb1250e774
4024	MARINA_JAB_LOOP	2656	e8b45f8f91e90cb41fdb7b1ede2bc2ccf1f25d43927e0f97d590648430706e03
4025	MARINA_JAB_LOOP_END	1184	96a75973751ac8db4c534c52204093018b6f8ccd62fc9f6f2a22a54076138118
4026	MARINA_ACTION_0DF	2016	7752dc8ddb0f2d6af2c4f1f9dffee07b8e91642ce9945bbef35ff956b67da49b
4027	MARINA_ACTION_0E0	56272	cbc6172fd486fb0322e726b789e8fbc9ae1f3d431207ee5edc2e62f79f62ec6a
4028	MARINA_NSPG	14016	9d44eee17e72af46009a2e8125d270c27ee214e77775a209433392d968f2766f
4029	MARINA_NSPG_PULL	1376	ecac911006727699aea40c13eec0c4335496772d5b1a3a48e96cdac555821f4e
4030	MARINA_NSPG_THROW	12752	12f31c190ac9c0db3d0e40dac3f39469c70f4c64459521c7879760b473a74500
4031	MARINA_NSPG_THROW_U	11232	fbc203e1fa325170f641fdbe75288381cc0814c6fb9169fe36db65670ec9d854
4032	MARINA_NSPG_THROW_D	11312	5b8938cc3189dc6cc7467a30fa944d78b2e4a949275c59146f2227096ae6fc5e
4033	MARINA_NSPA	5168	e67d35f1108de413abbd232ba0795b3303e4d04fe7db5791c5c02a94e722b917
4034	MARINA_NSPA_PULL	1376	ecac911006727699aea40c13eec0c4335496772d5b1a3a48e96cdac555821f4e
4035	MARINA_NSPA_THROW	12192	f8f024977317a97c316dde240a74f05fbbe23b41ef56ef02a61c6ac3cf402941
4036	MARINA_NSPA_THROW_U	8112	9b96a12de5a07491788b4f93f1515d80c98b8cac8661f61202112eb73faad926
4037	MARINA_NSPA_THROW_D	10112	47afacc7bb337bf95eb3bd02833d7ae18d8b40c1ebda1f1ba72c5592bfccb74a
4038	MARINA_CARGO	1776	247c5a16b7b52d9776c991c8e39e033c37a90a0f24145e85cadab0da21d51f1f
4039	MARINA_CARGO_TURN	2144	4dff9201774b4fcaeca1680a3d49a22b1627de57b7e8a19efbb15b6c41d41fc3
4040	MARINA_CARGO_JUMPSQUAT	1488	64f0a7c95c20895f60499a36d9a70842bac7328e45e8713334bed2f919d4c079
4041	MARINA_VICTORY_1	3616	dc36ef4cd64662644854e055ead346ba41affa4d98dc13ef4fa62e2ff290f311
4042	MARINA_VICTORY_2	7892	cf712492cf5afa41aff7245ee18a5d7ea564291140a7c65dbba66b452f614e1c
4043	MARINA_VICTORY_3	13916	0e3473d12718a1167d78c67f1dc53cef95b263d4ea636e469d60dd8975fb85fc
4044	MARINA_CLAP	2952	c2f7f1089e9b8aabd0ccea77382dec3b330d4213a41ca36505a2ef5050c33b1f
4045	MARINA_CONTINUE_FALL	4476	be022792d9ea64688baae4b6f434be870a4f8941a734a6d7e6ccabecbf7e7f07
4046	MARINA_CONTINUE_UP	13040	faf9f8efbcc3dd3ea36a4c5f53ea61278d5e801eab85d8c0bd064b13ae1e80fb
4047	MARINA_1P_POSE	768	767c3794950fd5d2ca72325297e366566ce8c808d72179ac706be373319870d3
4048	MARINA_CARGO_WALK_1	3168	09cac24e9213a6cb9a572d7e05a21c16f5b4b1cec9688d76e8fd6fa93c9a94aa
4049	MARINA_CARGO_WALK_2	3072	d983dafa18d56ea3491ed70d3aebf5b65c3ae10a91e221a87d438a68dbd3b4f6
4050	MARINA_CARGO_WALK_3	2880	29f7762819de11a01d878b44f45411ebdaabb51e4f6b6f287c67c2b1faada1a1
4051	MARINA_CARGO_AIR	1424	583f8add6145203d0e9da9947227c7de6a0fdfe3cd50e5b46cc318c829b19f80
4052	MARINA_CARGO_THROW	5856	5e8cc63731d510a699b0ba50e0f172e56a75a88a0696e695042491ab24f08613
4053	MARINA_CARGO_THROW_AIR	5344	620fe399aacf11c3eee66a560009c7aefe2d07ae25c232dfd31d36aab36b5457
4054	MARINA_CARGO_JUMP	1872	62727c9ebcbba355358f2f47507370be38fe21761030899385b4f7cec2ac86e2
4055	MARINA_CARGO_SHAKE	3152	9f9c84d977f5d2dcab586eb0e840f2b92cfc6d9c5eace63dd49e2c8ddfdd2023
4056	MARINA_USPG	5472	ed013a1c5512c8a55abf9786f69d25b93533fa39291bf4320d9299e9034abf59
4057	MARINA_USPA	5136	e43d14065c0c5ba07efb7ed823d6945ce886de7d517bd85150b89804a42f67bf
4058	MARINA_GEM_HITBOX	384	63763a13b265d499d73cacf6eb0c944375f8dfed5ed7d9404edb181a92ad93b1
4059	MARINA_GEM_IMAGES	5360	7f1278275b353837de5384dcf18748c8a7db26385dcd17eff96da59d1cd11a09
4060	NBOWSER_MAIN	1568	4d99ae21a6c53aeba64ec1d43c02065a8033ec18ccfaadbf8d07def51cec8c72
4061	NBOWSER_CHARACTER	17008	2cd242edcd742b5e8f6532b67c303e90d50c6b5039a59c957cc2e6cbfc60b8c0
4062	NWOLF_MAIN	1552	a20957ddb72cec0e1cf0d07b4d209c34b068deea9db2b5496ec6769e3e4777c5
4063	NWOLF_CHARACTER	14544	4102eab31ada7f136e059d4368dac305861fb5e50f265c9404ba3a08c6328de7
4064	NDRM_MAIN	1536	461bd8d941cd0a29e7ebaaf7f5d185968bc57b655dbd7d28fc31a60a9871f862
4065	MARINA_DSPG_BEGIN	1248	4c8039e72b26433091422bbb9ccfcf6ba61c9a30ea7a00afa9953ba72ffaecfa
4066	MARINA_DSPG_WAIT	1184	320c9ecabe02e6547a2f4891dc766ba6be1fbbb881fd63fed3281b88a5cd820d
4067	MARINA_DSPG_ABSORB	2080	46164e86192c6b67b3196c8f10aa36df61e38ff42c999548f8ea0b836ae45874
4068	MARINA_DSPG_END	1536	12809f95da2c27147b58af810663340499eb3fd59748263023d8d3969955dfb9
4069	MARINA_DSPG_PULL	6288	593d9fdf63d95191acec21f04a0a80ab04580ea24e4c4c0fb731ccc489d59c71
4070	MARINA_DSPG_PULL_FAIL	5888	e2fe1edd3dbdc88e99277715dd5569402e4250a65cc5778df951122716d89621
4071	MARINA_DSPA_BEGIN	1248	4c8039e72b26433091422bbb9ccfcf6ba61c9a30ea7a00afa9953ba72ffaecfa
4072	MARINA_DSPA_WAIT	1184	320c9ecabe02e6547a2f4891dc766ba6be1fbbb881fd63fed3281b88a5cd820d
4073	MARINA_DSPA_ABSORB	2080	46164e86192c6b67b3196c8f10aa36df61e38ff42c999548f8ea0b836ae45874
4074	MARINA_DSPA_END	1536	12809f95da2c27147b58af810663340499eb3fd59748263023d8d3969955dfb9
4075	MARINA_DSPA_PULL	6288	593d9fdf63d95191acec21f04a0a80ab04580ea24e4c4c0fb731ccc489d59c71
4076	MARINA_DSPA_PULL_FAIL	5888	e2fe1edd3dbdc88e99277715dd5569402e4250a65cc5778df951122716d89621
4077	NSONIC_MAIN	1632	dad3ac57f39ddac953de0cc36243d2022d61c39ebe745b5e4d1035ac9f9628dd
4078	NSONIC_CHARACTER	19392	6429e9b0db1dca3067c640d694fba1ee1b82155bfad67d5f6f1c7d4e8243cbda
4079	NSHEIK_MAIN	1536	9999f6ffea80c7c7dddb8754d0a8360edb5f19aa87d803d399c8c2976e5fa421
4080	NSHEIK_CHARACTER	16256	a7a2f7485b1f05511402e8f4b87494f4d85e5cbfd5a4db088458e78dba3e540a
4081	STG_MARINA_TARGET_HEADER	272	4e3718dac5a49e4631a0de1601e7c86d434d066c744edf47833f773af2766e88
4082	STG_MARINA_TARGET	16032	6b70e066eb24fec8e088266fc76e7706bc3c919e7175befd1b2d26bec7613e8f
4083	STG_DKING_REMIX_HEADER	224	2f1fd6f728f3143e692ce8e5f0baf6dec624711ae5003a2111cadcb09d514e79
4084	STG_DKING_REMIX_STAGE	8864	4d01efd88689924027aacac95bc3cc0a2a18855947a6a756c68487426c14b33d
4085	STG_DKING_REMIX_BG	158928	a898537343b5049ac36930bc296d496d942595936e88b580003eefbc254d96a6
4086	RemixResource4086	176	cb9656f708f919cf31906caa7a579d1008f293784c644de650e9bc0b1276e662
4087	RemixResource4087	20448	d93633c6a7d76ed1e5c6445becc3ea58e20375a508028b261151176888a9e199
4088	MARINA_CPU_POSE	768	6eeb21e4b1c0aa5909d5038d45b9e100f00dcf29777c194b549d404c2b5cab3c
4089	MARINA_DSPG_STOW	7328	af7cb6147cabc8768a6dc07c8151cc08d21565d3b2bc6552148c8192b06de751
4090	MARINA_DSPA_STOW	7264	3f69cbaf3e089b05cd2914eeddbc55acb19bb9ad339c52405d5ed7f73bd2a2b7
4091	YLINK_SPECIAL_GRAPHIC	6672	d14b5d11291a3e2fcd0a5c8b6dd4778f8982bd42b2a6cd05d2f62e3cc2a1dbc7
4092	MARINA_TEAM_POSE	2636	b056c5087b26c42e274df4ebb49cdd7be19b7e36751983711ecfd5ad551ed372
4093	DEDEDE_MAIN	2304	a05c419f52a4b008e0ec365debad84b22f1b13361c61fa574506d0af5aace48f
4094	DEDEDE_CHARACTER	95184	da8614a155a93699fa2100633094a63f9a02873826aa77ebb2f0dd9774ce67af
4095	DEDEDE_STAR	128	820b878337cbc6d71e087c0e576acaf7207e64c0851f9b3948d17d3b53e732c7
4096	WADDLE_DEE_INFO	400	e01b71d2359c7dfb5d8b01409998270c456404f5fc3ca8641582b6940ff69a2c
4097	WADDLE_DEE_GFX	12664	fee155c806cc6a6e5c1db76b9f0db34f247cb0956645a953992b6325c30be491
4098	DEDEDE_IDLE	10416	7106c391dd7b0670ee6a9c17c619ca5b994ad8d603af45bd1a815e3b222a74ee
4099	DEDEDE_DASH	2176	593f55d06889b6f37c21255963a21b5df067355ed131d8a3c45bf9c1614255b4
4100	DEDEDE_RUN	4224	f088d1cac7d028d8611b641ab807e35c9d76d176d55b786462eb50066d3f8d9a
4101	DEDEDE_RUN_BRAKE	5328	f8e4bd1965d3d750c9a36d8de9cda234b261b896167a082369017b2fbe9ac01d
4102	DEDEDE_TURN	1792	26e97a9fcc4cac14b6f54e8e45c3d28b512cf4dd59f632a843cb34895a603352
4103	DEDEDE_TURN_RUN	4576	610fda7a783913f2be5b95121bfecb47526e60ee919c1d2723e65c906575757d
4104	DEDEDE_JUMP_F	5840	608d73a7c2fc12c8c5d2c968a3db1ccf047d4c2703da27252067eb1b306651c9
4105	DEDEDE_JUMP_B	5856	123361a078e86d04dbf0d48868415eaec84a511ddb54cd81ff1f14595938723f
4106	DEDEDE_JUMP_AERIAL_1	5008	04f8236b8c851cb0e154b5830fe57249aef3a6df84afd2e39cd0f0c6b1b48cbd
4107	DEDEDE_JUMP_AERIAL_2	4896	aa0c085ea0ae4c3a52616eebf472a2c4b7bc5c841909f8925f831de505f7a288
4108	DEDEDE_FALL	3808	169c6e0a00f2259e66afbdff1c425ac38a5aa9a9623c147f0fee8cc9bdb5139e
4109	DEDEDE_FALL_AERIAL	2624	d9d5c01e767011da00a11c7693086ae9820bb1ab0fd257d16c79038c0036dd78
4110	DEDEDE_LANDING	1856	2e23b84b8723aeb9e3d4d48acb75c35f954e08320641a21b027936dd3895a3d5
4111	DEDEDE_USP_BEGIN	2880	8c9c0ece14be298332f493675033462ff2929721a02c75c9531687ee19fb3ed0
4112	DEDEDE_USP_LOOP	1040	b9dac2af1b1e3b63e79628f38d3503620e888434d52ab530141551a287b75bc5
4113	DEDEDE_USP_LAND	3152	f9a83b92ef740f0e2d895cb01a9fd4ad92dd5fb050f32bf2d0045c1a983ce324
4114	DEDEDE_USP_CANCEL	1248	98dfbfc1a1aa22dc72dde9e572328cef6233669cf125bf3e5b05c1a806582536
4115	DEDEDE_SFALL	896	5fff717c1cb5417b6ec517ad15771228e9f73912b5ab70a62c90a125b0d849ca
4116	DEDEDE_SFALL_LANDING	2736	a967f48af25540b41a8df5a3f880884e7ee282bb1ccd757189d3b53e3ebdb77a
4117	DEDEDE_ITEM_SHOOT	4608	36ef06e4a9136cb67a6a14df47e1e3ebafcbba1c7f9e47759edb8f30bd934a7f
4118	DEDEDE_ITEM_SHOOT_AIR	5312	ae3b608f8eae78f3457629ac17d0394617ccfbd2fa28ea92d4a914d39aa49934
4119	DEDEDE_DSP_BEGIN	1152	0916ab986a9232e540f75ceefb3f0350bbef600a5863fc3492b4f8b5b225f505
4120	DEDEDE_DSP_CHARGE	3968	fa5acf602b85e81139cd13c27386e7d064b40b1f47b385f6f16b233b5f57eca8
4121	DEDEDE_DSP_SHOOT	3472	ec58b8e768b4c1f11f8ebde2fd116456f094bb70f805dbe4e7ce456164717260
4122	DEDEDE_NSP_BEGIN	4064	1f3df82cde433e08b63f2659d0125504570d55802ce132f90597ce14b0f5fcb4
4123	DEDEDE_NSP_LOOP	1920	6f965da15f8016f8054a1e5fc47cfe4098c8768141e181907b5bb8db8e678648
4124	DEDEDE_NSP_PULL	4032	4890891f3ae76f6c163e1337ce366081b1872217871513bfda2ef0466d67f995
4125	DEDEDE_NSP_INHALED_IDLE	11360	642c52b46bafc9faca80b5f9cbae340efa4e3aea12d90e429aa7b675a417bc6f
4126	DEDEDE_NSP_INHALED_WALK	5104	c635a75a3d1c67122367a60c10fa15a75124982d684faa6839ef0531cb11ce44
4127	DEDEDE_NSP_SPIT	2656	0f8d82bddda3c183240214da2c80844e7a0b85a9fa7d625a7c7aaa2a53a9f331
4128	DEDEDE_NSP_END	4144	5f30cd66a7ace2348cb63d50880d1b18b16c9af67992c1d8aeb6c09da1543776
4129	DEDEDE_HAMMER_IDLE	3536	661baf7c7aa5d532e6be29882cbb437e68af1ef3a5b9da7e72290e9eecc9ff54
4130	DEDEDE_HAMMER_MOVE	6464	f2f21a8c5f3adcf174923e42d866fb2e065bb04ed92877e493ec82e3af092a0c
4131	DEDEDE_CROUCH	2464	065dbae6a13e3bcbe4b6de420a5c5f6388b31785a098a70ed4e79112860ad7ab
4132	DEDEDE_CROUCH_IDLE	13456	d6b136878761f06b965dc3f63f4f87d5fff197fd5341b3987103b2cc2b660dd0
4133	DEDEDE_CROUCH_END	2080	f48b466624e013b2fbc2d95f3a64d6e722dd3ab0df5a79f26a22140b89e33566
4134	DEDEDE_JAB_1	3904	2694d3a98af55890055b0df92b8c958fc3467258706aa7b67f95426c3cc1c8b6
4135	DEDEDE_JAB_2	4368	fc0e06947f52f7f5a9ecbe58d7bd92a4da08969fbfd87cc15b87588ab90466d7
4136	DEDEDE_JAB_3	5088	c27239520259d5c086677bac3d60c9f49b211931b86ceba97c51c84acb96f5a4
4137	DEDEDE_DASH_ATTACK	13248	91158325954e07f73f3b0f467125438e89131396c63306f0b36eadbda5587429
4138	DEDEDE_U_TILT	4448	044d9cc883ad5fe894b85666f635317544c88dadf9a7fb26f249f5d173b765f1
4139	DEDEDE_ATTACK_AIR_F	8032	1bf5d95ce06efdff5312d98a43398ebe819f5cc682d8573bc91c5ff49c01fbbe
4140	DEDEDE_ATTACK_AIR_N	3120	7ef532b2ea81146463cd05bf7cd29c5876d490e12f39bc836dd5ca7afb462646
4141	DEDEDE_ATTACK_AIR_D	6992	0d0298f33fc1e555351725880b35824d90e072264e648e0343a105d876e2dc71
4142	DEDEDE_D_SMASH	12384	56af2226d6b194cd5441cc348cd43ce128f3088b35ee5ac783b8edc2e1d6ed79
4143	DEDEDE_GRAB	2704	07a2aff62e7b74b6c855e6a2ada372ba0a57ae0494e024e2acff42951443f2d4
4144	DEDEDE_GRAB_PULL	832	b568189c10140bb1e65b7ad08cf5aba7d5f154ab7020edfa46661e334d962dfc
4145	DEDEDE_THROW_F	8880	f91dd0c2d628ef1e79b49b8818b8f83241c4649c6553eed5151faff4a6ba4790
4146	DEDEDE_D_TILT	5552	e9734e9eee38e158fba8046676234fd1be0ddd0543ada071a1f80e4de8951c19
4147	DEDEDE_U_SMASH	9584	dbdf5d6612ec24d90dd4a5f3d5dda65745d9074164883f297c35f497c84466aa
4148	DEDEDE_ATTACK_AIR_U	13824	8a72542fc55a397d1bff5cf38ca046b7048c9fe6ec0af7e80c2a2a16cd7f6e1b
4149	DEDEDE_THROW_B	7920	61c65b0d6de985ccea33b141bd38842b07f422f6afc9a14f51aec8736e84078e
4150	DEDEDE_ATTACK_AIR_B	5440	117c9431f306a05d438e2348fb85f0134fabc07d29bc8f7d6845c9eb65a73297
4151	DEDEDE_PUPPET_FALL	10260	2bcddd107a0ce3f1081e4a1da000d3b70a6184ff07d1b1a662ff666d8c718c04
4152	DEDEDE_PUPPET_UP	29104	43772eed687ee2bcbb0b39fae6b180be7909974e6b7d570f0598ec46d9df8bcf
4153	DEDEDE_F_TILT	3120	9054621326c7d3dce1fe3f0e173348b2db8542eb2241a08d09f42fc58adc7741
4154	DEDEDE_F_SMASH	5840	045e8f715f3baedf40915e65cbc9802e9ec3b18e5bcc060879caee08afc35091
4155	DEDEDE_TAUNT	22928	9ddc295bd7c9b206095ac6ccc6c731f5a89b37be3a4b098620063d4c5017166a
4156	DEDEDE_SHIELD_POSE	20272	819a3a336f063e27c17c0258685700dad047ea5432e0cfcc79c583f66deb7b89
4157	DEDEDE_SHIELD_ON	784	5343af07a19b4f76ef9e2241a28e36ca43f075ebdc224ca872464ece0c8e50e6
4158	DEDEDE_SHIELD_OFF	2032	d2b97146aee149338950be0fe5dfaf68739034b62de6ddbc12c207e19a7863a6
4159	DEDEDE_SHIELD_DROP	4736	00e257fad9788bd0fd5f83c9ade933d87fddbee3ee43d37bf0d034a19a27ae47
4160	DEDEDE_ROLL_F	4816	7d5b8cc92777a8d8bbb30aed8664ab3559c80123a27e5f6b7cdd077b63491299
4161	DEDEDE_ROLL_B	6064	d69de09117dc876d83ae3c1897a288da28620e9f0f75974d8b222e15fb6940cd
4162	DEDEDE_VICTORY_1	27348	dd6b5094209ba75300b45c66a4c4b5b0bbbb1d7b0b2b763c13a07edc990fe60c
4163	NMARINA_MAIN	1536	022feb116f3edc2253401094bdfd791710f0bf0a23625b9c5c64f1246c4d6e55
4164	NMARINA_CHARACTER	13728	812e371122291c7de596a398b3816158efa190511171be0e437deba82d96ecd5
4165	MARINA_VICTORY_IMAGE_BOTTOM	132960	03ec427de8c6f0d2470745fce10ae6e7b6fa956dd588c17b6a017c40e92eb42f
4166	MARINA_VICTORY_IMAGE_TOP	132960	0a131b44c0e7dcf42a46f5f7c6d370239b26945af5a214e18fb3575b98b06390
4167	DEDEDE_WALK_1	11120	63501cb4905cd75bfeb78e46f100f01fbdf18e7f953decf00bea708543570730
4168	DEDEDE_WALK_2	9104	adbedef14aee37bb5f1008447ac1a483881cd3fbcfb5c00446b4690f9be34706
4169	DEDEDE_WALK_3	6976	386c5a1fc3caa11318676472b2b3f90b755eea1a83650d010e68c0d112c9a80b
4170	DEDEDE_CLIFF_QUICK	1664	620b4c8951e16204166130938e357f9d8d52b437606a146cf0a74e21e2b2d442
4171	DEDEDE_CLIFF_CLIMB_QUICK_1	2336	ab57a2e63f4c5b25c5e3d617120eb31b1e439a62138c3a4a610a7424b280aea6
4172	DEDEDE_CLIFF_CLIMB_QUICK_2	3056	e61a0a03ceb7af35a49cc20cfe4add7d963dd5e4f64089d7363f5843a715eeac
4173	DEDEDE_CLIFF_SLOW	4992	6f4bc19276576a9a7fbca3e826b754aa48dd72bb256daaa01b93ea1c6af55bdb
4174	DEDEDE_CLIFF_CLIMB_SLOW_1	3856	b05f93cf45e6c0ce011760686c930dd67c5e9525d8ca77490456ffc507da5e95
4175	DEDEDE_CLIFF_CLIMB_SLOW_2	3696	c911fb6903e8b6d22f8421b70b0109e7bc52af60575e9a0857dc675d942021fb
4176	DEDEDE_CLIFF_ATTACK_QUICK_1	2864	f0220e74dc9029f4af3f25b07239c887c42f0f3823dc87e3a515eeb1ffdba9bf
4177	DEDEDE_CLIFF_ATTACK_QUICK_2	5904	7a9d70837adecfc32a633f455857f91a8eea34e3ec277291cd3434a48f6ef71b
4178	DEDEDE_CLIFF_ATTACK_SLOW_1	3296	e2caf5ecc4ebc0b5896b936931e8b11d851ba15ca88648016a99658bbcecb6a6
4179	DEDEDE_CLIFF_ATTACK_SLOW_2	6096	288245557394f524894c79cb4588079741e4ed0a0be5c489cf3a6a1290b10051
4180	DEDEDE_CLIFF_ESCAPE_QUICK_1	2752	2ecdd69d7b1b1ac59d2eea42b699c21533372b8d9e45969a6c976fabb0fe14d2
4181	DEDEDE_CLIFF_ESCAPE_QUICK_2	5296	1774f6900035fcac9d7095da74e168cacd949368aeecc31de4b553f4ab59ab80
4182	DEDEDE_CLIFF_ESCAPE_SLOW_1	4528	86ce1acf5de045f6419b865562b44efa9289e8f43af6a9d62eb78732c76e8c49
4183	DEDEDE_CLIFF_ESCAPE_SLOW_2	5088	3f244eda0cec6035e15f2fb225f802e3e045d22cbd82951e7810aedb1d5bcfa9
4184	DEDEDE_DAMAGE_HIGH_1	3584	3d686e18a8f9df120d75445b27a83ac234989062fdc2cd71dcb1576e48c3c71f
4185	DEDEDE_DAMAGE_HIGH_2	5344	73c2e05efadace8b1c00fb9c49d92a2267b1fe5828dc7468b1ea289d760583bf
4186	DEDEDE_DAMAGE_HIGH_3	6064	2108a5ccb78069da03d528a594ef6f07101e3dd971aff3a5d075f3a46ffa7eb6
4187	DEDEDE_DAMAGE_MID_1	2240	2f479891ac7bb2f12904e59548c4496575ca0d34245c8652ac3a695ad03c9b9e
4188	DEDEDE_DAMAGE_MID_2	5200	94490417f9c817af6cdcfc44c054acfcb25590c2cca3e9ae7cf4f0e1b86e64a3
4189	DEDEDE_DAMAGE_MID_3	4864	1283f6101d2f12c403eb6931a24354162cb99537d3ada6e76453adc7c14634a0
4190	DEDEDE_DAMAGE_LOW_1	2160	7eef7a6c988800ba86836c130b6f918f95b39442ac118873009cf73d9aedac36
4191	DEDEDE_DAMAGE_LOW_2	3472	d9b059cebab3b589f54cde66578faec382b0c272d1b43cbbfd53cfb683c05c52
4192	DEDEDE_DAMAGE_LOW_3	4416	904b8ad7901a27141854f21a2b7a8a97bbdf270609ea31dee26f3c521202d902
4193	DEDEDE_DAMAGE_AIR_1	2048	1b03860bc34f59607801a7b2ccb3418d5056459cebf10d3383376918f2a5252e
4194	DEDEDE_DAMAGE_AIR_2	3360	8948eb1e6273624723ba375170e2c2ccdfadd5c4e6fb51f922592ab4303d4716
4195	DEDEDE_DAMAGE_AIR_3	4224	13bf0bd4ed4858e2b4a8330459dd9c46baedd74796cfd5373a1dcc29b53fab29
4196	DEDEDE_DAMAGE_FLY_HIGH	6144	a7c836ff62c98b7d5bb8d04b5908be4d8a183bb6a6e06d974fd5f648e2429f47
4197	DEDEDE_DAMAGE_FLY_MID	3888	b07bd17db6ec733acdfd0cf6eac7011449af145b5d7c2750cbd6ed0c74c45e93
4198	DEDEDE_DAMAGE_FLY_LOW	3904	b2429216f652a806fbcdcb0e7045b64e35e8896647f523e1aead88e485d08f57
4199	DEDEDE_DAMAGE_FLY_TOP	8256	4e75da594d4a88b6b281107decf2fb21e346f6670a4e7e41e926420ff4e8cdfe
4200	DEDEDE_DAMAGE_FLY_ROLL	768	efbffd9631fa19ce5b8f8ed1a0094455a5f86bda36ecc9d5345abadc1001c5b2
4201	DEDEDE_TUMBLE	720	a378da15d7a9416efd00d1530ef431566fcb6a6dc3f0544a6fb70adfa57ff6c9
4202	DEDEDE_DAMAGE_ELEC	480	0abf4476f8284ba9ad2b491c31214b767008b029e3e0028260f0e5900fa40de5
4203	DEDEDE_DOWN_BOUNCE_D	4272	f579f5a92b08c3329445fded08598ef9d59622ec27a9384d9f64ed8d5ddaa0f0
4204	DEDEDE_DOWN_BOUNCE_U	4784	826c7d9c94e6e02330661f96f683a653b83cedeb6227ce59aae81b16f5870c39
4205	DEDEDE_DOWN_STAND_D	4432	987faa672c21decf7d8ba4aa21a492e96fa0a5bdf625c01bddc05ab09cf5c1f6
4206	DEDEDE_DOWN_STAND_U	4544	d985542acbccf424288c11fa59178d0d2ae214867096682c1c7d200a0983d393
4207	DEDEDE_TECH_F	6656	2938144bee86b1945131eb0f46d92461f3852304b2fc0a5548dd5ec951e83e9d
4208	DEDEDE_TECH_B	6688	6e902cce156203b9d9f7ecd5d3bf05cb7d92048349f709712302a9aba0ba584f
4209	DEDEDE_DOWN_FORWARD_D	6032	7f03909423a0c502d50a4d384f63796bf5e11d0200550b7959940723810b8738
4210	DEDEDE_DOWN_FORWARD_U	6176	90634ac1d676ae7735748338e2fbb26d4854469ece327d7362a0a5fa64fc976d
4211	DEDEDE_DOWN_BACK_D	6032	fb821e7a501c9ce8f6224ca2468d4000532ec051566194a5d5e50d17235c514c
4212	DEDEDE_DOWN_BACK_U	6208	84d02bb31261a3a5baca4e8111320ee05e6986b564b3d4a705dc00260c47bfda
4213	DEDEDE_DOWN_ATTACK_D	7984	c6b55f70df13d71a323244f0bb12f0b5bc334d879271455b974ca364bab79574
4214	DEDEDE_DOWN_ATTACK_U	7984	955525d6872a08047faf3c20ea74452f97be0463060a5da49d03a75fc568acc9
4215	DEDEDE_TECH	4304	bc0e6b66d2b95c5372cfc7a2060210483353c926896b4a081ab7c86ff9a42e50
4216	STG_DEDEDE_TARGET_HEADER	176	34169577a9e349c227566bafd3da2a9821eb94ffd18df2f46c18d2547b494c3a
4217	STG_DEDEDE_TARGET	16704	b0174ab5ac63843fe0fc7b2382be1f574ad5fabdca85dec23922da5ba981a5af
4218	DEDEDE_USP_CEILING_BONK	832	59ed43c8040b4c982f49a2d21282d74602c42606d04d78a239469dee3254e22d
4219	DEDEDE_LANDING_AIR_U	3856	7f0e7fb69ab8f5b6946ee7e44c5a29aac9bedf1397ec72b4dbc34d9a62d26640
4220	DEDEDE_LANDING_AIR_X	3856	7f0e7fb69ab8f5b6946ee7e44c5a29aac9bedf1397ec72b4dbc34d9a62d26640
4221	DEDEDE_LANDING_AIR_B	3840	c18161ad89d7cca768b6f6ac22d4ba530342fe04d37c47840d5a50c894c97803
4222	DEDEDE_LANDING_AIR_D	2336	1e487610545900916538d10c959da2985dae37a5db8a5b212b3876d9fdc0617d
4223	DEDEDE_ENTER_PIPE	3856	6b1be984c725f972ddb63d7e2e23bfc55e2c0efd943a66bee2de09107ba1e2c4
4224	DEDEDE_EXIT_PIPE	4528	0af1e61ed1dc0cd4ebaee1b2bbce7c38255af2b17a98560e15705f5f6e293fd3
4225	DEDEDE_EXIT_PIPE_WALK	5120	74d42fcb28c31982eab74847816a2d241dc5bcf20574daab1f0c8b26772fdd52
4226	KIRBY_MARINA_NSPG	8416	ad2b91083fcfe626eb6f65443c6861388e3db2f3dadcade6d909354a98f22f56
4227	KIRBY_MARINA_NSPG_PULL	2128	1dfe7ef326e2ed4a0dcd3ef2907fff98f7a3eecf71751b07ccf4c5d75455d520
4228	KIRBY_MARINA_NSPG_THROW	8256	70eeca7e19d23f08a7b77d61f86fc007f22ce259701958712832b457e6e26787
4229	KIRBY_MARINA_NSPG_THROW_U	6176	e1bc5bc4b3dde23a087022d5faac179491193da180d86563d3383c058259a3b7
4230	KIRBY_MARINA_NSPG_THROW_D	5856	4adb91900fe9c661095f6fc477b2dc477b6443358ac177ef36dd0fccc8120478
4231	KIRBY_MARINA_NSPA	10720	797992a4aa9b3fa363d1e519f86f068553e8d554faee2e641f12bec0eb96ec65
4232	KIRBY_MARINA_NSPA_PULL	2144	8edbbe3fc6e425c2b18c40b974c55d39e523927a0b0386b4402fdcd288493279
4233	KIRBY_MARINA_NSPA_THROW	8624	f824e385470cc7154f2d905c701a67e318643484961c0e4dfb7e7467a881af2a
4234	KIRBY_MARINA_NSPA_THROW_U	6000	f46cf3dc705fd6e88c53f6e86d1213cad0827a5d4f1a5a2a4b69eec9b1bcb8a4
4235	KIRBY_MARINA_NSPA_THROW_D	7648	47d744588a14a71a1a54c3055d4b11b08d00d608ac3161df8d770416a27bb7d8
4236	DEDEDE_1P_POSE	440	2a86a740f5ce15e9dc7c3a95d2bc300cddcb492338575ecb082a51d7a5c16335
4237	DEDEDE_CPU_POSE	468	32372db0bf15acf24cba55359cca504d1545b313718a1341eb07b098effdd4c7
4238	DEDEDE_CLIFF_CATCH	896	ddccc933133ebbf05e6c4fce22327ac77d9a3b06c35119fc512da7e746f78011
4239	DEDEDE_CLIFF_WAIT	2240	2a11780d5c5be38d1f070a132a2e0a2c897a5a331651e62a622aa635b8e8f9e4
4240	DEDEDE_ITEM_THROW_DASH	6176	c90009452a57c6a7c839f565263eecc973ba55a0ee657f154d1358b94a2d8f79
4241	DEDEDE_ITEM_THROW	3872	4744de324df41a5121c6293c3d5152303ac7cf7ae8ee2d9184fb55f55e0acae8
4242	DEDEDE_ITEM_THROW_U	4048	8cc5245e2d5d8de8d4cb5d3b64e7c66681e429f39c581ea87c6b37a357a9c96a
4243	DEDEDE_ITEM_THROW_D	3296	abaf49ea8d37a86b93ce0633f10af7af6e480f6cc99c2c85b4f5f8ccb1878961
4244	DEDEDE_ITEM_THROW_AIR	4240	ed2f970cc78375e6c32228a2a9df46c383ea8e9755fc11f33969327c4632c3f5
4245	DEDEDE_ITEM_THROW_AIR_U	4560	cb9864a0ef367e66acbc45c18cde2301760a31d8ac79673c2df6121e9dd6d8c2
4246	DEDEDE_ITEM_THROW_AIR_D	4400	2820db2fa28da754531400ad890ee3c1faab912cc868cb187e60de11c4839a47
4247	DRACULAS_CASTLE_HEADER	224	dc84e892d480ec58488f7594b27262af49a1e75cc44b4200c2306081621f3de0
4248	DRACULAS_CASTLE_STAGE	30240	f088b961509c017fd9c4ab3b799e3879eb9ffe1bf7844ad5b444e3d1940f8a52
4249	DRACULAS_CASTLE_BG	158928	e45655f1849ace41c11f5dc12b834de6e91f2ac368552c1ab7db240d01ab3914
4250	DEDEDE_CAPTURE_PULLED	1008	4ba6921c7e735971dc8a084bb81a68e67df304bafc04c039af20ce9d3be46835
4251	DEDEDE_THROWN_DK_PULLED	3008	08560690d3fa474bf07227898637b8621a29488dd88628ea56eff8d75146405c
4252	DEDEDE_THROWN_MARIO_BROS	3904	16263018b4ae608417a64267e5fbb8a694879c2235e9a9356d3f2e6b865aeb8f
4253	DEDEDE_THROWN_DK	3072	b31a1c89c4df5cf417e0ec82fbe4e5c84e094d182f854ce9c3b8b9a0b6d396c6
4254	DEDEDE_THROWN_1	2784	e55d1de4625c0f8482f11c75a70d3615ecad4a3009fadbf990cd644e1cd78657
4255	DEDEDE_THROWN_2	2864	f9f96b8204a25427f8e5924a9ffb3bf6cc56fb7cd695d254f6a801d22f0ba6a1
4256	DEDEDE_HEAVY_ITEM_PICKUP	4352	4e00f1073b37466b0809e67de12dd5bb6afad25c3c88177f453f16d3536714f7
4257	DEDEDE_HEAVY_ITEM_THROW	5744	bb07bc74244f2429ca551ccf476193dbab16a60f2407b65d0ba3b7c0279bd236
4258	DEDEDE_TEETER	10720	bf48aeb602e6336c8f4017f25795141e01b7b5c15e37bafce72daca67eb7bb87
4259	DEDEDE_TEETER_START	2096	6420a8602714d173069c8dce6c951d4254184ab34858568cfe0d9ac5b0d8631b
4260	INVERTED_CASTLE_HEADER	224	0566b0384471d75dadfffa3ebc1eed75aa5b1ce502dd5d038fe23be5b689caf1
4261	INVERTED_CASTLE_STAGE	32272	74ce4b77cb2bc918762f3ae237ad1c3fa0f15b2b16bd1d5082de264e1f2989a6
4262	DEDEDE_ITEM_NEUTRAL	2864	6f6dae0504a0544128a534269e9684f30e6a668f606ada6885614015573a03a6
4263	DEDEDE_ITEM_TILT	4208	2455330a92e43fd4d1969368cd1a2780db239ab50ccce10f641bb4faf9cb36f5
4264	DEDEDE_ITEM_SMASH	6960	33f4cbc354ad0400faf88010e275d5c25ec5aa99491528971d8907af1b690eba
4265	DEDEDE_ITEM_DASH_ATTACK	7456	e7ec6f1732b77de673fbf7b232eb1ee0a4c3086aa9c8bad4fd3a4c8ea5f0a4e4
4266	DEDEDE_ITEM_DROP	3344	8b01f5d24acf85392373cfda7861b6b6b3a670d360d5a15c737aeda4d1e5edd6
4267	DEDEDE_LIGHT_ITEM_PICKUP	1424	dd8d1c319eb778b65d2d0cc8f642168f7d98e7d3672d061d18191f1b1ea676a5
4268	DEDEDE_CEILINGBONK	1200	55272a769ce476ec515774d6e1e656ead96451d37f63aab25ed09871ea153a67
4269	KIRBY_DEDEDE_NSP_INHALED_WALK	3056	ed270a0c9def864503d2d32f359f057782554216054421de50a94f17295f7814
4270	STG_DEDEDE_PLATFORM_HEADER	176	1efbabc4710d76cec55f01beaa8f631ca00e24631c05b8bdcd85b0826066be49
4271	STG_DEDEDE_PLATFORM	29936	4321ee42414797d59dcd2bdd3b19768737f52128cd7081be10f9c3ba6b3ab4d5
4272	DEDEDE_STARRING_LEFT	7344	ac65b2fbf7a735d1f877380afb643068b0e1ab1cdabb7b27fc8834add88d7695
4273	DEDEDE_STARRING_RIGHT	7488	f170a9e15d5feec6323091342d6f07ef2145c7f749e47739046d2624db1537d7
4274	MARINA_ENTRY_GFX	2936	47534e1f68a4368fcf71488f1a5d9daedf3e98fbe5f52713dabe7b2124083514
4275	MARINA_ENTRY	17952	e6fdd23a9abe666f50ffce4d922fe47946af62584bb85239304c6649f8ea24eb
4276	DK_THROWN_MARINA	1168	f8a090c808609ff5004735a47766581ae28e83f8aac5c0ea05be7723737264e8
4277	FALCON_THROWN_MARINA	1264	a426b17aa760bffc3ae6fae0c28cb6c1f75405751b8969e2e81286f9523735cd
4278	DEDEDE_CLANG	3168	08301d40bf93929959f1ab05dfab1adb63369077651976aa829fcfb62578f42a
4279	DEDEDE_STUN	17200	e9b867a88a1170831f76a5c5ab1c835a1e2c1f6c4b68bf4aa06395692197addc
4280	DEDEDE_CLAP	10864	e91adfe085f31d1362976ab94a056473674f5fc7bf8fb53873d63fbd2152a6e0
4281	DEDEDE_TEAM_POSE	3788	01c5a5666ddec7536b544ea9d819f160f1e4087638053d770a69b67da6f5197a
4282	STG_MT_DEDEDE_HEADER	192	34555a07496d0bcc877682706fb2861d6e4781a3b7dc6105cca80236f432fc97
4283	STG_MT_DEDEDE_STAGE	55128	496cd910a01f056d6c3ebe7920a77814fd656c60d5095d8d9d904414c5bb920f
4284	STG_MT_DEDEDE_BG	158928	1be950719434d411366d14573ba7b10bacff4919baadeb1a23404675b71811af
4285	DEDEDE_VICTORY_2	9752	428fc41043efb2f16385aadd8c7907778cc51cca0ccb030cc35ff2ded6c64d54
4286	DEDEDE_VICTORY_IMAGE_BOTTOM	132960	25bd0a3995270b57d5ec8331d5a8ada1bf74039159551713047a1f3b5d31b964
4287	DEDEDE_VICTORY_IMAGE_TOP	132960	47d5bade3f0afdd41b7fc104a51a862695fbd60636e2ce1c89265dca9db2445c
4288	DEDEDE_VICTORY_3	10900	e022d833829ff2b58dc685aa2d281c31d34f23e8b2598d0396f51f97ee53f9c6
4289	GOEMON_MAIN	3184	1ae90c61b81ab7792bff5e8e891ca39a8d071a98e3e3fb27c3e5e8851f7c0f15
4290	GOEMON_CHARACTER	77472	5749a6401db912dca29e1c9bc43443d5ecdafec57441798cae3bedb7d87bdaf4
4291	GOEMON_DSPG	15008	c2440fbef41118ade794f13fbbd314d22186e1c08794574b2ea44721ad1776b1
4292	GOEMON_DSP_PULL	1248	ce6b4d5e9f695ea8d56dddef98de7d58891fb0fd0f57c109dae5f58bc6222b21
4293	GOEMON_UTILT	5024	af6d992b7938f6601bf7b48a105864523cf75f344e75404a460748df99c708d5
4294	GOEMON_UAIR	7264	c7d7ddf5ccc6e908a679978eb09a5faf4c031c4bf42cdf4fe2e03e27639d7ca5
4295	GOEMON_BAIR	7664	0da9e132d57c4bd4c044f23dedd3803674b0d8717ded21de938771762fbe7a15
4296	GOEMON_NAIR	8880	d1f998cc309e008ec5b4feac3037cd975165903fa655703664e941617c790f67
4297	GOEMON_FAIR	7264	b064ecc639bd752cfc805c8356ba8d95e0259356b18c0ff1423f861b69334022
4298	GOEMON_DAIR	9536	64538f77e512f05a4f40bc64d4a05d635c9dc4707d0b0201236fd1b8edb73c91
4299	GOEMON_DSPA	14912	42f63dc593c17f9c3d2233f0526d369081cacdd60edd675d90badc6e395623dd
4300	GOEMON_DSPG_ATTACK	2608	7a3b48d10027d35f5c8831d81a5ecb0d7ee88607505510d104a357cbf6f1162c
4301	GOEMON_DSPA_ATTACK	2448	904469ccbcce30b45cad8aadbf430772e6a0c3cf18a2698ba693109e9218ea47
4302	GOEMON_DSP_END	4128	0a4de923852ff2271fdbe54c55abdb41c0c12e7fe29f1858fd416564394fdd74
4303	GOEMON_USMASH	12448	7e9285914c78e6b61881408a419a2034e5bed2febce649e9f7701de8d0c348b7
4304	GOEMON_RYO_HITBOX	256	51380f966fbcc5dec25f42a9bde2c2814b7f727c236416a1996a8a847055507b
4305	GOEMON_RYO_GRAPHIC	656	5599e0368ab711ba546a699fc837a5eed3b3e918f04b4cfd9056c80142fdd9a0
4306	GOEMON_RYO_FIRE_GRAPHIC	3680	29903c728ad96152583d34ee76bd2e206b4f014d2439cf6233d2aae33464ae37
4307	GOEMON_RYO_SPARKLE_GRAPHIC	5728	50682092bc05c98301ce02e97c5d39b98c22b30e4c5ef805b659fca7a04ea013
4308	GOEMON_IDLE	5616	53f42a64e356f3eaea8ad8b0044f459495468a1b89da1305f2900d5932c93038
4309	GOEMON_FALL	608	4cd13e8e36620764a54075eafb98554cb040df9237a0fd98f922a877f1d9265d
4310	GOEMON_FALL_AERIAL	624	b6ba565cd8427c6575cc98dbe99a57014f0035106b0d1d4342c68ac96e9f3911
4311	GOEMON_JUMP_F	4848	ff5f5ece0d201b1b841d16d61a8c72199bec078f510ff74f7b653734a4888911
4312	GOEMON_JUMP_AIR_F	2096	6bfd4ef19d3635b7e14e160c362a01abc4185cd7a8fb61519a0e41d14f18e7fa
4313	GOEMON_JUMP_AIR_B	944	900b065368369314dae2e53ffd00150892fb447f034c52abf07056a6f0da18b2
4314	GOEMON_JUMP_B	5360	7790e5208a533c1c689510d9c1c81e58e0cee9f3d61be3126e617a279d24e30f
4315	GOEMON_CROUCH_BEGIN	1680	9f647719c50fc5fad5c8361e25861c98360514639af00f81e2cfdfdf0c507564
4316	GOEMON_CROUCH_IDLE	3616	86f449f00d800ac37e8bd506281b40f5d7d828e8f323aef68535d47c79a4b9c4
4317	GOEMON_CROUCH_END	1744	1bbba2871b295756c885716a20bb556a3dcddcdeb2bfb7dc5018800c97342d27
4318	GOEMON_NSPG_BEGIN	1488	c9a8b9efc3e56c6b47a32258f4ee2640a3b599e81e9009fec15cebbb47746537
4319	GOEMON_NSPG_IDLE	1552	735506b30e9fc389cc2bd3f8168bff313c88e33d113a3f8354b680d7e17a4672
4320	GOEMON_NSPG_END	5456	da5a82bd28c15cae7702c7384ce91203f6555a33c404eb2fb1af39e2f5100463
4321	GOEMON_NSPG_WALK_1	3968	f78871dd87608ae86ac8a804ab6b944b3711ca08cc3d44908eb54db85dce0473
4322	GOEMON_NSPG_WALK_2	3392	795409b55aa65c26b4dddd56437673f47bdfee9bb8fc6905237c30e4b9a303d6
4323	GOEMON_NSPG_BWALK_1	3136	6c1d23acfeea5005250d3532b8a0f485ee989cf0149da97e91f1284ee9895db9
4324	GOEMON_NSPG_BWALK_2	2928	92d4adecf826b3bb0458c1e0e97f1330059e0a9bab339a4dfef20059a1898d18
4325	GOEMON_DTILT	4256	20cc3ebee525fdc23a9956acc3dd277d09bf2551d6209c5f1f2e44171cb55b61
4326	GOEMON_FTILT_HIGH	8416	cbc41ca0b856976eb3d2e28a109a64bfb8c44070c0416876e37b5cfa55b27dff
4327	GOEMON_FTILT	8416	349c8eeaf62ae35d78df0a35840ef364c675d31ef079afee7caab1e9ef545561
4328	GOEMON_FTILT_LOW	8416	d2da2ab1ddf644f7a6be4c3f5ed1b54a383a23ada44381650ccbb1a71069e47e
4329	GOEMON_1P_CPU	560	52aad8646b701ab9aeb498c4db2f966f89cdfc885e5d7e4fc58920501c2b5ad2
4330	GOEMON_JAB1	3824	f5232547181b2c8ba5ce6c6be257ca27e9942e46cc843755038a0c39d7fbbf2d
4331	GOEMON_JAB2	4176	ab71a649e827541cdb96c7ec9e55f80b99aad78edb8cb20efb028460392d0076
4332	GOEMON_JAB3	5840	3a821d901a03bde7c89d26066e7c6223e06857077c7cf577f36a02be04821499
4333	GOEMON_TAUNT	14240	afa80f32429ab13f9093f7cbd7624da2fb5e2d88d8b918bb0816fb8caa42efa0
4334	GOEMON_1P_POSE	608	22f6855967632785a25aedb41bec46ed4e4ea2acea0ba507bec9a13f3eab9aec
4335	GOEMON_FSMASH	7552	46168a4f4d20805ff6d9c47ed7caced89d5f727d86736a99130474b48396ef9e
4336	NFALCO_MAIN	1552	bb662af475cd5b111e295f3cb5b6448248e4471d6e0df67fa9fff5d88dd11e19
4337	NFALCO_CHARACTER	16640	0a8038665959ad14861593202a9f68aed385403867dce516bc60f99616d7a024
4338	NGND_MAIN	1664	8e7e1eaad49f172df6a003fddb770e6a9f37149be1ddcfa547d72e90dbd7a9d9
4339	NGND_CHARACTER	17520	d94326c8d8781836405c4f3cbe23172fea19fa9e0c62ddbdbf917a82ba43ef8b
4340	GOEMON_DSMASH	5328	db85e1752ceec809314d06d486de667c99582c480d360e5644dba1f1b94e82cb
4341	CHARACTER_BIOS_EXTENDED	168184	dcba7cc3e21aad09486da7b3da8e7ed1296d9f36c9d616d8f75e8043fd9cf2cd
4342	CHARACTER_IMAGES_EXTENDED	108816	ae6098d85f4b3b74966ea7467c3bbc9c99ddb7715d20490a8a62d4586f137bb6
4343	STG_EDO_HEADER	224	436f30ccb71dccd6a6068cec46f50c98a5bf988196690f24a4fe17cc9bbf35b3
4344	STG_EDO_STAGE	53048	d2b8ef57be2b3b23f8614475d1ceefc8a9407c512eb237a45175d014fabb9ee8
4345	STG_EDO_BG	158928	d8c86157ab55f3e50c336f1d73f5cd26b9072e9fde6493257d94185ed2343ff1
4346	GOEMON_DASH_ATTACK	7248	45db1204233da73e5258ed962b9dafef3a45bb4fbe45621a079c2db02331c312
4347	STG_DEKU_DL_HEADER	224	a00919ac1c1a853aeff7837329a05fbaf34fbb1c7f1518485aa692f3d583e8f7
4348	STG_DEKU_DL_STAGE	32496	dbf1e92f2cb3b31419a7593353154934e8d73fc4ac94a39b0fa775f9cfc1d36b
4349	STG_ZEBES_LANDING_DL_HEADER	240	88d115b223c17590fe92c179a7ea9b55ce019247c865e5f2f5c5f9d693a88ca3
4350	STG_ZEBES_LANDING_DL_STAGE	23152	e614dea0f75db7b9180cc5f4fd3548d195635634b9842afd3168e9e7373abd06
4351	GOEMON_CLOUD_INFO	176	aac862e6339fe0e76801ce16202fc580d3865b126ca950caed95f8256e3eb750
4352	GOEMON_CLOUD_GFX	1000	106e3e796e825cb4887211c24749db4243811b38ab3209821598a9a978ce1b5a
4353	BULLET_BILL_GFX	4112	a144e9de2070f06080de4623d568ca07ad26436559fe35e7e30f7c87062657d5
4354	PEPPY_MAIN	1984	341fc8182125d9cf9691d678066716395942ea9f7f95e48be5c84b48c49ee2fe
4355	PEPPY_CHARACTER	23120	955d039777a5dc8f09b2e11f80a42f590d8caf6d7576ee0b87fd175331f27930
4356	PEPPY_GUN	1696	35367eb4e05bb3c5759a19e6602ead571269b6920d291cfa715a9b8f161e5547
4357	SLIPPY_MAIN	2048	57918b8afbcb5c9a005c8c752c118cd0400f8bdfe38f46c9a954467cde622e9b
4358	SLIPPY_CHARACTER	41744	4156d42ae624c9d0a3d5a71bb123c2a56228499cf46e6e1e664f7e00a46bdc77
4359	SLIPPY_LASER_HITBOX	64	fa7fb1a913645a151f593c33eb2a3e5e5bb510df666341013c5725025e289c32
4360	SLIPPY_LASER_GRAPHIC	144	45bef145352dab526f42f758c34f58afa48cff406f7c5d4c5ef7ca5362ee2719
4361	SLIPPY_WEAPON	5096	ed1bdd9a484043beaf6574c04813be4407ff1efe5eee48598683f1695a503264
4362	SLIPPY_GRAB_PULL	608	7d2307a2566a3586940369cb5d2a8a8788a691782a18bc23fb8e322351c5ae18
4363	SLIPPY_SELECT	2624	ac0af40940808c2bad271529fde342f461ad49d2c14da6e1378d1c431c6c705f
4364	PEPPY_BARREL_ROLL	864	c2ce65a77a98eca8136b5bf15bc24d62bf3ae2cc51d93691e8044e792c4f336f
4365	PEPPY_LASER_HITBOX	176	3146a7da971f9dbc7fe9dcfd0cb03c2543d6f47b525de4abb9f2aa9dc68e1e5e
4366	PEPPY_LASER_GFX	144	87b474c454c2385127e1e26dd36af79a201b0f54a18983dd18ba5f71d77a6f8e
4367	GOEMON_VICTORY_2	21300	2fb7555c96daab8a2d8ead5a0156903a44e9cbbb0967cbf2a709971ad9af505b
4368	PEPPY_VICTORY_1	10568	a1c760c58df8463ce01166895b702439a49b93d83e1d43a39db1c9e6afbef07b
4369	STG_GOEMONTARGETS	18608	15b4b7154884c2ec8333ee9cc847339542a828d1c8aacb05dc31fb5aa2e04e08
4370	STG_GOEMONTARGETS_HEADER	176	5c95e0d6244bc949d098265ecf123b85ca2e17107e3a259ae2ee430340ac03a0
4371	SLIPPY_REFLECT_GFX	3632	2623cd84b50ff72f56e7ffbe8c21a8928bce8ed708b19fbc29f8bcb5cf44e450
4372	NESS_DUO_POSE	800	b8339d6b1b1732b94822dac4040f70c5b6a478f270753c5681ecca1eae5e0315
4373	LUCAS_DUO_POSE	784	a3bbcc19249b4f2903a5c4b146d151b36b0bbee855d0483870d6089aa870aa20
4374	GOEMON_CLAP	6544	1cda9e429e26b156ccface479513db162af1b684517d3a608e172d5e742e9343
4375	GOEMON_CSS	9328	0e997d9835861ff2b2616e77fbec9b0794fc9ce96f4eef040bc0b2df6561f86c
4376	KIRBY_DUO_POSE	644	4859fc2d3bad080cd3255feb5c550bbff2be20e826d68564e3566cc6e648fb5a
4377	DEDEDE_DUO_POSE	532	c361b1d45dda847acd4028c8462c86ad72c690d281fb24f8a03b27b474475085
4378	STG_FIRST_REMIX	21000	d37801694c2da6fcfb8164bdda04c1bc82bdb7c567c9826230f88bab46942279
4379	STG_FIRST_REMIX_HEADER	192	247ec60fa7bd68519a839822deb1999623a8301a57e5d118deac353fb25c0a74
4380	STG_GOEMON_PLATFORMS_HEADER	176	0dbba407fe45d3ff3ab7fece507f5ee1c4d829eabc48c301a76c47de95791fab
4381	STG_GOEMON_PLATFORMS_STAGE	26976	10bb8f8ecc33958264e5b131189fae01f6f207f41c4bd8792f6309f36548de99
4382	GOEMON_GRAB	2736	35397dfb5ca50a760e63979877281e3edf5115f06d2ceba026adf204798e75cd
4383	GOEMON_GRAB_PULL	896	55405929132cf7be966582f7f1915b17ed38df92536553692b1bb611f70134e0
4384	GOEMON_THROW_FORWARD	10464	f21b8c66237f0304684317ce82af6824807df49158963ea8941a4af16cae645c
4385	GOEMON_THROW_BACKWARD	8352	78fdbb91322a78242a726cd9e897f6d11b6864a7015cb5e59cb5dfe9009f59ad
4386	PEPPY_CSS	11316	dfabe4a62346856f9c62184f1248976643575cf6751fbf9ba98788fc72c679aa
4387	STG_TWILIGHT_CITY	27848	4757adcfe8e5eaeafb6f7fa5fc30204efb4ff2c1190d8b73490f35d6ac9a385d
4388	STG_TWILIGHT_CITY_HEADER	192	7055c611f9b0df06318428ec1ad352c8c057d9ca8660e53f3c6ba3d8f2f1059f
4389	STG_TWILIGHT_CITY_BG	158928	be9a136652c0ce9922ed8612b32bce6adc9918b876ee6b0eb4d7626a25c026d4
4390	GOEMON_CLIFF_ATTACK_QUICK_1	1312	7575dc8e7e41dc30ffe4c0a67ab0746ca46ec9aaf5ea10264f6b2c35f77dbe62
4391	GOEMON_CLIFF_ATTACK_QUICK_2	5184	c71100a1927d1352c54cea0d7fc3cbf2396fa5ce8540241c389ffb012fde1dc8
4392	GOEMON_CLIFF_ATTACK_SLOW_1	2128	af96f179719e0a7fd15fbe2c45005176c86fa40b1e4bbcf1a8492a95e81f20ea
4393	GOEMON_CLIFF_ATTACK_SLOW_2	5616	3963a39c298d0c64f6ce1d909c2065ce698a81c1e4b89468bbb23741dcc6f768
4394	GOEMON_CLIFF_CLIMB_QUICK_2	3616	ae79033aae91138a7f31d19cf63a31518a5d1aa3157f17687431d2211ab1472e
4395	GOEMON_CLIFF_CLIMB_SLOW_2	6304	a033fe2afbb27d4deb66f0d3c9b2143fe92d11b1d3786a48a7d0cceefa1dc1fb
4396	GOEMON_CLIFF_ESCAPE_QUICK_2	7792	60082e6884cb600e5706157c2f53c970184369cac6b4ffc85e9c659709fe2f24
4397	GOEMON_CLIFF_ESCAPE_SLOW_1	1456	697022fff6befa2c063f448606eec226813d130c0ce3e2a0f070a6c7d879420a
4398	GOEMON_CLIFF_ESCAPE_SLOW_2	8832	a6c36cc102636d37e259354a739099d4f5fa6504168489c97433cfed15ef931b
4399	GOEMON_CLIFF_WAIT	3104	36ee030c15d9e9e9879066a0ebe99f76a850107415197324a9f57dd23d9fa567
4400	PEPPY_DASH	3712	f04bd2f9b582f591e760b56573656042364b6103c4731f4d9c0e556ab0e2a491
4401	PEPPY_RUN	3088	7f11e4f96951216152f99e815c3b6021c509f64025251b7c6f1c53743f40f9de
4402	PEPPY_RUN_BRAKE	3424	7073a6379db242cf14d55c49d8c98795ca9f5be6693e1089ba3f628e7c4aedf8
4403	PEPPY_TURN_RUN	3568	6a4c224c68802901f3908d03024cc3298ec70346e7d9911862938c8a92818065
4404	STG_MELRODE	44832	e8e541de3824075efba68e6e1233d37656510239f20fe4f1334c2fb84cdff13d
4405	STG_MELRODE_HEADER	224	21785b87a8c2a1b21ff4bdee892fe85cda81ee38e41e6c54c37217b46d9ae835
4406	STG_MELRODE_BG	158928	f6c6aa64e85c37a96468e843ad182f7d8d6525c3b2758a588898a22b5e44a111
4407	PEPPY_GRENADE_HITBOX	176	7e1dc6e9ee152c70d381314529f407f4d3216c1bc16dbf5668a3a7acec24c9ef
4408	PEPPY_GRENADE_GRAPHIC	6672	41ed6ca0b3712b48a2d20fb46de93f7de1ee455e8fc64f7e3257ea52e53082e8
4409	PEPPY_DASH_ATTACK	6960	2184c0e1615007bc1c84eca2cab69d49a4b5326f2f7c5583834b887e6b31c9b7
4410	PEPPY_UTILT	6624	d5cc77c2b610583a5b73143553939d7fabc61ac9324fd4ef33db17ef3bedda10
4411	PEPPY_FAIR	9648	d55ef5788121c1590c45d35f14ec9c3458f7923fa8b1dcaa9a558fc6be889def
4412	PEPPY_BAIR	6464	434f5757f71b4d415d2b8980fb31616e396526ffac93b119586d31b62616536f
4413	PEPPY_UAIR	5920	198743765a95008a6a39eca2f5f4ec08a2046a9a9225f5ed69a693cbf4c48b4f
4414	LINK_DUO_POSE	588	8ca4147cdc431b10f9245d2e95aadd2311b7730473e080649e75129e12c16737
4415	SHEIK_DUO_POSE	616	ea71536a31adade885d5fabfc9b7c3f5c039df0cce47760813fab6155968a9a8
4416	PEPPY_1P_POSE	608	6fde9483922f04641138807c0e72d672f8bcf89fb13f0114f5b2ab069a4750fe
4417	SLIPPY_1P_POSE	544	63c478201b90bc20d61659db217d2ee68424c52e85c8ed2b4f5ffb69050cb3c1
4418	GOEMON_DOWN_STAND_D	4768	9062eb2dd5cce6f13870fac4b2d4787ca2c81126488943fb4c116a946770bbca
4419	GOEMON_DOWN_BACK_U	4032	dc499458941f31d5ca6271cd218ad47af059292f02ccef4f6a7c48ddc8ad03b0
4420	GOEMON_DOWN_FORWARD_D	5504	8e717ae0caf38b82b8d638be55bf46330a8dc99398e808d0390adb73c5970f3d
4421	GOEMON_DOWN_BACK_D	3120	022a3dea3e6f8489fe828d02986015c0dd8227427b3160e0e629279d708e01b7
4422	GOEMON_DOWN_FORWARD_U	5376	719f3be3c221ee7f4b2aef5846332ec257c375b00882e1b786cc7e73b553e64c
4423	GOEMON_DOWN_STAND_U	3216	e39d244890cb49dfef1120b5ab1fd1729381af88eac1aea5086ee4d7d0ed87b6
4424	GOEMON_DOWN_ATTACK_U	7120	196ce9537f6df1a63b2ac6530d46fcbf4038d7e1ac12d9c5727ad121b5124c8a
4425	GOEMON_DOWN_ATTACK_D	7488	9e4cb18062b9774f3b56178d928a1c0e409af3f656fcb638c7c119b765e36686
4426	FALCO_CPU_POSE	560	01292ae8a0edbd0e16fe0d7126f888556851a1541af3c3f9c54d04eae0357779
4427	SAMUS_DUO_POSE	584	3fd780bb01a8ba2eb51f7914eeb039abb499aa31eb648f6bc29548059459719d
4428	DARK_SAMUS_DUO_POSE	708	1732ab03ec6c1b843b6e60045b689c904e575d07a89106a7d3f78bd84dc30237
4429	GOEMON_JUMPSQUAT	1184	7dad85e110eaee572b473b7ec1acdee8596a1856e7ded589dc4a254b4c43b0a2
4430	GOEMON_DASH	3456	d29c1698466ece0c6c323016cd1077bc929755f275a2da1b53d459a976d47e38
4431	GOEMON_RUN	4112	87b11dc431826efec758a547c7e20aac163f28d20a8108acfe4cc7035c338ae6
4432	GOEMON_RUN_BRAKE	4256	0d513669f2abbeab19fa1d1474626749f0573ff58699228f8a3b7527bffa9f49
4433	GOEMON_TURN_RUN	4032	2db231f05c7982be6f03462b41b339406d5bdfa1c87a66751dddaf101e8b107a
4434	GOEMON_STUN	11328	351e7bfc2493fcef6f5ff43e610ce32ae9bb28070bd7a5a23098402b656d9974
4435	GOEMON_ENTER_PIPE	2224	e52e34842e80e18596abdfb0c7d1e4a937b165aec59dea1c529e31a253f6d5d7
4436	GOEMON_EXIT_PIPE	2528	d48f8428fdfc350efb4e3898124de9e66d8752f8061e6c1d2b8d155557b4bab0
4437	PIKA_DUO_POSE	600	795c07b2466e8e375d01e7fac75af8b6c614326e385c42bb617dde6584ea7c5f
4438	MTWO_DUO_POSE	736	0a6bab6e92863ae23347b8c95883abb2f6598b336ef56bbe6a8264369b7deedf
4439	GOEMON_TEAM_POSE	3468	070fb5bd93e38b87ba65c7d7c1d41a8a37fab3f7ee1c065e538e03522a3b7844
4440	FALCO_TEAM_POSE	3568	cec2ac8e6cc66f2aa743f021822fd1931a0abdcb9f220a0452db8058e19089a0
4441	GOEMON_VICTORY_IMAGE_BOTTOM	132960	94ffeb5c4d43c7c8bbe084cea62a5bb91eccbf7d22abafd638b97dbbfafac04e
4442	GOEMON_VICTORY_IMAGE_TOP	132960	c469cd651ddc494a358b447be55b6fc143d982a99bbbc99686da8f929100d75c
4443	KIRBY_GOEMON_RYO	544	1bb54f9cf5b1e76eb189b005d3fa6a360d51ec0fea5fb7815db84bcc9768bb03
4444	GOEMON_PUPPET_UP	19632	fd42e686473cba8638502ca6e4f461aff824038122866bc7503f968af3e55221
4445	GOEMON_USP_LOOP	1680	8eafe4c41dad6d811df41e9f9429322863b553613243517294248afbf4ffd744
4446	GOEMON_USP_ATTACK	5824	c456dd068f9f4997954aa37255019fdb72e664c1f2b224ad4b4b92f8401c544b
4447	GOEMON_USP_JUMP	4224	217a80e3c24ac4d31659f535a46c9775070f71d5704c6ef8b6b63b569183bfa3
4448	GOEMON_SFALL	1232	ad99f2bcce1dd74c34354522ab90810dffd8daec62ddba1057d8ce26470aeda7
4449	GOEMON_ENTRY_GFX	3808	768b524e8ca55f0c07b13321bdc74aa68c57eae463d20ad89e643eb21233a54d
4450	KIRBY_GOEMON_NSPG_BEGIN	832	70088ade9a5071b30c1af744c942dc9cd8554d065b99a1258b9c3845e022f783
4451	KIRBY_GOEMON_NSPG_IDLE	736	00a543766b305f75c66c730e3ec03d090c140b008f87e8ce56df510079b0b617
4452	KIRBY_GOEMON_NSPG_END	976	8c845a19d2a5df48632bfedd0198ac4f4b2df65acce2e4e8b7e51bb17d4fd6a0
4453	KIRBY_GOEMON_NSPG_WALK_1	720	6cf08a68341e05f487180fbf8787015781c49d03a0a77a89820d83e211dd9b08
4454	KIRBY_GOEMON_NSPG_WALK_2	720	8d245719bf3f73f9b27b1e2e9a97a1b752d363eaac8360cbb9765e282ee9663e
4455	KIRBY_GOEMON_NSPG_BWALK_1	720	6a2576491a48313c89b1a0b5b2b6e08c1e964914deb1f84d0acdcb4f8956148a
4456	KIRBY_GOEMON_NSPG_BWALK_2	720	9e93de40b242fc061e944d8d501392490c9fa530cc686283bbd779e7b0df2cc5
4457	GOEMON_USP_ESCAPE	4432	4f6412a402a35b4ec40c5252f4c0af029677ef47c059ea0f96d06b625676e8ce
4458	BOWSER_DUO_POSE	484	bdbd376f0513de082da92e77308664c255393267f5ff7022bb4afe19209f4498
4459	DK_DUO_POSE	480	b18693861728a43e11131e8acac68e4167edb5e78d270fb92440159d252c7a56
4460	PEPPY_DSP_GROUND	8144	23e1e0dbd95f64a9faaaed186aa32467de3e587b5be611d6f2868a48c69fb8df
4461	PEPPY_DSP_AIR	8272	2577528bd8c389e4d8418599e3a319d783ca7a1abb9b1270a7f1282e760fcdcd
4462	PEPPY_DSP_IGNITE_GROUND	8128	3d07b6fc276102add231a5db4af5371c2e203e87c0d9614abc68a02abb5fd623
4463	PEPPY_DSP_IGNITE_AIR	6128	3cd324577affc690af3b4e5ef6c18a395f7519459a1058d4961876eee410ac79
4464	PEPPY_TAUNT	7184	893b8c77913e87b6a4df9f27ed161c4348db4a194e3d23571ee4dd2f576d251c
4465	PEPPY_NSP_CHARGESTART	1648	961134b535bdb879357ac0dbe07d5df84b517e9b825dd45b6de6a2e359bb0b9f
4466	PEPPY_NSP_CHARGELOOP	5456	5a359dc6b35edd66dfe7243edb811b90ba8865735f7dcff736de997666bf711b
4467	KIRBY_PEPPY_NSP_CHARGESTART	1376	fa8bb4898036612bf4f1e60e1c671121327499d6ab23cb196ee2c10e84df2ca5
4468	KIRBY_PEPPY_NSP_CHARGELOOP	2352	dec2e999f8796f38116f7b528b0faa74e144c88efc95155cdc33837d10254a67
4469	GOEMON_VICTORY_3	14528	cdeca1cbe0bfca764672b8d256895f8d5a64ee13a019c96e479b24c1f8b3e1c8
4470	PEPPY_SLIPPY_VICTORY_IMAGE_BOTTOM	132960	c62d8023aac99a2fef17fd7a81488407b2f9239e2e90d5b72bf5a82e3b9a0471
4471	PEPPY_SLIPPY_VICTORY_IMAGE_TOP	132960	f350e88efd238997f9a50fee9d4a3fb6dddc2690d1c7a5d597efa30bd81daeb0
4472	GOEMON_TEETER	7696	696a44da107f0809036505f14c3a37cf9c4f5ed02045f9da98cf36c3c42dbc24
4473	GOEMON_TEETER_START	2384	bddb9d7015a7af666800e2d46a6c50c0a32f0a2e3dbcf0f3260b386519a34351
4474	GOEMON_ENTRY	38160	d6e6a933607b967d954e31209d124033f1f7f80d4b5065c725d6a7ba8d9f1132
4475	SLIPPY_DUO_POSE	516	b8637a1ba1fa0625b176c830ebb05c6bf968bda65ddbffd99d6dd56c5ce42532
4476	PEPPY_DUO_POSE	516	e1084a98153da4171d977d44a8a7a3e3e788a8251ae7e258568a612e1174d60a
4477	GOEMON_SHIELD_POSE	19960	a4f035866b9ac8469f9a1e96ddcdc26b812dc78d85cd6e70d795d8b5ca21a231
4478	GOEMON_SHIELD_ON	960	4b21f95a4c46468ec51b22c6f709a61b7b3972584dffe3b86794249181cd1c5c
4479	GOEMON_SHIELD_OFF	2128	78746dc7c82f0b9217d80c3b2bf505e8ca3ae5e34b77706ef13a14609f411729
4480	PEPPY_NSP_CHARGESTART_AIR	1536	f340c01798b58cea7bc1d64b371e50f6e21edf9249f20d3afd3c93ffcf759a95
4481	PEPPY_NSP_CHARGELOOP_AIR	2528	1e22d2a8a94b181a8372ef7dd5ff3dac17097d10cef95fd4d6a0cf3d6dde543f
4482	PEPPY_NSP_SHOOT_AIR	5728	9dcb42bb7c939106ba39dfba809dedbcdb558d0498d865741ac73e772c313c0b
4483	KIRBY_PEPPY_NSP_SHOOT_AIR	5824	33b6f686ac1e76727e369f52c0b3cc9cb343391e7981d4cbe8940db58773c48c
4484	KIRBY_PEPPY_NSP_CHARGESTART_AIR	960	175c64c464a50baf7caa5abfe1be74d1b56f3340b70cd53b04e7d361deedd2d1
4485	KIRBY_PEPPY_NSP_CHARGELOOP_AIR	3552	70f04fb1ab26fcdd626e331f2c448db333f7ef7493ab34a3d427456244e3c785
4486	META_REMIX_STAGE	31424	a0f79c55072f1e5649bd8377037b970de8462cd99ecb54baf1cb02e70396058d
4487	META_REMIX_HEADER	224	956276d6e58787b484853d759ebff15958102df880eda252b24cbe9b9fa58895
4488	DARK_SAMUS_IDLE	10464	241e003a9b6cc1cb5ee1fe12129e02fb2ffb633aa4af99d1fdb1d5615ae82ad9
4489	REMIX_RTTF_HEADER	272	ba1a87e4b74f5b3f58abf91b8b49e3aab48e029282af9aa4558066dec0473cc4
4490	REMIX_RTTF_STAGE	47680	780fc7f7f438aac9517c8656d0ed8afb83313759f6f9d70231e12a2899e2d515
4491	REMIX_RTTF_FILE	2296	0949a69db9357d772e2a868db385f2412bd46c203064dc0ec245cf18a27dd6a6
4492	GRIM_REAPERS_CAVERN_BG	158928	9a7d57f2b58a80b776003a8b5e1564d243c47db675d88adf15b9208488c943d9
4493	GRIM_REAPERS_CAVERN_STAGE	18400	b2dff832f41e39a6c19f515d205fa5da5aa14bbb7626d30291ff7a75a56e3098
4494	GRIM_REAPERS_CAVERN_HEADER	224	b6f7e0d1a20f6e735cea400fd9f9a139ceabd937c61792c6257e04edac4a8cef
4495	BANJO_MAIN	3040	be88ab9d665d67c0136ce4466889ef2f3f9b7fd35c189b780b793d036938119b
4496	BANJO_CHARACTER	162928	40881df721cde272d991670c877c014392879d4369e56740bc4305789205dd03
4497	BANJO_IDLE	39984	dcc75defe00f02c122ddb648fb50cc88f22be1e5692d05962db2d69d80e5ff38
4498	BANJO_WALK_1	15232	91fc3e09f9780c0dc7c780e8437f225c9a006295f4bbbc597d12dc5fc0a9aaf1
4499	BANJO_WALK_2	10672	cdf6f7ac25021a2caf393413ec9ebe2554299c93524166db3a3a06a6e19b986e
4500	BANJO_WALK_3	8816	78e3367ba7c8f174c58dc8421c4750c24a1829377ce28ae10eac0d6d19f6fd4a
4501	BANJO_WALK_END	784	08994989b3a1762ea157e8a68875c4079742d14ed6dbad693972b4b599347c40
4502	BANJO_DASH	3760	0265d21efb062fa6b2a246f7ed3d0232cffdac0211d6cd01c3fdeb6d08a6543a
4503	BANJO_RUN	5744	81a0df5908e5091ae0e684888f0998270a24d6597f29945a87adc16c9ba02c21
4504	BANJO_RUN_BRAKE	2992	7ed6e622da840a98078c62476f353f381dc8beda0e0f3e51b07d3725efe607bc
4505	BANJO_TURN	2016	11f53c1efab23eef23554e0142edc5a5690e778ce4d8903115cecafc668515a8
4506	BANJO_TURN_RUN	4080	e4eeb840399229a0ae4955542f0b800463eefd1a85e063758d3e7d1f96fdbc66
4507	BANJO_JUMP_F	4672	cc02fc27ea5286d427892d5fa877c7a51fc89cc8bba90ad9b7806c88e383c6ce
4508	BANJO_JUMP_B	8096	1ab2831c2853050145ef421e46e72deb0784ecf509c17df1b0e661416fb48b8b
4509	BANJO_JUMP_AERIAL_F	13184	23361b5f1df7553d5e5834b4b0f90789761883679a54451882ae805f77669c25
4510	BANJO_JUMP_AERIAL_B	12992	8bf22a68c889db86ad1d9fbdce7735eabf758b1a85de225e26b0f101f7c8ef8a
4511	BANJO_FALL	2048	396fec0325ebd6917fec04faa21c99e2e983004e939a547668813e76a0e30687
4512	BANJO_FALL_AERIAL	1696	c8e05113a466768660fdfd148d8d28eab5a39da49692fad784ad917b2632e473
4513	BANJO_CROUCH	1136	2fe3ca938f9c6f3a7057f040dda16d221ecfcbd965a297fa5d1062ae5f3daf96
4514	BANJO_CROUCH_IDLE	5792	59ea2f16bc68e05cb3714073e4e50b0bfb67875e655e68c0933c20501c419bf6
4515	BANJO_CROUCH_END	1136	362e79532750f2859fc5544c450b87ed71eda4349a52c84ede624e896456c973
4516	BANJO_LANDING	1744	283bab88f09b0067a27cd3f01989d39e646964fd001c05f7a9a0f097a57e6e69
4517	BANJO_PLAT_DROP	3040	48025ebca71d8de4ed21cf1b75e645643a44234bc56fd408ca99ffbf879784e0
4518	BANJO_TEETER	43696	ad47daa1c3fe862930b6071f634c7aacb3800b51976761ed415dc3e7f6af3709
4519	BANJO_TEETERSTART	4528	c598ff5f2fc44f54f6e4512db0831dd484524f33a159b0ddd51b011785d37d5a
4520	BANJO_DMG_HIGH_1	1632	7d8eaf916dcf3435a22c25ff79355b1d1bbc592a6f515372224f71c0ca0c9e19
4521	BANJO_DMG_HIGH_2	2144	275444998109a2ad85c9d74274ebd06f535b1e40cc6457286f038ca6032da4fd
4522	BANJO_DMG_HIGH_3	3360	085b0a2fae2800340e3c5d6c46986918fca2b444183ea6a0bd81f4f7c97ec0bf
4523	BANJO_DMG_MID_1	1632	ad4737fe6f6787193327fe719608128d8963a2d7cc844b7355f8027649838c47
4524	BANJO_DMG_MID_2	2688	b2a2f19ac7e2a84b353e0d921e5b20e44a7f0312d5ca19ffcfd35d689cb5360d
4525	BANJO_DMG_MID_3	3232	a64ceca6aac2af0279b1e4b4f3b5bd7aa2d0be051be6864fdcd8373d7425a042
4526	BANJO_DMG_LOW_1	1808	5af5186ed8fa51a7747440f6d29801284483e4dd828c4c6559b85559cc2e5bd1
4527	BANJO_DMG_LOW_2	2688	c95daf39edebcb0c61d8b64726886bc7894a79e8ef4bceb82ffd26e332695205
4528	BANJO_DMG_LOW_3	3568	3a7fcf9f7f03ef040d739e1f5dd4212154635d921f6bf3f186ee77a33b32c108
4529	BANJO_DMG_AIR_1	1152	d889b6fb7a54862bce9748a86939a5c66ed5073a22aa05273abbbea329db6891
4530	BANJO_DMG_AIR_2	1408	8488cf0545e83d86e8212f58acbfefa192a404e2de859cfb6ae1004e3cc49a27
4531	BANJO_DMG_AIR_3	1344	fd50afa8d075570da42229a94ffff023006e7a7d6525d3ffed8a4ea059a71d6e
4532	BANJO_DMG_ELEC	528	62bcfda1872a4d6898df4a73625dca6f6e0a97c298d741ba8a4f7983b951ee08
4533	BANJO_DMG_FLY_HIGH	1424	7ebe9156d8b10f1524e15265024aa7cba29102ba11c97be1b0f4d5ca1e269262
4534	BANJO_DMG_FLY_MID	2352	f2b0019aff9f1bf4a13274e1d4ad3ab28fe0b64be260780641558ce8af69f1a1
4535	BANJO_DMG_FLY_LOW	1776	322c0f805456adfa9b198d6f3d0a35f348b98df61c7a38bc89a4320c1e1a591c
4536	BANJO_DMG_FLY_TOP	2592	328e4ace462406025c5ebe030579dfb7eaad6c6bd3eb43eb88510ee817e57823
4537	BANJO_DMG_FLY_ROLL	832	dadaeffa9ee38973dd31888849a25ef272343ca35990ca66a1ec2a897e19bc5a
4538	BANJO_TUMBLE	2016	aff24389752bb5e5898c5cab674a772ae4c24fdb98fff6897316017b81a62262
4539	BANJO_FALL_SPECIAL	1200	392bca681705a7ffc0f3763513b4449020f97f0b5d253c09edb3cb2b4620e911
4540	BANJO_ENTER_PIPE	4016	5cc0f1b601c4d637b4982b593943ff7fd0b7d52c1c707904f8fcae7ed3bf817e
4541	BANJO_EXIT_PIPE	736	9f3cc21f4389ef1fb32fe205e38e9299d28fa59fb4c70b2fa2d20b6849280cae
4542	BANJO_EXIT_PIPE_WALK	5280	c7c450ddecd196d43452ebd5a6308cc9892a0814491666d12cd85387cf68f743
4543	BANJO_CEILING_BONK	688	729600c1111cce1bc782bd1e592445e585b603a21da86fdfff90bc1520d1d9b6
4544	BANJO_DOWN_BNCE_D	1696	dbc7539db308228f8dddf7b43f594c90152f8a3a64efe45970a52b98d8951c2a
4545	BANJO_DOWN_BNCE_U	1808	24af1506d27f7c67817ed4ddeabfb3eefd709b81af1f409aae2bfddd5e496dc5
4546	BANJO_DOWN_STND_D	2992	c0649524f552e59475f5997bbc385511dc3465383821e179f837a49282a0a2da
4547	BANJO_DOWN_STND_U	2944	43d19308449c5ab395f8312fb1bc188e8d85cff5236b6fa58410afada267e4c1
4548	BANJO_TECH_F	3152	c421b0ad3adfc0b7fddb9ccd0360727218b11a30af9f5acff586580b86d00ba7
4549	BANJO_TECH_B	3632	31b20bb48febfd8ea554ecc51de3839333ea79d4d78199e79860b2653304644e
4550	BANJO_DOWN_FWRD_D	3152	2fcb818829f6c8b5f8856f687e773f380fa0da4763e2f8e7775cd9f9f89a8624
4551	BANJO_DOWN_FWRD_U	2816	7e6bb13f07e65c57264a8de36f4bcbdd0c82ef7c65663f598b36988fbff3a590
4552	BANJO_DOWN_BACK_D	3056	28ce9155e82e106294a622e04a21981e6797cb5d5e85cb72e94ecefa5cb56c92
4553	BANJO_DOWN_BACK_U	2752	f4172a2e70bc7ea11b26e1958d85edd38171f81f5deaa3a7ec90c0bb0f9920db
4554	BANJO_DOWN_ATK_D	6512	ac09ca4f217b365c3f0096b3b822f8e948d9108904cc79097cb1c34955c45ab5
4555	BANJO_DOWN_ATK_U	8592	62b4a2eac5f2a36164ce4bb9dab9fa878d608ccefa5ceaf739139253709af276
4556	BANJO_TECH	2560	fd91f0463fb6e64c2409383db2c8140a0a68fa2ee45760c2ea762bcfa9d248d0
4557	BANJO_CLANG_RECOIL	2176	142e33c51b213867cb49b2d43c2319af82a065dfa218eae328ef888a327800e6
4558	BANJO_CLF_CATCH	960	6ad683e75de1d96456ca5c109fa45fee9b663f5ce10909a831d7854554c0568e
4559	BANJO_CLF_WAIT	15152	3f8fccb9ef821ce7ee5f165b534ff450563fe3c7535dbc3b418a30def14ffaeb
4560	BANJO_CLF_QUICK	3040	1b5be9c8944e76546894aba4034339ad4b6935d019cce158eb65289ff74a9a17
4561	BANJO_CLF_CLM_Q_1	1264	52ff0ba3e000a9b012df1b3e253522b43a35fd2c40f58b47caf49da56b27b06a
4562	BANJO_CLF_CLM_Q_2	2816	0719320cc77fbfa2bf47f99f3012c7ac7e27c4cd452f87047be6f6e9ac1a16f1
4563	BANJO_CLF_SLOW	4672	7542c6802e953c98773412c0cdf707aa51192c66288b88bcf9073446ac56e3f9
4564	BANJO_CLF_CLM_S_1	2080	4de4f288d6ac4d8ed7991f9cacd1a10ac52ef2ed8ad1f496afd1a458772cc1cd
4565	BANJO_CLF_CLM_S_2	4016	5417ca0fb55a60c01d783646ac9414a7b520b309831f02f32859f26ce5880392
4566	BANJO_CLF_ATK_Q_1	1120	f4aae88e47945ad1d6edf927accf80fb0b2fc667ebabccbf8746bf6319dd0bbc
4567	BANJO_CLF_ATK_Q_2	5424	652affb073dac833bf396d293efe8b5d96f68cf8ecab692dd4182e70b7dd52d3
4568	BANJO_CLF_ATK_S_1	1856	aa89ecdf9a5414509323f1b1e4c42a0afd158059131284d9723c497178df8894
4569	BANJO_CLF_ATK_S_2	10496	a8f94309047dd42a916b36af01cfa4fe7a71caf5fde61821e3144c80e7899edc
4570	BANJO_CLF_ESC_Q_1	1632	1321eca7a3c812e5144dcb383535bdd83016028d3efd5338157fbdb47442ef52
4571	BANJO_CLF_ESC_Q_2	4400	af1d040c5b327bae008f5ffd6ba1046687c9c9829526e6c967f84a6a5d2ee9de
4572	BANJO_CLF_ESC_S_1	2048	764caf66cbef03a9bb1a38c21daa0c9011962b870d321a9f63d5cd9db578c144
4573	BANJO_CLF_ESC_S_2	5664	40673853802393a06251ee50d74d72e1fa88a803da6f0d1380f4153fd7e1ca98
4574	BANJO_L_ITM_PICKUP	896	cc5545ab5b00b2be0af42fa0e86cf94701d987fc1d00f59128523a7114d30da6
4575	BANJO_H_ITM_PICKUP	6896	9bd9a84a6642e7e8cec71550fcf8b5c79f856c9f5fe27c6a9c3af3f481f0989f
4576	BANJO_ITM_DROP	2304	5c5690057b6c8ee9d45c81b14862e8f6bcf84ab6b26e92e42c25aa9e3ad78ba2
4577	BANJO_ITM_THROW_DASH	6736	26635a99156711937acd48a8b1188c0c450d9ee739ad87da27b562c6876d8d63
4578	BANJO_ITM_THROW_F	2672	ce7856685fc82a8fb1fe94664fb837cfd5e03a8cb81d51ce4c3be3ddf6a6f27a
4579	BANJO_ITM_THROW_U	3264	9da827e496de4f40da3163276de2b58b7cc8b34523643a14e53694396d284953
4580	BANJO_ITM_THROW_D	1104	8d67c59586c59666e191ecd5c4bddac23589d247cb704132ef05714596eebed9
4581	BANJO_ITM_THROW_AIR_F	1440	69276ccc5bda6acb28315e13b10491be9e84641af67ee0d626858750f01ac01d
4582	BANJO_ITM_THROW_AIR_U	1440	08bffe56eb8742660fdde019df89a01ae2ec8735a29b61f81f74c829aaf092d5
4583	BANJO_ITM_THROW_AIR_D	1312	a7adfa312090ee170469ce542753c4eddff727b87fdc056698a529d22a4c9351
4584	BANJO_HEAVY_ITM_THROW	3568	edf14fd79930672f329f4e32caef723327e5bb5cc1d1825aeda4c8ff2d5717f0
4585	BANJO_ITM_NEUTRAL	1232	d3a29bc2b672f8908b66c8886ba8dc784eec2f3eb8a419bf1ff7b8cd937130cf
4586	BANJO_ITM_TILT	2064	d7cebb3a5a76e7ddb3bf3ba8674fe241687607ffc3f65595e7eea2105241aa1b
4587	BANJO_ITM_SMASH	4128	625b9fe13557905ff39867f60c9cccb8dd5f3aecaedde7a5865997161c98e0f2
4588	BANJO_ITM_DASH	7824	dbfd97cb9db9c081adfd2c5ed0cc74f87e1567aa9e644c9158a2c57b6380de44
4589	BANJO_ITM_SHOOT	3152	8b2d846defa60f0179ca2ac5b147ae6666370a690a178fffd63cafec0ec75189
4590	BANJO_ITM_SHOOT_AIR	1936	f4afc606365e58d7c5ad804d44fb14edc43e70b5214003cbe07090ee8e5b47fb
4591	BANJO_HAMMER_IDLE	3872	b56dfc7248256a0f92e81441502ee8188c2af76aebcfa9e4df878f7c36c4cc78
4592	BANJO_HAMMER_MOVE	3856	38de7df123052e414abb5af53d02edcca5341cd16126fc1f71e2643b66096b50
4593	BANJO_SHIELD_ON	928	12873f79089c9458008cfa00ffd8b655d7cc1dc00e5d80290b8d82ab682dd584
4594	BANJO_SHIELD_OFF	1280	bbef33cbfe85356f74e5060127e043903ebe4aba0cd3e224263e010a36f039e2
4595	BANJO_ROLL_F	2400	9b5aa88e82d2bfcbb9745645f8aeee6143d5501d622bcda81c0f5d7ce5e624e4
4596	BANJO_ROLL_B	2288	a3fe832627236dc4c8963dfa075210e016c34dd7fb7837561855fd0b0e708a2c
4597	BANJO_STUN	6992	67c997b27724b71a0ca9e91e228dc70632c7dd411cf7a80c817624f21b5e50d3
4598	BANJO_GRAB	2176	5cae71e89f114920c1241c1d2d29b8ff275dd850ada42e0331cf830e2e5b50ea
4599	BANJO_GRAB_PULL	560	19d230faf94b35119c3ff6ab24145e5084ff801be545ac47ce41be2a1261cc93
4600	BANJO_THROW_F	16384	9b2863ee87e212839b6d9baaa2aa4cb0ad9515563de320b7cdd407fa1a418d99
4601	BANJO_THROW_B	8640	e4c746eab407189e81f331e1d375ed8b9ec66eda0d927f0c4396bbe2a968771c
4602	BANJO_CAPTURE_PULLED	960	a7efb19aca315a99d6e06f0d1c048e0ec67a5813422833311ba51546b0090e0d
4603	BANJO_THROWN_DKPULLED	1728	0682d305af92f7148aee1acfae3dd0dd6bea3adaa056097a6a7e80b83f055713
4604	BANJO_THROWN_MARIO_BROS	736	16a49a9dfb94cad850160f90fab98610d0dd2d84f33f1de0a00861d21a1c5829
4605	BANJO_THROWN_DK	800	1085246166e4cc66ababbaa9c4e82f176cd2c9d0de2b5c2b8c8a2cc2dc4850cb
4606	BANJO_THROWN_1	656	0bae1b9f584ff48868e828e3e953bcf6e1a545cb5d6f23b5d68b19d1ba02c84f
4607	BANJO_THROWN_2	1168	814763eb58af23eab3f5d16d192ff417a55cf829e9a3496dd7762b04e4b96e0d
4608	BANJO_TAUNT	13632	abd3d1873c362ff012f7ee5c0501132746415098f64575436956a9d01d26615b
4609	BANJO_JAB_1	3184	6762bb1c88c5cd625bf7805275c229266453e4ce8b81b28b36865f1a7bcbb16e
4610	BANJO_JAB_2	3600	c8f8c3ec31cdb6b7d2adbcbb46affa2d82b33dba1f49eccb19aff6e64c48ce86
4611	BANJO_DASH_ATTACK	5952	9126039dba8059f04147762b1943eef6c391d8e22569eda81c1b598e5538919f
4612	BANJO_FTILT_HIGH	8432	c3a492afae99b83f12166013189bafeabf569d538578dbf6300ba82d24e3f597
4613	BANJO_FTILT_MID_HIGH	3824	805128779d2b9455e10d79ac8ae69c76a73a0a430a0c54f3c1e82f2b58a48582
4614	BANJO_FTILT	8320	8f2a2a094ab186e85d2716228f2ba90deba2b38f2b82d1911390ec1566b443ef
4615	BANJO_FTILT_MID_LOW	3824	99c7faca70f8e10db74839f55d5c2792be7b9767d851b78dabbe5980cf16f664
4616	BANJO_FTILT_LOW	8496	9397551875fd2c4aab5823b4ca816f89a7cd8b245bee4af6a603fc06c66c0e57
4617	BANJO_UTILT	7568	b29e5e6d9efa2ade3a71030483fc9e96f9915e5a307fd35a956c29a3edc7babe
4618	BANJO_DTILT	4512	fb5d3cec7322ed70c38a3dd1070a0e02ca333a976326cf6c1591d24787c19c67
4619	BANJO_FSMASH	9792	050f8b5af19d1ebc3d9622c4f378e36bc812e0c4490e36e4a48ed96914282371
4620	BANJO_USMASH	9744	29763f1cddaf3be4915fb206745c532592006746e9e3868d0a7eca313ae8673b
4621	BANJO_DSMASH	9056	d4bb4abf45f18954c6d43ca921cee7e8e6da90dce5d259ed061830e8d094c281
4622	BANJO_ATTACK_AIR_N	3232	04020027bf7ea9f53624b68bdbe43a58e308ff1246a8c9ea2e1a24cee69536cc
4623	BANJO_ATTACK_AIR_F	15648	0b18fd6c75db16297942c46657d995b1d3bed18ea142dd2363cc5f51698f1c51
4624	BANJO_ATTACK_AIR_B	7040	5d6f275d1c2b68e9e8dfa42abb58e8ca1bf4cea5c70b3d1f01c51a589730d16d
4625	BANJO_ATTACK_AIR_U	3488	77a641c1d6b00d4f284c4441966d62f8de4e53aae6b587045ca07f71ca1b0f1c
4626	BANJO_ATTACK_AIR_D	4672	e131ff5bf5e062fe81501d1d7525d5374d2fb95c88e660db9450e893426c7ba5
4627	BANJO_LANDING_AIR_D	4656	b45c25cdf53b00e7d68ed1fda782347247c55c945f37e3f9e73573f208bc9758
4628	BANJO_LANDING_AIR_B	1424	604ef4f13e722c9a96b184f5a7615fa6d1cdf51d91071479774ff1d08c383df0
4629	BANJO_ENTRY_LEFT	51984	9f4a017ffa88a1ee92445d35b9d2cf970aa6415bbf0f3dc18a24699dd6046b0c
4630	BANJO_ENTRY_RIGHT	50832	23a9260028121bebf425c93fec2d1147be6bf44f69120fa6b03be3aa543dfcb0
4631	BANJO_JAB_3	4944	0570255e550a38f2912dd7d936256f9eb39d04ec3d5032e056980241173de2e8
4632	BANJO_ACTION_0DF	1808	39615679e436d8c5731e46c3f1968749496638af405052196bf158b1306061f6
4633	BANJO_ACTION_0E0	6992	98a510786fdb8f14f896a43d3350d9e617ffef3aafb1180cc118783fd5ca5104
4634	BANJO_NSP_BEGIN	1728	eee12ad9f4e75eb631dbae14543a6ee8af5298355c52a2507a4e98f558b7ff81
4635	BANJO_NSP_FORWARD	6416	9e7340fc3c60de719677f14d9839e1a95f9387debdcd788b888b458e65af01d6
4636	BANJO_NSP_BACKWARD	5056	df3d49e15d6e6d875236188d5fc7fcf67f08ae8e9ecea707c767fc1a9d804089
4637	BANJO_USP_BEGIN	7488	1ad1bf621032054614b6b034c9f28879d30bf79fc4fcb6703d8055f60f3af376
4638	BANJO_USP_ATTACK	9040	42905852d4e7f1066f8b021ad227d8c8537b0483e4d4848614843ccc0a1a2dcd
4639	BANJO_USP_RECOIL	4464	e123893d8de407ec80070f88124ff5cbeb10039dbb788bdf882c160e2aa2acab
4640	BANJO_USP_LAND	5984	11ea090e0ee0b26846e82ec52c4a99d675e077826a34137af09797be11fecc5e
4641	BANJO_USP_ATTACK_END	3456	2725ab46487baeb75a39a209aa19a99faed29445259d657f5435076637374803
4642	BANJO_DSP_GND_AIR	4672	72b3d6e47e56f034f9fa4418abae352f0d8ca81f43fab4d617b27aa6cb68cb76
4643	BANJO_DSP_AIR	3456	365cb5a55230e3fccb84721c671dc5512f9f443357fb4306c37413bf2bcae2d4
4644	BANJO_DSP_LAND	13888	d5941054ae99c6a6de03e59d412d456484d5a6a772394d95eea7abdff326c022
4645	BANJO_DSP_LOOP	4576	d4f1acb7f6b67b704276e9c1d23337da32ce32ce6de6f866e5850ea6832c976d
4646	BANJO_DSP_GND	8880	510039e15f8d3441c61fff63330ca1014c9a7adadae8dc088043e02495b893e0
4647	BANJO_VICTORY_1	26464	dd7bf3c7972eb0460ef75d44c1e7c8552aef485c4ebca2d92826f2fbe475acda
4648	BANJO_VICTORY_2	23264	2032b2918c13f146912f56e555d2d37065bfbc0feb295dd316e0ed5ede532d08
4649	BANJO_VICTORY_3	61672	7ad255ae033b52bd00ba3c5bef7a9b3e800cc5135b704ac9673bc73d8429cfb6
4650	BANJO_CLAP	3092	8f5e3f6858d368ae7a8a2de38b0beb7a0adaf6692f2072ab0ecdd533c1ce145e
4651	BANJO_CONTINUE_FALL	20624	159e74305534aabd0309ddadab3d136cdd1d4fe5fbe9f5ccad4e18294183c494
4652	BANJO_CONTINUE_UP	26592	d219a0066d6515ee62f77dbad910a9ede6adfdb23caea0388941d735e5825000
4653	BANJO_1P_POSE	1024	3be541e501fddf08a03d62c72cdd747f984ee384088cdaf4af6b0c10821e8b92
4654	KAZOOIE_EGG_GFX	656	91e1b336b68a28fc480d429c15adc513cebbcc385d035059763a10bf1e4f4e31
4655	KAZOOIE_EGG_INFO	64	ca2e8a05937f5904f32f74c25b77d2c15e7b250c4b3fde8f2269b300532ef6f8
4656	NDSAMUS_MAIN	1824	c2186dbab65af24fd2feb5ba3b2d6369145d5852434ef91555c508d11b90a681
4657	SCUTTLE_TOWN_BG	158928	146dd7fa732120436e16ecf4fc2c665ea09b220c23e52685651a47ae59b5cb89
4658	SCUTTLE_TOWN	45032	5f3a05bcbe4b6d1d80c621d6b90dba6f4af9d30cc198c315bf75eef70f78d223
4659	SCUTTLE_TOWN_HEADER	320	c8e404f86489fef76a01f11f1f5a8da74020442dc76247650f53ce258b19f9b5
4660	SCUTTLE_TOWN_BG_NIGHT	158928	cbf0ae0a605439d7c90def7f9099fc3648cb5837b49633c08a04280c19b987f6
4661	METAL_LUIGI_MAIN	1904	91f22f5b88a9c336084ba07722da5fecdd4f3242153d3649b75a146d6ece7c23
4662	METAL_LUIGI_CHARACTER	13568	234d0c093d2959308b179f7e415115356c893eb5ac8d3605752fae335f8f930d
4663	EBISUMARU_MAIN	3344	9c71cb031151cf51703ac2cee70a9a7d76672c128db06fadc3629b7216a95de8
4664	EBISUMARU_CHARACTER	52960	b87e0815cf2b7cca5e42549d0570ac49c7f7815639e22d8578d693bc925ca96e
4665	EBISUMARU_DSP_START	8832	b9b66a6b65581ec1e980bcae7eca30763a6d7212d1adf271cc52c85aa1e2dac1
4666	EBISUMARU_DSP_LAND	544	da5dfb5d27a2848931a51f3d2eb2c1aadc9ed2b17dae4021c2e483c0aa069bcd
4667	EBISUMARU_DSP_RECOIL	3712	2ba8490566fd12a2161882f492a3572070cc00ad39f40ac5c9a221f69bfc624d
4668	EBISUMARU_WALK_1	3184	1a70afa6d18a4eea3a4a11c83d6d5e352c4efd5f128f462ebe9570de3057f8e8
4669	EBISUMARU_NAIR	4288	1bab4b6b0b3e5e816fefc13334c7cf0d97e80aa37478468b089ef7704e44a74b
4670	EBISUMARU_UP_SPECIAL	1456	8014a3eba21f163b61a5e824277312244682c9156c89a1c35a0e8bb3ee6fb2f8
4671	EBISUMARU_UTILT	2704	dd2915bc023fdb436831a557a5cb928284a9292e353c6c14a95b5427efd0c26a
4672	EBISUMARU_RUN	3616	e9f576b363a7c808a511121e2fb8b739254625bd1715866737b17eafa0e6e147
4673	EBISUMARU_DASH_ATTACK	7568	e21eb9761000d005d2c2b9f78cbeced6e8a983c0559d3f0bc43ceb89850ff848
4674	BIG_BOOS_HAUNT_BG	158928	c703b6677082e194df2e1aa5afa046c8d5e265676aec07a2ba60b89075f2a47f
4675	BIG_BOOS_HAUNT	31776	09196df1edf5065c240405a8e142744e2d84c1400b7118867a1ca86140d68eda
4676	BIG_BOOS_HAUNT_HEADER	224	e9d771db9cf80f5c657451dbd45b33bf5cec007fe560674bc7f443e4fa8fe804
4677	YOSHIS_ISLAND_BG	158928	df6cbd41bbcd36b80c85ddd88fb616d80eca3a248ea08f79aaf113bbc6f6bc28
4678	YOSHIS_ISLAND	60448	34f6ff43450829c5756018743ca8b1edc648cbd8a44621c114d503d5de99cf16
4679	YOSHIS_ISLAND_HEADER	224	79057fd186aa3329096a66cd4c75c40aecd8d5ae7943396bb915cd64a8ac8c38
4680	SCUTTLETOWN_ENEMY_INFO	400	e01b71d2359c7dfb5d8b01409998270c456404f5fc3ca8641582b6940ff69a2c
4681	SCUTTLETOWN_ENEMY_GFX	12664	fee155c806cc6a6e5c1db76b9f0db34f247cb0956645a953992b6325c30be491
4682	BANJO_SHIELD_POSE	25680	2951221818b3484a9161e6033783d95147a52e073fe202396c2eeb332d36b954
4683	EBISUMARU_1P_POSE	560	034ba500e26e9ace098e8fd549dda3640a34a036cf2438e386b6c14df8e3353c
4684	EBISUMARU_NSP_ATTACK	4240	1d3a6be2710bab6ca14291d0172d7644c6f2737dbeecf32ce6b1d52de3300f9a
4685	EBISUMARU_DSP_GROUNDED	1792	712d85e10e1bc02a2d0bffcc333b26f9abc602bdeb5446d0c351e7eb765c420d
4686	EBISUMARU_DASH	2016	7ebf8f21fa80983002cea978d8de065bca736c9298b5be3e533fb799f856c9c2
4687	KIRBY_CUBE	2624	cd076b967820739810104aba1cde6624d9ea1ff854f4388f01a2b74cb3b202ce
4688	BANJO_TARGET_HEADER	176	e82e685bf1480fc368e0451c6315c95694cb0050a84ffef9fb4e6955fbcc9e0f
4689	BANJO_TARGET_STAGE	23584	78b5fbbed1a2c9fa394e237c6f3aec05510b539b7fff55ad0df9f0c22a4a4cd1
4690	BANJO_ENTRY_EFFECTS	8960	d565b6638917dbccd9a6b9cbb891185194f33622d132386d5a0ce6430b90ba3b
4691	BANJO_1P_CPU_POSE	704	e23d6403fd24fb3e4f8df19c600836c11abfad094b86c58b7fc0a631ff1e8f7c
4692	DSAMUS_TURNRUN	2064	e8c969d2ff49a783257c7d5d37a1f55d215103af050c26768c3693869f3b8181
4693	DSAMUS_RUNBRAKE	1552	e293047926fdb991ebc4ead1031a305f88bc080d9be4060976429f8032dd1dc2
4694	NMARTH_MAIN	1568	4ddc72e3d4f79b8ef89ca604d38a7e30b42fd481b04233b7f747f470d03ea16e
4695	NMARTH_CHARACTER	18216	fe72d044a9bfcf9d2641a7e963bc6543986e69d5df19210a5a8b27a1786ae072
4696	NMTWO_MAIN	1568	7fd141bd46c0378c2241bda1da6a1e0463117a083935ce40270679a73db2c820
4697	NMTWO_CHARACTER	18616	ed71fc01b45b83b5af7827dfac427dcfe9617a5b73aa2e3eae5d3a713ac8a8b6
4698	NDEDEDE_MAIN	1536	e83d63890fa895b983a1b53e5c85b322becebd4e6c41448733d2537d454da016
4699	NDEDEDE_CHARACTER	14560	75373d80f7dbc862c8cce9ca096ea7fcb8c76851de10e594648814080d52f383
4700	SPAWNED_FEAR_BG	158928	571fc2644fa96e8277eb9e9323e0d919f52c751bd06d815798286fa129be9aa0
4701	SPAWNED_FEAR_STAGE	73408	dd26f66ccfbe350184c5c85d1cfd5dfdeeb1ae403e606bb17e1c3e3d50e5f5a3
4702	SPAWNED_FEAR_HEADER	320	555918889e37f800f15503fb7d8ac70d4d3a4883e595da85c95cdd0b0629674c
4703	SMASHVILLE_REMIX_BG	158928	adf1ce8ce4e2814f57a52c03680f62921cfa1f8f1fc09686adcf7cf1823b4f56
4704	SMASHVILLE_REMIX_STAGE	44112	d7644f5908273b4fe00883a2d7af67d6a3f0ce1ffc887dd7c5d5c959ace93c96
4705	SMASHVILLE_REMIX_HEADER	224	6588fe075c78f5ae8fffb025d38e007494295653b505c5e97e298c67b4184989
4706	TRANSITION_SMASH_LOGO	16720	71e645e6b2b2ef84998ccc0fca39a3c869a9d2b0252c2e6c130a22ddf4aef0b8
4707	KIRBY_EBI_HAT_MEAT	1560	2a0cfbc37ea2d1ea194ae488dfd2409156862a1cd015e144f7c8170bc4597813
4708	NYLINK_MAIN	1600	c861d2942773494fd6837aa5196b399bc1afd4058f4519837445e87f189b9bbb
4709	NYLINK_CHARACTER	12320	a3b8acfc15b7371e7d2c92bda3569e32d62ffc2b94bd8deb39ff24a6af876863
4710	STG_BANJO_PLATFORMS_HEADER	240	b60e0d0fd520d993da6816694ea72717cf2b0a8dfb6e0dd48f6c3b2c988b1e6a
4711	STG_BANJO_PLATFORMS_STAGE	29488	7da2dd061edb6360a84d2ee95dfa2c9db65c7b2e574a79ee66726400e1201719
4712	DRAGONKING_MAIN	2364	dd6d1923367073d1079f58a75945b3257af089cd0389df080f821b6cd79e2524
4713	DRAGONKING_CHARACTER	22736	59f40c5c284acc15eec26b0bf6db9c12f644febb40aacf859ff7a4de1c5f06e4
4714	DKING_CSS	25068	024c071610b1a8d2949f2339192c765cdc67cf3e561eac2371b6fe7f3a267bbb
4715	DKING_IDLE	4720	d9d9f457dc042a6c47d52d2f83721651a4174db24d3820d4f3533758895e09fb
4716	DKING_USMASH	8400	56967f83e0d9fef025fcb4278ccd8286be8793b1a9ea7052b2343b45bf641a3a
4717	DKING_FTILT_HIGH	3424	c05b3d068eccf3448ab7507ce0c6edd30c6f07829b1b68d0801e1abd465fc5ec
4718	DKING_FTILT	3360	46ca1bba9ec572db0aa743c86c853777d728766547e2db2b20437ae7b28eda0e
4719	DKING_FTILT_LOW	3392	a423af99e6fc1f83debc727ac91ed8ffc82b56459c9f0b2bccfa31e3036e4cb5
4720	DKING_ATTACK_AIR_B	2224	86c5fe5f7b14de05f007a0923b703795692c003ab81d96d8de8d16458d1d65df
4721	DKING_LANDING_AIR_B	1008	600a5906c985e0f4716ed0b5de4eae73f5024da4872369953527a8e91a0bbba6
4722	DKING_JUMP_B	7584	9afd108f24d4840446f817cf3efb9e95d51015143c1c2c5c169cb40787055da3
4723	DKING_FALL	2048	cf860d9a575ada1aaacd285c6dd8430576744f0ccf8ab33a54240b826242d0c3
4724	DKING_DSMASH	3024	19fe4b2eecf2ba1f94f8c73b1747e48d81b0ce350dc1b707c963e5db397a5d6d
4725	DKING_ATTACK_AIR_N	2112	b550b0cef7d934341f830c1ef6367dd58f69b2976a0ec5e87c9de0d44f558d22
4726	STG_BANJO_PLATFORMS_BARREL_ANIMATIONS	1184	02ffbe14b7a9692903b199ea18f4d1c04faabe67ae5c67f4169848e7fb3d620d
4727	BANJO_TEAM_POSE	4040	a057b6eebc650aaee19f0a7f53980a4ef5c33f6f37eed9312f8cb7648391a1ca
4728	CACODEMON	12680	bd291486660ceb62a25142329f7971ee877efec5061d739e64a1a72dc585f90c
4729	POKEFLOATS_HEADER	224	f94d559d8b79f2e37d0afd5c142d84fc6685781e0f5b612c2f9c6d833eaa00e0
4730	POKEFLOATS_STAGE	109632	83798cf098660db261a115f904e20874fcb610975df5db64945353ef88250d00
4731	POKEFLOATS_BG	158928	34f32195a84aad6e70739db9ce4c764eb74fa3a691ab7a96e7688baf358d1273
4732	KIRBY_BANJO_NSP_START	1184	9a852dc9c74d30710b9f51a67a888ea4abdebb767ab2c7c55485a98750d0764b
4733	KIRBY_BANJO_NSP_FORWARD	2976	d588d23b32cc3449939004f2dbf7378ef111a6acad2f602aee9c00a049c293d8
4734	KIRBY_BANJO_NSP_BACKWARD	2192	91699b86693b8e185119251937c0cbab2ca818e9723529e81a642427c1bfcdbe
4735	DKING_ATTACK_AIR_D	1552	f2dced19df97ba908afdc5383759223428bafefd01e4eabb804c8b9ca7c2e845
4736	DKING_JUMP_F	2816	ad938f744398504ce81018664c80474637bf57d73e3d0b0ba1564e4d1f052fe2
4737	DKING_JUMP_AERIAL_F	1792	d11b5fcce6bc8287d747de79f04296f2065af9c5d060fa8be250450035c3e96b
4738	THUNDERBALL_HITBOX	64	2f685a89348d1334b4ded757c66ef05126d9e17fbbe6ae3419a3d411374fddb5
4739	THUNDERBALL_GRAPHICS	744	abdc15165ea525610f29902fafc51a8e09a81f1105e01465e21390166d215fdb
4740	DKING_JUMP_AERIAL_B	1456	51dc891e2f7bd76d21abeb8a387674d2b89e6096913a1adc613a0058f5f0fda8
4741	DKING_TAUNT	12144	b7e9582327bc0d1858b5873f16f48beb5eceb12f04d4d26e0142795f1ec32623
4742	DKING_ATTACK_AIR_F	1712	b3ed457e7b45bfc56f2b5bd7b3bcaec2ac01ed20b89ef4af9b021d1ff65bd1b3
4743	DKING_LANDING_AIR_F	3072	ec2b17c8469a5c0512ef2b12c481db4986f3565f1558fa91fb595aa579d40ac6
4744	EBISUMARU_TAUNT	7584	79b01fb1ab9e777a0889d4caa62b38c3b7228eb19bc336ca953bdaf5040c00bf
4745	DKING_VICTORY_2	8656	cf2acf603519384049c9124ef4d5332dd7e6fc17a8d3d84d688e1af4a5d62e7a
4746	EBISUMARU_ENTRY	30576	2e0eb7b192ad3a64b1dde6e650b15dc29c0ad907b3243d86bb16f4330ee6b46e
4747	DKING_NSPG	7744	68ba5088110e0c0f9edf0e62e1268bbe374c1f1791646d525c4e8b408bb4f08d
4748	DKING_DSP_G	3136	cc3cef1378c1093f5aae78d706b19c839fa4bf13f199f729e8ea79f3b03da4bc
4749	DKING_DSP_A_BEGIN	1264	56a2e9c28d1ac729794bdce21340e0887b1e575a500d0692340d7786602d986d
4750	DKING_DSP_A_LOOP	832	78505a580a09c2ab596baa20aa290d4436e8a5ca5464c6020f6b6f55db688673
4751	DKING_DSP_A_LANDING	1920	c43000fd227e8b34ab5d7c42e51c50c2d934f3cd2be7bb70001a39df10dcbf3f
4752	EBISUMARU_CSS	5836	b45e61e31d65d0c38d8f6bc88489ab0ba0a47245f026efd08d10e47d21fd85b5
4753	EBISUMARU_DUO_POSE	488	a31e3725d1d2576a86ff649c6a0225e0c0c92d4c89055c5c5dac428d593dac83
4754	GOEMON_DUO_POSE	512	0418cd8522892c1e1f3f747410364890f769ce81928b29103c03634955c339cc
4755	EBISUMARU_VICTORY_1	2712	bf394675067bdd9751cabe3c3f965fe75ea019f5dbebec7c933cd50552bcac62
4756	DKING_RUN	4304	af08fae2cc809b0833c561a6e81f173d3637c2fce2bf059d8210c31a11b757da
4757	DKING_ENTRY_L	5888	ae9e4a1d0b309c756f9cc6f46b1179b3f0e74f985969080b9a9f154a2cfa8daa
4758	DKING_ENTRY_R	5888	9f1087029f44fa4ae709d2bff9c41bb94a73ebc32f10a06a4deeafe80a0f98fa
4759	DKING_JAB_1	1376	443f261425ffd5ce60687a35beb68a523fa926adf4e75e35d0ae9886ba5fe057
4760	DKING_JAB_2	1328	040e1afef77ab35f85c64b4845a7981505aea1670a44cadcfabf133427f6a519
4761	DKING_JAB_LOOP_START	608	579acebf12fa68cda48af497ba64b57051adedf744318d34b5f2810d3cac72a0
4762	DKING_JAB_LOOP	1840	be0e21f9813bd7054e34310868f9c7ea6c79534c454f063dcdf08f3e1e6836d3
4763	DKING_JAB_LOOP_END	496	086157b819a85dc51d9776854c51167d7e6b3ee7025cdb27b075c485a0522f6a
4764	DKING_UTILT	3824	c96405a86ddf8bcf44808419ff086912146f6d417350a1b67b19139764786503
4765	DKING_RUN_BRAKE	6832	985f9d7d2342de55c367bd257719299ba9ec98616a263f983d5f27c4f6e9ab38
4766	BANJO_DUO_POSE	992	d3c2de767683751e4913ed02df1230a75dc991019ec0c26d20158110fe118c33
4767	CONKER_DUO_POSE	592	9913bd3f2fc90b23cf14fedfd101936209f3e946841b397dc6cfc1c3ea310238
4768	DKING_FSMASH_HIGH	4400	faea1693933c366cd55db7d1cf58944c747f17ff28a47761ce319a048a4b55ac
4769	DKING_FSMASH_MID_HIGH	4352	0d40d78b7567062a3d43b464cc6d40465d1955f944e8208a62d876b2d2d410a3
4770	DKING_FSMASH	4272	7d6a969cba689682b492ad4d6630d6ec78d15ecd042276bd8b405f8bf0dbcae0
4771	DKING_FSMASH_MID_LOW	4272	06c1e995bf2b8c10fdc89a71ee2423e96dfe3633d281892d865da7d5cbb6057f
4772	DKING_FSMASH_LOW	4272	dc111d33e8cffe0a5243caedebf13ebd1ac4f67f5d24c723d1bd6a35095ee9f7
4773	DKING_NSPA	6896	14a9ba0ec7cac8dc71a664a488c312657018b22fab53fd8e35693a93e5fb70ee
4774	DKING_ATTACK_AIR_U	3008	141fbd018c16e38fdee0eec7d77b1bfe0419133b2498dd06df02961f5e274fa7
4775	DKING_USPG	9472	cf28269142138a10336c2a99f8d634c42d112dcbb2bf8fba7fe9b524f5b0a69f
4776	DKING_USPA	10016	995d2d7badb33f2ca555245ecda83e4206c4ac3d443dd4e08f021689e7cb1ed9
4777	DKING_USPG_THROW	8352	7fb723a2b8e79b4cd140c97d1e7c75fd6b4c1e5bd2792d36ecdafab8b4ad9139
4778	DKING_USPA_THROW	5792	1202861963ff0759dded7d865bb70c4aa471891690186f26eebf56b0add082d6
4779	DKING_USPA_LANDING	1712	d082cfe09364b350c299650f989c61fd327ff1fa9d29ed3491f6603b101b6064
4780	BIG_SNOWMAN_HEADER	224	93bfbc377c45e27cb00aba857d0645017726d1ea93da88b2bf3f9899ef4404a8
4781	BIG_SNOWMAN_STAGE	34272	53bdeb6da023031a9b054aba2248dbc122d799a256f42a62bb46db7d8c4af7ff
4782	BIG_SNOWMAN_BG	158928	0cb621feed2b9b0c1cbe33aa00deacfb602225cd9f93969952c9b7a3bcb40cb8
4783	BANJO_USP_WALL_SPLAT	6032	b449b607da0326cdd04c530b7f9e2a72ea6089f232dfdefcba266a384eb96e91
4784	DKING_FTILT_MID_HIGH	3360	b19d0ff98020b3999df406338c5f626f1969fd5682e101debe8d8390b637a363
4785	DKING_FTILT_MID_LOW	3360	dca9f5e0488efc06452feee77da2caf3df2c756e5bc6cd84ba59d44e20fad373
4786	DKING_DASH_ATTACK	3040	b5d0c4bc7647188df92cb7ae53842728f64e38d4eb4d1949875ad0bac26020a5
4787	DKING_DTILT	3168	f789d7bb212a24157eba34e8ddfe26162fa776b784691d2fde45595a865cc401
4788	DKING_JUMPSQUAT	1104	7cb013dfce7f8db726d26edec320522ac8feaf9cd57eb78ae72c3aee0372ce2e
4789	SHEIK_LIGHT_ITEM_PICKUP	1552	554f92dba29d7840f87615e4685d1508757654682ae97f9d3ea002f9446749b4
4790	SHEIK_ITEM_DROP	3600	c06abbf51e637aa75d6faceca6ad70b3d9e9b5c395a60860c9b98f65f3356a13
4791	SHEIK_ITEM_SHOOT_GROUND	4320	f69c5ccb60f06e08f4d90e67368a9b5eef9da3401980c70534481c37522b8f2b
4792	KIRBY_EBI_NSP_END	3152	15c782daa6954981cab79db777f034bdb6187a1dde124e26291c6df5537d429a
4793	NGOEMON_MAIN	1856	8dce4467201cf947de0f3555c0e6b37d16691fbbdcb14e4a67e47032ff0a8d69
4794	NGOEMON_CHARACTER	25248	52e8bf2cdf5ba18959e77485a6b2faaab6eb45bc91ddd0bbf1e397e01305cf94
4795	NCONKER_MAIN	1872	d7035f07f652911c2126919f71f0ab0b79141706d5a799b49e8461e5a532cc31
4796	NCONKER_CHARACTER	28912	044b6f5ce476a5cc1112cfac00aa8ff048e0b1210fa2242369a4c461e3e9966e
4797	NBANJO_MAIN	2032	bcc1d89bc2f6ec5b56053953d010bf6300ee4885f8031fc6c9395e6ae93d3ffa
4798	NBANJO_CHARACTER	30464	b2ee6d5a3b88a220796f6bc63e3fe0fe53f2820e5852c7b03d445dd84f0e270f
4799	DRAGONKING_SHIELD_POSE	28208	df63104bf8bccf2eac669da0d253324f17ccfd08fba12e486c3295bb2abd1ea0
4800	DRAGONKING_SHIELD_ON	800	e678191cf0fa7ee09f99b368ee82460f2fa661f08f0e5d5108b5b8e6085b5863
4801	DRAGONKING_SHIELD_OFF	656	0b85c0aac870b1e5047e887d415661b38ff59cb48cee0f272d462410e9c2439c
4802	KIRBY_DKING_NSP_G	2656	b214ecc0e897667b19690f4d88f27082edbd36f2325ee6bf049fa15b3eed5a25
4803	KIRBY_DKING_NSP_A	2336	4516a68df1bc5ccc2a029f22c321997fb25a30626ae09906a5979cc36f7e5310
4804	DKING_FTHROW	5648	6cd6b2347270ec0730899a799f91494fe2dd776bea2c0b1d7d88eebb94252f6a
4805	DKING_BTHROW	7424	772cd50589de882dc6f5a89c2b5adfbc7f0b64f31332ddc447522d508b7bb620
4806	DKING_DASH	4736	1eb39c6a9f59347e4cf60c93c98c39ee9a7a3fa0911acfbb428084ab28b8e0b2
4807	BANJO_VICTORY_IMAGE_BOTTOM	132960	22ea13a199853ceb2989afac124cb70808685b4ebef1530bc9194e1a69d426c7
4808	BANJO_VICTORY_IMAGE_TOP	132960	a848fc8d74ceda04dee514fe7a4f3c87def58a529e4e03fd937e8385597af289
4809	EBI_VICTORY_IMAGE_BOTTOM	132960	ac5e99b80c31bdfe2966dbed6b7af629b284ff158fad21b772445e1b9760e56e
4810	EBI_VICTORY_IMAGE_TOP	132960	862c49727084b5b8bfd48d945c546249fad5649721ee0b50804b48142923497e
4811	EPUFF_MAIN	1984	3efc18aeea4204545c6fa22cbe4f8b98b99b662537f3ea6dc44f74a89ef0bf1a
4812	CRASH_MAIN	2336	834fe4a0261f80b33d17214adffdde9f558d6e0319fa560fed9d93856cee0857
4813	CRASH_CHARACTER	143152	914cae243d38e4a8dca195095010893238b468a1a6443280531ac42928d42d13
4814	CRASH_IDLE	20928	cb42db77e726bae88842c5e1cccdc49e6f9a3f00dde3f2da18f8a11644c48d0e
4815	CRASH_WALK1	5104	72b0cd57d73fb86d6c4f25c59604550498ccbeb0989dbe7c9899de45a2d1051b
4816	CRASH_WALK2	5824	348c02f6841cc14f0e9e9693b2e40938f61cee0a50cff64c2652886626410076
4817	CRASH_WALK3	4448	800e17fdbbaba17e76a8cd099857ef6c9370c2829e0db684ba9497fb9b766876
4818	CRASH_WALK_END	2112	a6577b274d0f7c1c1502fec32a5aed5a2015b5131912fef7d79d462d2911019b
4819	CRASH_DASH	4432	79c54e072c8019126f44450c618d9c5d8af7456b009b772fced97595e9080461
4820	CRASH_RUN	6448	9abdda37363a665728a3005329acbe11a9cb9d26deb8b33e4993c0345d55b5b0
4821	CRASH_RUN_BRAKE	4048	47a6f987e5edd9260246843d48ab4f606d6b31a2ea3aacc8ae22b91d29e0b44e
4822	CRASH_TURN	1936	bd39cff0e9d0af5c9ac35a5e69ff6f1c757d4cd93d7786b3f986a9590ce5b6d3
4823	CRASH_TURN_RUN	3968	55f8d60141dc86692697a37041a053b6fa642cc968289c788f1d1ceabe2ee994
4824	CRASH_JUMP_F	5136	5a8c97f2a00c887c98df341ef54a11c6f6e1c8815525040f57c488a03ecab514
4825	CRASH_JUMP_B	4096	11116f31b5ff8ed3ad2ced20652451b7884bf639c55255f2509abdacc24a8206
4826	CRASH_JUMP_AERIAL_F	4736	0f7a7c2d5a13ab3c8613d70e4cf6ecec751ee38c88a32dd9fa62f9adf355b4dd
4827	CRASH_JUMP_AERIAL_B	4816	bbe5b1c67baf0e1ddcef0ce7358f89d8212346fbddaad02c4c8291c707bdcaa9
4828	CRASH_FALL	1088	d2339e55fc0b2e301bf4274976e5717a16f176bb793b0ba7442e639db74221b3
4829	CRASH_FALL_AERIAL	1216	f7c8a1461d4795a537596570383a2e38efe133fa9f51e349e6d9c5258ded4997
4830	CRASH_CROUCH	1664	14150d31cca03591a2ccf3777a18ddaaaf4a0302085279999b075fd3a21934a4
4831	CRASH_CROUCH_IDLE	1984	b04ae80e6e3ddcb45d118f377727bfa407f183184bf308ea2517a9068d648d8d
4832	CRASH_CROUCH_END	1968	a03742ab6d8755d42264f6c59ff99c1684cb29bf3f4316f3f7ef844536c7764d
4833	CRASH_LANDING	1488	3a7c738d99fabf9e4b3e5ab0b6b82433bcdec22f285ec3a1aac976d97fbbf685
4834	CRASH_SHIELD_DROP	3584	d69e411df4d7fc4d2cc4b3ba1b2d1d6ceeda001ddc60260b6876b500ff8dbb37
4835	CRASH_TEETER	20208	8a998f6c9cd08c724e3ff4dd03e64e9cffff91213ff36cf3dac3ab464f88f4df
4836	CRASH_TEETER_START	880	a201c81e79a130a7f3e6c8d04968583260312c1a6b25ae7048f9db761f9dac76
4837	CRASH_STUN	9040	57367e35977b6f6485c430b5f3f64a741e239c39dbbbc2fb9a4f8f7882759207
4838	CRASH_DAMAGE_HIGH1	1952	3da0d7c299611f5cbda08654fa7ecd9067ceaa57bb37fa19a293ed715f456aef
4839	CRASH_DAMAGE_HIGH2	3184	775654366823429a12a570a51b6662cbe3cd90198f201f927e3de5f1cf3c0f11
4840	CRASH_DAMAGE_HIGH3	3552	c7fc1cd68a43a7509f73b752a752f134a43ce69998df3aeb613eb85817f9882d
4841	CRASH_DAMAGE_MID1	1952	b41a6ff399a5f11166b83e5ea77773c07a641043cb4772e068d9de5dada0f169
4842	CRASH_DAMAGE_MID2	3056	d429d79f6bf69ef4f68815242fda1c4a0b5aeeefec6522fd3683f362fba12bc7
4843	CRASH_DAMAGE_MID3	3328	50b7d02ed8ce975f9e0e38a7110db7453f725468e3a374a13d817a12dd605b78
4844	CRASH_DAMAGE_LOW1	1952	afc8bdb5295f67473083b03cc2afa8e57a7782b768a768ffda926bb3e7ed2f4b
4845	CRASH_DAMAGE_LOW2	3152	dbf700fa07843be722fb42352cdf5ac1132cfd13ed49cff655145150ad86c034
4846	CRASH_DAMAGE_LOW3	3632	1fd6d223b83245bcf3a02e0baf509ad4177e9eb1614e9866a088c08805640288
4847	CRASH_DAMAGE_AIR1	2096	20a202b8b4c0c8b1577a2f6a8723e7f4fa85140df8d35583b24bec49d6751afc
4848	CRASH_DAMAGE_AIR2	3072	d68f512196f3afc473e5d4d483dbb599c27993d190a0a5453bdfcaa4c9ac57a6
4849	CRASH_DAMAGE_AIR3	3072	d68f512196f3afc473e5d4d483dbb599c27993d190a0a5453bdfcaa4c9ac57a6
4850	CRASH_DAMAGE_FLY_HIGH	2960	a90bdbfc56520186bcea5efd0e0aeaaf76648dc070bf36acab2ea10ae2f4d834
4851	CRASH_DAMAGE_FLY_MID	3120	339a6b713695fd0a45d0a1888fca400cb55de80a90420144e64518d2c69eb581
4852	CRASH_DAMAGE_FLY_LOW	3440	2573e345db689e83dc2b034d96179842578b54c69feb70638171490db131a95d
4853	CRASH_DAMAGE_FLY_TOP	5728	58320cf8a8d010715b3d1872bf98b4ad00f4eb2a85235c0bfd402a3920447c37
4854	CRASH_DAMAGE_FLY_ROLL	784	4dbc8122b6a31ee694258f30e912965c3df5347c5ea475873310a3bec247401e
4855	CRASH_DAMAGE_ELEC	416	d1b33b51aeb7a519cbfa7c9d8c30b5298ce1a605c3dcd1524b26566f9b354c02
4856	CRASH_TUMBLE	1056	5a163158ad4347005a0ae090da6e8e517b9d9a3d10eea3307e21c8aac19797c3
4857	CRASH_FALL_SPECIAL	1584	13b166be0742f06e0e9d3c3d96766050d57005b92a0aa9983da308c7e3a25534
4858	CRASH_CEILING_BONK	832	587a4289dee1f869779a77c3b7cd7907a3b13546508bb7a363391f7a83d52a41
4859	CRASH_DOWN_BOUNCE_D	3616	a3a69123118f4c81cc01c52a7505b3d7d3a2119f68429d563dd0e25b0f6191e8
4860	CRASH_DOWN_BOUNCE_U	3248	e71d7d6391fd49d0d72f9f1ee466753fa12a67daa45bf7d4301021ef2f2fc41f
4861	CRASH_DOWN_STAND_D	4256	3d50e3a8067238d5fa6113e0418e11e82534e4a69c521711c48b6fe80f6cdad3
4862	CRASH_DOWN_STAND_U	3920	839bee018050672faa84c06ba4f8f1b3bb9c3d2278fa808fa2152dbad1d57629
4863	CRASH_TECH_F	4720	3557393855d9175bb100a9739361616de54ab0e655e9f01bc780975fac3e050d
4864	CRASH_TECH_B	4704	2e4d83da587bfecb796c14e0131808d0997fed7d74954a93ad711bef4cbc9e0d
4865	CRASH_DOWN_FORWARD_D	4592	4ff74f379a50c750b14ab34d5fa68fe1aaed646a46ce41abd5837125350000f6
4866	CRASH_DOWN_FORWARD_U	3872	2c5d6c8ba643aa7955b7131db5969fc734d7be459f3b11ee8418e94b2036a579
4867	CRASH_DOWN_BACK_D	4624	689bbb358718ff3969eff59fd09f1b24ac8a65600a36fbf427435856f1f53184
4868	CRASH_DOWN_BACK_U	3904	af48c46cbc4352c8a55882037d1b293f8fd43923000f7248677deeaf3159e539
4869	CRASH_DOWN_ATK_D	6480	80013793059d903910247f7b615d99168a1b03f981d2fdbd445fe3b512617a2d
4870	CRASH_DOWN_ATK_U	7376	d4eb66d4a6c1474f9946c75c6fa12c996317a1d839a2b2ddf196cefe2928ab74
4871	CRASH_TECH	4320	39cdd95157b2a99ced9993533e74352435e0b846b8a49df67385623eef46a9f7
4872	CRASH_CLANG_RECOIL	2208	39ee4483640ec1d29ee16ba5cdb3926503922176e341ddebdcd6f04135e9f22c
4873	CRASH_SHIELD_ON	992	403803c1cde1f2b948c73277254be36471fc8749f9276055e277615e8f639a51
4874	CRASH_SHIELD_OFF	2352	f30707399b32a356ede5fe700f22728c2362bb5d1a0732dd7de6a22b97401e1e
4875	CRASH_ROLL_F	4624	e12520f4ea70d061769eea37e9405d3990316543b9e0dc2a7f6abf26cc41ef51
4876	CRASH_ROLL_B	4272	f631def655419ced54091f9bb3c2b626533997b5aa66937e85dd00a71d8b0d34
4877	CRASH_GRAB	3248	de19304ca4a7f9b9f6e9768b6ffee97f659032d0b91e0971aeaf577500b982d5
4878	CRASH_GRAB_PULL	672	9123918058b4ddfb09964c26343ee540e071fe4a0625a52f9c54154c173f2f0f
4879	CRASH_THROW_F	5536	8f8315f0e9eb0b5b0d93fd8e066f71a3c1aa83b0a6237413e2200db08cbeec82
4880	CRASH_THROW_B	6528	10458899cb5a0ec030c1addd705b0b895abb7383a2c07a9fd7f9c2b147ee7acd
4881	CRASH_CAPTURE_PULLED	640	54d295f89cc5c254070c94c232a233d228b5bd45fb2721a64c297779748791e4
4882	CRASH_THROWN_DK_PULLED	880	d13afdff48ae798624e3164f5288608a0bb686d5f1fd5e1b291bfb7131984cfd
4883	CRASH_THROWN_MARIO_BROS	624	c9ec537bc727de104c409178c4958ce63e511fe7f8aec87e43ff835b8ce2f8f4
4884	CRASH_THROWN_DK	864	df48138616aaa068ac62f0f4e7e9a472253bcf57cbc29cda932db9f6aaee4e5d
4885	CRASH_THROWN2	1008	32c2fb4c39395a669de22c2a2b4eb5c5ae54a24551d100680208ef05a4938927
4886	CRASH_THROWN1	832	c1156b767107b29e7cd6882849ae939c2891a8a28f0bb92669f35b8fb56db48f
4887	CRASH_TAUNT	10656	00d1bf0f0f9a2beebf1671185e64aabbf85b3039dd92694b6555095f5f2cdbc2
4888	CRASH_CLF_CATCH	1024	58bc36b3f374726d75814a25ee3312c12f02075c0066e4c0eb0af98ac4c4c212
4889	CRASH_CLF_WAIT	3600	d539b4d46dfe010753fdb8bb45270b6a26126c7b0161e367a9523b8fa2c4f706
4890	CRASH_CLF_Q	1792	0f4980bb472a0141fbe6325bcaf042fc079923f4af092fc28afc5da89f9e121e
4891	CRASH_CLF_CLM_Q1	1712	6231be187e78b5a72cb5f288a10e40c9057e8ed7e8eceaf8cb0a0202b07bd653
4892	CRASH_CLF_CLM_Q2	1328	49ff1f9e77b80f1fc50b26e977dd51c004f6142141c940a453d86c16b034164a
4893	CRASH_CLF_S	3936	0ec6730c76f232cf68a09199040bf71b5a459d1793b8748b4edad15350e6ec51
4894	CRASH_CLF_CLM_S1	2816	0ba4fd31f50a62af5ea0dc011cc985e1f868a452eac55858f8f9b3fcf38d770c
4895	CRASH_CLF_CLM_S2	2944	80a35d98689a88bc56f41d9fa9aba602f9db707c7f9a316a416dff0bbe2b1620
4896	CRASH_CLF_ATK_Q1	1696	0b045e58f8a4320a1f22e671099ddf71b555791f6dbe03a2e917bc38bba25445
4897	CRASH_CLF_ATK_Q2	4176	bb9cb9dbe81302b14f7fbe27c1c454cc36aab2f021d9b70a3e2c1de7a7932785
4898	CRASH_CLF_ATK_S1	1568	828e758b463f0a20703954448160f2fb80cef5f95a8388ae94e79208be62c185
4899	CRASH_CLF_ATK_S2	6528	5bbcf0677346fc75a1838a91679ddf7cc705f325d29eba4e2e66760844be58f5
4900	CRASH_CLF_ESC_Q1	1456	ed84c8bfbc272509110474072c5102be8e405abae2177c40d02243f0b5e9e389
4901	CRASH_CLF_ESC_Q2	4432	ad8718d458c3fe2d7dd993afd3158349537b2928c97de479cd1a9f37e72b7a52
4902	CRASH_CLF_ESC_S1	2960	de8752513d5d57da103e884fa38224b7d74eadda819b248dca04edf14c7983a8
4903	CRASH_CLF_ESC_S2	8368	d310c6db7602c914434efccffd1019657a4211bd69c8de0c984083c2b5f21eff
4904	CRASH_L_ITM_PICKUP	1616	ee1ee8e5767121dfda41cd236bdf0ac12ff8716d509bdc86fe5f93f4e6f3d6c9
4905	CRASH_ITM_THROW_F	3504	05039631d335e4aec60736872157260d9c37e1db081104e09f2468015d29729e
4906	CRASH_ITM_THROW_U	3520	5d46f283bb0b5e1c4edfce5d5ead4da64a43f7b90069bf968ff55a80396f7752
4907	CRASH_ITM_THROW_D	3136	bb9dff5df471c6919a630581c46270ccd33957e5a0767240ea5311bcc5f5394e
4908	CRASH_ITM_THROW_DASH	5184	bb01241530839735e5caf670494bee7eacee5f1a635647e9d370c4042f70b33d
4909	CRASH_ITM_DROP	2496	119f99f102a978570a89d84706f85f1965f8d323fddb56083efc222794985460
4910	CRASH_ITM_THROW_AIR_F	3824	5281e8538151e05871ec19f8daff356016855d9bdd86701364c58caacef287b8
4911	CRASH_ITM_THROW_AIR_U	3632	f758f46c1de3a6e2bfa26a22f0a8b45e4853fd7af1bf397fcb56de688a5a258d
4912	CRASH_ITM_THROW_AIR_D	3312	d8052c75f4d8062ab04bf31c87a5c9bc81e8b41007fb164f10e53b5def8d8049
4913	CRASH_H_ITM_PICKUP	5520	c4b5a092ec58adc6e17f8b3f4cd26c4ef35175e61bfdcc855d00e5fa9f080051
4914	CRASH_H_ITM_THROW	5248	45db579d34eb53c6105a722db5e5ec0c838685a4fcf88ef954ac0e592a87ca4f
4915	CRASH_ITM_JAB	4544	50d463295bf7c5a324aa816ab2a8794966a52adb836edb09c775d166716178e1
4916	CRASH_ITM_TILT	4384	1a86608bb00653bd2ff04e4fd43be518777654bab22dc9c89d3b5b2d033e539c
4917	CRASH_ITM_SMASH	7168	c079c22492f8bb96477ce97f3c3b9fd819dd77daae618340520afef564f076e8
4918	CRASH_ITM_DASH	4160	69d81fdabbe792a6c12aed24cbea8d6f8d69f1b941d9059bff75ad28cd4b5219
4919	CRASH_HAMMER_IDLE	3296	2dee882e0befdb95eda7708ae6e462e756db43e4622f4a9d50b756bd81e1f1ad
4920	CRASH_HAMMER_WALK	3280	885e3944b619985baced5ad24a6033d6652a906ae400ea2420cb03ffdff26695
4921	CRASH_ITM_SHOOT	3696	096c0817e1dc58731f0ebb6ba2a67923d66fc5a6c001724d43c7b0ca90ae5a33
4922	CRASH_ITM_SHOOT_AIR	4032	729ab3053b692d6d353c179146bc929933e1aade41d5a9817fc5e6ba68a4145a
4923	CRASH_JAB1	2992	4055f56101d79fc8e99bf716e497f6097bd282ab373133177f33c29a9fe63a64
4924	FOX_DUO_POSE	512	fff2d4efc9cee535163cc83f10b8c19f96ecd4f977e67d84290009d44bd044d5
4925	NDRM_CHARACTER	16280	56257b0bbc95b8fa5cdd0c0651ace7b268714152b7264248b0c88c283308ad66
4926	CRASH_DASH_ATTACK	4608	683ea4e1052d56539a850e2066c975d3b4dcfc2eceef8cfb190e708360132df0
4927	CRASH_F_TILT_HIGH	5056	c332902639fa00aab79515d2ae9e02bbe175b4d43ef33fa8f0980d04f81c69f6
4928	CRASH_F_TILT	5056	2de28070c6e1582af562babe639d083ad56251b6ec875f7139649e20f497b021
4929	CRASH_F_TILT_LOW	6064	a5a836b5d59a70ddd6cb11fe52d8c1e1d631e5cd147a4c5581c62403d1bb610f
4930	CRASH_U_TILT	5888	d4bf05cb22b1aacccce58d5d73275654b37b3d3afb537fbade5cc3fac1dd8a2d
4931	CRASH_D_TILT	4896	14ceccdfbf3c6b933875428426aca9771cee0d63e7c0bdb436ede08a497acfff
4932	CRASH_F_SMASH_HIGH	10096	e6e2818dd9ab068e5440534396f2ad39f9415c123591e6150b67ca2eedaa0247
4933	CRASH_F_SMASH_MID_HIGH	10096	9192ede50536e1f552413412d51b3fdfcb3e7d9c49886dbdb4a119c8427c300d
4934	CRASH_F_SMASH	6256	9e42728c0b485726987e489767aab789dc9ac9f318374b5b86cd662b6b4669d3
4935	CRASH_F_SMASH_MID_LOW	10096	17d7e9d0d9513723c40c48b3d9f7746ea11db5a8a963059aaf9abeb95bf4604c
4936	CRASH_F_SMASH_LOW	10096	9d63bdd87352cc557b8357d34ad9eea8cce4d5818f95b0658d749b0b6d7d2863
4937	CRASH_U_SMASH	7744	3c7af8aa0835caac10b0f8e95ed1cb48efa0d9b71100d07f1dfce6215edc0def
4938	CRASH_D_SMASH	8880	c7e0304169a3ca34bb6336e6fc071905a1401767933dd23eaf75fdcd4be76dd7
4939	CRASH_ATTACK_AIR_N	6640	536380953f165687c3998d3f64000714e905c63dc6fa72c3c4f705bc15cd3aec
4940	CRASH_ATTACK_AIR_F	7104	cfce091d63d6dfbd3a1026d1415ed145702f7649b6c323ac39f40b702903ec92
4941	CRASH_ATTACK_AIR_B	6832	4c1062cc82d8f139107b61d803e2fd8e83da2ce05bdfac302bb2c8f0d574da0d
4942	CRASH_ATTACK_AIR_U	7056	429bed29469af37253387a6fa4ac1dd8f7af1e438491e854c792ad883a630f42
4943	CRASH_ATTACK_AIR_D	4960	f77f4735dbd3cbaa33b36616747aba15029fbb893641b8475469d976cd888d7b
4944	CRASH_LANDING_AIR_F	4816	8b1e8af1084d7c3e03d1b8145a22c78bfb61e53311a070acc1e405f1927918e6
4945	CRASH_LANDING_AIR_B	4272	0e47b6ef45d926193eae6e6482d360e3c5709c5d49895b4da8cb6db99d1d3a03
4946	CRASH_LANDING_AIR_U	10592	3977a548bd7a8af004e373c22a0636238513a2b56e6e346039bd2451c0f701f1
4947	CRASH_ENTER_PIPE	1840	77439d22ed9a78857134045a8e0a9cc3bb2e92e0c5c99bf595a05111bb900633
4948	CRASH_EXIT_PIPE	11888	f6d2b449f2bae8dd6158fb28ed35a21a7b5eb2512fdd0c757ee8b86940d46297
4949	CRASH_EXIT_PIPE_WALK	3744	a61870edc319ef8f019b75cf47be2f36b8db7051c0e63851b9d35311adc3427d
4950	CRASH_APPEAR_L	28256	a12b903daa41c247466c9378d3faff199424962fe6cdd2bcd1249e99c7693324
4951	CRASH_APPEAR_R	36416	ba908726c3b1e00216c1c8894ddd5af07bdea75588fe44a4b3d69fe25a5f1603
4952	CRASH_VICTORY_1	42412	e5343ead06bc17bb45e8642872d89aa9be86452947a55e0060c83b1b48fc3c6a
4953	CRASH_VICTORY_2	6464	ec8d29860ef22510192bda2e08e44913b39bfebe37d3e59e9ac04da0aca645ca
4954	CRASH_VICTORY_3	5328	1d1c30d2baba3a4437dec7e9cfdf8a6033c8dcb0c3a8ee968b1eb788411f0756
4955	CRASH_CLAP	22820	6ddbfa207f1a55173fd5b8b9132ee0eca33f9cdfd0a8b0096f1de529edc5f350
4956	CRASH_CONTINUE_FALL	4712	cb5ba2da032fdbe1ae45a69cd8e6f5576174ba9cbc76c8bd971794f833f56a38
4957	CRASH_CONTINUE_UP	49628	73773cb9677d476849ead6cda447dfe0903be39711dd891532faf31533082d2e
4958	CRASH_1P_POSE	636	4e2e3145ea84673b1533ee081b763abed890efcf6e92ce1c8f598261afface48
4959	CRASH_CPU_POSE	656	0484003c0fc6dacd44dc3942a48b9f28ad0a26a5ed863a1e68ee003333d7408d
4960	CRASH_NSPG	3200	d00b7c174a283c64d3e69ce4035f6da288e3ac188a6eaa92302756ff68507f2a
4961	CRASH_NSPA	3168	45a94f982d2bb8df89680c8ce113ebb6f75896bea2d1a1fa2f1fa53e616bc2f9
4962	CRASH_USPA	6048	0713c2be1d1e6c098a07a8990cf468b30c07c1cf9b58bfb3897f8e98dba58562
4963	CRASH_USPG	6048	0713c2be1d1e6c098a07a8990cf468b30c07c1cf9b58bfb3897f8e98dba58562
4964	CRASH_USPLanding	4432	e88bc04628a531a94f8a59538821f38e44f130f4f349d0549087a6946cba205f
4965	CRASH_DSP_AIR_DIVE	2800	42c8e6805d74179cb86c70fa4b023fad44b02a1e063d33b975bee212dcd8a477
4966	TRANSITION_REMIX_LOGO	44880	7f18c5ce6776611334f5a1cfe65d87c12a0b9319268f6b3484eb370820ef3810
4967	DL_BETA_DL	19472	3eb2ed687177b18516180b242a0541baad05b98eb67c19d73060fb4c4df53a44
4968	DL_BETA_DL_HEADER	224	6881fb15b1a59601522e5138c146bbefbe1548987ca0cfb4c884d9d7963664b1
4969	LMAO_CASTLE	15096	3866e0e9d9e09ebf0c49e1b372eff28b415339ef26d38e8a5bfb6ae5c26bf417
4970	LMAO_CASTLE_HEADER	192	9ed44444878eb04f45fa219163fcce0b84cec3e72929402aee5f1be705c6820f
4971	SLIPPY_SHOOT_GROUND	11504	b5cc86cc41b60bca8fe5f4a404c0c28b92d9b541604f030d3cb5da6706a4044a
4972	SLIPPY_SHOOT_AIR	9328	70959bbc5a0b74b362595f2b8c2f1c36ace9759018fd475790e92e9438b93100
4973	CRASH_SHIELD_POSE	22520	458e216a0e9c42ca65ac48fcb5a294e5972ed84bb6b6523d584bdfee90a76460
4974	PEACH_MAIN	2288	9211725303791fca2e1ac0a30b4c2abc75e17baa8f3c18fe914424cfa51af47d
4975	PEACH_CHARACTER	80960	27ec4394edaa07579d537cc041f5fbf24af842f26b3b175eeff9ab0379ce78ef
4976	PEACH_SHIELD_POSE	22224	5da96c30902b36a0e2d5c78bb0e08f40d0e5fd1f5d8dc031c156126c8476b21a
4977	PEACH_IDLE	4528	dcd713932be112a9291da26224a5916eea68cf3be3a89f534dd8f48500b26544
4978	PEACH_WALK1	5776	c9450ceb5def1ad8700a5f256a31e4d43b17138bae9b85c5a9e4135bcc1b3e54
4979	PEACH_WALK2	3776	7ee9474c27b03a84ee9c0bb8b8217182e40ba7a4e13f0ff05cbce980b0ff088d
4980	PEACH_WALK3	6416	bb6b3c46a12353db3c8ff13e4eb6e39f828b2f23d30aaea82d32f1efb30fad69
4981	PEACH_FLOAT	2368	80da911fae633807f4ca506ee3e9d458b18411a8046ff7517616b12e0a2e39df
4982	PEACH_DASH	4544	924a755bfacc8aad5b8c3ac611de07d2e84fde553f8461783bc6c7b2ca5889e7
4983	PEACH_RUN	5344	7d1441e143e9d28180f7eb5b9f089a6f39284c6a28d1f7a1bcff1cb42f62f555
4984	PEACH_RUN_BRAKE	3488	08a011b3f50bc904b6b0b32de13b0e3499e799b78aa187ac83f8a07785d0f809
4985	PEACH_TURN	1312	0ba71cfddba8bbae61270ec8caec4936a1ef37b51f05487f1d2ccab95bcebb89
4986	PEACH_TURN_RUN	4960	21b27eff604c2713840693c7353faf666da68b8e5287d3f08628b60fb6bee8e0
4987	PEACH_JUMP_F	4224	1fc24e1270759245bf0d613ac9d6ade28c65cc3ab58bae8bd840966a22d5c925
4988	PEACH_JUMP_B	3168	ba0b85ee5face761445119d642d5edc9286f313a5ff81035a5e2c9e9e89d818e
4989	PEACH_JUMP_AERIAL_F	9856	f44d17237bb1492e89e4e7de256911829d14d41272a0a3ad30141cb70fd7a7b4
4990	PEACH_JUMP_AERIAL_B	10560	ea3aac03823becc0e4352fe7fd54ff80c5e0de6bde93e3727ec513d9eeeb0b04
4991	PEACH_FALL	1216	9a09d8166f6c96cd85c722d338e080ff139b1b7029f4d7f84cd1e8ec409e3b9b
4992	PEACH_FALL_AERIAL	1344	f110f95e033c4df9c451ca15b5fba1f73caf85691c3c334e0c495de1ab44a426
4993	PEACH_CROUCH	704	0fe89a86584486eb785d18fe85826efb5b3e3da575d4fd981576316ccbf76544
4994	PEACH_CROUCH_IDLE	1232	60df1982da2f6f214343ed9eb9ec7decdad84d691ec452eee0a9b2fca7c31586
4995	PEACH_CROUCH_END	704	2649df246c00c65f182d1b9b14d38ab2eca294824de8c9650f28d453fe151565
4996	PEACH_LANDING	1920	4af339cbff726d131b41595e9ae5776c10d007220a2886d545593b722ee1022e
4997	PEACH_PLAT_DROP	3680	d998ab2cac2fa56baf542789c46ea571d9e2a81c4a367ad062a379daff8b5577
4998	PEACH_TEETER	7168	8334bd5fd5b3a052c375681a794abc43cb50e23c009e0f92601351b724a6cf0f
4999	PEACH_TEETER_START	624	7bd4f824d4c960e262f6d6a7beb523dc2ea543c43e34b17b5daabd7d484237ea
5000	PEACH_STUN	4880	5fe9c839c383ec527da041dd38444a685a78bbe71fb3c52f516a1969d4f985bc
5001	PEACH_DAMAGE_HIGH1	2288	8d89eb02ce334d731f9125e54b27dca0c7c886030399f0bf6e68e12a35df83f1
5002	PEACH_DAMAGE_HIGH2	3232	aeff729c7267e04e1b5630c26a5d0a62570369d82e7b4490b7753a49fd46f646
5003	PEACH_DAMAGE_HIGH3	3520	00ea35796bd7bdbe3c64f6f47d29c4c3124a6bd28e39ccbae4b5cb813dfd3f54
5004	PEACH_DAMAGE_MID1	2064	e4c1c3e28f1dbc1734add36b5c578af98b8dc101b26b29b8040c3e08b196e88d
5005	PEACH_DAMAGE_MID2	2896	892951fba215fa82fe1343751a5233e642429d736eb6bc8302077040583f47af
5006	PEACH_DAMAGE_MID3	3040	a6ad1cf788991bc02e2f3d60c529108a051a5a73fd8d3f9b0bee91970d44cca7
5007	PEACH_DAMAGE_LOW1	2192	84d3a1d5c22dabedf075c2713378b8e09b455a72b47166b764a251d7ec2b7ebd
5008	PEACH_DAMAGE_LOW2	3136	a00f1c66384e6ea1d8135634ac70ae0309e272f6667f51ef4014a304d06bf003
5009	PEACH_DAMAGE_LOW3	3504	8a5639ccca1567355cb8fe41a0679f6da1bec4e769819ae2b4cf6f8a5b365b31
5010	PEACH_DAMAGE_AIR1	1760	d6162dc8ad368e205084591b08eb43a8b688a879cac7997508167484b62a6f6f
5011	PEACH_DAMAGE_AIR2	3072	e92796c703825bc6727bf06a768841f1801d7f1bde6c828f8350eeb7173f1b66
5012	PEACH_DAMAGE_AIR3	3600	9142eaf184a43eba2e89cfffea29001fa4c0b26c0ddf01bb062fb8e22eb8278b
5013	PEACH_DAMAGE_FLY_HIGH	2816	98af3bf2a1c40e4f841da3424f5384fdea3528a38a0decfbb0757f7ca651f04e
5014	PEACH_DAMAGE_FLY_MID	3136	15df8df23c33320f3776188a3b4c7381b4fb76585695fff816bf0fc5d8a26f50
5015	PEACH_DAMAGE_FLY_LOW	2464	92ad96d264b8a58b2c63446af9194287d1fa4a21c8890f4d8bb3296d0ef3bf02
5016	PEACH_DAMAGE_FLY_TOP	2688	ee5ba57db6ea027e5ad1a8640878ce26988a7ea1d16b12457b0d13925088b316
5017	PEACH_DAMAGE_FLY_ROLL	640	2aa84b5ebff1106c10c6fbf36fd32401ad0d2742ad38910e4d8889bbc3a6ff2f
5018	PEACH_DAMAGE_ELEC	400	8dbd9c2c5a5753e8e798a2f6763c8c98a61c3b45d906adfdbf7231cea504bfc2
5019	PEACH_TUMBLE	432	21718d0cf46283d9d8b216d86c34087a53ff75ebb6bf1cc413fd93bdc850607c
5020	PEACH_FALL_SPECIAL	1200	8736af1bf8680f453deeb80513b4f20991f572a98f2d79246b39fd0015709ad4
5021	PEACH_CEILING_BONK	720	69a80efea4e0117fccf98a8679b690ebe5bc6b2a4c20a909db515f232c75a555
5022	PEACH_DOWN_BOUNCE_D	4608	0714f2d6d23462b49970cd91ce1f4bb8665b45cec8a489538bb69c16aac5ee96
5023	PEACH_DOWN_BOUNCE_U	4272	3b934f155c78485adc6d20815a01d890dd71853e47648d3e74e27cfb7c552146
5024	PEACH_DOWN_STAND_D	4608	4c94e200bc6baa34eab35962aac49c13250c30cff2e99e680915ba4d15aa507a
5025	PEACH_DOWN_STAND_U	5264	92e349f8d636396eb66de64dd80f111ef33a0ecb0ed05c214c3a92e16dad0288
5026	PEACH_TECH_F	4672	95abeae8f3fddf7f1e0f2eb947a6eb100aa1784e33f0a3a776e1274712f2c59b
5027	PEACH_TECH_B	5104	1aeb63268f9a3260434cf8aed73d776e57cff0d6eb4b231a020b79cdf0c37c17
5028	PEACH_DOWN_FORWARD_D	5808	158b2130a7a5dcb3dd846c9edb41b99c524de55ab48431278039c4237076e48d
5029	PEACH_DOWN_FORWARD_U	6304	8367e8a74e2155858b7d52711fb4f3d7a27cdfcd207c31f5731fbd4fd78e013f
5030	PEACH_DOWN_BACK_D	5968	08944e6372799022e0c929aec3b8965f1ef16bac9254990b976a5fb4f6c2c242
5031	PEACH_DOWN_BACK_U	5952	0580c7b09c33c49609acd8a1b917225711e98c26e2ffaa0aa8122cf86447d3ff
5032	PEACH_DOWN_ATK_D	8208	6367e92dae3b6ff11f670609eb5121ecfa6b6f38e984612a84aacb1a38f45bf5
5033	PEACH_DOWN_ATK_U	8080	e7628bfb0f34e75a97d3ad90db920e89849b6000f976dc5fd7f6b2e45874272d
5034	PEACH_TECH	3968	ad6a99118ca5e38508482aba6f26cf2f83d0380e7e04c7be2673db28a4a49ee5
5035	PEACH_CLANG_RECOIL	1600	41a505dabe8ac5c47afdf96378bcf2a8a871fd3a014cd52b503d7ba4c79d4383
5036	PEACH_SHIELD_ON	672	1c3ee20b655797614164708eab364e49251184f9816f6494808a6e26750b3545
5037	PEACH_SHIELD_OFF	1872	6fcaf99d4b4c3b7ed0142352089543bf149442f9dd44d5dd26cd9bfac9748d4c
5038	PEACH_ROLL_F	4688	fe4912476552bbc398fb352bdc5d1bf4bc105f241591be967bd0bf5efae830bc
5039	PEACH_ROLL_B	4480	76a67b8f592c81dd86cbb6e507cb4fb852eefe511258d2af90d8b7a28ae11de2
5040	PEACH_GRAB	3040	a3b373800f037a19cd707e87238c8350c2000c09862f2f6bfecba517e02abe75
5041	PEACH_GRAB_PULL	896	74b6318ba8ed22cce16d24c2644f70a5d916577b2a17fd7dc379f6dcf034561a
5042	PEACH_THROW_F	5152	30c73f54956b010a3ee0fdf18a959507ba82a296f1447236bb9caa6f79db3def
5043	PEACH_THROW_B	6224	1ba740b2678f2a78ff6a59ce8bd8f5ac7d1640e7e4d3225010cb7187ef0b8fc7
5044	PEACH_CAPTURE_PULLED	608	4b39e3c86458ac46bb846baa4652a34dcb8cb3a511272e7027290b055c992a94
5045	PEACH_THROWN_DK_PULLED	1840	363a87477a57bc817bb6ae623953f0bccc44894af1be4604f103f8c9801b139e
5046	PEACH_THROWN_MARIO_BROS	704	05981f1619a44a3f8d6255e0e71a64326cdd0afa3edb08a0f66e9c22c0698c38
5047	PEACH_THROWN_DK	5776	24a9ce396987f52ace3094235a75959b2bbae99d4276cb7d2ea2943b4c0cf05d
5048	PEACH_THROWN1	1808	c81442237bfc0673a674e45a0463db906d56318871cf0129819d55e723a47b46
5049	PEACH_THROWN2	2512	1df37108e3573e0d80b440265bc0c42ef721963f1e8fc4f3b31307903053047d
5050	PEACH_THROWN3	928	fe183178e30b95eb5d71cecc745616cad085d35e8bb844eb8e0480653d55d86f
5051	PEACH_THROWN_FOX_B	816	d3be491b0c4ca4d31f3cad22a37f5e16aaf74c5878abb60c4931d16a9003e913
5052	PEACH_TAUNT	12592	a1ca9923fbeb852b0ed1c6f61f36c8d92c84b89907bb32b2453001d247e3e9b1
5053	PEACH_CLF_CATCH	928	620345b1e54632a9877117a246abc751b006cd73e737e4e13e6e97081af9f3d9
5054	PEACH_CLF_WAIT	6576	2ee96821f17eab374893fe725fe4887f14aaff295cc1c0e0a35897c205f0779a
5055	PEACH_CLF_Q	1392	d38be1b70821d232782282358a28f5f7ef735eae51199590331972898d5b75ae
5056	PEACH_CLF_CLM_Q1	1456	c4794a4ce78eeafea713ebb14fd14a30240110a0fe34470a6ffc7edadd66a0fa
5057	PEACH_CLF_CLM_Q2	3680	e4c316d3c97dc303da7738a2febe500343cbc31a295889382ccf6e741dc20663
5058	PEACH_CLF_S	4912	0140a99fb386f2488cb8bf8dc2d413815e2b8a1b04598a07967efc963567bdcb
5059	PEACH_CLF_CLM_S1	2256	ba9ff32358f36e772d77f10923b40295d82f8e56c945062e20e00c01a10368d1
5060	PEACH_CLF_CLM_S2	6464	fbf920eb3795d3a9cb4ae3a27b37c7cff44fea27c08db138f44a5b9ef00ed50b
5061	PEACH_CLF_ATK_Q1	1792	1dbcd28c2362b9b6791766e17e23c717aaa0485272108d012659fa5f8cd8c0f7
5062	PEACH_CLF_ATK_Q2	6992	94c48455da5a923f0b4ca7474ca3b0b78b53b041273350044425f15b5f433af8
5063	PEACH_CLF_ATK_S1	2032	f8e245f73c99815aab69aacb009f369f8a4686bc452d51b35a07a0add391a396
5064	PEACH_CLF_ATK_S2	6848	54f5a58bf820f2da90ebf1dfdfdce145605838fcf5b7d2c9af81e864649074e8
5065	PEACH_CLF_ESC_Q1	1248	eb1bbe3bc987168827d22e7c178b0a8372485eabf741ca0d91028bf7dbe62948
5066	PEACH_CLF_ESC_Q2	4080	a5db1bdfe4c62252cee4e1098c975052ce43e3b1451431c325f1066d5ff962b7
5067	PEACH_CLF_ESC_S1	1936	62fc9424cb854913fc82782ee4b0efcb7538fb418fe7be0fc7762fd9c9d97855
5068	PEACH_CLF_ESC_S2	5328	fa39758c3c25b6a9f036a3ecb64a078fa7525ae747ed7cd95d8ce839beb654ab
5069	PEACH_L_ITM_PICKUP	1984	cb4af5a2ac66c3d4eaec0b01869401353d7f0b6b7322ba6471e6c253feaae6a2
5070	PEACH_ITM_THROW_F	3520	37467ec0eddaf7fd3ba01281dfbbdd72e8c6a2ba6e280c08a27ae92402fd47d6
5071	PEACH_ITM_THROW_U	4720	d0b144715e1b82ed5e714328b127e2788195f732fae7bf63c25a2b98a2dac084
5072	PEACH_ITM_THROW_D	4096	7f949f38e2703ad5b53dcd4d43d18a09e69a48b8dabab58bda4e8991888de873
5073	PEACH_ITM_THROW_DASH	4576	ec713ae5306be9a84992479674cd2e85dd0dcf85b3fd8e7777c8210dbf96b950
5074	PEACH_ITM_DROP	2480	d2501400d7fd569fd0f2c68f5baa7728fef508bfe356d9844048997d71c45608
5075	PEACH_ITM_THROW_AIR_F	3600	13a8bc98c287000a59644d08c0563dcb320ce335bd64ade8a015c2a625a436e3
5076	PEACH_ITM_THROW_AIR_U	3104	cf5ac589d33644fe05999a7bb8aacfd9cea42dd405a9858c3b48ff34e935291a
5077	PEACH_ITM_THROW_AIR_D	3408	9fcbf39baea5edc5d3df8ccd4f689a654caf9e3c571fc1bd31da6588a1cac5c2
5078	PEACH_H_ITM_PICKUP	6736	3d54230472d2197be5064b2d28d6b889371795f1e7dad46fe4ed651b9d9528bb
5079	PEACH_H_ITM_THROW	3808	04265c412a5623ce8ca5eaab6552e603989e716f6df416dd1db465d058037b70
5080	PEACH_ITM_JAB	4608	7a875ae6073c1adbd153216b1bd546f1954496cc6ba3c4e65c4f0fe4307063de
5081	PEACH_ITM_TILT	6368	52ee017edcc439a8bc50dbf7d72ba58588cebaffb09c0313ddda8795f623cdf1
5082	PEACH_ITM_SMASH	8928	dbac14a8b88b76dc5dfbc501716a5e022dc95db64d1f8643528339e1d9fbb015
5083	PEACH_ITM_DASH	7344	09b9a5b28ac330bc93478f5792586274da6c0f82538ada1acf4477c50b4e4bf8
5084	PEACH_HAMMER_IDLE	2672	5a289217bd1445b9084aa3f74e4f42c6031711e0ad28005bc6987c339c88e75d
5085	PEACH_HAMMER_WALK	2496	8b1268c71a464575f5032088d5ea412480206089e1508f7e2565d0678dbf5ad9
5086	PEACH_ITM_SHOOT	3856	53a166cda67a21a2b6769afe9dfe32dfb412a57be743a39bc07fdcd557bb310e
5087	PEACH_ITM_SHOOT_AIR	3648	69a4dda5649a2b3de5fa450511ad5cc54d2544c1b31460fac5c3b381bc121935
5088	PEACH_JAB1	3248	2ad6d991ff6b9ea9864dce0ddd578f816257a4a4f9cf869b01b1136b2fe30880
5089	PEACH_JAB2	3536	307e0aca6705f5199d542e082f6621b7d0e6411e610d609fef602cbdbe59cbeb
5090	PEACH_DASH_ATTACK	3680	4e732657413c6c24f3ccbb76f8803f7544696e01ead9280f7797424cc7fb5a94
5091	SOCCER_HEADER	224	8dd7be8b09bad497e8be2167550e317bd736bf5c1698de958ed621e17ac27757
5092	SOCCER_STAGE	49152	9578469bf2e15fc015e2121dca7f2afbd3f2bbb0d3f48c5288767a48f15010e4
5093	PEACH_F_TILT	4848	6ce21b1fa3da6c133d083d0acf75d25db48cc0d64992fd14766db70bb0765613
5094	CONKER_ENTER_PIPE	4928	ba7e7b4a8560d30615e2d136f1d7ef5493eccdb62869fb2b28ca7f8cabc8a82d
5095	CONKER_EXIT_PIPE	7168	44e802830210b7ca57d741f337e5b77c6c47f01a228674d7031a9aada8dabd63
5096	PEACH_U_TILT	5184	3d5b1e24084c9fb5fc57565c168b1ced03a441980b8ae2989f582d3b76bede5b
5097	PEACH_D_TILT	3552	d2d81ec07d7806532b9d9c48c9ebda0130122c544d1c508ae26f4d84072f6464
5098	PEACH_F_SMASH	6304	e10dd20bff7c1b42d9d28bf95fd16f29d97a7a7b1fe9aedd0b2fa3dcbca5c9fe
5099	PEACH_U_SMASH	6400	d1ff7329652d46a020febeb706e51dbc26e6cb53ba3b8be2d656590778494842
5100	PEACH_D_SMASH	5296	49b1ac535d6e9f30ad0d74652ce2517a3e8fa12fc101f110b12153dae83961b4
5101	PEACH_ATTACK_AIR_N	4416	f092f19f7c17fcff7e9d4aaaee1244a20adec565cf4eed8bb9da6c34cbe4cc41
5102	PEACH_ATTACK_AIR_F	5408	284375e949b09429ce4654706c43f803207431a345938061467a6e1d7bad0dbe
5103	PEACH_ATTACK_AIR_B	4576	eefb587b582cbb0ebb0e21c68a0f8c3f5ae58adecdf6a91904aff265889dc8ae
5104	PEACH_ATTACK_AIR_U	5616	59424bd8a14f1c3669358ee0effd6b2a355a31aa8d113e79b034994bbe61b080
5105	PEACH_ATTACK_AIR_D	4784	e23dc6ddc13888d0c876cf8a95a479777e7afcca9d8e241d9cc00a11f65a4f78
5106	PEACH_LANDING_AIR_F	3776	43d86bf731a3a075c400493f02026f3f591eb48bf9d2ef7c85e4a588b4d5bf5c
5107	PEACH_LANDING_AIR_B	4544	4cade00956b6474104c801a95c03eafb6e1e3d4b5c7085234671a9bd45a387d2
5108	PEACH_ENTER_PIPE	1888	78ce922b81e85eb77909f4350edc3b83f972999ea7be99e9ce9978f83e965254
5109	PEACH_EXIT_PIPE	2016	ad596c93dbecc7f2e5da40eeaab418461bd450c7c908d0f8df4e0737d5e9ce7e
5110	PEACH_EXIT_PIPE_WALK	5456	f021ec582ca062b59a281d3c8541df4864a387c6feb8bb86f97aa528347a8dc8
5111	PEACH_ENTRY_L	12320	23ba5412555105caba437a6ce23a5eee20a0da8545de8ca490112145c8adfd8b
5112	PEACH_ENTRY_R	12656	e5ebe1e108a3ae7667cf066d92fea80a82438e525df8f2f3a67c627a54400950
5113	DRM_VICTORY_2	12048	2770d63bb1d5a7c8431a90505cf025086619068ccff3a2fb18767449fbe797fe
5114	PEACH_VICTORY_IMAGE_BOTTOM	132960	d9af663a0b975cb6f827834dbabb74218a81e686180b9cf00709d25023659f73
5115	PEACH_VICTORY_IMAGE_TOP	132960	51b76bff52e7effa5e5cf8cbb78ae61998f1e4127d83638dec40bde9243b3f31
5116	CRASH_VICTORY_IMAGE_BOTTOM	132960	d798eb06ce6be65299c8eaca60e01553f15b35a591574ef7dd2dc9f4276a5112
5117	CRASH_VICTORY_IMAGE_TOP	132960	1ab87c289a38cc77ae68e96afc204726f6a26aab99bba762b878794ff4817dc9
5118	PEACH_USPG	5712	de084926d43103d08cbd097f69b348b35d2e7241271e203dcf1924cd1afcea93
5119	PEACH_USPA	5776	2505b44ef311018dbe557f55794cacad5dc8cd89df0de19b2cf45509c04bd6ed
5120	PEACH_USP_OPEN	3552	782afddc398b7ab3655249e03dc8b29e8373107345469216ab88309b14bdd4a0
5121	PEACH_USP_FLOAT	4704	e47873fc1a73562c94d2c8124edbbf821dd6ab475cb62b255f3ada08380485b8
5122	PEACH_USP_CLOSE	2368	be7f37577d2a9c3d66e62d8dde721d97e680a506276aa4c7c600952166ca6dae
5123	ROY_U_TILT	5696	35c3846631f754ca21352a895972ee7125478daad66431467ed90e3e855f648a
5124	DSAMUS_WALK_1	2640	e6e01d60597eb933534f005d93510021f19ba9c976483baf7d05f18e2de8f4b2
5125	DSAMUS_WALK_2	2656	825aec5b12c02c17478d030182beac95b2b7d9e103645c5badfef5f6f416b816
5126	DSAMUS_DSP_LANDING	2992	ed2d974a92801d3c90f50c8b3b13cb225f24bdc36513cdaedc4ba8f1f473f087
5127	PEACH_TURNIPPULL	3776	95560e2dc55de4dbb50092b70224c10d559a352b53ea4df6d192d18d23fb5596
5128	PEACH_NSP_G	18240	b8f5566caa9cfbc3129751f8de15e86d04c19f47acc55dce44116481bcce0feb
5129	PEACH_NSP_A	7840	211cf5598124866f722c76a82a3c5a648b352a10568d0814afecb46c7435ec00
5130	PEACH_NSP_RECOIL	3536	10c7f044d1b45093786392564c33ad05138d88307457155d9e5b14e7f5f448ca
5131	PEACH_BTT_HEADER	176	37d726e084dfeee75dfc89e4531d9770f2011fca7373d9aaa10cf9134b7bab03
5132	PEACH_BTT	25744	89864d3be3c6cdcf8de1d7169a2345ac6815faffdf48302eba8504fc82d85ef8
5133	CRASH_NSPG_BLOCKED	5568	e19ce3454372c13465e753783d30040397e48ca792e8a6c82886341eb5a6fb67
5134	CRASH_NSPA_BLOCKED	6160	3bd2ce2b35e262fd7ef723dac868d08332dbda2198932d70e3fe07407c1bae44
5135	PEACH_VICTORY1	7136	f6dab9372f3cba96bf297d9ed005a010bdf848fb16b24016a703bd8c7f0d542f
5136	PEACH_VICTORY2	25652	e339767d7c2ba98597813b0ab444dfb235b8dbffd2fe69926774f206ab4f5438
5137	PEACH_VICTORY3	19720	c218d0881e5c58ed56b8070898e539c705ab9e7c61bd9cf018f7a28ec74feb95
5138	PEACH_CLAP	1676	d23585d597af5102ae6aa279adfea41cc02082839bc5aa533ee7bd45cdc290a7
5139	PEACH_CONTINUE_FALL	2164	5d5923327e875eeacd0a15108b284f2cf62b9eea26704ec2408076d6ed6305af
5140	PEACH_CONTINUE_UP	5400	c7ef11bcd2d72d73d498447fab495f43e4aa0c4605ea0781bf13c0b7821a203a
5141	PEACH_1P_POSE	552	7deaee792f469fe74b2d9e787fda272579d3a51dfae2d0cf98c512cf7e1dcec4
5142	PEACH_CPU_POSE	552	3e066f9b0dfa15b9aa282b9e36baa5a86f8b93f78233b1d725d805bb8895ab3e
5143	PEACH_TURNIP_INFO	176	d819f2ed854aa34ff5d042c1e2b2ea7f0df53ef204c532f8cd73412df2b55cbd
5144	PEACH_TURNIP_GFX	4704	4b5365f8191960b850236bf545a4721ecdb339d0ad7da01d57904b090a962966
5145	PEACH_TEAM_POSE	3732	c4fca453d8ed27f3eef381fb8195c02061f902f37c15a8aa5841c8052d414877
5146	CRASH_SPIN_GFX	3280	3f1140a352572146e71e0e06deaa6b3fdd3465c18bb43a5ae9731a281dcab26b
5147	CRASH_CSS	14920	4d0a0dd4529cad567abd0ce7723f3b9fe501c965f8d92ed87cf74a321b396d5e
5148	DSAMUS_NSP_START	2704	818ab3d0b6c11c77f5820582b4530dd1a0fded5ef1fe98dc6b3b00665746e21a
5149	DSAMUS_NSP_CHARGE	1440	ab42e8afaf7721275d6c7afc73712799fbdd78182316404e68560a3672809ce8
5150	DSAMUS_NSP_SHOOT	3968	b1a337940c835e37ee9f32ba9a6be91a5fafc38fff35686a4ba7bca2a1d5f80c
5151	DSAMUS_NSP_START_AIR	3392	a714e84e8c17d52f4d40d192a43d8594be42e2f3ad1592c499a17f7d1b224281
5152	DSAMUS_NSP_CHARGE_AIR	1344	f2fb0373644ba0941215bc66e1f81c14ca65051031e2196ffdd1c41350788230
5153	DSAMUS_NSP_SHOOT_AIR	4112	051b9b9266d9a1e359a1e556b43502145760bb9f85db443db10b6ff23b6d34fd
5154	CRASH_ENTRY	17232	0564bac35f8f5e2102bfce7e3d5cf3a07cad1f84dc0e95bc20dc6eab0991adbe
5155	DSAMUS_IDLE_CSS	8160	cc2643f2ff85d13888841e982ccc273ad5176e28da3081e5dfe339e4d29da8d3
5156	CRASH_DIG_GFX	1504	144b6175f57a2b56a1db43243f258c01403fb859c99cd8bf8e6f05d7d6e494a3
5157	CRASH_DSP_BEGIN	6528	4ab279f083ca73cc3a2e5c08ff616b4e7373084f698c79bcf5191191265233b7
5158	CRASH_DSP_PLATFORM	3152	b3a8b6be610b82a5e57781bd8a886f3fb1bb5909248cdce89b8734e6afde1be6
5159	DISCOVERY_FALLS_BG	158928	36405f68ae59cb7246298be47a548d8801cbd7166171a70790f9ca1acd90a141
5160	DISCOVERY_FALLS_STAGE	32568	3a715c3f2664c581a83e2c4e8204f7b7ccddad61ad4f882e045b1baf215f03ec
5161	DISCOVERY_FALLS_HEADER	192	1f3baed25ec2307a5ca5fa1b527a336d64c68d107e1e2313c7b4a55ed15959c7
5162	ROY_MAIN	2084	d0f1c5c8b5cb3a5506c32c46279a9fe2ef019472f3eedc87bdc5a53e6d097bf5
5163	ROY_CHARACTER	76208	0bfa3652d3c028208e9b9da2331e282f89ba63e975e8e04acf1372fcab549d0f
5164	ROY_TAUNT	11200	b2f5568c67494b1d13e3dd398b77d3e9afb610ba9c11133d67ed1fe7e8276fda
5165	ROY_1P_POSE	728	f7aa373526a48df173e70a9cc93612eced731edd5660489ba50358b532943021
5166	ROY_VICTORY_1	7440	3a14a093ddaca39f1d9d57ddd8e2f850a359fbeae62b3cc87c5cba5d63818646
5167	ROY_DSPG_BEGIN	1568	2ad0f440599adbfdf0e83a9615082d56978d3a9fe043cb1c8f37cadb36c84150
5168	ROY_DSPG_WAIT	1856	23bcec4f90e36ff74ea7fd88f63dced69e2b43754c8825b30fffb699ef51a2b7
5169	ROY_DSPG_END	4704	329cf5941137160c0050f2e6ea66e2825d8f6da8fb3082c74c7916378ad003d6
5170	ROY_DSPA_BEGIN	2176	b26c1db8a18581ab1adc85f6e50ef4a19084048e335372117e791c5a4c409af5
5171	ROY_DSPA_WAIT	2224	083812269820feb44d7eca2f05972e8b5f5ab44ad27a72f65b880d93b5a5a1c2
5172	ROY_DSPA_END	4944	90849f477d1c5795b972f3caa6c144bb0819bfffa91cd07bc461a17528823482
5173	ROY_VICTORY_2	11144	d895a0125aaee1a4c4c2797dc0a714b1f5559009dd9cffa8315ab829469d5ef3
5174	ROY_VICTORY_3	11320	2efe003ab73b04343378ebd49319d92084eed8f8eb2f6c913061509e3367bc26
5175	ROY_JAB_1	4000	fa3a26a460d724ab9efbd490ee7470ab6e14d3bee6c40e7ecb4e9d625646f50d
5176	ROY_DASH_ATTACK	9312	a084d61981f09bad1b206b9adb29598ac9ff0f3d07d9f9e080debcbd119f7ba8
5177	ROY_DUO_POSE	444	520ab59c6e15ae8401aeccc91fe77240100237b216c89063448605b9b53cdd62
5178	MARTH_DUO_POSE	424	7d104fc16c84b1f47681904128e9e32d491aba62d322525a1e74465c04b15388
5179	CRASH_DSP_ATTACK	6208	f13843f163913276bbd2e82f91008892870ed94452d13fcc5fbbda9c586cfd00
5180	CRASH_TEAM_POSE	2912	41a2660dd04c74e784a83f59322b3453104e4afd8bc1a3ae1c068bd032624a7b
5181	CRASH_DSP_WAIT	704	0f3fb29c4ff98caafabc4c1b1146882a49c8d58e431698ac8d03b047b151ed60
5182	CRASH_DSP_TURN	624	81010f9b9230dd525166e40026974ef85bd5f60c8e0c4802e28a9e39770640bf
5183	CRASH_BTT_HEADER	176	120b6df1a640293cfc4c0f14748864d8081e9dd95c7d002eb59c836b5bf51b62
5184	CRASH_BTT_STAGE	26448	b7ce18da0cf1f0c54f70b90aa5fcd5aca26e84ccc3bb1ffcb597c9e9fdb46051
5185	DISCOVERY_FALLS_REMIX_STAGE	30104	a9538a44db1d788c39ce7f9a8bd0b6a01e1bca01a1bc42039d3653db38974736
5186	DISCOVERY_FALLS_REMIX_HEADER	192	8e77a07b4797fc3c16dc3103f49c35b2887262360dea1a522a35a58d0a6934ee
5187	N64_REMIX_STAGE	31624	5d57451d0a21c2ef54632fa3dfc9aeef1fe8e83029b79a3703a8fb045fe81981
5188	N64_REMIX_HEADER	192	6c269075945dbb57f69901e506c00cf75fa1b6119a83d37c9c7fc67d13ea912b
5189	RANDOM_MAIN	1520	ef9a318a4b826ab02c80cd2e5543191b487813b9d60850f4ee133ed9d1c6682b
5190	RANDOM_CHARACTER	6272	84ac36f04691fb534737e949faaea258220a38b55c9295b81a6517ae78a6c650
5191	RANDOM_IDLE	512	ed8a52eab1d99d591a3b19031b98aa7332484833a137f7e2fdc173961154d461
5192	RANDOM_SELECT	804	656ca4848aabf40c0f5c9cfd1738eaad4c00d3e2a0403d5b196d11a40217ea9d
5193	STG_CRASH_PLATFORMS_STAGE	27648	3ea05f0b4d632769916858198686d5bf82649d42501ec75c9d1e93521c06472f
5194	STG_CRASH_PLATFORMS_HEADER	272	9918d4f4996d0e13a42ad6f18de9b762d3a9834f730c2fe2dc80b210b3ca48ec
5195	DRL_MAIN	2224	ae23deb99e9008dd9a284b886752dda5fdda099f0ccc01c3ff11a4aff18b9128
5196	DRL_CHARACTER	25872	0b66f5b92581d5f14956386a0c9c5b70db9cfd237b9d08b989e49d6836bc0f4b
5197	DRL_UTILT	4544	a989b3e943a5637c780cdec9de72140e656628f722aafc7d96e1c2ecbd6f3281
5198	DRL_JAB3	3760	591aaefdced544fd5c683c1d7f735dea3213860bea8e5c683870bd76608f6f79
5199	DRL_ATTACKAIRF	5616	cf7f76fa2c78edd7075b0ff044f235e4e9bd5bc505d021a0aa001ef3a9f84bc9
5200	DRL_ATTACKAIRD	5488	65ff93b929b63557100c616999c3a4bc438062d3cfd39e00c8ab266fb5a9ad85
5201	DRL_VICTORY_1	5100	2174e9d89fb88f880be8bd7730871680df444fbf5612bc5469a07d60ac4f2db0
5202	KIRBY_CRASH_NSP_G	1312	b33d3ccc1d1c484f6d4753f2b57a13e5fd3fb3da86943d9c7ecc8db89753424c
5203	KIRBY_CRASH_NSP_A	1328	fa4f9c8cb29431f33d40bd5fab64597ebdfabd623b23045de96a862b4701601a
5204	KIRBY_CRASH_NSP_G_BLOCKED	4448	635bd05321573302ec401e813785d1522f0c33ab3005edd9d09a338a144a0f3e
5205	KIRBY_CRASH_NSP_A_BLOCKED	4512	7812d2f8e4132d4c4890d83db3ced67d13e39ac4e8bd8f3d5f2fec0d6dc9df3c
5206	LANKY_MAIN	2256	c47a3de816718281c5530a3eacc168b1d4f0b4a631469b9f72b0f45eb221cba6
5207	LANKY_CHARACTER	108480	c484467a507243cb01ef46443beaf91396deda8bcb43442ea8590a6b33ecdb43
5208	LANKY_SHIELD_POSE	41768	3ef9ec06a84ddd4ee1396d134fce79e389e7274b803f0b2fbbdd542105a5c6d7
5209	LANKY_IDLE	21696	4375c7fd7803e04a98b850929a1ecaf1b1b178103479a4e3460611f82ee27dad
5210	LANKY_WALK1	6864	e793a2b0941c5e89671181bbb5da9e6eac8a6d14eb3227eb1bd437b6a37ccee4
5211	LANKY_WALK2	6848	cdfaaf9df6bf6760b436e99aff20bcf3cab2512b9c5085fd710f95fe50f8c719
5212	LANKY_WALK3	6336	77aac6281a702d4e9e583c0a9a2ecf7bf4d191e8c390720e3f564cc8d7e3d359
5213	LANKY_WALK_END	2080	32626204bbb511582571edb8531634a08e43d215fc2f8b9c962d4f08bc93f80d
5214	LANKY_DASH	4256	e093a119a31bcd5dd52124a576af1e03a84cc6f64c30c8334442989b0e09cea1
5215	LANKY_RUN	4864	068af7d0392090a347f991a6f6e2adf11f353da9fd666c052c6db769bc64d02b
5216	LANKY_RUN_BRAKE	5456	d46dac637a2f5484534492dd2f4afd0a4b0679b129e61be5cfdd06f7810a0e23
5217	LANKY_TURN	2064	64f49d7189d7f4a80b5125e3bd49f8e383d81a93673ecfed8720dafd84f17be5
5218	LANKY_TURN_RUN	5088	43da34929e6742569ba91fb69034551cc24820143857110eddd66bdb36687f2c
5219	LANKY_JUMP_F	6896	784766fd0838ed2998fb20b5364d24008276a14729a16c74b8cd8200bcc2953d
5220	LANKY_JUMP_B	10304	8c7a8c897e7f8c6bbe9aa16f926e052f4e136420e7dc576fee15df3dd3ccf67b
5221	LANKY_JUMP_AERIAL_F	7056	7558a44761a58630c74dd8a3b35f63780ad78979d1741af4a8efb434a0b2bc1d
5222	LANKY_JUMP_AERIAL_B	7456	3f4b77545805b5f41f323d8673f9eacee09cb1656f120d787d7c0ccde2c7ffbb
5223	LANKY_FALL	1904	45f49f6745b17ccdc45b348288e34b65c0b0a73e9ef3687e47e13e3107a44f4f
5224	LANKY_FALL_AERIAL	1424	87628458ee5656955a7f589035ca7c6112f817c4d23c917ef83040408f00ed76
5225	LANKY_CROUCH	1696	5a37cc43451b27e3eeb045c7af70e220795d2998ee8dd3e56ec35d3bce78d85a
5226	LANKY_CROUCH_IDLE	15776	1dc58d01e04a7aea2bd96e4bf5395422ba756410deb8c55d72a217d0832e5606
5227	LANKY_CROUCH_END	2032	f19d260ceaacc1c09daf900143c140c8be09a5fb97b90ba27d0b02806c757f5d
5228	LANKY_LANDING	1648	71cbf822bdbf5cc1ec829007c72b18cc6f19791886fca0e30a64722cf397336f
5229	LANKY_SHIELD_DROP	4128	3c999a4ab52db97c5d19673cf6ec2e51283c6a60d5c6094b4edcb2b081e4282b
5230	LANKY_TEETER	2944	7642fbdefe710c5c43e43fcbf123cac634044e2c626c8cb03a8d5c831d80d74b
5231	LANKY_TEETER_START	2816	13eed0645299e1eb9bcc98848eb0b940d37374aefc8a69511649c83f1b37bd33
5232	LANKY_STUN	15328	713bd79cc7c3e6cfddb29c2215a1fce901ee046e0919bb2f038e06763fcdb756
5233	LANKY_DAMAGE_HIGH1	2160	213331dd7b6a8b12f5196ba6e6916e4b4bab6fd428c5edc31edb17dfc698e623
5234	LANKY_DAMAGE_HIGH2	3872	b3623d72f0b2d8d41f13fae2aa9d3ae4ddc2c48a354622760ee228049d39b3a9
5235	LANKY_DAMAGE_HIGH3	4688	d5cfd0b3f38409d3f4de705831fdccacd5383cf97a4eba1043fa620015e2e8b7
5236	LANKY_DAMAGE_MID1	2416	cf40518e8b88f1db24de054c6b26843d8b5ca50596e5f93547f6b82aa6a1b03b
5237	LANKY_DAMAGE_MID2	3888	6a83b9acd4cb522c3e42485ab0718852f10dda3e9d3e6b42d109aac1730b0339
5238	LANKY_DAMAGE_MID3	5328	e78506e9d43889f529ff829327ee0e86d28509e52b4ab87d187c8820ce6ec155
5239	LANKY_DAMAGE_LOW1	2048	6a8d1ac63ba77868c9589359e981e6eb4ea704a7d558f596158753ecb7302561
5240	LANKY_DAMAGE_LOW2	4448	dc12aa84772df1bf4d69c301323b6dd082a77d221ff4b486b14ce4c55c7d3b4c
5241	LANKY_DAMAGE_LOW3	4032	00deb88bbdd73731037596d7ae92d61a85a409e81bb61ef98721779807188774
5242	LANKY_DAMAGE_AIR1	2256	6166799a2b02c6a48fbd16172b47fdb07b46af3ddab286189151c281f162d71d
5243	LANKY_DAMAGE_AIR2	3696	11250a6a065c0d99487e63d593ebe9bb9e39a859486dc7cbf3f43a1136045e89
5244	LANKY_DAMAGE_AIR3	4304	ff3d55503f155a6218b41e18285dab6829004303867c0f21a202313fa65d23f2
5245	LANKY_DAMAGE_FLY_HIGH	5440	a64d4438162017d15d55c515c63f6be3e7966d850af863fb1ee1cb3417e87080
5246	LANKY_DAMAGE_FLY_MID	4400	f958d3b8006852a8aea274da3afd0b594e9dbacee7d7da3edf02ed0e4fd13c61
5247	LANKY_DAMAGE_FLY_LOW	5056	90a57978f703afb4472fa690ffae457dd3f6b3918f86471255305c61ccd7f2cd
5248	LANKY_DAMAGE_FLY_TOP	7968	9d01e0854163885f3de87662cf8ade98d8893783272a34e768039ab7e4500d7d
5249	LANKY_DAMAGE_FLY_ROLL	992	f3da875fe8017077ae3cc271d7805e3965ebab6649536f2fe1bc1511456d3eb1
5250	LANKY_DAMAGE_ELEC	512	bce1ed2f094f2a85e9b23316305086897c5b4bd9ecfb648b4c3cb689051f48a2
5251	LANKY_TUMBLE	3504	468ca45080b4172149b02c06de06826928d511982d1a7ae5f915d91e7dc086aa
5252	LANKY_FALL_SPECIAL	752	3cf8b2ba1a84f088c5182d2fb02d2e57f5783eb2c91a50dee1aa44e81d97ac2d
5253	LANKY_CEILING_BONK	1680	19fa6f70cd543fc87bd8f48ab08f4521b1961872a8e4e4128f45888aeb9b4fb4
5254	LANKY_DOWN_BOUNCE_D	3344	b1b6a393133b1f89224d726a9050fdacdee31fd4012263ecfb2c18011a821053
5255	LANKY_DOWN_BOUNCE_U	4400	e020f6d7e2661744a028c3cce735220a6ac659482d3cb9b88e911d379e240751
5256	LANKY_DOWN_STAND_D	5104	8f09029687ff3d4d269d31251107ced7444f268f43466217b264e402a97a8c7e
5257	LANKY_DOWN_STAND_U	5296	c3506a615d6b59497644bd0b5256f3a4038e8d4d844f1dd88bbc6dbc84917a71
5258	LANKY_TECH_F	5104	012cc358a9957967be23b14be7e260bcf65deb64c5513c6351ef784ccb60fd9e
5259	LANKY_TECH_B	5520	5cec4bee47438679df5f851f464cfcc2a136c70647b3629f4ff565ca55ce7d02
5260	LANKY_DOWN_FORWARD_D	4880	c811886f4bb260a09e5c9255355fc9b0f09fc74ec729382d0a0641e57e887d3a
5261	LANKY_DOWN_FORWARD_U	5136	4ec20ad7e793d7dae5aadd2dc33b35805c3d59270efb510c2ea63df129a7ab32
5262	LANKY_DOWN_BACK_D	5088	14f86406c0295457278ad49e08c0a34e4992f418767de261619e9d815d6c96f7
5263	LANKY_DOWN_BACK_U	4784	cf5db5ba550ee54f0263161efccaffd78b5ba0864d0f7c044f91a9fdaa1ee50a
5264	LANKY_DOWN_ATK_D	8160	0b33baec35ae16130b3fca75105a237339274676d507a8373d86ba2af686d43f
5265	LANKY_DOWN_ATK_U	7520	b5923a6923fc55d37bdd00e28eafadd6b974c611a019cb51fcfe038c7f36aeb4
5266	LANKY_TECH	4032	46c7077fb85f1a30f0cf4725253e879aabd0a66601979d95177405f88ba0b0a0
5267	LANKY_CLANG_RECOIL	2816	841b537432af999815a77d3d9259490aa20baacba3bca5986b89a7b0012eb47a
5268	LANKY_SHIELD_ON	976	5b6358ebff0ac54038311859458d3c255d2e39a161ac91d43cb030e614dade60
5269	LANKY_SHIELD_OFF	1504	1addf0e92453f77af13e42b73cb20db6a8c21e61a5e7f6c445d6e7743bc4699f
5270	LANKY_ROLL_F	6448	144050ee21e9498fd99b882b9c8836b16b425609c505a0b5074634c784bd55b4
5271	LANKY_ROLL_B	6496	6985ef784d5f8009ef21c5e4e12636c7b7aadaafc63871e65103f32751d5ee28
5272	LANKY_GRAB	15264	12bf13f7271597cb4bc4d566016a5ad13a6ee6929bd100ed6a1d8ea44f65d83e
5273	LANKY_GRAB_PULL	656	e5a3b4fb29a2a38408943090041c050d2d61c32f3549130c87341fe5671d9b9d
5274	LANKY_THROW_F	9472	2dfe68c6fbab788d1fe6f23e9d5e932088ad4c4f7f51f5a73a50192c1f1a6462
5275	LANKY_THROW_B	8320	56a1be40314382ab5d4649a983dd2897c2fe994f53030904c00855526b06a182
5276	LANKY_CAPTURE_PULLED	896	e9608388d2494fbe59975690e6d3fac7aac5512890d0adae0ab066a25510b738
5277	LANKY_THROWN_DK_PULLED	864	2fa662d94b92947b3261ec4a72f1294bc7204e0e8ccd773b8c4f191d083a46ad
5278	LANKY_THROWN_MARIO_BROS	624	82737635f3c7b292774f616023cd80c3fd6a53c4525a8fe996600fb684d8f085
5279	LANKY_THROWN_DK	816	10476afd84d0ce2263b12fede4c498a334aa54b2863b37ab2228bcdf95bf07e1
5280	LANKY_THROWN2	800	3f00a0dccc289463da76dd638799a2f4cd35c90620c0a402b0d5dba08c6ee39f
5281	LANKY_THROWN1	704	50155eea803020cd531576fe4dfb4a90f355d77003a8e09081c3a5e03382e241
5282	LANKY_TAUNT	18736	b167501ff768e8d8987fd5e84356e88c650670f105bc5f196de7973ef2c968a0
5283	LANKY_CLF_CATCH	1120	7e6bc30a46ff01a226b480b1bcbf341ad475941e376b28d521b238e5de96394d
5284	LANKY_CLF_WAIT	4912	9065c4a74f1ca405dbf4447a615aa6a9fd55a9e3a3e0d273e629adc236375959
5285	LANKY_CLF_Q	3072	1be7dc0fddefd124f41bf826201a40bb8fbacad7653bda94631c6dde11bc9f81
5286	LANKY_CLF_CLM_Q1	1856	b4001560f1d2f6754af0e0589609810d079e58f6256e00eb14665c512973172f
5287	LANKY_CLF_CLM_Q2	2320	a12fa5f5fb9520558886d77f470fd1dadda16cfeb82c7994c38e896d3c50729d
5288	LANKY_CLF_S	5664	04b7b16dc622d69d937c1541c9fbabf14cad50a3e8e5737f201da94116a982a4
5289	LANKY_CLF_CLM_S1	3056	97c0b414dfdc9428121fe56e88cda003c869ddfbd0cc9549c2239200d8238efa
5290	LANKY_CLF_CLM_S2	2544	e2e27edfa8dd0a443fe30f6f5e655731d309b2fe737b26a0a2ad988b8cb7dbcf
5291	LANKY_CLF_ATK_Q1	1408	c097c39f2b50d1aedd20dbc8f3dce5229ced4e2a2cb2757e60608c65de853e7e
5292	LANKY_CLF_ATK_Q2	5936	8d16d5d8d71c37c835bcb20c630c344ec60eb71c8dce04a12cf2c2b47bd50306
5293	LANKY_CLF_ATK_S1	2976	fa24ccd0090560bb591319cb97c2bdee674ccd9683fc10b10b1d6001a0065bbf
5294	LANKY_CLF_ATK_S2	5392	b67659bd7db6400a38ac44e81660603dce236c8416db5dfc3142f3ef95961551
5295	LANKY_CLF_ESC_Q1	1392	ea504c8cd50470669508c02001cbc853762d8bae7f99d772798a20dd3abbc40b
5296	LANKY_CLF_ESC_Q2	3584	8c710330fded3451c46434caf26137e2944dfda3a7943f0d9970d31da951cc02
5297	LANKY_CLF_ESC_S1	1456	4bff9c8ff75d7a9bdf16c2af8e42a62600528f5f48228b68e622a9d803560503
5298	LANKY_CLF_ESC_S2	8816	bbc667933640aa31c00e5e615a78e75e60992ea3f0a4387a64881571499b51f1
5299	LANKY_L_ITM_PICKUP	1856	5193699d7c049416f9a48dc80755d524f3ab5b1c1738102ab7e8012e28eb2612
5300	LANKY_ITM_THROW_F	4432	791de0115188800ac1d0ca659e9adc249fce14ffeea01d0f4649f5dcc39189c2
5301	LANKY_ITM_THROW_U	4576	0b4f716af2ac8c3d6bf6f37c0887c2979ba4246104acc6f5eefa40a2809e27bc
5302	LANKY_ITM_THROW_D	3872	a3f5da2e19e0638ea20eb3958d0645bf4b8d3e852b0415e2a2f491da5ea57b26
5303	LANKY_ITM_THROW_DASH	6480	24d2e2a7141a96498609d9d18b5d7be3a81ae27dc2b0861b2c39abfdf11fc02f
5304	LANKY_ITM_DROP	4512	542401a74aa9c9181aa94e72b7ff605b2854b8667ceab804715bd4ee80826f48
5305	LANKY_ITM_THROW_AIR_F	4272	d54cd24b5e2412703e888ddc2ed80a2dbe0d486124cb5fa45b71e0a71a361962
5306	LANKY_ITM_THROW_AIR_U	4448	c3315265e81a561b9a9fcf2c5610244d4a244f237db1aa5463b7d3ff880c256b
5307	LANKY_ITM_THROW_AIR_D	4064	ead58ebafaa18419be9521d0a7b97c331facf7e557d7ce05779e81720748a215
5308	LANKY_H_ITM_PICKUP	5568	6a8a653c5c87a1eb4d9b0eeec484e883e7976508951466a2361f06a4d38d186f
5309	LANKY_H_ITM_THROW	6224	2d71375bc771527f7df8e27a7dd0fb1150e664096bac0535f970097a18dd86c9
5310	LANKY_ITM_JAB	4480	e6521769502dd2891369e51624dcb70ec639a5f56a0889f1b780223b5d943f07
5311	LANKY_ITM_TILT	6800	1b1008e26934c73565c730bee3417bfa00da6d2458306c31b5be29239103ded7
5312	LANKY_ITM_SMASH	10672	14ee52357329a67b9d8361b57ba12583b0ed2c80e97a935ef806bf10f642abf0
5313	LANKY_ITM_DASH	9248	0280db928afcc79112f684620d6acfbc68691008d28d02c7de6bb531280662cb
5314	LANKY_HAMMER_IDLE	3200	c49379732f87b51ac48299a50a03564b0a10256d80ccd2e9af7e96d9c48b0a6c
5315	LANKY_HAMMER_WALK	3168	66820edd25593ee790c2e490bee2d6dc313a33bf1de7703509409b93aa31863b
5316	LANKY_ITM_SHOOT	5408	0a4da1af30ce202cf4aba1263e8f6b6b4886ff1328c1b82851470ed8ff271e28
5317	LANKY_ITM_SHOOT_AIR	5024	36d2b36ea90d51c934c05d34ae338b3650d29d7f872ca35a83f1e4903e40de5e
5318	LANKY_JAB1	5760	db8a21b7e424dd33625189f5fd42bad986e01481d6795724da7363960f1e14c0
5319	LANKY_JAB2	6224	7c69cc2f5dc1c8c3dca422c638e09562d69be21120976343105fe1e3002a4276
5320	LANKY_JAB3	6784	30b62bef793313c0a86f7dcc948070e9680261569383d18a80e9fc07ebba3b3e
5321	LANKY_DASH_ATK	10256	4666dae98ffecd0a0e44c7e6b6343d068ea5737046fccae8ae69e1e8b5b066e9
5322	LANKY_F_TILT_HIGH	6592	b9a83e2a39dadedab6a107515cacb77ffa0f99dbc71afddcfddd45998ed05365
5323	LANKY_F_TILT	6592	f7aa31d91b56d75419857d5f8e0a14d90a43d3275c3ee3de432dba2c2380e0c0
5324	LANKY_F_TILT_LOW	6592	4094ce9e440194c46faa9eeffa5d5fc9f6c9c8f540a156221a7eb3070892a149
5325	LANKY_U_TILT	7248	dc37b64d0468a94034ed8531dfb9b2b8fbf28bf7d76f3f086dfe7762bbae4f1a
5326	LANKY_D_TILT	4768	4b26be382471398e4056a9cfe0ae8a1bd04909d846e4ede2b92a29d7a6ac5e65
5327	LANKY_F_SMASH_HIGH	9712	224e6db68498761d93bf2db98f4bf345baa1a84b75489c981a99a822eba7035d
5328	LANKY_F_SMASH_MID_HIGH	9888	d52f2f86074df81eb8252aee73b09cf5d9ac0725ecb33f79a5a801c7f740d86b
5329	LANKY_F_SMASH	9952	ca06926cf135b379f59d75cbcf9cb8f2b3fa787ab1a34bb35860e610b7e4edfd
5330	LANKY_F_SMASH_MID_LOW	9888	c5f3bbc1b1942e5000e11019a13ea218bff01a1fdc41031bc4fd93ef0c6abba9
5331	LANKY_F_SMASH_LOW	9264	1397ef7b0f421622fa7fea5357f30bc2434d8e0abb561b52824d909741639057
5332	LANKY_U_SMASH	8288	2abafb62f23ef47d2c375af7c05ae6cfea0fb1939a6a9ef5fd1bf4207c22aa29
5333	LANKY_D_SMASH	11328	80a99ef3efd6bd22171ed85e84c24f82b4a80b2a61f89927e159e610410c0815
5334	LANKY_ATTACK_AIR_N	9552	8a245b03a5f6d8ff7f5aa445cbd068877fb49c49bafb40087553aa6ea82d4a13
5335	LANKY_ATTACK_AIR_F	8480	efa204761843442372c0f39e948d25206ef92aab98b66b0e565a4bf230a04051
5336	LANKY_ATTACK_AIR_B	6528	d0e03129b49fbed8132baca121b1bfd47a3246b9f39121eca22b4f3ced198592
5337	LANKY_ATTACK_AIR_U	7104	e0f30051b9ff08b477dca7ff7dcd58b3961ad2efee079ebf3305bcd0815632bc
5338	LANKY_ATTACK_AIR_D	5552	bb1d5510a7f53ce4008eee50dddfa5e6e0d66ce38b4c754d589a7d92ae4e23c8
5339	LANKY_LANDING_AIR_F	4656	1bd70f835ffc370c3eace38fc4baab4fc0a16ffd89c138c26e75456d86e7476c
5340	LANKY_LANDING_AIR_B	4640	5aca7f0b37c88feb9ce1b6330a8f84fd0088a41b0b6622eb42c6c4eeb8a740ff
5341	LANKY_LANDING_AIR_D	4048	bae879fd6adb95ecad0e4c1819ac7570f33f4bf0f9b916360db1c579216166d9
5342	LANKY_ENTER_PIPE	2240	9cbf36418c2d0b0c7041bd2ca7c19cc4fad41622132b82fa5b515b479dd2e547
5343	LANKY_EXIT_PIPE	6048	7bafd5bf7f247c8963cea6d48fa9384eaeeaa67b32a0ca138fd48c60931bdc71
5344	LANKY_EXIT_PIPE_WALK	6816	eddc18e7295daf09c0719031148e7934e0be91b810a5919def5b6a11757ca274
5345	LANKY_APPEAR_L	5008	235ee9ba5c274b2bc16a6c8f14a32f33de429a35e572711cb55e2f6a8db5e5d8
5346	LANKY_APPEAR_R	5008	5f9bd9f994ffe4128ee6a79e605a5101f17e7cd2c2c05f4d2db52f01295ae6ff
5347	LANKY_VICTORY_1	15128	3f3a398dd1e9e2aa42707ffeb38a9295d5ae719967363477b8156eddf941250d
5348	LANKY_VICTORY_2	45008	41e0b308fe77220961d62e61366ffd0eff5be1bde161d0007cc851230b6e1b72
5349	LANKY_VICTORY_3	37752	d445bf27d95f91c8c5a078e9daa78c89568d75f96e791ad72fc6e7f1d7c5131a
5350	LANKY_CLAP	16872	d2c6f26fb9897fe16441647bf560618559a53cd65675b7f52e0ac331004e54df
5351	LANKY_CONTINUE_FALL	6816	0f32c2604837015b7ad5ad627e67a5439e90bab24cf0727a71805893fa232bae
5352	LANKY_CONTINUE_UP	13208	b72622123f1d3f00501db3ce3d2de40fc17d155c99311feaac0c1e8cebe45164
5353	LANKY_1P_POSE	448	36910925ba8a8992fa188e1d5a61ae55eb7f7dca0fe9f3838bfae3874216daaa
5354	LANKY_DUO_POSE	456	28f9983e549025ae9924723cb475083bd27cb43b42aefc3ef94e59e1f3d780cf
5355	LANKY_NSPG	9200	54ef7bd139debc7aa4c5d9a233736aabb680eb13aa0e5f3cbbc45c79d86d7023
5356	LANKY_NSPA	9104	21dfa49c6ad1507e68716074de1254233d170faee1d1b04ba7e7d66e7db04b4e
5357	LANKY_USPG	1264	71de9f6a1473d99a21a9a20742f774cd38ba32c24e6fa124668289fff8c40e6f
5358	LANKY_USPA	1200	1e5a29c364596093c790d41c772abf696f72c4c8526b010cce95d24d343cde85
5359	LANKY_DSPG	1728	f427eecfa9f1feed89018ae952be2e58fc9b6866afb23c9058bc3ab6813e7288
5360	LANKY_DSPA	1712	401592acfb6dd3c13117cf15dcd522cd561b46f0a68e89dd7de79dfccc087546
5361	STG_PEACH_PLATFORMS_STAGE	40704	09095f9f983b52a2374c71cb24bb1f53dcca97dce6946c0912cf802279691968
5362	STG_PEACH_PLATFORMS_HEADER	176	efdc30e7e69162d658273aef6e9776b449c4682eda246b8d70c948755d49cc4e
5363	KING_OF_THE_HILL_GFX	4256	8ce8de349916312823fea1dcc880513a62e15ac3d69fe3db1b1973f3592af808
5364	GOEMON_DSPG_BREAK	6112	d80d3b9135754e37fbe3d95875ce0f9e4a8d71e031dad2da4f5c129f9cea973e
5365	GOEMON_DSPA_BREAK	8480	507ecda220251de9d1fb576910291811fe95c941b7d0daecc30a2c78fb4f2c8c
5366	GOEMON_NSPA_END	5168	64a00ba7f5eeb913c1e58300ec39ae1992fe3377433ce5a5c0e36ab7851218f4
5367	KIRBY_GOEMON_NSPA_END	960	e44e59815f1e5a58c6c551e572427fb0edf587802e0d1cd3b0d012c6d048e174
5368	KIRBY_ROY_SWORD	2880	4fec2986e9b2b69e62924ceff18320700d855b65f936dc7fc5695037c68ebf0f
5369	LANKY_DSP_IDLE	6304	fb48b02fcd5320f5f1322cb1813fdf36b3f25f749bc7f4c4327088170f59b5ec
5370	LANKY_DSP_WALK	5408	025274806e41d4d05dc4d61cbbe6f9cd7fd571f9810815bfcea19b1d259746b3
5371	LANKY_DSP_TURN	1616	ac4f42c7ebc3c511bf6dfd0cf7be274066e560e1264da070fa46f679f2955c3f
5372	LANKY_DSP_JUMPSQUAT	864	51052287c0827586c423645e6fe368f488a6ce632b1ba7446878fda6801a019c
5373	LANKY_DSP_JUMP	5600	b96b61ebdd989dc0c21c3fe4b49c95182823c19ca2923c8f0f6fdff17487adc5
5374	LANKY_DSP_FALL	4000	8a4b0601bdd273a662f8df3919bd984f64d20b31a1d8d3f1debf2053fce6eb8a
5375	LANKY_DSP_END	3344	510d8e8f4ca6a2aa7e05ea86dbaa2ca2c957119ad8a026d546406b7c83842371
5376	LANKY_DSP_END_AIR	3312	962abb513f93a05180a44318855feeeaab3b2fa5c912812ab67f66b893bbecb1
5377	LANKY_DSP_DROP	4624	695bf5d53fe3f8d967b7da8b15c16ca44c9aad634e925afc00eb026e4973b7e2
5378	LANKY_DSP_TAUNT	15216	bed2c679f077d8b8de80686ad06b8e8f721a2743a1c5afd7817e860045341d4c
5379	LANKY_USP_MOVE	3888	03e52ef42ea2f4613c95291834863cfe3b1a711d7398ec608adb5a33289f9553
5380	LANKY_USP_TURN	768	9497cf6d6c9caaaee19cf194a0b926693952d21652756d056a6d70307a8df201
5381	LANKY_USP_END	1344	c8c5883ca6247b513b214d516506f83138fa36282077990bf1daa710671dc0b3
5382	LANKY_PROJECTILE_HITBOX	64	1dcf491403d2bef9ccd6e6638f6b73b254e27ec39f743ad4a83cd38ac828d060
5383	LANKY_PROJECTILE_GRAPHIC	656	0bde29858342a52f0f31231b87737f7fa91bad7e730c9204a887bfa7a709d116
5384	NPEACH_MAIN	1904	63215891db4d8a80531a2ef339232a086d032a7d6e94690da514735302e5676b
5385	NPEACH_CHARACTER	28032	8f73a4aa08c32ad662741a6c4d53b57724ddaac242c3ccd330e6ff15204ce363
5386	KIRBY_LANKY_GUN	912	7f4a3ba8411cd8de02cdcd0ed190a43ef34ab7112d84ec38295e4252c521ed78
5387	KIRBY_LANKY_NSPG	6256	1728d01dcf10e24b316b58e86ccdc6c2e5bf7764bb594f84743c1a94de9d07a9
5388	KIRBY_LANKY_NSPA	8064	c25ebc9cf7010c1869f80dd4e9251a3bdda2c2149e96de62f8d08d22ebd4b2d0
5389	LANKY_USP_DAMAGE	3520	4406c4a0eace97dddeb08465260ad996cf804f8a46fbed45fc121e3847f7935f
5390	NCRASH_MAIN	1552	e64ac7bc44c3af8745a8f69da92d4efd91a843ad40bd3a10b48adf0e521324e3
5391	NCRASH_CHARACTER	19536	1b26cf9275de339f8cd47e7dc71ff215107ac31e4eb9a740fce65699077e3d51
5392	LANKY_ENTRY	15512	9ae4a25b2b2ac2e6e5c44266c9af9ea1913c62a4ad5f5efdeb6638537acd7670
5393	TIME_TWISTER_HEADER	240	e67a1fcacd0c5dcb72dc1cb80c6b6d0f57d3cdd0300770fc7d05511584f785be
5394	TIME_TWISTER_STAGE	241088	c40290543824ca25b2c64e9196a19ebeecc7b79302442728713e8d3bca597dcc
5395	TIME_TWISTER_BG	158928	bd9a36842595deec97d11c3020bb79fa76121aff34140acf60c551426176c578
5396	NSANITY_BG	158928	d7f397f807a919c759a659815ff0b681283c97e304cbcaf5d678b45358a15fef
5397	SNOWGO_BG	158928	d708cc5da3b9526c0945ba5b53076db17673e0302972c7fcb22fee220bf4f22d
5398	FUTUREF_BG	158928	da7f5d4a0e357ffcaf141343a5f6e6d73bdb3f79e002b2d9c427a14ed49d977e
5399	KIRBY_CRASH_SPIN_GFX	3280	de86fdff047664fdc4a22e62f06fb4468f5a72b32df76bc592cf8b159d3a1a7a
5400	TIME_TWISTER_SSS	224	bbc9a2afda4cb73aec7d9cbbcc1a7f5a5b22244eeaa5064acc6e2d587d0a14ee
5401	NSANITY_HEADER	224	b7ccae51cc4d724f45377788e46c519ecb05243b2a8fdbe3d9c1b0bd0afbccd1
5402	NSANITY_STAGE	26672	f3bb1896931c71aaa600ccb16fea29b99f9cd5110f977befcea5dc611d1cf55f
5403	SNOWGO_HEADER	224	c5c3996094659a6962eb8eaf30f18bd0a8eabad1480e9e4bc77f1c257b635c2f
5404	SNOWGO_STAGE	23840	f011118d94bd6929aabe7f5f5948cdef20250e5ad2ff7c54753e1933e90ac09c
5405	FUTUREF_HEADER	224	3d12b2c78effe9979612b4bc34b0d19a495b6f45836f7e9214b4f14920419938
5406	FUTUREF_STAGE	102288	51fe55dd23085e246ec327e65c87061887ed1ac1a2bf623b3fac7fe0e6f366e3
5407	DRL_VICTORY_IMAGE_BOTTOM	132960	19a202fb1763871dcc7aa66b4be443194854556d3a86355297759a4f8fdf1a47
5408	DRL_VICTORY_IMAGE_TOP	132960	b3d76a3e41bffe0acd00a4d28beafcf42a5528f896a0d83301476a862b7acb79
5409	ROY_VICTORY_IMAGE_BOTTOM	132960	59dfc6628346910ec8dbb88b340438789a470cb8356a8227e63da2e2004b426d
5410	ROY_VICTORY_IMAGE_TOP	132960	0313c2064ef8260efbf6b552a73d86087497c641f229125bf7b1dc2d4ca14c75
5411	PIANO_VICTORY_IMAGE_BOTTOM	132960	8c8037faaaf2e98a7dda4817014a29faa8b8adb69afc32020670f4f4df475c45
5412	PIANO_VICTORY_IMAGE_TOP	132960	d5afda3e380223fbf94e8f2b9d78c27fb416fd3db2525a9c3220bd44810c6e8e
5413	YOUNG_LINK_CSS	11680	89faff7a5ed981c8032111a6feaa02f071ec8d0fe8e25b9aa987252abf62cc8a
5414	KIRBY_PEACH_NSP_G	6784	14f3777d736cc69f86358cdac08898e8dc2ffea737ee2053733762520af015a9
5415	KIRBY_PEACH_NSP_A	8400	0dc5e136c9602c797162e180a3f088368b61380a994ffb93c57fb4f6296e84ee
5416	KIRBY_PEACH_NSP_RECOIL	3408	5e83e4e7cbc94dd4e48a7092cdf27a11ea5564de9bff086d1c9a50037e7aa049
5417	SONIC_DOWNBOUNCED	2944	781f5aa4dd95af822061f67c284c55869a4f9432523d3a657e73ca38ad0c4336
5418	SONIC_DOWNBOUNCEU	3248	8a4f122ab8f1af59f433037d093d8576ee90739018c6ae341938125fa5447a66
5419	SSONIC_USPG_BEGIN	720	04d538c1b0a3df332db977f76e2786022ade2fc52d2da62d9012b7e6daaf0170
5420	SSONIC_USPG_END	5840	fa07e2eba77fef27fb675526402f1cd1b31aea34c567147dd322669467db0d6f
5421	SSONIC_USPA_BEGIN	720	04d538c1b0a3df332db977f76e2786022ade2fc52d2da62d9012b7e6daaf0170
5422	SSONIC_USPA_END	6256	c3c59ae3a0cc6eb53a9ffa068f48797680472a8c73a953904f3c4c7671659756
5423	LANKY_VICTORY_IMAGE_BOTTOM	132960	a1889e524e8e6cb29c0de9e2e30f8ac13890d40f3619501445c3946b3823f9dc
5424	LANKY_VICTORY_IMAGE_TOP	132960	5e26978e2640b27a366e1a072dea740771d5c3f8080f2de4fa7287b75d5cfc51
5425	SSONIC_NSP_BEGIN	1120	61fa65d7a6f5b1e358a77d8784d9d7a2480be45757f3d3fa670c6e09366e7613
5426	SSONIC_NSP_MOVE	1808	260dba7e7330045abb533347813997a443446941c1b5cf15fab8974207d1c18a
5427	KIRBY_CUSTOM_HATS_2	12464	f3d6f6344b7d7d67576f5ba3f260dda3d1d78bc13dbc63e1d14fbbaaebe2c8f5
5428	SSONIC_EMERALDS	11360	0665dbb1ab7f27fb82f5ebad097034ea0954b85df677d50e0a0447825e0cf7d9
5429	SSONIC_DSP	3408	e3b212e9a1cd3a2fe6bacb4f68c56900110034c5481f4d62ae7ad22488b3d217
5430	SSONIC_DSPA	4000	6ba1a454296b7f9f087c0416b14b8182c4ad246b949f0d863e047af904032a3a
5431	MARINA_HEAVY_ITM_PICKUP	2976	1d75b97fb1e6275205218943a0628a71f469a4f8baf5d1eec29c1058c5924847
5432	DEDEDE_JUMP_AERIAL_3	4880	4c568aee6e276b9023b7f5b88ca6339fb3d13771083c2793c59d2c92731dbbd0
5433	DEDEDE_JUMP_AERIAL_4	4800	74fb9b0886c5799e404bcb7e20725324f18113b33b0f5751c1c3b2bf5ed2f805
5434	KIRBY_SSONIC_NSP_BEGIN	592	255b34089b2f47c2e1f0170f2951f547208b1ae7d23d7b759b8d42eeba3e1058
5435	KIRBY_SSONIC_NSP_MOVE	1040	9f9fbe1ff897a1ae63fc7c339f1de0f39f97957e06ff5d3ba0096a1d6ddbee49
5436	DKING_VICTORY_IMAGE_BOTTOM	132960	5579de32937e7e1bd9cd03fcc39c5bdeee790f3f245b364ec4940fc6424f0566
5437	DKING_VICTORY_IMAGE_TOP	132960	b45bfa2a54f32ebc39e64cf4a403653f16e603c14b20ee526d0cc804dd3e542f
5438	STAGE_ICONS_2	2496	c973229f8bb8efc20d2533fd186d628c3c7a609e77230f9db10561b22a8e19eb
5439	DSAMUS_ENTRY	11833	ff14ded4028f94983f2dd8b5848c8f145ab227311dcbb6cb469d043baa04a4c4
5440	DSAMUS_APPEAR_L	39440	405f9229fde0b8a6e388ac2c3e7994757e1adb9ec23376b23e4898cb3b9dcff0
5441	DSAMUS_APPEAR_R	41936	eacaa42faac7e5686bf95de9e85b110ebb67c2528388d4bf3019327ff47cad6b
5442	AUTUMN_HTP_HEADER	224	1ed1a6e722d9626ebb509cbdf280123aebf0fd72387081457555873ee6830c2c
5443	AUTUMN_HTP_STAGE	27360	86b03f042012a209f233619ea5061a70d702d0eeb9b515267cc1cac99c6814ef
5444	GBOWSER_GRAB	2928	21cb9fb99916a755893ecb193242ed03cca500460b39a6317d3b916c5c102765
5445	GBOWSER_USMASH	6704	5e401ea49ed8d6b69c5485d6c296528415cace32bc2be2bef39f5a9230376c8e
5446	GBOWSER_DSMASH	11344	0aceef91b079be4299ebef956ab7354897954eb5a761574bab4ed514fe260106
5447	GBOWSER_ATTACK_AIR_N	3520	555f1fb224463f86c9a16608cb2bce5ea55433142a98e6b9e92b773beebfd6ea
5448	GBOWSER_ATTACK_AIR_U	9488	5c05b8e48bda900f0232a6de30b54b67c607f1bfc9ff5def005e1dbb554130c1
5449	GBOWSER_ATTACK_AIR_D	5344	e6c28b2153449d4d25b3ded764f16195e75fe30aeb48a54a15cc85c47e373631
5450	GBOWSER_UTILT	6800	e039e64ff890bdddb90c9e7f2f8cbd56f19b5cd11d40c337416d12d019e8b24d
5451	GBOWSER_FTILT_HIGH	6976	66a2f6975df32b91c6a9943b138583a86815d802c8014fdc9ecf6418b06725c0
5452	GBOWSER_FTILT	7024	b3f27d53386e9b10274695e8cc95c164348db303b8e49ddb008cf874f8267fb7
5453	GBOWSER_FTILT_LOW	7008	2d58b4423dff95f747ad0d0da25f9796c0ec9e939495a634af590aafe21158b0
5454	GBOWSER_TURN	1760	173689cae15af387d0bf47bcfba5b7630266bb26a3039dc20911b02fd8458df2
